universe,slice,method,k,s,seed,train_frac,n_pairs,nnz,explained_variance,fit_seconds,transform_seconds,metrics_seconds,dd_mean_abs,dd_median_abs,dd_p95_abs,dd_mean_rho,dd_n_pairs,nn_overlap_at_5,nn_overlap_at_5_p10,nn_overlap_at_10,nn_overlap_at_10_p10,ari_C3,ari_C5,ari_C8,ari_mean,anomaly_recall_5pct,anomaly_precision_5pct,anomaly_score_spearman,anomaly_top10_overlap,sparsity_ratio
top_100__full_excl_covid,full_excl_covid,dense_jl,5,,0,0.7,50000,500,,0.00016806900003984993,0.0005480990000137353,0.5549367250000046,0.30970370257437635,0.2654158225103971,0.7476813884129611,1.1502570770865672,50000,0.05270758122743683,0.0,0.08567990373044523,0.0,0.41424590452908305,0.24256010319168006,0.16344016148551735,0.27341538973542684,0.6190476190476191,0.6190476190476191,0.7390512550061393,0.6,0.0
top_100__full_excl_covid,full_excl_covid,dense_jl,5,,1,0.7,50000,500,,0.00015873999996074417,0.0004451799999856121,0.5938020689999917,0.2675101449356733,0.24432492482492152,0.5935419959163526,0.8008304004107774,50000,0.04163658243080626,0.0,0.06558363417569193,0.0,0.10081316224218873,0.09541169415962562,0.07140669944782205,0.08921051861654546,0.4523809523809524,0.4523809523809524,0.66574711090962,0.5,0.0
top_100__full_excl_covid,full_excl_covid,dense_jl,5,,2,0.7,50000,500,,0.0001729890000206069,0.00035639999998693384,0.48181702599998744,0.22393105946357156,0.1918596253959508,0.5408463043244466,0.9390634402805027,50000,0.048616125150421186,0.0,0.0753309265944645,0.0,0.29474693854073425,0.15350498460852982,0.13241021912935855,0.19355404742620755,0.5476190476190477,0.5476190476190477,0.7265246977914434,0.6,0.0
top_100__full_excl_covid,full_excl_covid,dense_jl,5,,3,0.7,50000,500,,0.00017600999996147948,0.00026253999999426014,0.5516155160000267,0.22968791079785766,0.1970763149425031,0.5534646868407307,0.9486092828563674,50000,0.046690734055354996,0.0,0.07111913357400722,0.0,0.09961966809908998,0.09622855955391792,0.10816355997202946,0.10133726254167913,0.5238095238095238,0.5238095238095238,0.7023411543982092,0.5,0.0
top_100__full_excl_covid,full_excl_covid,dense_jl,5,,4,0.7,50000,500,,0.00018152899997403438,0.00026394000002483153,0.5807424340000011,0.23165656913209912,0.20075441150869006,0.5509677834446103,0.9060438691061105,50000,0.04259927797833936,0.0,0.06726835138387485,0.0,0.17266234410289386,0.12939251684370023,0.08767359203422195,0.1299094843269387,0.5476190476190477,0.5476190476190477,0.7165562276877573,0.5,0.0
top_100__full_excl_covid,full_excl_covid,dense_jl,5,,5,0.7,50000,500,,0.00017010999999911292,0.0031249390000311905,0.6058810729999777,0.24542898838395072,0.21649671800504638,0.5689440523668906,0.8793447362897142,50000,0.03561973525872443,0.0,0.05667870036101083,0.0,0.07933778182421092,0.09976496092645847,0.08329396097965112,0.08746556791010685,0.38095238095238093,0.38095238095238093,0.696489387151494,0.4,0.0
top_100__full_excl_covid,full_excl_covid,dense_jl,5,,6,0.7,50000,500,,0.00018333000002712652,0.00038010999998050465,0.5235667880000392,0.2518390982230802,0.21679951853120216,0.6055268137241294,1.018327231948256,50000,0.03850782190132371,0.0,0.06630565583634175,0.0,0.3064319036707715,0.14321477305778169,0.11100696637680432,0.18688454770178584,0.6904761904761905,0.6904761904761905,0.7324702099149165,0.4,0.0
top_100__full_excl_covid,full_excl_covid,dense_jl,5,,7,0.7,50000,500,,0.00020648900004971438,0.000395980000007512,0.5835334829999965,0.2302661579243665,0.19961486752278962,0.5495572884874214,0.9392262306021655,50000,0.05006016847172082,0.0,0.08411552346570397,0.0,0.48754961082731624,0.26510304114804534,0.16559770766519208,0.3060834532135179,0.7857142857142857,0.7857142857142857,0.7484943732162752,0.6,0.0
top_100__full_excl_covid,full_excl_covid,dense_jl,5,,8,0.7,50000,500,,0.00014441999996961385,0.0002811599999859027,0.5649890810000215,0.23763516953870084,0.2076040057715297,0.558567697278275,0.8988336409491242,50000,0.03513838748495788,0.0,0.06233453670276775,0.0,0.2728022667557929,0.10929678056782174,0.07331418388007316,0.15180441040122927,0.5238095238095238,0.5238095238095238,0.6673089469792527,0.5,0.0
top_100__full_excl_covid,full_excl_covid,dense_jl,5,,9,0.7,50000,500,,0.0001612089999980526,0.0003594899999939116,0.5325797450000209,0.2425898851681233,0.2063887650361908,0.586048139563093,0.9904518759836755,50000,0.0421179302045728,0.0,0.06714801444043321,0.0,0.12260032170176033,0.13273855280012184,0.09417612483247814,0.11650499977812012,0.42857142857142855,0.42857142857142855,0.7178130949234316,0.5,0.0
top_100__full_excl_covid,full_excl_covid,dense_jl,5,,10,0.7,50000,500,,0.00025915999998460393,0.0008867390000091291,0.5617928529999858,0.2547885393719625,0.21953740631226654,0.6129997602481485,1.0034377488660766,50000,0.04981949458483755,0.0,0.07460890493381468,0.0,0.28827996786688653,0.19471581603600188,0.1437114573645866,0.208902413755825,0.6428571428571429,0.6428571428571429,0.7059784263407419,0.4,0.0
top_100__full_excl_covid,full_excl_covid,dense_jl,5,,11,0.7,50000,500,,0.00019968999998809522,0.00027414999999564316,0.5338523340000165,0.25072493196067047,0.21995878010498893,0.5901990674731153,1.0317147254468237,50000,0.05583634175691938,0.0,0.0871239470517449,0.0,0.39685999873183386,0.19300066560618767,0.1445005052970297,0.2447870565450171,0.6666666666666666,0.6666666666666666,0.7584746999662075,0.6,0.0
top_100__full_excl_covid,full_excl_covid,dense_jl,5,,12,0.7,50000,500,,0.00031395999997130275,0.0005045399999517031,0.596569737999971,0.27569560598389087,0.251255967213426,0.6151323003632287,0.8119550295834274,50000,0.02888086642599278,0.0,0.05102286401925391,0.0,0.06828805621167228,0.0732531128318216,0.057671141953359505,0.0664041036656178,0.42857142857142855,0.42857142857142855,0.6089092345499744,0.3,0.0
top_100__full_excl_covid,full_excl_covid,dense_jl,5,,13,0.7,50000,500,,0.0001856189999784874,0.000179779999996299,0.5510013380000487,0.25653719813198517,0.22540596401587687,0.5982942907075866,0.906390926423095,50000,0.031287605294825514,0.0,0.0516245487364621,0.0,0.04491130920977619,0.07119087014301732,0.06291715858248631,0.05967311264509328,0.42857142857142855,0.42857142857142855,0.6220278294516582,0.1,0.0
top_100__full_excl_covid,full_excl_covid,dense_jl,5,,14,0.7,50000,500,,0.0001905400000055124,0.0004641099999957987,0.5886963609999611,0.23247166970074826,0.20232831338176221,0.5511935206186942,0.9170124267438206,50000,0.041877256317689536,0.0,0.06991576413959084,0.0,0.1487421993162846,0.1652444280018166,0.12400359363792346,0.1459967403186749,0.5476190476190477,0.5476190476190477,0.710423204899576,0.5,0.0
top_100__full_excl_covid,full_excl_covid,dense_jl,5,,15,0.7,50000,500,,0.00026032900001382586,0.0005147799999463132,0.7543432910000547,0.23503117475960542,0.20145900727317828,0.5637570707935375,0.9548937560706153,50000,0.048134777376654635,0.0,0.0740072202166065,0.0,0.29984017127443363,0.17451544513276693,0.10438273953000717,0.1929127853124026,0.5714285714285714,0.5714285714285714,0.7311787973889448,0.5,0.0
top_100__full_excl_covid,full_excl_covid,dense_jl,5,,16,0.7,50000,500,,0.00015116999998099345,0.0006620999999995547,0.5383030919999783,0.2410942338310465,0.20858017751717145,0.5744817957905202,0.9449333383495128,50000,0.04428399518652227,0.0,0.06979542719614922,0.0,0.1923473141367953,0.12461199503827583,0.08517794850823734,0.13404575256110282,0.5238095238095238,0.5238095238095238,0.6584031418648768,0.5,0.0
top_100__full_excl_covid,full_excl_covid,dense_jl,5,,17,0.7,50000,500,,0.0003307900000208974,0.0004974100000367798,0.603519145000007,0.2603087964594305,0.2247941648539934,0.6183310189800426,0.9449555554480082,50000,0.041877256317689536,0.0,0.059085439229843564,0.0,0.1083629829699874,0.08189976529135445,0.07824280605816095,0.08950185143983429,0.4523809523809524,0.4523809523809524,0.6329975483717709,0.4,0.0
top_100__full_excl_covid,full_excl_covid,dense_jl,5,,18,0.7,50000,500,,0.00017069999995555918,0.00029833999997208593,0.6564209320000032,0.2510558780700955,0.22131763161380008,0.5862072763292635,0.9296605943592149,50000,0.03561973525872443,0.0,0.05980746089049339,0.0,0.08449708885545237,0.08224753619840867,0.0755841930029126,0.08077627268559122,0.42857142857142855,0.42857142857142855,0.6407236067290544,0.3,0.0
top_100__full_excl_covid,full_excl_covid,dense_jl,5,,19,0.7,50000,500,,0.00017037000003483627,0.0004191900000023452,0.6704069470000036,0.22408121834447892,0.19110657579810214,0.5440037135628122,0.9940939066666683,50000,0.056558363417569195,0.0,0.0927797833935018,0.0,0.42648146040326596,0.2657843550667221,0.17108384366708707,0.2877832197123584,0.5952380952380952,0.5952380952380952,0.7459660427324403,0.7,0.0
top_100__full_excl_covid,full_excl_covid,dense_jl,5,,20,0.7,50000,500,,0.00016440000001693988,0.0004439100000013241,0.6158934690000137,0.29080437915794816,0.25446549881753977,0.6772443688451744,1.1306335813210895,50000,0.05848375451263538,0.0,0.09578820697954271,0.0,0.4365916044765136,0.2181144165816948,0.23011524473146275,0.2949404219298904,0.7380952380952381,0.7380952380952381,0.7526957245811905,0.6,0.0
top_100__full_excl_covid,full_excl_covid,dense_jl,5,,21,0.7,50000,500,,0.00019684000000097512,0.0004399400000352216,0.6651371689999905,0.2824841521848138,0.2609904125476036,0.6177951207394715,0.8121256942797312,50000,0.027677496991576414,0.0,0.0470517448856799,0.0,0.07465670928575158,0.05432188847706315,0.04913237149467102,0.05937032308582859,0.2857142857142857,0.2857142857142857,0.5526241873910526,0.2,0.0
top_100__full_excl_covid,full_excl_covid,dense_jl,5,,22,0.7,50000,500,,0.00019062000001213164,0.0005206989999919642,0.6453163460000155,0.2361702770818974,0.20543070413288123,0.5622872550834197,0.9236835039744289,50000,0.04693140794223827,0.0,0.07015643802647413,0.0,0.12355264178117337,0.1527721447344244,0.12159922495353287,0.13264133715637688,0.5476190476190477,0.5476190476190477,0.7073932567258759,0.7,0.0
top_100__full_excl_covid,full_excl_covid,dense_jl,5,,23,0.7,50000,500,,0.00018264899995301676,0.0005147599999872909,0.597915286999978,0.24970530470003818,0.2184381544739598,0.586682719732103,0.8972638165481184,50000,0.03369434416365824,0.0,0.06040914560770157,0.0,0.08616457949282137,0.11091397166432707,0.0839595119896874,0.09367935438227863,0.47619047619047616,0.47619047619047616,0.679229602386218,0.4,0.0
top_100__full_excl_covid,full_excl_covid,dense_jl,5,,24,0.7,50000,500,,0.0001939800000059222,0.00036333000002741755,0.6002747450000356,0.23567498210193494,0.1990027754517535,0.5787071107042904,0.9920096201663067,50000,0.05198555956678701,0.0,0.0838748495788207,0.0,0.4211088047266079,0.14650704976687434,0.1328310099860191,0.23348228815983374,0.6190476190476191,0.6190476190476191,0.7199839067461179,0.5,0.0
top_100__full_excl_covid,full_excl_covid,dense_jl,5,,25,0.7,50000,500,,0.0001726699999835546,0.0005480089999991833,0.5924944989999972,0.24392876331783514,0.21035073739992727,0.5818507043641262,0.9509005065994135,50000,0.04091456077015644,0.0,0.06979542719614922,0.0,0.14192817577050826,0.1297476790551734,0.10892681842171162,0.12686755774913108,0.5476190476190477,0.5476190476190477,0.6712240241164601,0.3,0.0
top_100__full_excl_covid,full_excl_covid,dense_jl,5,,26,0.7,50000,500,,0.000174359999959961,0.0002234899999962181,0.601389815999994,0.24643602909538742,0.21609580269326278,0.5822143181630764,0.9396063434910422,50000,0.03706377858002407,0.0,0.059927797833935016,0.0,0.11382640533372347,0.15620278443000624,0.10993532661684301,0.12665483879352424,0.47619047619047616,0.47619047619047616,0.6776155301572856,0.3,0.0
top_100__full_excl_covid,full_excl_covid,dense_jl,5,,27,0.7,50000,500,,0.00014092000003529392,0.0003974900000116577,0.6639338189999648,0.23859986185645393,0.2063854888273866,0.5709044844980311,0.949417669574778,50000,0.04476534296028881,0.0,0.0707581227436823,0.0,0.2970720438346917,0.17944969339705397,0.11405986863266723,0.19686053528813763,0.5714285714285714,0.5714285714285714,0.7072734565030464,0.7,0.0
top_100__full_excl_covid,full_excl_covid,dense_jl,5,,28,0.7,50000,500,,0.00018102000001363194,0.0004252399999700174,0.6688131359999829,0.243060343845895,0.20776306615030077,0.5920515952149792,1.0217572507925317,50000,0.0592057761732852,0.0,0.08664259927797834,0.0,0.31394645934217796,0.23168462500431145,0.16614760222701136,0.23725956219116692,0.7142857142857143,0.7142857142857143,0.7505479359816383,0.6,0.0
top_100__full_excl_covid,full_excl_covid,dense_jl,5,,29,0.7,50000,500,,0.0004420100000288585,0.001093910000008691,0.6310489420000067,0.23552649262704828,0.19965850662086881,0.5739534319069383,0.9452789471123001,50000,0.03898916967509026,0.0,0.06895306859205777,0.0,0.09238034887787194,0.11706787367300125,0.09162049828785136,0.10035624027957485,0.6428571428571429,0.6428571428571429,0.7131135971266348,0.5,0.0
top_100__full_excl_covid,full_excl_covid,dense_jl,5,,30,0.7,50000,500,,0.00020230900003070929,0.0006040499999926396,0.6016789459999927,0.2854853671442671,0.24581206166915265,0.6839012376557883,1.1444642202690185,50000,0.057280385078219025,0.0,0.0914560770156438,0.0,0.4883301162749883,0.23650798521617966,0.18022313234182424,0.30168707794433075,0.5714285714285714,0.5714285714285714,0.8098620530441677,0.6,0.0
top_100__full_excl_covid,full_excl_covid,dense_jl,5,,31,0.7,50000,500,,0.0001621600000021317,0.000559578999968835,0.6022501460000171,0.2617683108022475,0.2262749286053924,0.6245882034320097,1.0180513739676837,50000,0.05054151624548736,0.0,0.07894103489771359,0.0,0.27327924210823273,0.17503946062282255,0.12716910350877042,0.19182926874660855,0.5714285714285714,0.5714285714285714,0.7114523701582223,0.7,0.0
top_100__full_excl_covid,full_excl_covid,dense_jl,5,,32,0.7,50000,500,,0.00021756000001005305,0.0007934189999900809,0.620860246999996,0.2734177160239137,0.2487033703091837,0.6102826696735904,0.8402498537729242,50000,0.0296028880866426,0.0,0.04945848375451263,0.0,0.05599632135248641,0.07057867401934434,0.06600668833356256,0.06419389456846443,0.3333333333333333,0.3333333333333333,0.5995274070455663,0.5,0.0
top_100__full_excl_covid,full_excl_covid,dense_jl,5,,33,0.7,50000,500,,0.00016682000000400876,0.0003332400000317648,0.596493377999991,0.2379423174478908,0.2094633482366871,0.5585593660722245,0.876449144477465,50000,0.03874849578820698,0.0,0.06762936221419977,0.0,0.3049485575924995,0.1340006432053645,0.09423456045356778,0.17772792041714394,0.47619047619047616,0.47619047619047616,0.7014286945058769,0.7,0.0
top_100__full_excl_covid,full_excl_covid,dense_jl,5,,34,0.7,50000,500,,0.00017909999996845727,0.0003388000000086322,0.5331263339999737,0.23231805270254724,0.20009487575193802,0.5569586110283715,0.9109252173066555,50000,0.0421179302045728,0.0,0.07123947051744885,0.0,0.13326953833863592,0.106996083862144,0.095697379180516,0.11198766712709864,0.5952380952380952,0.5952380952380952,0.7143260699002618,0.5,0.0
top_100__full_excl_covid,full_excl_covid,dense_jl,5,,35,0.7,50000,500,,0.00015946999997140665,0.0003711499999781154,0.5267741269999533,0.23876261629692025,0.20520811230411817,0.5716221373893721,0.9530061935614891,50000,0.03754512635379062,0.0,0.06811070998796631,0.0,0.13308060895737284,0.15040647016476608,0.10468035583210014,0.12938914498474632,0.5,0.5,0.709266606832774,0.6,0.0
top_100__full_excl_covid,full_excl_covid,dense_jl,5,,36,0.7,50000,500,,0.00017253999999411462,0.0002213400000528054,0.5663404000000014,0.254075252319653,0.2248697339246412,0.588469728538337,0.8729298657086149,50000,0.042839951865222624,0.0,0.060529482551143196,0.0,0.16851549264611276,0.12029408608157906,0.09551433508312142,0.12810797127027107,0.5,0.5,0.682860308214251,0.4,0.0
top_100__full_excl_covid,full_excl_covid,dense_jl,5,,37,0.7,50000,500,,0.00015193999996654384,0.0003553699999656601,0.5681168399999592,0.25498896829537243,0.22275748945369156,0.598528652650355,0.9539943622006668,50000,0.04091456077015644,0.0,0.06666666666666667,0.0,0.11369871674007598,0.0938533173927903,0.10075011281487803,0.10276738231591476,0.38095238095238093,0.38095238095238093,0.6614979147358665,0.6,0.0
top_100__full_excl_covid,full_excl_covid,dense_jl,5,,38,0.7,50000,500,,0.00016174999996110273,0.00027449000003798574,0.6130905410000196,0.23326680016810042,0.20386222211035215,0.5504589501479744,0.900441828313998,50000,0.04476534296028881,0.0,0.07196149217809869,0.0,0.12497969282964315,0.13206041223277318,0.1107934401972349,0.12261118175321707,0.5,0.5,0.7048533623524924,0.5,0.0
top_100__full_excl_covid,full_excl_covid,dense_jl,5,,39,0.7,50000,500,,0.0001855099999943377,0.0005763899999919886,0.6069494029999873,0.2558931138934718,0.2228117359228346,0.6031260265433527,0.9778777873197865,50000,0.04717208182912155,0.0,0.07725631768953069,0.0,0.31968079213106665,0.189509281318015,0.13217702954906194,0.21378903433271454,0.6666666666666666,0.6666666666666666,0.6916302114874382,0.4,0.0
top_100__full_excl_covid,full_excl_covid,dense_jl,5,,40,0.7,50000,500,,0.00020725000001675653,0.00039487999998755186,0.5613065430000006,0.2433231349755649,0.21200016599009974,0.5788557197036089,0.9109494118481696,50000,0.03345367027677497,0.0,0.05559566787003611,0.0,0.07923926226662661,0.08776580869263242,0.08749779213758767,0.08483428769894891,0.5952380952380952,0.5952380952380952,0.6677574293285331,0.3,0.0
top_100__full_excl_covid,full_excl_covid,dense_jl,5,,41,0.7,50000,500,,0.00016848000001346009,0.0003552590000026612,0.6135388409999791,0.24043524622503576,0.21051429700769514,0.5658140854142425,0.9054546623685511,50000,0.03489771359807461,0.0,0.05764139590854392,0.0,0.08771219710523949,0.07459702419056567,0.06445026593192268,0.07558649574257595,0.5238095238095238,0.5238095238095238,0.6869348750179836,0.5,0.0
top_100__full_excl_covid,full_excl_covid,dense_jl,5,,42,0.7,50000,500,,0.00017508000001953405,0.0003787999999644853,0.6021636250000029,0.29850842681274536,0.28248238023976796,0.6303807763406124,0.7594633010769426,50000,0.025992779783393503,0.0,0.04464500601684717,0.0,0.04288967776776988,0.02950854010948933,0.03263344094467184,0.03501055294064368,0.3333333333333333,0.3333333333333333,0.6064730596922541,0.1,0.0
top_100__full_excl_covid,full_excl_covid,dense_jl,5,,43,0.7,50000,500,,0.0003067000000100961,0.00036516899996286156,0.570991317999983,0.24648693384462483,0.2127180646654498,0.5884768096370907,0.9587336604727459,50000,0.044043321299639,0.0,0.06979542719614922,0.0,0.262749116470294,0.16711359537711498,0.11494479528380518,0.1816025023770714,0.5714285714285714,0.5714285714285714,0.6904014070723326,0.4,0.0
top_100__full_excl_covid,full_excl_covid,dense_jl,5,,44,0.7,50000,500,,0.00016326999997318126,0.00028338999999277803,0.5661400810000146,0.2288102939555314,0.197324159122237,0.5502882927424823,0.9686745501696237,50000,0.04693140794223827,0.0,0.07593261131167268,0.0,0.39254886642127346,0.20436001229893103,0.15953276998405777,0.25214721623475406,0.6190476190476191,0.6190476190476191,0.749734260563498,0.9,0.0
top_100__full_excl_covid,full_excl_covid,dense_jl,5,,45,0.7,50000,500,,0.00014185000003408277,0.0003196099999627222,0.6205822169999919,0.2396979725836645,0.20807194804298812,0.5675457785341869,0.9184611982441424,50000,0.039711191335740074,0.0,0.06474127557160048,0.0,0.2653852920507577,0.12083696699887489,0.12534030148414074,0.17052085351125779,0.5714285714285714,0.5714285714285714,0.7080512692257505,0.6,0.0
top_100__full_excl_covid,full_excl_covid,dense_jl,5,,46,0.7,50000,500,,0.0002077999999983149,0.00035802999997258667,0.5942468679999706,0.23267197603205378,0.1993131082397136,0.5642105698127551,0.9840249233926549,50000,0.05824308062575211,0.0,0.08255114320096268,0.0,0.3135404957947382,0.17476245502863658,0.14958846751591834,0.21263047277976435,0.5714285714285714,0.5714285714285714,0.7470629393441579,0.6,0.0
top_100__full_excl_covid,full_excl_covid,dense_jl,5,,47,0.7,50000,500,,0.00016921999997521198,0.0002803500000254644,0.6307159329999763,0.24242309734672401,0.21163476431601813,0.5724639625959494,0.8941408175392408,50000,0.03634175691937425,0.0,0.06522262334536703,0.0,0.28364091560881294,0.1353155922683509,0.10736670466825032,0.1754410708484714,0.5476190476190477,0.5476190476190477,0.6658860030513611,0.5,0.0
top_100__full_excl_covid,full_excl_covid,dense_jl,5,,48,0.7,50000,500,,0.00016857000002801215,0.0003612499999690044,0.6025132450000115,0.2741373833234799,0.24054073116634062,0.6392964329126627,1.0954164498669985,50000,0.048134777376654635,0.0,0.08531889290012035,0.0,0.5693144322436127,0.31627402445298575,0.20498424119851175,0.36352423263170336,0.6666666666666666,0.6666666666666666,0.7698073326351783,0.7,0.0
top_100__full_excl_covid,full_excl_covid,dense_jl,5,,49,0.7,50000,500,,0.00018803999995498089,0.0004154690000177652,0.5478217389999713,0.24142897273507075,0.20843770882547907,0.5746003347237024,0.9731830292083161,50000,0.04404332129963899,0.0,0.07244283995186522,0.0,0.3174210246534346,0.13982642712861112,0.1193336571128491,0.19219370296496496,0.6190476190476191,0.6190476190476191,0.7201464285355806,0.7,0.0
top_100__full_excl_covid,full_excl_covid,dense_jl,10,,0,0.7,50000,1000,,0.00020902899996144697,0.00042786999995314545,0.572396077999997,0.20276675932645308,0.17488561569098116,0.48675249032970574,1.0412503490954472,50000,0.10589651022864019,0.0,0.15270758122743686,0.0,0.4555117712098285,0.27674296321153863,0.18655877470524032,0.30627116970886914,0.6428571428571429,0.6428571428571429,0.8444762457215699,0.8,0.0
top_100__full_excl_covid,full_excl_covid,dense_jl,10,,1,0.7,50000,1000,,0.0002438800000277297,0.000539249999974345,0.5889756810000222,0.17655124055194144,0.14929102439712993,0.43267986777890166,1.010237222565826,50000,0.10204572803850782,0.0,0.14115523465703972,0.0,0.3969500156516109,0.19766290718691878,0.17435421966624107,0.2563223808349236,0.7142857142857143,0.7142857142857143,0.8292518728064158,0.7,0.0
top_100__full_excl_covid,full_excl_covid,dense_jl,10,,2,0.7,50000,1000,,0.00022040999999717314,0.00033590999998978077,0.5014143380000178,0.20955966778188923,0.1786714079627728,0.5071779258106694,1.0834951470427978,50000,0.11985559566787003,0.0,0.16859205776173283,0.0,0.4830711309976919,0.2257146103154678,0.21085638649225583,0.30654737593513853,0.6428571428571429,0.6428571428571429,0.8546313900422572,0.8,0.0
top_100__full_excl_covid,full_excl_covid,dense_jl,10,,3,0.7,50000,1000,,0.00019002999999884196,0.0003949200000192832,0.5741288759999748,0.16663656015642828,0.14022242700761112,0.41073786270964574,1.0030930055526348,50000,0.11215403128760529,0.0,0.16125150421179302,0.0,0.4985173291995511,0.3413157362894493,0.18748902213924093,0.34244069587608045,0.6904761904761905,0.6904761904761905,0.847414393759431,0.5,0.0
top_100__full_excl_covid,full_excl_covid,dense_jl,10,,4,0.7,50000,1000,,0.00027632000001176493,0.0005599500000244007,0.5881180610000456,0.18399011710184357,0.15528951653976814,0.4538671102517251,1.0564751427493386,50000,0.11817087845968711,0.0,0.1607701564380265,0.0,0.40992449552808974,0.23175729172581613,0.1981230479672333,0.279934945073713,0.6666666666666666,0.6666666666666666,0.8381704964819008,0.4,0.0
top_100__full_excl_covid,full_excl_covid,dense_jl,10,,5,0.7,50000,1000,,0.00018206999999392792,0.000423899999987043,0.5897851199999877,0.1899116991093752,0.16702091114412765,0.4433216726821814,0.9110680453565626,50000,0.07918170878459686,0.0,0.11419975932611312,0.0,0.10549500925855139,0.09229894198257638,0.07892583942940935,0.09223993022351236,0.5,0.5,0.7546972393879878,0.6,0.0
top_100__full_excl_covid,full_excl_covid,dense_jl,10,,6,0.7,50000,1000,,0.0002228199999763092,0.00044464000001198656,0.6016506349999986,0.1723159901683342,0.14879224701185573,0.409271390152429,0.955503999927457,50000,0.09290012033694345,0.0,0.12851985559566786,0.0,0.10947315536701094,0.13248110524559917,0.14451088696939776,0.1288217158606693,0.47619047619047616,0.47619047619047616,0.7994612649431381,0.6,0.0
top_100__full_excl_covid,full_excl_covid,dense_jl,10,,7,0.7,50000,1000,,0.0001859600000102546,0.00027133899999398636,0.5653504210000051,0.17261741359301364,0.15136872545235125,0.4058592954391987,1.010397710901052,50000,0.12202166064981951,0.0,0.17352587244283998,0.0,0.5839538688511025,0.3368612947272572,0.2619628567899535,0.39425934012277103,0.7142857142857143,0.7142857142857143,0.8666699636647115,0.7,0.0
top_100__full_excl_covid,full_excl_covid,dense_jl,10,,8,0.7,50000,1000,,0.00020327900000438603,0.00021693000002187546,0.6133648510000285,0.1723549842645149,0.14913512699234305,0.4108079213702321,0.9623891688456909,50000,0.09482551143200961,0.0,0.1351383874849579,0.0,0.2642825591995684,0.180841589405076,0.14506494835361414,0.19672969898608617,0.5476190476190477,0.5476190476190477,0.7775393925047592,0.6,0.0
top_100__full_excl_covid,full_excl_covid,dense_jl,10,,9,0.7,50000,1000,,0.0001863110000499546,0.00033825999997816325,0.551299685999993,0.18956384230265208,0.16802975497888217,0.439193771102519,0.9191375161732827,50000,0.0871239470517449,0.0,0.12478941034897716,0.0,0.21699403068175532,0.1887783401319367,0.12602777875723073,0.1772667165236409,0.4523809523809524,0.4523809523809524,0.7757569224412227,0.3,0.0
top_100__full_excl_covid,full_excl_covid,dense_jl,10,,10,0.7,50000,1000,,0.0001944399999729285,0.00043872899999541914,0.54355419999996,0.18341872481037816,0.15520340494240403,0.4505028255439503,1.010746801623586,50000,0.1022864019253911,0.0,0.13333333333333336,0.0,0.33265546942385904,0.17070687668608872,0.15419344054997366,0.2191852622199738,0.6904761904761905,0.6904761904761905,0.8060920159393474,0.8,0.0
top_100__full_excl_covid,full_excl_covid,dense_jl,10,,11,0.7,50000,1000,,0.00019673899998906563,0.0004118489999882513,0.5581001929999729,0.17216845720962226,0.14735537345023042,0.4184711690585142,0.9816951383626034,50000,0.09602888086642598,0.0,0.133453670276775,0.0,0.4937584984961924,0.19929040022943367,0.15605522602595456,0.28303470825052685,0.6904761904761905,0.6904761904761905,0.8371336986379285,0.7,0.0
top_100__full_excl_covid,full_excl_covid,dense_jl,10,,12,0.7,50000,1000,,0.00017551000001958528,0.000370599999996557,0.5801536249999799,0.17403423553923567,0.15209941914695957,0.4098472474116307,0.931725184908488,50000,0.09795427196149217,0.0,0.13273164861612516,0.0,0.1365341788892099,0.13067711970528198,0.12997366453280376,0.13239498770909855,0.5238095238095238,0.5238095238095238,0.8006298451233425,0.4,0.0
top_100__full_excl_covid,full_excl_covid,dense_jl,10,,13,0.7,50000,1000,,0.00020607999999811,0.00039128000003074703,0.5784809849999988,0.16739775956462496,0.14277307564987402,0.4073365897126492,0.9562148657035777,50000,0.08567990373044523,0.0,0.1243080625752106,0.0,0.45872169731978185,0.15814806477710128,0.15013102102732578,0.25566692770806965,0.6190476190476191,0.6190476190476191,0.838896219423654,0.7,0.0
top_100__full_excl_covid,full_excl_covid,dense_jl,10,,14,0.7,50000,1000,,0.00013783999997940555,0.0002470889999699466,0.6400311889999557,0.16951007762752776,0.144725913113657,0.4102264501728517,0.9436826239469552,50000,0.10589651022864019,0.0,0.14211793020457283,0.0,0.4356769219455504,0.17964640782694133,0.14974281425234015,0.25502204800827727,0.6190476190476191,0.6190476190476191,0.8008576098339484,0.5,0.0
top_100__full_excl_covid,full_excl_covid,dense_jl,10,,15,0.7,50000,1000,,0.0001679900000226553,0.00037230000003773966,0.655741111999987,0.22051454665126327,0.20450350168123121,0.4785126653428548,0.828854033112662,50000,0.0736462093862816,0.0,0.10445246690734057,0.0,0.08928451720823573,0.0766742814429821,0.057027796931244025,0.07432886519415395,0.42857142857142855,0.42857142857142855,0.7339457245811906,0.4,0.0
top_100__full_excl_covid,full_excl_covid,dense_jl,10,,16,0.7,50000,1000,,0.00020047999998951127,0.00026197900001534435,0.5743290969999748,0.1703046516622117,0.14720398807199148,0.4097086677388752,0.9870974111608141,50000,0.101323706377858,0.0,0.1489771359807461,0.0,0.49020183175976295,0.21456293396502374,0.17685332844073892,0.2938726980551752,0.6428571428571429,0.6428571428571429,0.8246724052555682,0.6,0.0
top_100__full_excl_covid,full_excl_covid,dense_jl,10,,17,0.7,50000,1000,,0.00020757999999432286,0.0005064199999651464,0.5906563499999606,0.1822196638596847,0.15854153500815082,0.42872475845247354,0.9357983657627519,50000,0.08231046931407941,0.0,0.12262334536702768,0.0,0.10641894233771954,0.10977643998273785,0.11962795403874403,0.1119411121197338,0.38095238095238093,0.38095238095238093,0.7684298705513528,0.4,0.0
top_100__full_excl_covid,full_excl_covid,dense_jl,10,,18,0.7,50000,1000,,0.00023278000003301713,0.0034648490000108723,0.5961801980000132,0.1712487242603589,0.1450132033549995,0.41944903554672075,0.9888911404846635,50000,0.09723225030084236,0.0,0.13273164861612516,0.0,0.30087657588663774,0.18387414298775925,0.13501774139510764,0.20658948675650154,0.5714285714285714,0.5714285714285714,0.8229774903557578,0.6,0.0
top_100__full_excl_covid,full_excl_covid,dense_jl,10,,19,0.7,50000,1000,,0.00024390999999468477,0.000620069000035528,0.603010754999957,0.16086235069549132,0.13544819617421877,0.39680680878756247,0.9786175695254146,50000,0.10517448856799037,0.0,0.15800240673886884,0.0,0.4690067741053245,0.2705445159059227,0.18971944908452174,0.309756913031923,0.6904761904761905,0.6904761904761905,0.8382474496709413,0.7,0.0
top_100__full_excl_covid,full_excl_covid,dense_jl,10,,20,0.7,50000,1000,,0.00018797999996422732,0.0007896999999843501,0.6026851859999738,0.1659536957713401,0.14085104875153936,0.40617226432313,1.005740375768552,50000,0.11070998796630566,0.0,0.15788206979542718,0.0,0.5035855464106714,0.38945475149694264,0.20432682249398051,0.3657890401338649,0.7619047619047619,0.7619047619047619,0.8364419772954634,0.6,0.0
top_100__full_excl_covid,full_excl_covid,dense_jl,10,,21,0.7,50000,1000,,0.0002197299999693314,0.000454509999997299,0.6393603999999868,0.1857657420938847,0.16289889298723403,0.4351375771939913,0.9079339256492392,50000,0.08399518652226233,0.0,0.12418772563176897,0.0,0.14986697409418598,0.1341386411213252,0.12026681396565393,0.13475747639372168,0.5,0.5,0.77744516667057,0.6,0.0
top_100__full_excl_covid,full_excl_covid,dense_jl,10,,22,0.7,50000,1000,,0.00023335999998153056,0.0004061589999651005,0.5987545759999762,0.1935026250840792,0.1733096442046811,0.44117421428436504,0.8723016280729979,50000,0.08134777376654634,0.0,0.1154031287605295,0.0,0.14472402959625857,0.16059714133710204,0.10867155234952272,0.1379975744276278,0.4523809523809524,0.4523809523809524,0.8044445067133292,0.6,0.0
top_100__full_excl_covid,full_excl_covid,dense_jl,10,,23,0.7,50000,1000,,0.0001982399999747031,0.0003504000000020824,0.6164155690000257,0.16880295096803977,0.1449777289421902,0.410337667160888,0.9680619489700051,50000,0.10012033694344162,0.0,0.14175691937424792,0.0,0.41807675057534827,0.16898860637824223,0.1542829808157276,0.24711611258977273,0.5952380952380952,0.5952380952380952,0.8288926394274682,0.3,0.0
top_100__full_excl_covid,full_excl_covid,dense_jl,10,,24,0.7,50000,1000,,0.00021722000002455388,0.0006355799999937517,0.6155704099999753,0.17104675115886395,0.14453068366996824,0.42093799274029714,1.0139625265101602,50000,0.10661853188929,0.0,0.15427196149217812,0.0,0.31877115059266964,0.15526209560910578,0.1291289609000033,0.20105406903392628,0.7142857142857143,0.7142857142857143,0.8128643357099601,0.6,0.0
top_100__full_excl_covid,full_excl_covid,dense_jl,10,,25,0.7,50000,1000,,0.00019515999997565814,0.00027520999998387197,0.6600700010000082,0.17185602754109416,0.1449823654532471,0.4195564197361604,1.037477762449047,50000,0.11672683513838748,0.0,0.16522262334536705,0.0,0.43773345584076984,0.224031600817272,0.17710075019671762,0.27962193561825316,0.7380952380952381,0.7380952380952381,0.8375639464271971,0.7,0.0
top_100__full_excl_covid,full_excl_covid,dense_jl,10,,26,0.7,50000,1000,,0.00026545999998006664,0.000433259999965685,0.6054741329999729,0.171295718590888,0.1460093038934508,0.4138840669836609,1.034392401424984,50000,0.11022864019253913,0.0,0.1512635379061372,0.0,0.38322982793106525,0.2519188492000808,0.14634736530904563,0.2604986808133973,0.7380952380952381,0.7380952380952381,0.8335109599743041,0.7,0.0
top_100__full_excl_covid,full_excl_covid,dense_jl,10,,27,0.7,50000,1000,,0.00034275999996680184,0.0004957600000352613,0.6513524749999533,0.18238308961291186,0.16031880517692687,0.4248202797549607,0.9200123501478914,50000,0.07990373044524669,0.0,0.12081829121540313,0.0,0.13786647288294254,0.16376012027412004,0.1446913120869436,0.1487726350813354,0.5238095238095238,0.5238095238095238,0.8031713914809472,0.4,0.0
top_100__full_excl_covid,full_excl_covid,dense_jl,10,,28,0.7,50000,1000,,0.00046460900000511174,0.0004695299999752933,0.583485163999967,0.1665345848641501,0.14357493997572818,0.40017187098611257,0.9337833416556496,50000,0.08856799037304451,0.0,0.13670276774969917,0.0,0.16015180720034985,0.21292889467789142,0.13484181094516884,0.16930750427447006,0.6666666666666666,0.6666666666666666,0.8120734744030271,0.7,0.0
top_100__full_excl_covid,full_excl_covid,dense_jl,10,,29,0.7,50000,1000,,0.00021074899996165186,0.0006642690000262519,0.6954918160000148,0.1748523266754276,0.15345805963135656,0.4104676468441682,0.9382788064306866,50000,0.09723225030084236,0.0,0.13886883273164863,0.0,0.10327116494851657,0.12748696652223818,0.14599151308652558,0.12558321485242677,0.5714285714285714,0.5714285714285714,0.7995850173813832,0.6,0.0
top_100__full_excl_covid,full_excl_covid,dense_jl,10,,30,0.7,50000,1000,,0.00017368000004580608,0.00040591000004042144,0.5823972339999841,0.164471957238933,0.13825131657273265,0.4047662183544062,0.9626372472537008,50000,0.11143200962695547,0.0,0.15090252707581228,0.0,0.4749222315813928,0.21908313964012227,0.1705759986309221,0.2881937899508124,0.5714285714285714,0.5714285714285714,0.8247958022035378,0.7,0.0
top_100__full_excl_covid,full_excl_covid,dense_jl,10,,31,0.7,50000,1000,,0.00020279899996467066,0.00022405999999364212,0.6380770210000151,0.17610140093544513,0.15052769787473141,0.42308450713548945,0.9602088862314216,50000,0.08760529482551145,0.0,0.1296028880866426,0.0,0.41024466834450524,0.14524445241844025,0.1533411415559953,0.23627675410631363,0.5952380952380952,0.5952380952380952,0.788053205602192,0.7,0.0
top_100__full_excl_covid,full_excl_covid,dense_jl,10,,32,0.7,50000,1000,,0.00020484000003762048,0.0003812499999753527,0.6445151869999677,0.19053253930341044,0.16798365133696125,0.4452181506412497,0.9057784342183334,50000,0.07990373044524669,0.0,0.1161251504211793,0.0,0.11044608789215085,0.1381055270345232,0.12140004411032869,0.1233172196790009,0.5,0.5,0.7716239715875443,0.5,0.0
top_100__full_excl_covid,full_excl_covid,dense_jl,10,,33,0.7,50000,1000,,0.00019702999998116866,0.00044701900003474293,0.6794905020000215,0.1778879285497927,0.15617582915402545,0.41837215932573835,0.8973370349600366,50000,0.08279181708784597,0.0,0.12418772563176896,0.0,0.2622879489253546,0.1575923201544537,0.12686083257768452,0.18224703388583097,0.5238095238095238,0.5238095238095238,0.7955710721252128,0.5,0.0
top_100__full_excl_covid,full_excl_covid,dense_jl,10,,34,0.7,50000,1000,,0.0003102100000091923,0.0007399790000022222,0.6287536450000175,0.16936923355882122,0.14317698508535998,0.4176103264313668,0.9806622124447815,50000,0.0993983152827918,0.0,0.1421179302045728,0.0,0.43580614854187705,0.18800062967640077,0.14291199232678287,0.2555729235150202,0.6428571428571429,0.6428571428571429,0.8045056092183228,0.8,0.0
top_100__full_excl_covid,full_excl_covid,dense_jl,10,,35,0.7,50000,1000,,0.00021147999996173894,0.0005282299999862516,0.6227698869999472,0.17314020721755904,0.14774773057616408,0.4172640339887348,0.9378721351456123,50000,0.08279181708784597,0.0,0.1299638989169675,0.0,0.4918310645422506,0.2048522714030897,0.15563908928318362,0.2841074750761747,0.6666666666666666,0.6666666666666666,0.8284310248491885,0.7,0.0
top_100__full_excl_covid,full_excl_covid,dense_jl,10,,36,0.7,50000,1000,,0.0005267489999596364,0.000677968999980294,0.6313538829999743,0.18428650472381217,0.16079538057151788,0.43344181868887965,0.9020226939785101,50000,0.0888086642599278,0.0,0.1252707581227437,0.0,0.2889600929638929,0.157575292657388,0.10889752554960831,0.18514430372362975,0.6428571428571429,0.6428571428571429,0.7984477412566121,0.6,0.0
top_100__full_excl_covid,full_excl_covid,dense_jl,10,,37,0.7,50000,1000,,0.00030397999995557257,0.0006145390000256157,0.6215661370000021,0.21077979678290237,0.1915741255186968,0.4711807898372696,0.8498043702617853,50000,0.0690734055354994,0.0,0.10300842358604091,0.0,0.07744862159620834,0.08354661244731544,0.07509107184818574,0.07869543529723651,0.5238095238095238,0.5238095238095238,0.7171194915736256,0.4,0.0
top_100__full_excl_covid,full_excl_covid,dense_jl,10,,38,0.7,50000,1000,,0.00019230999998853804,0.0005119100000001708,0.6885517590000063,0.16446341847996623,0.13999201064006395,0.4011801512936506,0.9482745244397347,50000,0.09771359807460889,0.0,0.13935018050541517,0.0,0.3869672898043325,0.18344229968490564,0.14158251838593472,0.23733070262505762,0.7857142857142857,0.7857142857142857,0.8253696262417066,0.6,0.0
top_100__full_excl_covid,full_excl_covid,dense_jl,10,,39,0.7,50000,1000,,0.00026005000000850487,0.0007506399999783753,0.6947938960000215,0.19391396750495085,0.16752086153908313,0.4580710558484955,1.0816200077819729,50000,0.11913357400722022,0.0,0.17785800240673888,0.0,0.5610632127601433,0.2893801149481369,0.29340576603692864,0.38128303124840296,0.7619047619047619,0.7619047619047619,0.854516566683284,0.7,0.0
top_100__full_excl_covid,full_excl_covid,dense_jl,10,,40,0.7,50000,1000,,0.0002815799999780211,0.0006941099999835387,0.6360059909999904,0.1710780391662375,0.1454253323705414,0.41854699605146184,0.9637055741226753,50000,0.08640192539109508,0.0,0.12767749699157643,0.0,0.37836208328128207,0.21826028682733725,0.13772775427137204,0.24478337479333045,0.5714285714285714,0.5714285714285714,0.8295755362466248,0.5,0.0
top_100__full_excl_covid,full_excl_covid,dense_jl,10,,41,0.7,50000,1000,,0.0001827699999807919,0.00037511000004997186,0.6996932239999865,0.19441752872028956,0.16969831883416447,0.4549740617887668,0.9092920821007197,50000,0.07099879663056559,0.0,0.10144404332129964,0.0,0.08687438668391963,0.09054854333148066,0.09044502274890706,0.08928931758810243,0.42857142857142855,0.42857142857142855,0.7515307620373188,0.4,0.0
top_100__full_excl_covid,full_excl_covid,dense_jl,10,,42,0.7,50000,1000,,0.00019156000001885332,0.0004449699999895529,0.6465818159999799,0.17388637742417645,0.1512179929826395,0.413445376942151,0.9331179238920271,50000,0.08279181708784597,0.0,0.12972322503008424,0.0,0.22347974940635784,0.1602149185688201,0.14390266354089365,0.17586577717202387,0.5714285714285714,0.5714285714285714,0.8008376814673299,0.6,0.0
top_100__full_excl_covid,full_excl_covid,dense_jl,10,,43,0.7,50000,1000,,0.00022575000002689194,0.00047657000004619476,0.6161971689999746,0.18051822384342667,0.15534533904958037,0.432485445366569,0.9576690069020715,50000,0.07749699157641396,0.0,0.12190132370637786,0.0,0.37512751317170484,0.23100897736348003,0.13102234035400206,0.24571961029639566,0.5714285714285714,0.5714285714285714,0.7910375255534774,0.5,0.0
top_100__full_excl_covid,full_excl_covid,dense_jl,10,,44,0.7,50000,1000,,0.00023184000002629546,0.0006252890000268962,0.7016685620000089,0.20894360980320983,0.1818567884879404,0.49294055257352826,1.1097239966645758,50000,0.12322503008423585,0.0,0.16967509025270758,0.0,0.5615674629788306,0.3111206675488299,0.23857041617836822,0.37041951556867625,0.6666666666666666,0.6666666666666666,0.8634729768839311,0.7,0.0
top_100__full_excl_covid,full_excl_covid,dense_jl,10,,45,0.7,50000,1000,,0.00025599000002785033,0.0005696299999726762,0.6208176979999962,0.17295995515458987,0.1450044171348801,0.4235656355298251,1.028941995158965,50000,0.10830324909747292,0.0,0.15090252707581228,0.0,0.4053672669469414,0.17337493656274128,0.16520507272530896,0.2479824254116639,0.6904761904761905,0.6904761904761905,0.8220025478197153,0.5,0.0
top_100__full_excl_covid,full_excl_covid,dense_jl,10,,46,0.7,50000,1000,,0.00021710999999413616,0.0005277399999954469,0.7162253770000007,0.16259260841112155,0.13918200171766448,0.39496225394735474,1.003675084639805,50000,0.10806257521058965,0.0,0.15559566787003612,0.0,0.38320584874070024,0.25958705760288386,0.17143848410517076,0.27141046348291825,0.7142857142857143,0.7142857142857143,0.8427468691762329,0.7,0.0
top_100__full_excl_covid,full_excl_covid,dense_jl,10,,47,0.7,50000,1000,,0.00019111000000293643,0.00030133000001342225,0.6918450470000153,0.17372288956638418,0.1479917416146217,0.4212169783911344,1.0075678826176546,50000,0.11672683513838748,0.0,0.16462093862815885,0.0,0.4836994518075195,0.20302784941467145,0.22597376874814426,0.30423368999011174,0.6428571428571429,0.6428571428571429,0.8400177703315344,0.8,0.0
top_100__full_excl_covid,full_excl_covid,dense_jl,10,,48,0.7,50000,1000,,0.0004468700000188619,0.000641648999987865,0.6679515380000112,0.16414985041414049,0.13913027154220636,0.4026365271424356,0.9894501319449057,50000,0.10878459687123948,0.0,0.14717208182912153,0.0,0.42366547800210064,0.302853702313651,0.15316079857744083,0.29322665963106415,0.5952380952380952,0.5952380952380952,0.814836742136555,0.6,0.0
top_100__full_excl_covid,full_excl_covid,dense_jl,10,,49,0.7,50000,1000,,0.00019015999998828192,0.0004518599999983053,0.6201148279999984,0.16679501095169652,0.14210399841384835,0.40496812626935164,0.9716308708082984,50000,0.09723225030084237,0.0,0.13730445246690734,0.0,0.388055134526274,0.1346131321244484,0.1631770853896208,0.22861511734678108,0.6666666666666666,0.6666666666666666,0.8062359058561376,0.8,0.0
top_100__full_excl_covid,full_excl_covid,dense_jl,20,,0,0.7,50000,2000,,0.0032269089999772405,0.00037124000004951085,0.6697421070000473,0.1241739078720181,0.10591721046936986,0.30196770867826145,1.0082436829933081,50000,0.2055354993983153,0.0,0.2507821901323707,0.1,0.6792876992804514,0.33060407638374817,0.2968709058712429,0.4355875605118142,0.8333333333333334,0.8333333333333334,0.9065086296309925,0.8,0.0
top_100__full_excl_covid,full_excl_covid,dense_jl,20,,1,0.7,50000,2000,,0.00018047000003207359,0.0004291899999770976,0.670962406000001,0.11969118365527344,0.10016948387458507,0.2986344480568455,1.0094809852771245,50000,0.19494584837545126,0.0,0.25511432009626955,0.1,0.6070160874804084,0.39829720745059366,0.2586108799167215,0.4213080582825745,0.7857142857142857,0.7857142857142857,0.8977531969031359,0.7,0.0
top_100__full_excl_covid,full_excl_covid,dense_jl,20,,2,0.7,50000,2000,,0.00022171000000525964,0.000706019999995533,0.5745666070000084,0.13844082408475958,0.11991527816802688,0.32869423553838295,1.0653887341601025,50000,0.2170878459687124,0.0,0.27665463297232246,0.1,0.6456419298232449,0.4688688956088488,0.2996302604186156,0.4713803619502364,0.8809523809523809,0.8809523809523809,0.9182942196444761,0.7,0.0
top_100__full_excl_covid,full_excl_covid,dense_jl,20,,3,0.7,50000,2000,,0.00020819999997456762,0.0004552800000396928,0.6006334960000004,0.12560177734219627,0.10602176034162036,0.3087675998310002,1.0161363587245444,50000,0.2062575210589651,0.0,0.2607701564380265,0.1,0.6127223439129201,0.32968215535042444,0.24372912282843048,0.3953778740305917,0.7380952380952381,0.7380952380952381,0.8995285362499706,0.5,0.0
top_100__full_excl_covid,full_excl_covid,dense_jl,20,,4,0.7,50000,2000,,0.0002751199999693199,0.0006338990000358535,0.6673542880000127,0.13809862089721525,0.1218055968869301,0.3213264079943372,0.9394473417623509,50000,0.178820697954272,0.0,0.23200962695547533,0.1,0.33398601732215377,0.2267388776200069,0.13862319938589468,0.23311603144268514,0.5,0.5,0.8808082719659531,0.5,0.0
top_100__full_excl_covid,full_excl_covid,dense_jl,20,,5,0.7,50000,2000,,0.0002355199999897195,0.0005013189999658607,0.6152002499999867,0.11535625656576193,0.0979217421369698,0.2817050123914865,0.966948376737713,50000,0.19975932611311673,0.0,0.2584837545126354,0.1,0.557109662980881,0.25010471863061345,0.22410488390767166,0.3437730885063887,0.7142857142857143,0.7142857142857143,0.8978041783908752,0.7,0.0
top_100__full_excl_covid,full_excl_covid,dense_jl,20,,6,0.7,50000,2000,,0.00018187999995689097,0.0005115890000411127,0.5697008689999734,0.1366408305500225,0.11556295119439769,0.33452278269194463,1.0579320199999767,50000,0.21275571600481347,0.0,0.26835138387484964,0.1,0.5380643651222159,0.3635384736557835,0.21564712606204064,0.37241665494668,0.6904761904761905,0.6904761904761905,0.9114584553152905,0.9,0.0
top_100__full_excl_covid,full_excl_covid,dense_jl,20,,7,0.7,50000,2000,,0.0003366500000083761,0.0008070499999917047,0.5842062720000172,0.11945802145451397,0.10287883129686193,0.2875286275667437,1.0203547014218854,50000,0.21708784596871245,0.0,0.28267148014440435,0.1,0.5709879292003601,0.2493994802572047,0.25655889521318803,0.3589821015569176,0.7857142857142857,0.7857142857142857,0.907475814114553,0.7,0.0
top_100__full_excl_covid,full_excl_covid,dense_jl,20,,8,0.7,50000,2000,,0.0004326300000343508,0.0009852690000116127,0.6642367089999652,0.11844045664939627,0.09905660276274031,0.29128862166530933,0.9914165125101683,50000,0.19061371841155236,0.0,0.25198555956678703,0.1,0.5037061836586395,0.33130153590782857,0.21247479058876845,0.3491608367184122,0.7142857142857143,0.7142857142857143,0.8978174360870307,0.6,0.0
top_100__full_excl_covid,full_excl_covid,dense_jl,20,,9,0.7,50000,2000,,0.000172039999995377,0.00039755000000241125,0.5878803010000411,0.13017514279936163,0.11228252745686085,0.31258290726505356,0.9635766827182066,50000,0.18002406738868834,0.0,0.2368231046931408,0.1,0.38483225483921757,0.2576668374754594,0.20372082354052695,0.28207330528506797,0.7142857142857143,0.7142857142857143,0.8663160208175105,0.7,0.0
top_100__full_excl_covid,full_excl_covid,dense_jl,20,,10,0.7,50000,2000,,0.00018728999998529616,0.0004485200000203804,0.5908667090000108,0.12819336669527157,0.11139816705787581,0.3040053042308821,0.9332048026856702,50000,0.19350180505415163,0.0,0.25511432009626955,0.1,0.49958631647572976,0.2671076514073882,0.1648480693210717,0.31051401240139653,0.7142857142857143,0.7142857142857143,0.8730073097165111,0.6,0.0
top_100__full_excl_covid,full_excl_covid,dense_jl,20,,11,0.7,50000,2000,,0.00026647999999340755,0.0006247300000268297,0.5635064209999996,0.11964195806594553,0.10102671662293933,0.29420271218348215,0.9972710042800097,50000,0.2120336943441637,0.0,0.2632972322503009,0.1,0.48225319960978724,0.3042452858703118,0.23452885537471996,0.3403424469516063,0.6428571428571429,0.6428571428571429,0.8988119096770307,0.7,0.0
top_100__full_excl_covid,full_excl_covid,dense_jl,20,,12,0.7,50000,2000,,0.000289989999998852,0.0006940299999769195,0.6290912530000128,0.11970752442129975,0.10107479574208866,0.29425530775724984,0.9893496651876432,50000,0.202647412755716,0.0,0.2606498194945848,0.1,0.5456857950178517,0.3171776105995269,0.19679180419629974,0.35321840327122617,0.7380952380952381,0.7380952380952381,0.8867384143628108,0.7,0.0
top_100__full_excl_covid,full_excl_covid,dense_jl,20,,13,0.7,50000,2000,,0.00021696900000733876,0.0005192599999759295,0.6442281269999626,0.1205889788344739,0.10286763273249455,0.2929783827577253,1.0087644473472044,50000,0.20842358604091454,0.0,0.26979542719614924,0.1,0.5639358081053585,0.3935619551301241,0.3037657245408581,0.42042116259211354,0.8095238095238095,0.8095238095238095,0.9024511681828674,0.8,0.0
top_100__full_excl_covid,full_excl_covid,dense_jl,20,,14,0.7,50000,2000,,0.0003058799999848816,0.00041260000000420405,0.6183532580000133,0.11750346703839148,0.09855446586268868,0.2916702491448101,0.9515170545031609,50000,0.1927797833935018,0.0,0.242719614921781,0.1,0.555217347554434,0.3022029924172868,0.21849095761569798,0.3586370991958063,0.7619047619047619,0.7619047619047619,0.8972485889127182,0.7,0.0
top_100__full_excl_covid,full_excl_covid,dense_jl,20,,15,0.7,50000,2000,,0.00021065999999336782,0.0005745590000287848,0.6459640060000424,0.1322527221777434,0.11477326485829803,0.31347463483176147,0.9262860764755158,50000,0.18676293622141998,0.0,0.24524669073405536,0.1,0.5302135962336624,0.2571762833607584,0.21518746648061654,0.33419244869167913,0.6666666666666666,0.6666666666666666,0.8833475390035564,0.6,0.0
top_100__full_excl_covid,full_excl_covid,dense_jl,20,,16,0.7,50000,2000,,0.0002349900000240268,0.0011313599999880353,0.6031767240000363,0.12291489147010214,0.10445393431498062,0.300367798867609,0.9863406201668362,50000,0.20770156438026477,0.0,0.2634175691937425,0.1,0.38411743236833934,0.3473012270390766,0.23818987819013215,0.32320284586584935,0.7142857142857143,0.7142857142857143,0.9001387875857776,0.5,0.0
top_100__full_excl_covid,full_excl_covid,dense_jl,20,,17,0.7,50000,2000,,0.0002064999999902284,0.0004407900000273912,0.673931175000007,0.12322407674733732,0.10460423821912224,0.2990061974583646,0.9719279328483474,50000,0.1963898916967509,0.0,0.24320096269554756,0.1,0.4819746184060481,0.26608349399956777,0.20001398589608219,0.3160240327672327,0.6904761904761905,0.6904761904761905,0.8824004710873485,0.9,0.0
top_100__full_excl_covid,full_excl_covid,dense_jl,20,,18,0.7,50000,2000,,0.00017694000001711174,0.0003929599999992206,0.6204108870000482,0.12313734653326185,0.10486135182535983,0.2991703539985982,1.0352343595255684,50000,0.2089049338146811,0.0,0.27280385078219016,0.1,0.5799514033868227,0.37563197078080174,0.32276005646526035,0.4261144768776283,0.7857142857142857,0.7857142857142857,0.9160498004235771,0.8,0.0
top_100__full_excl_covid,full_excl_covid,dense_jl,20,,19,0.7,50000,2000,,0.00021282000000155676,0.00046151999998755855,0.6352440609999803,0.11972569998808281,0.10192020896072118,0.2909219357112034,0.9577799338242167,50000,0.2134777376654633,0.0,0.2619735258724429,0.1,0.5476795874824782,0.23981800398687025,0.2046871681696348,0.3307282532129944,0.7380952380952381,0.7380952380952381,0.8951784435715647,0.7,0.0
top_100__full_excl_covid,full_excl_covid,dense_jl,20,,20,0.7,50000,2000,,0.00021829000002071552,0.000647999999955573,0.6240603959999476,0.12263080576915811,0.10399516891595117,0.301812407304604,1.0229542600523125,50000,0.20481347773766545,0.0,0.2647412755716005,0.1,0.5063793692362208,0.20803511493951074,0.2558122192269712,0.32340890113423426,0.7619047619047619,0.7619047619047619,0.9062937253038814,0.8,0.0
top_100__full_excl_covid,full_excl_covid,dense_jl,20,,21,0.7,50000,2000,,0.00024970000004032045,0.00039434000001392633,0.6608660900000132,0.12010676164171931,0.10253639808909581,0.29153770378499533,0.9569272151876389,50000,0.19205776173285202,0.0,0.2558363417569194,0.1,0.5489169643506011,0.3103744923243477,0.22490482907180467,0.3613987619155845,0.7619047619047619,0.7619047619047619,0.9026791629165927,0.6,0.0
top_100__full_excl_covid,full_excl_covid,dense_jl,20,,22,0.7,50000,2000,,0.00020793000004459827,0.0005287289999955647,0.6382668400000284,0.13136982765019273,0.11262859369227618,0.31695970585619493,0.9911629482744613,50000,0.19398315282791817,0.0,0.24608904933814682,0.1,0.6130292055881965,0.35067515770504387,0.19381230588590329,0.3858388897263812,0.7142857142857143,0.7142857142857143,0.8877736438673326,0.8,0.0
top_100__full_excl_covid,full_excl_covid,dense_jl,20,,23,0.7,50000,2000,,0.0001913800000465926,0.0006610899999941466,0.7474971940000046,0.1236202038737873,0.10676993976988158,0.2956079144450623,0.9505478385166386,50000,0.19518652226233452,0.0,0.25403128760529486,0.1,0.5416713783542126,0.29215296923848605,0.24076107007477388,0.35819513922249085,0.6190476190476191,0.6190476190476191,0.8982216285302275,0.8,0.0
top_100__full_excl_covid,full_excl_covid,dense_jl,20,,24,0.7,50000,2000,,0.00033181999998532774,0.0006402590000220698,0.6092467020000072,0.12268277924151966,0.10582975675510287,0.29440776659507517,0.9442001360638944,50000,0.18339350180505412,0.0,0.24512635379061373,0.1,0.4671303011275976,0.21932378537813296,0.2449743430064005,0.3104761431707104,0.6904761904761905,0.6904761904761905,0.9028890694686549,0.9,0.0
top_100__full_excl_covid,full_excl_covid,dense_jl,20,,25,0.7,50000,2000,,0.00025937000003750654,0.0006593699999939417,0.5984461859999897,0.1278323069070524,0.10975724721564073,0.30779618531100744,0.9804990061920901,50000,0.18892900120336945,0.0,0.24356197352587244,0.1,0.47814805292034784,0.21558756767324125,0.18994757981171226,0.29456106680176714,0.6904761904761905,0.6904761904761905,0.8790666623729017,0.6,0.0
top_100__full_excl_covid,full_excl_covid,dense_jl,20,,26,0.7,50000,2000,,0.00022199000000000524,0.00037718999999469816,0.614815770000007,0.13277162224732447,0.1124223499112526,0.3271073812711152,1.0416641268844795,50000,0.20361010830324908,0.0,0.2660649819494585,0.1,0.557567252676141,0.37226165094932595,0.261685159673771,0.3971713544330793,0.7380952380952381,0.7380952380952381,0.896931993455633,0.9,0.0
top_100__full_excl_covid,full_excl_covid,dense_jl,20,,27,0.7,50000,2000,,0.00025442000003295107,0.0006552199999987351,0.6529060729999969,0.11448717504538965,0.09681367495452065,0.2803220469668272,0.9877442734440111,50000,0.20722021660649817,0.0,0.26630565583634175,0.1,0.5980898642751118,0.24893765961764483,0.26854643777834997,0.3718579872237022,0.7142857142857143,0.7142857142857143,0.9039534073533789,0.6,0.0
top_100__full_excl_covid,full_excl_covid,dense_jl,20,,28,0.7,50000,2000,,0.00020036900002651237,0.0004874900000118032,0.6851150800000028,0.11447177839912386,0.0976409179865772,0.2775192256000082,0.992351925016776,50000,0.2091456077015644,0.0,0.27966305655836343,0.1,0.5941174714479749,0.3193729253920351,0.2478957240438764,0.3871287069612954,0.8333333333333334,0.8333333333333334,0.9100249512350985,0.8,0.0
top_100__full_excl_covid,full_excl_covid,dense_jl,20,,29,0.7,50000,2000,,0.00025723999999627267,0.0006804699999634067,0.6698994160000211,0.13151576209798363,0.11615308550375425,0.3051139945168343,0.9254511565722797,50000,0.18170878459687123,0.0,0.23104693140794225,0.1,0.46492624606934074,0.22792748571463162,0.1514871877650902,0.28144697318302087,0.6190476190476191,0.6190476190476191,0.9002177064269296,0.6,0.0
top_100__full_excl_covid,full_excl_covid,dense_jl,20,,30,0.7,50000,2000,,0.00020380000000841392,0.000414278999983253,0.6380656089999661,0.12716271350181022,0.11068206931926006,0.30139374569387695,0.9533155684495828,50000,0.19783393501805055,0.0,0.24753309265944648,0.1,0.3963495007163162,0.21976644721650207,0.15321895605957506,0.2564449679974644,0.5952380952380952,0.5952380952380952,0.8941862074791808,0.7,0.0
top_100__full_excl_covid,full_excl_covid,dense_jl,20,,31,0.7,50000,2000,,0.00019351999998207248,0.00043345999995381135,0.6377353400000061,0.11856068843524699,0.1004754195807982,0.2907928544443426,0.9995332998603763,50000,0.19663056558363418,0.0,0.2605294825511432,0.1,0.5107134247737417,0.3949185050199536,0.2648337972002591,0.39015524233131815,0.6428571428571429,0.6428571428571429,0.892676921236738,0.7,0.0
top_100__full_excl_covid,full_excl_covid,dense_jl,20,,32,0.7,50000,2000,,0.0002046690000270246,0.0005490700000336801,0.6138764799999876,0.12425172281837177,0.10434911531200775,0.306409859965859,0.9953828040302131,50000,0.20505415162454874,0.0,0.2523465703971119,0.1,0.4422150603835055,0.2904843655594438,0.22727468895369368,0.3199913716322143,0.7380952380952381,0.7380952380952381,0.8872717961543479,0.6,0.0
top_100__full_excl_covid,full_excl_covid,dense_jl,20,,33,0.7,50000,2000,,0.0002157500000521395,0.0004734999999982392,0.6046981739999637,0.12069538883298757,0.10270834102877124,0.29552530637329133,0.9616320407668633,50000,0.19999999999999998,0.0,0.25667870036101087,0.1,0.45941548525641984,0.17768225796256412,0.2694759853980446,0.30219124287234284,0.7380952380952381,0.7380952380952381,0.8928189500573803,0.4,0.0
top_100__full_excl_covid,full_excl_covid,dense_jl,20,,34,0.7,50000,2000,,0.00019133999995801787,0.0005218790000185436,0.5882509719999689,0.12560327355435236,0.10733833866468645,0.30628483225589087,0.9766376821774172,50000,0.21323706377858004,0.0,0.2594464500601685,0.1,0.4339564963384308,0.3473819186563011,0.23644633639647059,0.33926158379706745,0.6904761904761905,0.6904761904761905,0.8987351237775315,0.7,0.0
top_100__full_excl_covid,full_excl_covid,dense_jl,20,,35,0.7,50000,2000,,0.00022093100000120103,0.0005323290000092129,0.5811044639999636,0.1290076574637367,0.10952191738702965,0.31479020382483575,0.9508762224567832,50000,0.18411552346570398,0.0,0.2389891696750903,0.1,0.5138929668296671,0.26389460900723954,0.2372533748013822,0.3383469835460963,0.7619047619047619,0.7619047619047619,0.8912177173007496,0.8,0.0
top_100__full_excl_covid,full_excl_covid,dense_jl,20,,36,0.7,50000,2000,,0.00021277000001873603,0.0004079300000512376,0.6577184719999991,0.13162280157180323,0.11500990630388164,0.3100834302586504,0.9346761824785883,50000,0.18098676293622143,0.0,0.23995186522262335,0.1,0.4125842987498004,0.23320369267788213,0.18009323022167165,0.2752937405497847,0.6666666666666666,0.6666666666666666,0.8824913720419026,0.5,0.0
top_100__full_excl_covid,full_excl_covid,dense_jl,20,,37,0.7,50000,2000,,0.00031901000005518654,0.0005842599999823506,0.6444588169999861,0.12438400629781163,0.10643923172120529,0.30157826799892545,0.9861566898654154,50000,0.19422382671480146,0.0,0.25150421179302046,0.1,0.26477328732797706,0.1849408143267132,0.17331865062132856,0.2076775840920063,0.6190476190476191,0.6190476190476191,0.8867478662218994,0.6,0.0
top_100__full_excl_covid,full_excl_covid,dense_jl,20,,38,0.7,50000,2000,,0.00026201000002856745,0.0007178300000418858,0.6454436170000122,0.12005555111902554,0.10191833155986996,0.2943781838583931,0.949518810805041,50000,0.18387484957882072,0.0,0.23574007220216608,0.1,0.5829689873079857,0.3374752518975343,0.20791861792110722,0.37612095237554244,0.6904761904761905,0.6904761904761905,0.898054652656725,0.7,0.0
top_100__full_excl_covid,full_excl_covid,dense_jl,20,,39,0.7,50000,2000,,0.00021818999999823063,0.0004638500000169188,0.625666405000004,0.13919287676527337,0.11873254069277162,0.33818875920376495,1.0624263418434898,50000,0.21492178098676293,0.0,0.2855595667870036,0.1,0.6241921973275437,0.3293608063801921,0.2730411005824927,0.40886470143007614,0.6904761904761905,0.6904761904761905,0.8948860423644034,0.8,0.0
top_100__full_excl_covid,full_excl_covid,dense_jl,20,,40,0.7,50000,2000,,0.000182380000012472,0.00046974900004670417,0.5920953789999999,0.12477148103085636,0.10594292808335004,0.30448949870999364,0.9985445718499079,50000,0.20264741275571602,0.0,0.2523465703971119,0.1,0.4909563517958527,0.22861949926393635,0.18179877323283536,0.3004582080975415,0.6904761904761905,0.6904761904761905,0.8911230314203216,0.6,0.0
top_100__full_excl_covid,full_excl_covid,dense_jl,20,,41,0.7,50000,2000,,0.000351310000041849,0.0005326489999788464,0.6311855920000085,0.11514408662493616,0.09671514878904724,0.28651122974168514,0.9927680216177018,50000,0.20216606498194944,0.0,0.25872442839951865,0.1,0.6124842901912311,0.3406144529201408,0.28962903704508985,0.41424259338548725,0.7142857142857143,0.7142857142857143,0.8972968101230246,0.9,0.0
top_100__full_excl_covid,full_excl_covid,dense_jl,20,,42,0.7,50000,2000,,0.0002299600000128521,0.0004460600000015802,0.6358495299999731,0.12025124409042721,0.10283662457050907,0.2889042937412061,0.9608920051520294,50000,0.1874849578820698,0.0,0.24993983152827917,0.1,0.5010284974804213,0.17822188498554695,0.2929979050576894,0.32408276250788587,0.6666666666666666,0.6666666666666666,0.8984935367685682,0.6,0.0
top_100__full_excl_covid,full_excl_covid,dense_jl,20,,43,0.7,50000,2000,,0.00022971999999299442,0.0004974100000367798,0.7208918140000264,0.12573260766975244,0.1070057516688655,0.30603398882214505,0.980549179674991,50000,0.19975932611311673,0.0,0.2495788206979543,0.1,0.42525804280636303,0.27549500238876107,0.20515326533187772,0.30196877017566726,0.6666666666666666,0.6666666666666666,0.8774794610265555,0.6,0.0
top_100__full_excl_covid,full_excl_covid,dense_jl,20,,44,0.7,50000,2000,,0.00019735000000764558,0.0004210600000078557,0.6063427830000023,0.1296428478824209,0.11165084142367299,0.31134570043250376,0.9450814761619553,50000,0.18363417569193746,0.0,0.2410348977135981,0.1,0.4637361164636769,0.21723000390614297,0.18109176445323127,0.2873526282743504,0.6190476190476191,0.6190476190476191,0.8853566445732944,0.7,0.0
top_100__full_excl_covid,full_excl_covid,dense_jl,20,,45,0.7,50000,2000,,0.0002506390000007741,0.00040637000000742773,0.632484393000027,0.16020860184653604,0.1412167114979116,0.37106977500864113,0.9028875621416556,50000,0.1607701564380265,0.0,0.2019253910950662,0.0,0.11560044205581343,0.1049148577420172,0.13384714773077297,0.11812081584286786,0.5714285714285714,0.5714285714285714,0.829776534630608,0.4,0.0
top_100__full_excl_covid,full_excl_covid,dense_jl,20,,46,0.7,50000,2000,,0.00026757000000543485,0.00040099000000282103,0.6190536180000095,0.11665142002730636,0.09967838503006943,0.28399878834195214,0.9980965067266906,50000,0.20938628158844766,0.0,0.27545126353790617,0.1,0.47211762602061325,0.25817224414829315,0.34985108849233254,0.360046986220413,0.7142857142857143,0.7142857142857143,0.9299540079228326,0.8,0.0
top_100__full_excl_covid,full_excl_covid,dense_jl,20,,47,0.7,50000,2000,,0.00021574000004420668,0.0008814590000270073,0.5732497679999824,0.11830154060113579,0.1002815181884964,0.28986132219314636,0.9593616923484006,50000,0.19133574007220217,0.0,0.24897713598074608,0.1,0.4830556121005053,0.2907947129675387,0.2382927898447082,0.33738103830425076,0.6904761904761905,0.6904761904761905,0.8978255078074029,0.6,0.0
top_100__full_excl_covid,full_excl_covid,dense_jl,20,,48,0.7,50000,2000,,0.00020571999999674517,0.0004508499999928972,0.6325111820000302,0.13126921820488852,0.11494635924106705,0.3082455198415364,0.9261116965101669,50000,0.18507821901323707,0.0,0.23922984356197355,0.1,0.526655904846861,0.2653962293897247,0.15781763881804162,0.31662325768487576,0.7619047619047619,0.7619047619047619,0.8932062462568964,0.7,0.0
top_100__full_excl_covid,full_excl_covid,dense_jl,20,,49,0.7,50000,2000,,0.0002137090000360331,0.0004718800000205192,0.6341625819999877,0.13665540465164944,0.12099360083194816,0.31645216162288026,0.9342244455920274,50000,0.18050541516245489,0.0,0.22876052948255118,0.0,0.43137921096342585,0.21339181263533008,0.20079411907125364,0.28185504755666985,0.6190476190476191,0.6190476190476191,0.8619054947922765,0.6,0.0
top_100__full_excl_covid,full_excl_covid,dense_jl,30,,0,0.7,50000,3000,,0.00023384000002124594,0.0007675699999936114,0.650665765000042,0.10855439165917109,0.09415918790376349,0.25750237860993597,1.022084851386857,50000,0.2702767749699158,0.0,0.3376654632972323,0.1,0.5898308649030968,0.5125426689857532,0.26810792149951995,0.4568271517961233,0.8095238095238095,0.8095238095238095,0.9338468773734203,0.8,0.0
top_100__full_excl_covid,full_excl_covid,dense_jl,30,,1,0.7,50000,3000,,0.00022439899998971669,0.000535090000028049,0.6926795470000116,0.10175388552522088,0.08539106098987748,0.2521387035195226,0.9776120302259672,50000,0.2616125150421179,0.0,0.3277978339350181,0.1,0.4957966587237308,0.27069419899199904,0.2895723513316063,0.35202106968244545,0.7857142857142857,0.7857142857142857,0.9246220511036091,0.7,0.0
top_100__full_excl_covid,full_excl_covid,dense_jl,30,,2,0.7,50000,3000,,0.0002271500000006199,0.0005678399999737849,0.6336581520000095,0.10386892053943662,0.08818979349716305,0.2534477129911549,0.9858877522819953,50000,0.2584837545126354,0.0,0.3234657039711191,0.1,0.46989529511115224,0.2687268078169706,0.3126075410287178,0.35040988131894685,0.6904761904761905,0.6904761904761905,0.9224642669539584,0.7,0.0
top_100__full_excl_covid,full_excl_covid,dense_jl,30,,3,0.7,50000,3000,,0.0002813400000150068,0.0007133699999712917,0.7152697669999952,0.10413280391731478,0.08698021042890752,0.25814582256886465,1.0079105845495016,50000,0.2676293622141998,0.0,0.32755716004813484,0.1,0.5196780778978927,0.3545382483812469,0.2571103031965766,0.37710887649190533,0.6666666666666666,0.6666666666666666,0.9304164798600121,0.8,0.0
top_100__full_excl_covid,full_excl_covid,dense_jl,30,,4,0.7,50000,3000,,0.00022916999995459264,0.0005783699999710734,0.6660179179999659,0.12271346317509739,0.10835998203714142,0.28311962253766143,0.9238036818387886,50000,0.2483754512635379,0.0,0.3097472924187725,0.1,0.4096477690763869,0.28798836258137434,0.20824067769389468,0.301958936450552,0.6190476190476191,0.6190476190476191,0.9052039384976729,0.6,0.0
top_100__full_excl_covid,full_excl_covid,dense_jl,30,,5,0.7,50000,3000,,0.00019362000000455737,0.0006996490000119593,0.7047222119999788,0.09536109932668047,0.0803870481280109,0.2363918983225074,0.9891480291809482,50000,0.29193742478941037,0.0,0.34632972322503003,0.1,0.6409952155715711,0.2262312067439672,0.36990576691308674,0.4123773964095417,0.8095238095238095,0.8095238095238095,0.9347337419659196,0.5,0.0
top_100__full_excl_covid,full_excl_covid,dense_jl,30,,6,0.7,50000,3000,,0.0003053600000271217,0.000535440000021481,0.6686766869999587,0.0927025070767201,0.07766053557436803,0.22827033508746397,0.9892242466334361,50000,0.28134777376654635,0.0,0.3503008423586041,0.1,0.6723831196342538,0.46794448437067593,0.27902253703234536,0.4731167136790917,0.7857142857142857,0.7857142857142857,0.9304298630233233,0.8,0.0
top_100__full_excl_covid,full_excl_covid,dense_jl,30,,7,0.7,50000,3000,,0.0006070999999678861,0.0016583290000085071,0.62393653700002,0.0999607502096049,0.08681490409417902,0.2364090746159675,1.0224196029320534,50000,0.3018050541516245,0.0,0.36702767749699156,0.2,0.8235089099745182,0.5802094707559694,0.35909983971408177,0.5876060734815232,0.8571428571428571,0.8571428571428571,0.9421873483938531,0.7,0.0
top_100__full_excl_covid,full_excl_covid,dense_jl,30,,8,0.7,50000,3000,,0.00032168899997486733,0.0008305899999641042,0.708697729999983,0.09604011308139977,0.08164798217770447,0.23430651083667808,0.9802724165226749,50000,0.2555956678700361,0.0,0.32587244283995187,0.1,0.579959936065463,0.2899917006814393,0.2408545519347899,0.37026872956056406,0.7142857142857143,0.7142857142857143,0.9328687145137059,0.8,0.0
top_100__full_excl_covid,full_excl_covid,dense_jl,30,,9,0.7,50000,3000,,0.0002459190000081435,0.0005780590000199481,0.7465880540000285,0.09485756727657416,0.08000301910362229,0.23359209233947337,0.9999707995669411,50000,0.2996389891696751,0.0,0.35066185318892906,0.1,0.56600672363417,0.2576362728905677,0.2582809635368462,0.360641320020528,0.8333333333333334,0.8333333333333334,0.9340057606153579,0.6,0.0
top_100__full_excl_covid,full_excl_covid,dense_jl,30,,10,0.7,50000,3000,,0.000289579999957823,0.0007623490000128186,0.6839861410000481,0.10412471787484426,0.08890133653503807,0.25374345250172015,1.0101921502572815,50000,0.26883273164861615,0.0,0.3329723225030084,0.1,0.5726624342942251,0.35850975016108455,0.27873426923849276,0.4033021512312675,0.7619047619047619,0.7619047619047619,0.9336419895075999,0.8,0.0
top_100__full_excl_covid,full_excl_covid,dense_jl,30,,11,0.7,50000,3000,,0.00022113900001841102,0.0004873799999813855,0.670963555999947,0.10239286919024611,0.08802414762951671,0.24588485086516984,0.9793172797718225,50000,0.25463297232250304,0.0,0.31793020457280385,0.1,0.5285019477002245,0.26685230292031675,0.2348142566150859,0.34338950241187577,0.6904761904761905,0.6904761904761905,0.9213450580996576,0.7,0.0
top_100__full_excl_covid,full_excl_covid,dense_jl,30,,12,0.7,50000,3000,,0.0002353400000174588,0.0007263889999649109,0.8119774669999629,0.1033699183099189,0.087799601434073,0.2511663489030106,0.9683302688003417,50000,0.2726835138387485,0.0,0.3303249097472924,0.1,0.5233062568547411,0.3115198458109699,0.2552414622521952,0.3633558549726354,0.6904761904761905,0.6904761904761905,0.9163161253734737,0.8,0.0
top_100__full_excl_covid,full_excl_covid,dense_jl,30,,13,0.7,50000,3000,,0.00023455000001604276,0.0006406599999877471,0.7512514619999706,0.10400446645712719,0.08765389925947265,0.2553448815836797,1.0298353424024254,50000,0.2784596871239471,0.0,0.34031287605294824,0.1,0.5229020943150445,0.2766529905165189,0.3157446968844204,0.3717665939053279,0.8095238095238095,0.8095238095238095,0.9327957135400808,1.0,0.0
top_100__full_excl_covid,full_excl_covid,dense_jl,30,,14,0.7,50000,3000,,0.00028649000000768865,0.000471100000027036,0.7834388779999699,0.10323209631063204,0.08882931719324322,0.24667513885287165,0.9520808694990862,50000,0.26040914560770156,0.0,0.315884476534296,0.1,0.55789935131294,0.38285068436078806,0.25088659775253364,0.3972122111420872,0.7142857142857143,0.7142857142857143,0.925234226269142,0.7,0.0
top_100__full_excl_covid,full_excl_covid,dense_jl,30,,15,0.7,50000,3000,,0.0001984500000276057,0.0006483999999886692,0.7852243680000015,0.09623679706392001,0.08201427420658824,0.2338910135771037,0.9700698932440863,50000,0.29362214199759323,0.0,0.34560770156438025,0.2,0.6043014024898689,0.31723271799743125,0.33795693503962304,0.4198303518423077,0.7380952380952381,0.7380952380952381,0.9287462819899424,0.6,0.0
top_100__full_excl_covid,full_excl_covid,dense_jl,30,,16,0.7,50000,3000,,0.00021175099999481972,0.0006374390000019048,0.7331413400000315,0.10571339238191244,0.0888080516296404,0.26092211147849337,1.0164980889539148,50000,0.26642599277978346,0.0,0.3267148014440433,0.1,0.5799851200925337,0.3336909958872618,0.25442567677902994,0.38936726425294177,0.7380952380952381,0.7380952380952381,0.926045413255354,1.0,0.0
top_100__full_excl_covid,full_excl_covid,dense_jl,30,,17,0.7,50000,3000,,0.00021949000000631713,0.0006787799999870003,0.7851549670000395,0.10838745605857829,0.09411013454405726,0.2558592070067759,1.0412646779554284,50000,0.30445246690734057,0.0,0.3582430806257521,0.2,0.6294278998863185,0.252510960252054,0.2841533703466672,0.38869741016167997,0.8333333333333334,0.8333333333333334,0.9362525218898364,0.7,0.0
top_100__full_excl_covid,full_excl_covid,dense_jl,30,,18,0.7,50000,3000,,0.00018369100001791594,0.0006466799999884643,0.7487321730000076,0.09961224024072415,0.08460012883347368,0.24324619714915444,0.9873649032583286,50000,0.2697954271961493,0.0,0.32755716004813484,0.1,0.5255639846142192,0.29976224024613174,0.24970496430447203,0.35834372972160766,0.6904761904761905,0.6904761904761905,0.9189018152588136,0.9,0.0
top_100__full_excl_covid,full_excl_covid,dense_jl,30,,19,0.7,50000,3000,,0.0005792599999949744,0.0011433290000013585,0.8640668140000116,0.11226580848138894,0.09762612132247889,0.2648447244143362,0.9598859430535797,50000,0.2835138387484958,0.0,0.3371841155234658,0.1,0.26659049984091016,0.22217014644236766,0.21494542189994323,0.234568689394407,0.6666666666666666,0.6666666666666666,0.9047785002827192,0.5,0.0
top_100__full_excl_covid,full_excl_covid,dense_jl,30,,20,0.7,50000,3000,,0.00021688000003905472,0.0005967490000102771,0.7660256450000134,0.09324331017758475,0.07939022906994703,0.22626279508543184,0.9938919155054586,50000,0.28447653429602887,0.0,0.33983152827918167,0.1,0.6002454722136281,0.5040412563810377,0.3356118237955993,0.47996618413008835,0.7857142857142857,0.7857142857142857,0.9335231093772478,0.8,0.0
top_100__full_excl_covid,full_excl_covid,dense_jl,30,,21,0.7,50000,3000,,0.00023427000002129716,0.0006632889999877989,0.8178787929999771,0.09616360836364625,0.08175694784217835,0.2344075683832732,0.9919840935068701,50000,0.27653429602888085,0.0,0.3499398315282792,0.1,0.5994207411055289,0.4097191638303984,0.2980454537148469,0.4357284528835914,0.7142857142857143,0.7142857142857143,0.9327602481573055,0.9,0.0
top_100__full_excl_covid,full_excl_covid,dense_jl,30,,22,0.7,50000,3000,,0.000229360000048473,0.001062059999981102,0.8049616099999639,0.10770102897097059,0.09323369079793475,0.2571556608382984,0.9413324120450505,50000,0.2666666666666667,0.0,0.3270758122743683,0.1,0.5854173232824788,0.22133813787967913,0.24523027851425033,0.3506619132254694,0.8571428571428571,0.8571428571428571,0.9147912393812964,0.8,0.0
top_100__full_excl_covid,full_excl_covid,dense_jl,30,,23,0.7,50000,3000,,0.00025741000001744396,0.0007283499999743981,0.8328562779999515,0.1027274360768618,0.08804981448525856,0.24674020503814284,0.961321279046082,50000,0.27123947051744884,0.0,0.32286401925391095,0.1,0.5731155756529165,0.37295769552680047,0.28454456810901024,0.41020594642957575,0.6904761904761905,0.6904761904761905,0.9211154741152893,0.8,0.0
top_100__full_excl_covid,full_excl_covid,dense_jl,30,,24,0.7,50000,3000,,0.00026010900000983384,0.0007009000000266496,0.7769440710000026,0.09246468138464549,0.07726482412847313,0.23057753141503518,1.0022571233710298,50000,0.28471720818291213,0.0,0.35018050541516244,0.2,0.7027662664934651,0.23560358565123726,0.24409227769854214,0.3941540432810815,0.8095238095238095,0.8095238095238095,0.9352708250385601,0.8,0.0
top_100__full_excl_covid,full_excl_covid,dense_jl,30,,25,0.7,50000,3000,,0.0023166990000049736,0.0006116700000120545,0.8312664889999724,0.10087654684264286,0.08407123343862971,0.251024796324576,1.017654929006857,50000,0.26594464500601683,0.0,0.3309265944645006,0.1,0.6362681702900705,0.4222048821146625,0.2517550941452218,0.4367427155166516,0.8095238095238095,0.8095238095238095,0.9319927237413971,0.6,0.0
top_100__full_excl_covid,full_excl_covid,dense_jl,30,,26,0.7,50000,3000,,0.0010902700000201548,0.0011530790000051638,0.7283532719999926,0.09468533403188346,0.08000988947802667,0.2328208462305342,0.9812126032588983,50000,0.2738868832731649,0.0,0.3274368231046932,0.1,0.6123412220042008,0.26639416151988626,0.2675518774038716,0.38209575364265286,0.7380952380952381,0.7380952380952381,0.9374657474663999,0.8,0.0
top_100__full_excl_covid,full_excl_covid,dense_jl,30,,27,0.7,50000,3000,,0.00042853999997305436,0.0023898289999806366,0.7612043580000432,0.09808980219437559,0.0828688150607052,0.24142392427523404,0.9840556985209398,50000,0.2762936221419976,0.0,0.33886883273164864,0.1,0.5692573256598129,0.3397779919584177,0.2831298825174509,0.3973884000452272,0.8095238095238095,0.8095238095238095,0.936476710786495,0.8,0.0
top_100__full_excl_covid,full_excl_covid,dense_jl,30,,28,0.7,50000,3000,,0.001421429000004082,0.0009029689999806578,0.7691305449999959,0.11459607095098535,0.09612532209975361,0.28513724146687097,1.0470149742712453,50000,0.290734055354994,0.0,0.34813477737665466,0.1,0.5931485619810705,0.28934094141093114,0.32361894625928644,0.40203614988376274,0.7857142857142857,0.7857142857142857,0.9280845682089646,0.8,0.0
top_100__full_excl_covid,full_excl_covid,dense_jl,30,,29,0.7,50000,3000,,0.0006422899999734,0.0009963989999732803,0.9308521460000065,0.09250488692600033,0.07773440310543345,0.22969625186056566,1.0041936788471792,50000,0.313598074608905,0.0,0.3631768953068592,0.2,0.5214879103205142,0.41602306756058305,0.31230393065803613,0.4166049695130445,0.7619047619047619,0.7619047619047619,0.9369994696921536,0.6,0.0
top_100__full_excl_covid,full_excl_covid,dense_jl,30,,30,0.7,50000,3000,,0.00025497899997617424,0.0006911489999765763,0.7961411329999919,0.10947562383018014,0.09297960655835791,0.2690013600767959,1.0319955263882326,50000,0.2782190132370638,0.0,0.3373044524669074,0.1,0.5496508062965368,0.41482598160365064,0.319342039509579,0.4279396091365888,0.7142857142857143,0.7142857142857143,0.9278004060117169,1.0,0.0
top_100__full_excl_covid,full_excl_covid,dense_jl,30,,31,0.7,50000,3000,,0.00034412999997357474,0.0008014399999751731,0.8200458830000343,0.10696956760834048,0.09194742190927696,0.2586052507955651,0.9675914967950925,50000,0.24524669073405536,0.0,0.31215403128760527,0.1,0.2710536651503584,0.24543603916630283,0.1937654207781221,0.23675170836492776,0.6666666666666666,0.6666666666666666,0.9093015912581177,0.8,0.0
top_100__full_excl_covid,full_excl_covid,dense_jl,30,,32,0.7,50000,3000,,0.00024896000002172514,0.0008728889999929379,0.8607349160000126,0.11035968820468259,0.09583013367111382,0.2606817928171682,0.949701065538818,50000,0.2712394705174489,0.0,0.3197352587244284,0.1,0.4049317921099318,0.17773058386312202,0.22560374605032532,0.2694220406744597,0.7380952380952381,0.7380952380952381,0.9095505390069023,0.7,0.0
top_100__full_excl_covid,full_excl_covid,dense_jl,30,,33,0.7,50000,3000,,0.0003340800000160016,0.0006154700000138291,0.7477550329999758,0.10442405174435349,0.09051293576037583,0.24800076310943311,0.9445820727519726,50000,0.26979542719614924,0.0,0.32827918170878456,0.1,0.5287299480275479,0.3719919779941925,0.266897927655103,0.3892066178922811,0.7142857142857143,0.7142857142857143,0.9275211370335548,0.7,0.0
top_100__full_excl_covid,full_excl_covid,dense_jl,30,,34,0.7,50000,3000,,0.00020238000001882028,0.0004876700000409073,0.7615766380000082,0.09898526392409245,0.08435567802009258,0.23938961946016232,0.9896629149639172,50000,0.2782190132370638,0.0,0.3442839951865223,0.1,0.5301932250636884,0.24293562001393457,0.1980183204531362,0.3237157218435864,0.7619047619047619,0.7619047619047619,0.9245091933967471,0.8,0.0
top_100__full_excl_covid,full_excl_covid,dense_jl,30,,35,0.7,50000,3000,,0.0003294800000048781,0.0009847090000221215,0.780355410000027,0.10994808845648273,0.09602546871046957,0.25991636066534546,0.9342975408708101,50000,0.26474127557160054,0.0,0.3217809867629362,0.1,0.6017565484044122,0.20776644220159193,0.21120408132261728,0.3402423573095405,0.7142857142857143,0.7142857142857143,0.9199671987031713,0.9,0.0
top_100__full_excl_covid,full_excl_covid,dense_jl,30,,36,0.7,50000,3000,,0.00025234999998247076,0.0009437600000410384,0.907922066000026,0.10635802662585706,0.09134998568900987,0.2567496482176825,1.0275979208326762,50000,0.29338146811071,0.0,0.3422382671480144,0.2,0.5584358917150714,0.45951379180158336,0.34719533392938934,0.4550483391486813,0.8095238095238095,0.8095238095238095,0.9322061851962138,1.0,0.0
top_100__full_excl_covid,full_excl_covid,dense_jl,30,,37,0.7,50000,3000,,0.0002722699999821998,0.0007909099999778846,0.8363571560000196,0.09327401029563569,0.07901215444580834,0.22888401784771548,0.9672403004086787,50000,0.2784596871239471,0.0,0.34247894103489773,0.1,0.6469023523003751,0.40220212225921076,0.2692163824541674,0.4394402856712511,0.6904761904761905,0.6904761904761905,0.9345377204457931,0.8,0.0
top_100__full_excl_covid,full_excl_covid,dense_jl,30,,38,0.7,50000,3000,,0.00026004900001908027,0.0014327289999869208,1.0856054209999684,0.09869814619984366,0.08491086476438142,0.23830148446092556,1.0261252899892577,50000,0.29362214199759323,0.0,0.3617328519855596,0.2,0.657122136317487,0.279088101103728,0.3470010911118455,0.4277371095110201,0.7857142857142857,0.7857142857142857,0.9358282756128652,0.7,0.0
top_100__full_excl_covid,full_excl_covid,dense_jl,30,,39,0.7,50000,3000,,0.0006016799999883915,0.0006344999999896572,0.9095081950000008,0.0949077243724159,0.07933149541123014,0.23473295405559744,0.9733111490506674,50000,0.2789410348977136,0.0,0.3407942238267148,0.1,0.6972059469999344,0.26836275380360725,0.23383775994960876,0.3998021535843835,0.8571428571428571,0.8571428571428571,0.9375913400896003,0.7,0.0
top_100__full_excl_covid,full_excl_covid,dense_jl,30,,40,0.7,50000,3000,,0.0004965399999719011,0.0010429789999761852,0.9334958150000148,0.1066004635331481,0.09240213635319394,0.2533102373426734,0.9648661026866556,50000,0.27966305655836343,0.0,0.32912154031287605,0.1,0.5699198742001873,0.27804709225812496,0.20753379278610667,0.35183358641480633,0.6904761904761905,0.6904761904761905,0.9149472368786448,0.7,0.0
top_100__full_excl_covid,full_excl_covid,dense_jl,30,,41,0.7,50000,3000,,0.00032369999996717524,0.0007886899999789421,0.8848515450000036,0.10749273906796285,0.09211753378160109,0.25859440155693547,0.9732750977328876,50000,0.2570397111913358,0.0,0.31371841155234653,0.1,0.5152400637254472,0.19773591327235565,0.23914318703904375,0.31737305467894883,0.6190476190476191,0.6190476190476191,0.9129484614380878,0.7,0.0
top_100__full_excl_covid,full_excl_covid,dense_jl,30,,42,0.7,50000,3000,,0.0011668000000213397,0.004617177999989508,0.840577144000008,0.09386714060746082,0.07939230517001372,0.2315251601438889,1.0046432701887045,50000,0.2794223826714801,0.0,0.34777376654632974,0.1,0.6241262089328676,0.31582119843411516,0.30541649777198454,0.4151213017129891,0.7857142857142857,0.7857142857142857,0.940023374531171,0.6,0.0
top_100__full_excl_covid,full_excl_covid,dense_jl,30,,43,0.7,50000,3000,,0.0002042200000005323,0.0007593489999635494,0.8172405440000148,0.1080038745718708,0.0915616482129103,0.26451631009955456,1.0200891699469616,50000,0.27990373044524675,0.0,0.3365824308062575,0.1,0.6480357590875347,0.29370517067662316,0.28991824318437165,0.41055305764950983,0.7857142857142857,0.7857142857142857,0.9234799654045227,0.6,0.0
top_100__full_excl_covid,full_excl_covid,dense_jl,30,,44,0.7,50000,3000,,0.0003294900000128109,0.0007260900000005677,0.9292893360000107,0.11404131838004372,0.09924590820701651,0.26938919074850637,0.9387874539910801,50000,0.2548736462093863,0.0,0.31263537906137184,0.1,0.5048404499373702,0.1526417911892773,0.2150807448977685,0.2908543286748053,0.7142857142857143,0.7142857142857143,0.9129460148285449,0.8,0.0
top_100__full_excl_covid,full_excl_covid,dense_jl,30,,45,0.7,50000,3000,,0.00022226999999475083,0.0010997789999578345,0.9049714870000116,0.09436572524036223,0.07748826254680968,0.2398423698808864,1.007227415858159,50000,0.29025270758122745,0.0,0.3534296028880866,0.1,0.6854582788207839,0.5088831859950903,0.3299449153938024,0.5080954600698923,0.8095238095238095,0.8095238095238095,0.9266469237126232,0.9,0.0
top_100__full_excl_covid,full_excl_covid,dense_jl,30,,46,0.7,50000,3000,,0.0002527099999838356,0.0007508189999612114,0.9425917309999932,0.11344903129881326,0.10009122184789992,0.2622718169564569,0.9312935469566834,50000,0.2717208182912154,0.0,0.32539109506618535,0.1,0.5554847547290653,0.35525674860509066,0.2089942888350273,0.3732452640563944,0.7142857142857143,0.7142857142857143,0.9173296072376147,0.6,0.0
top_100__full_excl_covid,full_excl_covid,dense_jl,30,,47,0.7,50000,3000,,0.00022339100002000123,0.0006751799999733521,0.8451293219999911,0.09313586945473726,0.07800550258523781,0.23199892813359527,1.0174878660092475,50000,0.29843561973525873,0.0,0.358604091456077,0.2,0.6763613253903082,0.5389400756540843,0.39017616783359466,0.5351591896259957,0.7619047619047619,0.7619047619047619,0.9395785516406083,0.7,0.0
top_100__full_excl_covid,full_excl_covid,dense_jl,30,,48,0.7,50000,3000,,0.00022927000003392095,0.0007224600000199644,0.8676761119999696,0.09459630265326896,0.07955221195003087,0.2335331554842982,0.9834346819508014,50000,0.274849578820698,0.0,0.33971119133574007,0.1,0.6370181151285386,0.23425538004626353,0.2966246469591391,0.3892993807113137,0.7857142857142857,0.7857142857142857,0.9356227604112646,0.9,0.0
top_100__full_excl_covid,full_excl_covid,dense_jl,30,,49,0.7,50000,3000,,0.0005142299999647548,0.0007652090000078715,0.9457096699999852,0.09552314469249681,0.08135332353235142,0.23342527280909733,0.9751545742445118,50000,0.28303249097472927,0.0,0.3374247894103489,0.1,0.6205297191952223,0.3430444700395867,0.2539007738277972,0.40582498768753544,0.7619047619047619,0.7619047619047619,0.924993392063115,0.7,0.0
top_100__full_excl_covid,full_excl_covid,dense_jl,50,,0,0.7,50000,5000,,0.00026159999998753847,0.0006372500000111359,0.8659477940000215,0.08258415040347893,0.070644745371303,0.19904497109623603,0.9733273979363835,50000,0.37521058965102283,0.2,0.4323706377858003,0.2,0.5698324342220418,0.48079092389937367,0.41776742389849597,0.48946359400663714,0.7142857142857143,0.7142857142857143,0.9504854533379281,0.9,0.0
top_100__full_excl_covid,full_excl_covid,dense_jl,50,,1,0.7,50000,5000,,0.0003051099999993312,0.001395569000010255,0.9232611499999734,0.07709084142489163,0.06510260894509967,0.19038795787219537,1.0163292926964091,50000,0.39446450060168475,0.2,0.4439229843561973,0.3,0.7190108847642441,0.5926687323347719,0.33695166666778265,0.5495437612555997,0.8095238095238095,0.8095238095238095,0.9601878703372222,0.9,0.0
top_100__full_excl_covid,full_excl_covid,dense_jl,50,,2,0.7,50000,5000,,0.0004963200000247525,0.0018921989999967082,1.0184874689999788,0.08303134727010845,0.07075343958612468,0.2020340837518242,1.0296423065553457,50000,0.3942238267148015,0.2,0.45463297232250294,0.2,0.6325272991066108,0.41385212359286055,0.2966717519271828,0.4476837248755514,0.8571428571428571,0.8571428571428571,0.956113533556609,0.9,0.0
top_100__full_excl_covid,full_excl_covid,dense_jl,50,,3,0.7,50000,5000,,0.0002524999999877764,0.0009290099999930135,0.9568572760000507,0.08628019077621478,0.07513337128911668,0.2036797896782501,0.97349322576735,50000,0.3749699157641396,0.2,0.42839951865222625,0.2,0.6844619735854693,0.3852062268445373,0.272486128205896,0.4473847762119676,0.7142857142857143,0.7142857142857143,0.94242786893199,0.8,0.0
top_100__full_excl_covid,full_excl_covid,dense_jl,50,,4,0.7,50000,5000,,0.00032798000000866523,0.0012815690000138602,1.0600324419999652,0.08099838007395332,0.0704380291860946,0.19297867750331466,0.9519308159627643,50000,0.3817087845968713,0.2,0.4371841155234657,0.2,0.6558357698295791,0.413560671928136,0.37773403820507784,0.4823768266542643,0.7857142857142857,0.7857142857142857,0.9565732661275481,0.8,0.0
top_100__full_excl_covid,full_excl_covid,dense_jl,50,,5,0.7,50000,5000,,0.00025699000002532557,0.000613758999975289,1.016469700000016,0.07953228985710876,0.06743723567703497,0.19242272506028824,1.0302390734882956,50000,0.3963898916967509,0.2,0.4558363417569194,0.2,0.7405298187518932,0.46245375887301476,0.4134873282967045,0.5388236353072041,0.7857142857142857,0.7857142857142857,0.9605114501326605,0.9,0.0
top_100__full_excl_covid,full_excl_covid,dense_jl,50,,6,0.7,50000,5000,,0.00031413900001098227,0.0007544899999629706,0.890199822999989,0.07811899746661125,0.06550283871292889,0.19316339375732558,1.0176730521920443,50000,0.3983152827918171,0.2,0.45403128760529476,0.2,0.7007602799182613,0.5544681119191491,0.4245495962722108,0.5599259960365404,0.8571428571428571,0.8571428571428571,0.9587918391143021,0.8,0.0
top_100__full_excl_covid,full_excl_covid,dense_jl,50,,7,0.7,50000,5000,,0.0002690599999937149,0.0008592190000058508,1.0075783540000316,0.11769122209604325,0.10044992864608765,0.2839744150281145,1.0768054507773077,50000,0.3951865222623346,0.2,0.4536702767749699,0.2,0.8388198985957293,0.48235880379332197,0.35446045963005335,0.5585463873397015,0.8333333333333334,0.8333333333333334,0.9474578263066148,0.7,0.0
top_100__full_excl_covid,full_excl_covid,dense_jl,50,,8,0.7,50000,5000,,0.0007424300000025141,0.0008349990000056096,1.1302587920000065,0.08087633942274587,0.06797601968612466,0.20017405371886499,1.0160911629994056,50000,0.38796630565583634,0.2,0.4310469314079422,0.2,0.5633393131800063,0.407278736080791,0.34503756573948124,0.4385518716667595,0.7857142857142857,0.7857142857142857,0.9564398527182877,1.0,0.0
top_100__full_excl_covid,full_excl_covid,dense_jl,50,,9,0.7,50000,5000,,0.0003068799999823568,0.0009280699999862918,0.9895368410000174,0.0819643594404037,0.07037225353152221,0.19778667454277446,1.0254573850302957,50000,0.3896510228640193,0.2,0.4487364620938628,0.2,0.6439162677897927,0.5202727993673031,0.31188839527054485,0.4920258208092136,0.8333333333333334,0.8333333333333334,0.9580439921306998,0.8,0.0
top_100__full_excl_covid,full_excl_covid,dense_jl,50,,10,0.7,50000,5000,,0.00033969999998362255,0.0009907300000122632,0.9433814100000291,0.08409241656028794,0.07154693673408186,0.20467034240522108,1.023224598108255,50000,0.3896510228640193,0.2,0.44259927797833937,0.2,0.6568740519942873,0.40685405615734455,0.3428269721466797,0.4688516934327705,0.8333333333333334,0.8333333333333334,0.9551675739336127,0.9,0.0
top_100__full_excl_covid,full_excl_covid,dense_jl,50,,11,0.7,50000,5000,,0.0002619289999756802,0.0007969399999865345,0.8538583889999813,0.07626698215003246,0.06424129451185157,0.18813427958424575,1.0017056850874861,50000,0.4002406738868833,0.2,0.4614921780986763,0.3,0.6876446017654555,0.4805572772459879,0.33363348149654803,0.5006117868359972,0.7857142857142857,0.7857142857142857,0.9533852502484249,0.9,0.0
top_100__full_excl_covid,full_excl_covid,dense_jl,50,,12,0.7,50000,5000,,0.0003850090000128148,0.0010810199999582437,0.9903482899999858,0.08564284828997629,0.07297060793454274,0.20879678347666097,0.9614025467549822,50000,0.38700361010830325,0.2,0.4380264741275572,0.2,0.5600263803735119,0.38792040442596276,0.3111579559911638,0.41970158026354615,0.6666666666666666,0.6666666666666666,0.9490824168654624,0.7,0.0
top_100__full_excl_covid,full_excl_covid,dense_jl,50,,13,0.7,50000,5000,,0.000271779999991395,0.0009004600000253049,0.9443134100000066,0.07460001803263558,0.06317109686816424,0.18339512449826834,1.0027874652100959,50000,0.39590854392298436,0.2,0.4567990373044525,0.2,0.5781364951560655,0.5765924509019462,0.3605069503065304,0.505078632121514,0.8333333333333334,0.8333333333333334,0.9581664062526138,0.8,0.0
top_100__full_excl_covid,full_excl_covid,dense_jl,50,,14,0.7,50000,5000,,0.00031294000001480526,0.0014248890000203573,0.9291815660000111,0.07719664287913548,0.06540051269790703,0.18930596402650157,0.9855059424781959,50000,0.3898916967509025,0.2,0.44055354993983153,0.2,0.7287860482950379,0.3053633840071918,0.31383167829003833,0.44932703686408937,0.7857142857142857,0.7857142857142857,0.9534276163247825,0.8,0.0
top_100__full_excl_covid,full_excl_covid,dense_jl,50,,15,0.7,50000,5000,,0.0004778900000133035,0.0058211679999544685,1.0446458970000094,0.08326822037748487,0.06975613070718023,0.20508815692750526,1.0281296805525553,50000,0.4007220216606498,0.2,0.45968712394705175,0.2,0.6441826720417344,0.2832944374701376,0.3749417579573605,0.4341396224897442,0.8571428571428571,0.8571428571428571,0.9594849196842911,0.8,0.0
top_100__full_excl_covid,full_excl_covid,dense_jl,50,,16,0.7,50000,5000,,0.0004017899999553265,0.0021614089999957287,0.9526167559999976,0.08729589353441278,0.07688605264548126,0.20333652250398537,0.9520343344168183,50000,0.3771359807460891,0.2,0.4315282791817087,0.2,0.6279288035439415,0.30597397409301036,0.3492511972473554,0.4277179916281025,0.7857142857142857,0.7857142857142857,0.9496279271487504,0.7,0.0
top_100__full_excl_covid,full_excl_covid,dense_jl,50,,17,0.7,50000,5000,,0.0003083199999878161,0.002469448999988799,0.9857585920000247,0.08512806066837135,0.07317831456434576,0.20553959631552404,1.0284546401901162,50000,0.3843561973525872,0.2,0.44199759326113114,0.2,0.6044955354317294,0.5330829781885822,0.4646494231010171,0.5340759789071096,0.8809523809523809,0.8809523809523809,0.952825415798155,0.8,0.0
top_100__full_excl_covid,full_excl_covid,dense_jl,50,,18,0.7,50000,5000,,0.00037823999997499413,0.0014150999999742453,1.0135400710000226,0.07225688270788623,0.06038339092005235,0.1797536001282691,1.0057426655809139,50000,0.40457280385078226,0.2,0.4580024067388689,0.3,0.7298695297934279,0.46388914264938563,0.3277985455178449,0.5071857393202195,0.8571428571428571,0.8571428571428571,0.9559710865121133,0.7,0.0
top_100__full_excl_covid,full_excl_covid,dense_jl,50,,19,0.7,50000,5000,,0.0002799799999593233,0.003963988000009522,1.024004156999979,0.07790233003150435,0.06700684749414643,0.18651619050566448,1.0207611297282433,50000,0.4012033694344163,0.2,0.46883273164861616,0.3,0.7832098480999733,0.49233874617821194,0.4045072461789569,0.560018613485714,0.8095238095238095,0.8095238095238095,0.9631791955380533,0.8,0.0
top_100__full_excl_covid,full_excl_covid,dense_jl,50,,20,0.7,50000,5000,,0.0002988899999536443,0.000925109999968754,0.9088894950000395,0.0783766063086117,0.06662148610348906,0.1916130074402312,0.9967738518138547,50000,0.3651022864019254,0.2,0.41865222623345366,0.2,0.6828146108460745,0.2222619812035954,0.2917938305040173,0.39895680751789575,0.8333333333333334,0.8333333333333334,0.9524355266107473,0.7,0.0
top_100__full_excl_covid,full_excl_covid,dense_jl,50,,21,0.7,50000,5000,,0.0003360200000201985,0.0011994989999948302,0.9906822209999859,0.07127461996892441,0.058529262998199105,0.18087970937495504,0.9838840408300706,50000,0.38098676293622147,0.2,0.44837545126353784,0.2,0.7084563582658707,0.3609023317780992,0.3148161142176882,0.46139160142055274,0.8333333333333334,0.8333333333333334,0.9580468151417108,0.8,0.0
top_100__full_excl_covid,full_excl_covid,dense_jl,50,,22,0.7,50000,5000,,0.00043042999999443055,0.0008353600000532424,0.8930647020000038,0.0778705949665299,0.06568952698915215,0.19174959166003058,1.0042174388629046,50000,0.3889290012033695,0.2,0.43935018050541513,0.2,0.5769376364881827,0.41992475875170626,0.34127908310608596,0.4460471594486583,0.8333333333333334,0.8333333333333334,0.9547520058016012,0.8,0.0
top_100__full_excl_covid,full_excl_covid,dense_jl,50,,23,0.7,50000,5000,,0.00037363999996387065,0.000947279999991224,0.913363223000033,0.07381916469148406,0.0615698415600095,0.18539395828860852,0.9927272301418361,50000,0.3973525872442841,0.2,0.45306859205776173,0.2,0.7076332813372823,0.531058321671807,0.323815382383244,0.5208356617974444,0.8095238095238095,0.8095238095238095,0.9560204160156315,0.9,0.0
top_100__full_excl_covid,full_excl_covid,dense_jl,50,,24,0.7,50000,5000,,0.0005605199999649813,0.0007572000000095613,0.9470679390000214,0.10357858754233143,0.0894580869214075,0.24559912110685697,0.9341998674969398,50000,0.37135980746089053,0.2,0.42611311672683516,0.2,0.37525574302950215,0.21373402633692357,0.26585563012469965,0.2849484664970418,0.6666666666666666,0.6666666666666666,0.9239470796264757,0.9,0.0
top_100__full_excl_covid,full_excl_covid,dense_jl,50,,25,0.7,50000,5000,,0.0007628790000353547,0.0009019599999646744,0.8204375730000493,0.08865101227861087,0.07683291266714737,0.2128783110955495,0.991752612213196,50000,0.377135980746089,0.2,0.4376654632972323,0.2,0.34483640632821516,0.23968740000140507,0.2791530525715499,0.28789228630039004,0.6190476190476191,0.6190476190476191,0.9415708864338218,0.7,0.0
top_100__full_excl_covid,full_excl_covid,dense_jl,50,,26,0.7,50000,5000,,0.0004768990000343365,0.0011534300000448638,0.9684330299999715,0.07351889104834025,0.06223383493646578,0.1814195280463942,1.001439612632832,50000,0.3939831528279181,0.2,0.45102286401925384,0.2,0.6739925856565931,0.249881940912411,0.36370265889947606,0.4291923951561601,0.8095238095238095,0.8095238095238095,0.9584410747683876,0.7,0.0
top_100__full_excl_covid,full_excl_covid,dense_jl,50,,27,0.7,50000,5000,,0.0006658899999933965,0.0012222100000371938,0.887538874000029,0.07648531225732738,0.06431426634390325,0.18872614650293873,0.9963865280782261,50000,0.389410348977136,0.2,0.438748495788207,0.2,0.6890063546626417,0.3018046434988443,0.3768723704273114,0.45589445619626584,0.8571428571428571,0.8571428571428571,0.9548960002743548,0.9,0.0
top_100__full_excl_covid,full_excl_covid,dense_jl,50,,28,0.7,50000,5000,,0.0005672899999922265,0.0015060899999639332,0.8645138940000265,0.07817503390529981,0.06624422471091673,0.19272629194040744,0.9795121161853376,50000,0.3843561973525872,0.2,0.4428399518652226,0.2,0.6180669167978907,0.334661562810099,0.4192081732345772,0.457312217614189,0.8333333333333334,0.8333333333333334,0.9536227177524315,0.9,0.0
top_100__full_excl_covid,full_excl_covid,dense_jl,50,,29,0.7,50000,5000,,0.0006517289999692366,0.001439169999969181,0.9452875100000142,0.07999029410489432,0.0678704856888459,0.19571789891749347,1.0070437063291633,50000,0.3742478941034898,0.2,0.4348977135980746,0.2,0.649921828335258,0.4841697226553991,0.267153681895115,0.46708174429525734,0.7857142857142857,0.7857142857142857,0.9574372120528768,0.7,0.0
top_100__full_excl_covid,full_excl_covid,dense_jl,50,,30,0.7,50000,5000,,0.000491089999968608,0.0009622400000353082,0.9381381729999703,0.07065600518565686,0.05942811934458475,0.1750745669586222,0.9820194088166471,50000,0.39903730445246693,0.2,0.4593261131167268,0.3,0.6672269062914584,0.5565190507228389,0.4456532401053506,0.5564663990398826,0.8571428571428571,0.8571428571428571,0.9642540517526923,0.9,0.0
top_100__full_excl_covid,full_excl_covid,dense_jl,50,,31,0.7,50000,5000,,0.0002694890000043415,0.0006688499999540909,0.8529088290000004,0.07630165190545805,0.0651497630637996,0.1848121500943547,0.9775343188229386,50000,0.3737665463297232,0.2,0.4322503008423586,0.2,0.7455727073128648,0.4615289382160368,0.37195206797036134,0.5263512378330877,0.7857142857142857,0.7857142857142857,0.9552481029366005,0.8,0.0
top_100__full_excl_covid,full_excl_covid,dense_jl,50,,32,0.7,50000,5000,,0.0006821100000138358,0.0007689800000321156,0.8752062300000034,0.07872255200232309,0.06663478627895097,0.1922864705753398,1.0092821987947078,50000,0.39061371841155235,0.2,0.44669073405535503,0.2,0.5954312720272045,0.37275974586854027,0.341116692084008,0.4364359033265843,0.9285714285714286,0.9285714285714286,0.9560452166901429,0.7,0.0
top_100__full_excl_covid,full_excl_covid,dense_jl,50,,33,0.7,50000,5000,,0.0002689689999897382,0.0016223200000240467,0.9717942289999542,0.0862897008739611,0.0758712454535318,0.20159149676430377,0.9558402092431068,50000,0.3819494584837545,0.2,0.43225030084235866,0.2,0.6796810667117872,0.4475035720862455,0.34513554847686145,0.49077339575829804,0.7619047619047619,0.7619047619047619,0.9479514559208786,0.7,0.0
top_100__full_excl_covid,full_excl_covid,dense_jl,50,,34,0.7,50000,5000,,0.0002832000000125845,0.0010196289999839792,0.832775348000041,0.0758853468429096,0.06468196346778216,0.18420577905787683,0.9838430502289717,50000,0.3951865222623346,0.2,0.450661853188929,0.2,0.7169863154537205,0.28763979413320034,0.26141161955854786,0.42201257638182293,0.8809523809523809,0.8809523809523809,0.9519787006955898,0.8,0.0
top_100__full_excl_covid,full_excl_covid,dense_jl,50,,35,0.7,50000,5000,,0.0003018799999949806,0.001078430000006847,0.8639640439999994,0.07833226104264877,0.06668559208551078,0.1914293415087373,0.9831221551017592,50000,0.3773766546329724,0.2,0.43658243080625747,0.2,0.5936240137763599,0.37389715075600394,0.31138994801225234,0.42630370418153873,0.8095238095238095,0.8095238095238095,0.9520462647591197,0.7,0.0
top_100__full_excl_covid,full_excl_covid,dense_jl,50,,36,0.7,50000,5000,,0.0002881999999999607,0.000605069000016556,0.8254267309999932,0.07338102757656183,0.06166258649770828,0.18150193733985587,0.9985297421952637,50000,0.392057761732852,0.2,0.4451263537906137,0.2,0.7357562582630057,0.5844819025519544,0.45630988798334465,0.5921826829327683,0.8095238095238095,0.8095238095238095,0.9622852211400448,0.9,0.0
top_100__full_excl_covid,full_excl_covid,dense_jl,50,,37,0.7,50000,5000,,0.0004046600000151557,0.0009633700000222234,0.8372266849999619,0.0740847725535404,0.06293067553846521,0.18053246342085555,0.9913204247506896,50000,0.3932611311672684,0.2,0.44007220216606496,0.2,0.7493604149552187,0.4786781200182555,0.34089101352307116,0.5229765161655151,0.8095238095238095,0.8095238095238095,0.9584515512759172,1.0,0.0
top_100__full_excl_covid,full_excl_covid,dense_jl,50,,38,0.7,50000,5000,,0.00038741999998137544,0.001326728999970328,1.121642396000027,0.07392107716287624,0.062325097111899486,0.18240367532879284,0.9901960289483787,50000,0.39181708784596875,0.2,0.44765342960288806,0.2,0.5663807229990009,0.47728377347993944,0.29590695057932515,0.44652381568608845,0.8809523809523809,0.8809523809523809,0.9548275161183473,0.8,0.0
top_100__full_excl_covid,full_excl_covid,dense_jl,50,,39,0.7,50000,5000,,0.0004006300000014562,0.0013601289999769506,0.8880888340000297,0.07790918479197043,0.06610151720814245,0.19051689725161214,0.9907819092385015,50000,0.39157641395908543,0.2,0.44115523465703965,0.2,0.6572848340780136,0.43048271531602805,0.2830094891738307,0.45692567952262414,0.7857142857142857,0.7857142857142857,0.9531838545517811,0.8,0.0
top_100__full_excl_covid,full_excl_covid,dense_jl,50,,40,0.7,50000,5000,,0.0004466890000003332,0.0010249300000282346,0.9015003480000132,0.07760187828274215,0.06575709537155416,0.1894662502349169,0.9717501356580319,50000,0.3898916967509025,0.2,0.45126353790613716,0.2,0.6648085528478035,0.4135371831353145,0.35872862878568956,0.4790247882562692,0.7380952380952381,0.7380952380952381,0.9559008667271138,0.8,0.0
top_100__full_excl_covid,full_excl_covid,dense_jl,50,,41,0.7,50000,5000,,0.001012429000013526,0.0010373999999728767,0.7335368399999993,0.07335764135287985,0.06185363746001027,0.18049823513787672,0.9858177278414287,50000,0.39133574007220223,0.2,0.45354993983152825,0.2,0.7375154283001052,0.43404157017611417,0.3728165725201587,0.514791190332126,0.8333333333333334,0.8333333333333334,0.9550398483687594,0.8,0.0
top_100__full_excl_covid,full_excl_covid,dense_jl,50,,42,0.7,50000,5000,,0.0002539000000183478,0.0008879300000330659,0.7743338519999838,0.08734404525156993,0.07502524389954585,0.20885179765984674,0.960559318669346,50000,0.3802647412755716,0.2,0.4261131167268351,0.2,0.619159238422781,0.31651878010990236,0.2636392869225954,0.3997724351517596,0.7619047619047619,0.7619047619047619,0.9485630873954022,0.7,0.0
top_100__full_excl_covid,full_excl_covid,dense_jl,50,,43,0.7,50000,5000,,0.0003142199999501827,0.0006850899999903959,0.7396873769999956,0.07104000747600552,0.059326213926709115,0.1765416186433717,0.9932372009776839,50000,0.4002406738868833,0.2,0.4718411552346571,0.3,0.7402025795377096,0.4985577340779978,0.41199134955599664,0.550250554390568,0.8571428571428571,0.8571428571428571,0.9611730175352897,0.7,0.0
top_100__full_excl_covid,full_excl_covid,dense_jl,50,,44,0.7,50000,5000,,0.00027928000002930276,0.0007342490000041835,0.866302002999987,0.07232397427691124,0.06108322130699273,0.1774980391148466,0.9970515931587586,50000,0.40601684717208186,0.2,0.4600481347773766,0.3,0.7470743391420986,0.42245589728261024,0.30903010331611575,0.4928534465802749,0.8095238095238095,0.8095238095238095,0.9545301380473294,0.7,0.0
top_100__full_excl_covid,full_excl_covid,dense_jl,50,,45,0.7,50000,5000,,0.0003460099999870181,0.0007731000000035237,0.9874003319999929,0.07836374190520433,0.06595367257934448,0.194707489831061,1.0278865828336654,50000,0.3925391095066186,0.2,0.4487364620938628,0.3,0.7259102369126282,0.2977366314624087,0.3682747590520649,0.463973875809034,0.8333333333333334,0.8333333333333334,0.9585351751354209,1.0,0.0
top_100__full_excl_covid,full_excl_covid,dense_jl,50,,46,0.7,50000,5000,,0.0003198099999508486,0.0012138999999820044,1.0075126639999894,0.0766474075275696,0.06521943497583449,0.18715529695797217,0.9735892163588259,50000,0.4014440433212997,0.2,0.4528279181708784,0.3,0.6574503514177716,0.2838380447074579,0.4019186841589783,0.44773569342806924,0.8333333333333334,0.8333333333333334,0.9540077973655242,0.8,0.0
top_100__full_excl_covid,full_excl_covid,dense_jl,50,,47,0.7,50000,5000,,0.0002879400000210808,0.0008537399999681838,0.9776619560000199,0.07931453074174495,0.0683632647010034,0.1903897828261236,0.9694098524275616,50000,0.3703971119133574,0.2,0.4310469314079423,0.2,0.6843385904779304,0.2856885499825235,0.33321424487526324,0.43441379511190575,0.7857142857142857,0.7857142857142857,0.9524211815325727,0.9,0.0
top_100__full_excl_covid,full_excl_covid,dense_jl,50,,48,0.7,50000,5000,,0.00037310999999817795,0.0011324300000410403,1.0026035849999744,0.0795736719459787,0.067702100083319,0.1933074102343178,0.9990557191110194,50000,0.3824308062575211,0.2,0.4445246690734055,0.2,0.6428439341564565,0.47431841688405896,0.30700954703187416,0.4747239660241298,0.6904761904761905,0.6904761904761905,0.9492725623404475,0.9,0.0
top_100__full_excl_covid,full_excl_covid,dense_jl,50,,49,0.7,50000,5000,,0.00028044999999110587,0.0008427389999496882,0.8933000220000054,0.08109334216303726,0.06922518014601986,0.1962800030044563,1.0238533418013116,50000,0.38868832731648617,0.2,0.44380264741275566,0.2,0.6344576615351016,0.27763629859107775,0.2879551848125694,0.4000163816462496,0.7619047619047619,0.7619047619047619,0.956097808339718,0.9,0.0
top_100__full_excl_covid,full_excl_covid,dense_jl,100,,0,0.7,50000,10000,,0.00040616000001136854,0.0015130090000070595,1.0247242260000462,0.053129226964369045,0.04548483274721016,0.12850629784444534,0.9963157898347861,50000,0.5547533092659447,0.4,0.5995186522262334,0.4,0.7380201597998491,0.5078217667609313,0.4547819921708898,0.5668746395772234,0.8333333333333334,0.8333333333333334,0.9767230404539569,0.8,0.0
top_100__full_excl_covid,full_excl_covid,dense_jl,100,,1,0.7,50000,10000,,0.0007376699999781522,0.0012451289999830806,1.059711591999985,0.06629730367583143,0.05691810882567766,0.16012818507511614,1.0291622143777124,50000,0.5285198555956679,0.2,0.5891696750902528,0.4,0.7955989325922547,0.4433756254969916,0.41589184135871077,0.551622133149319,0.9285714285714286,0.9285714285714286,0.9732491058374012,0.9,0.0
top_100__full_excl_covid,full_excl_covid,dense_jl,100,,2,0.7,50000,10000,,0.0003523800000380106,0.0017470599999569458,1.0677173879999486,0.05469233791273766,0.04542265955008706,0.13713951241316555,1.0205119184953904,50000,0.5439229843561973,0.4,0.5838748495788206,0.4,0.7079235960521849,0.5932571537765141,0.34939607955232227,0.5501922764603405,0.8333333333333334,0.8333333333333334,0.9790048488873572,0.8,0.0
top_100__full_excl_covid,full_excl_covid,dense_jl,100,,3,0.7,50000,10000,,0.00042036999997208113,0.0015797799999859308,1.0144275000000107,0.056012302698191935,0.04721147338149578,0.13813669734287648,1.012574776514991,50000,0.5386281588447653,0.2,0.5819494584837546,0.4,0.7555124171540112,0.5846050345335724,0.35975869757382145,0.566625383087135,0.7857142857142857,0.7857142857142857,0.976623712288755,0.7,0.0
top_100__full_excl_covid,full_excl_covid,dense_jl,100,,4,0.7,50000,10000,,0.0004542590000369273,0.001595440000016879,1.0106349320000163,0.051123422004692776,0.043083922528407426,0.12573885306286617,1.0042008908078675,50000,0.5451263537906137,0.2,0.592057761732852,0.4,0.7444999427349799,0.6138745017938008,0.4496273277409156,0.602667257423232,0.8095238095238095,0.8095238095238095,0.9795455077739449,0.8,0.0
top_100__full_excl_covid,full_excl_covid,dense_jl,100,,5,0.7,50000,10000,,0.00048691000000644635,0.001431739999986803,1.054557772999999,0.05250202276164945,0.04407396918263051,0.1293589494745989,1.0023163602434062,50000,0.53309265944645,0.2,0.5885679903730445,0.4,0.7161124833990276,0.3028260847966684,0.5198002805198538,0.51291294957185,0.9047619047619048,0.9047619047619048,0.976364267121248,0.8,0.0
top_100__full_excl_covid,full_excl_covid,dense_jl,100,,6,0.7,50000,10000,,0.0005067100000246683,0.0012091589999840835,0.9935582100000033,0.053282194977995044,0.045488994466104604,0.1304197088419036,0.9924088135222175,50000,0.527797833935018,0.2,0.5742478941034896,0.4,0.7678505104116162,0.5250463618298707,0.4347297681782,0.5758755468065623,0.8095238095238095,0.8095238095238095,0.9783818208128263,0.8,0.0
top_100__full_excl_covid,full_excl_covid,dense_jl,100,,7,0.7,50000,10000,,0.0003487500000005639,0.0009477889999516265,1.043781277999983,0.05897525366339795,0.04982130356034864,0.1437935560307857,0.974813254354464,50000,0.5128760529482552,0.2,0.5647412755716006,0.4,0.734664327615349,0.5868086574300462,0.3943134294116575,0.5719288048190175,0.9047619047619048,0.9047619047619048,0.9737638766674585,0.8,0.0
top_100__full_excl_covid,full_excl_covid,dense_jl,100,,8,0.7,50000,10000,,0.00037828000000672546,0.0009852300000261494,1.0281921750000151,0.05397753352119716,0.04608641860598034,0.131177952675568,0.981640278474359,50000,0.5169675090252708,0.2,0.5673886883273165,0.4,0.6467257033384511,0.31315027988944055,0.3770633484833793,0.445646443903757,0.8333333333333334,0.8333333333333334,0.9776842861587978,0.9,0.0
top_100__full_excl_covid,full_excl_covid,dense_jl,100,,9,0.7,50000,10000,,0.0004423789999918881,0.0011085300000104326,0.9700483290000079,0.054489499623898825,0.04656457565962879,0.1320128033669381,0.9906173037585421,50000,0.529482551143201,0.2,0.578459687123947,0.4,0.6663188746322646,0.5119070526665721,0.32612329005858964,0.501449739119142,0.8333333333333334,0.8333333333333334,0.9756712911072224,0.7,0.0
top_100__full_excl_covid,full_excl_covid,dense_jl,100,,10,0.7,50000,10000,,0.0003785690000199793,0.0011607300000378018,1.0336404219999622,0.07495862607293813,0.06404046837818811,0.18095364286282623,1.0468930010033946,50000,0.5441636582430807,0.2,0.5912154031287604,0.4,0.8301199138161424,0.37845787430130984,0.35741232865838307,0.5219967055919451,0.8809523809523809,0.8809523809523809,0.9740743033227048,0.8,0.0
top_100__full_excl_covid,full_excl_covid,dense_jl,100,,11,0.7,50000,10000,,0.0004464099999950122,0.0012398190000340037,1.1389511780000134,0.05316331055570436,0.04448251077708765,0.13215052519810352,1.0094585412283894,50000,0.5290012033694345,0.2,0.5879663056558363,0.4,0.701943198150083,0.5498406097980731,0.42014464975615956,0.5573094859014386,0.8095238095238095,0.8095238095238095,0.9795001304858422,0.9,0.0
top_100__full_excl_covid,full_excl_covid,dense_jl,100,,12,0.7,50000,10000,,0.0003834699999742952,0.0013356889999727173,1.024380817000008,0.05455565321944419,0.04608434109701903,0.13531526940243438,1.0031968997693859,50000,0.5263537906137183,0.2,0.5832731648616126,0.4,0.8464038659026036,0.5118990549160415,0.44356471757834626,0.6006225461323305,0.8333333333333334,0.8333333333333334,0.9765453998721908,0.9,0.0
top_100__full_excl_covid,full_excl_covid,dense_jl,100,,13,0.7,50000,10000,,0.00039452999999411986,0.001405459000011433,1.119502897000018,0.053189583224993106,0.044720208720590904,0.1310747234601854,1.0032112042992005,50000,0.5359807460890493,0.2,0.5877256317689531,0.4,0.6411484437858574,0.4456868281199349,0.40288661625640276,0.49657396272073173,0.8809523809523809,0.8809523809523809,0.9779757463622889,0.9,0.0
top_100__full_excl_covid,full_excl_covid,dense_jl,100,,14,0.7,50000,10000,,0.00039041000002271176,0.001837268999963726,1.1469083750000095,0.05677195055543787,0.048714367209123255,0.1378174757477534,0.9818477673312394,50000,0.5217809867629363,0.2,0.5766546329723224,0.4,0.6962019810777137,0.6060960967495121,0.2961684646991244,0.5328221808421167,0.8095238095238095,0.8095238095238095,0.9759333292626211,0.9,0.0
top_100__full_excl_covid,full_excl_covid,dense_jl,100,,15,0.7,50000,10000,,0.0004249899999990703,0.001940009000009013,1.01577203100004,0.05550605795624033,0.047442333193579156,0.13437161781110551,1.0097417701753488,50000,0.5441636582430806,0.2,0.5853188929001203,0.4,0.8405504684698227,0.6758452073586735,0.28181112386923435,0.5994022665659102,0.9047619047619048,0.9047619047619048,0.9784249396921202,0.8,0.0
top_100__full_excl_covid,full_excl_covid,dense_jl,100,,16,0.7,50000,10000,,0.00042733899999802816,0.0018421599999669525,1.0066497939999977,0.053945188918320584,0.04582882848727726,0.13183323081769666,0.9908460059947743,50000,0.5422382671480144,0.2,0.5855595667870036,0.4,0.657394940868892,0.6575331270733331,0.4301017881234481,0.5816766186885578,0.8333333333333334,0.8333333333333334,0.97539678988099,0.8,0.0
top_100__full_excl_covid,full_excl_covid,dense_jl,100,,17,0.7,50000,10000,,0.0014469690000282753,0.00200074899998981,1.0168064089999689,0.06288920234963943,0.0549126946390468,0.14859606665560401,0.9684885001003888,50000,0.5186522262334536,0.2,0.5693140794223827,0.4,0.6736317298705089,0.42777055666344954,0.43023958288889486,0.5105472898076178,0.8333333333333334,0.8333333333333334,0.9711938701766242,0.8,0.0
top_100__full_excl_covid,full_excl_covid,dense_jl,100,,18,0.7,50000,10000,,0.0003831199999808632,0.0013993299999697228,1.0428319089999718,0.052864513494975944,0.04428983228567546,0.13165862567692957,1.008884698386559,50000,0.5432009626955475,0.2,0.5872442839951865,0.4,0.6001260613897399,0.47242242776842397,0.4419293831177874,0.5048259574253171,0.8571428571428571,0.8571428571428571,0.9793807693980587,0.9,0.0
top_100__full_excl_covid,full_excl_covid,dense_jl,100,,19,0.7,50000,10000,,0.0003983700000276258,0.0010880899999961002,1.0262118960000066,0.057646835415424674,0.0495000663075752,0.1384238056433745,0.9853675304106776,50000,0.5160048134777377,0.2,0.5677496991576414,0.4,0.8443002076351522,0.39993051620885683,0.3572330370495172,0.5338212536311754,0.8095238095238095,0.8095238095238095,0.9728290208877721,0.8,0.0
top_100__full_excl_covid,full_excl_covid,dense_jl,100,,20,0.7,50000,10000,,0.00037258000003248526,0.0019065690000275026,1.1676233259999549,0.0553121020611085,0.047129915960060775,0.13351753636748945,0.9848279670900463,50000,0.5273164861612515,0.2,0.5736462093862815,0.4,0.6815003800956025,0.6592426302635901,0.3430094608784621,0.561250823745885,0.8333333333333334,0.8333333333333334,0.9754878163027003,1.0,0.0
top_100__full_excl_covid,full_excl_covid,dense_jl,100,,21,0.7,50000,10000,,0.0003719900000191956,0.0012004100000240214,1.0616312109999626,0.053335809607756315,0.04575082057432123,0.12831741722737294,1.0081948597866295,50000,0.5340553549939832,0.2,0.5901323706377858,0.4,0.819665645470595,0.43993297124874636,0.4713531232101413,0.5769839133098276,0.8809523809523809,0.8809523809523809,0.980604513304537,0.8,0.0
top_100__full_excl_covid,full_excl_covid,dense_jl,100,,22,0.7,50000,10000,,0.0004807799999753115,0.0011646099999893522,1.033397172999969,0.07141429184986253,0.062037418068976946,0.16834309721724763,0.950079234320533,50000,0.5102286401925391,0.2,0.5551143200962695,0.4,0.6583700209466449,0.34382532012185935,0.3199395588393158,0.44071163330260665,0.7619047619047619,0.7619047619047619,0.9692881286322741,0.8,0.0
top_100__full_excl_covid,full_excl_covid,dense_jl,100,,23,0.7,50000,10000,,0.00044393000001718974,0.00124215899995761,1.0218043279999733,0.050078268984672776,0.04195337897518203,0.12306469201843082,1.001299243303208,50000,0.5229843561973526,0.2,0.579783393501805,0.4,0.747347365827595,0.6196182840941962,0.49605291376739036,0.6210061878963938,0.8095238095238095,0.8095238095238095,0.9814259467751594,0.8,0.0
top_100__full_excl_covid,full_excl_covid,dense_jl,100,,24,0.7,50000,10000,,0.000496639999994386,0.0013404190000301242,0.9523417370000402,0.054794601218530276,0.04640745241073507,0.13409134248749816,0.9890949532767204,50000,0.525150421179302,0.2,0.5777376654632972,0.4,0.6956154046887056,0.5796312465925224,0.517607755644565,0.5976181356419311,0.8333333333333334,0.8333333333333334,0.9758523611245872,0.8,0.0
top_100__full_excl_covid,full_excl_covid,dense_jl,100,,25,0.7,50000,10000,,0.000500419999980295,0.0018090190000066286,0.991170100999966,0.05060169939400851,0.04267036432769067,0.12471739951245987,0.9934889024821452,50000,0.5277978339350181,0.2,0.5859205776173285,0.4,0.7573443123383304,0.6278205038039799,0.36982429537135947,0.5849963705045566,0.9285714285714286,0.9285714285714286,0.9779047319519677,0.8,0.0
top_100__full_excl_covid,full_excl_covid,dense_jl,100,,26,0.7,50000,10000,,0.00040806000004067755,0.0012160900000139918,0.9823501340000007,0.058410662709207174,0.05042022817070102,0.13959297348044458,1.0156929951813103,50000,0.5436823104693141,0.2,0.5895306859205776,0.4,0.7955186302531223,0.6256280265069336,0.32785339984874634,0.5830000188696007,0.8571428571428571,0.8571428571428571,0.9779989786973496,0.9,0.0
top_100__full_excl_covid,full_excl_covid,dense_jl,100,,27,0.7,50000,10000,,0.0004846489999863479,0.0017631100000130573,1.002088606999962,0.0540817989206224,0.045413202915796924,0.13500756495196514,1.0013896501967483,50000,0.5225030084235861,0.2,0.5689530685920577,0.4,0.7092031555179891,0.45695569160882016,0.3902909644220755,0.5188166038496282,0.8333333333333334,0.8333333333333334,0.9767807344345446,0.9,0.0
top_100__full_excl_covid,full_excl_covid,dense_jl,100,,28,0.7,50000,10000,,0.0005695899999977883,0.0014372089999596938,1.0937302579999937,0.04910153586697056,0.0409418415853815,0.12176864977504714,0.9831927721063286,50000,0.5335740072202165,0.2,0.5844765342960289,0.4,0.8017919475247568,0.562083155943181,0.3776342812336581,0.5805031282338654,0.8571428571428571,0.8571428571428571,0.9813151592763723,1.0,0.0
top_100__full_excl_covid,full_excl_covid,dense_jl,100,,29,0.7,50000,10000,,0.00032813000001397086,0.001429579999978614,1.0618516900000259,0.06128080696546759,0.052382850284340754,0.14816900713479123,1.022848639539487,50000,0.5367027677496992,0.2,0.5847172081829122,0.4,0.7772306527334777,0.39673363222881075,0.40748151029097224,0.5271485984177535,0.9285714285714286,0.9285714285714286,0.9745553443989788,0.9,0.0
top_100__full_excl_covid,full_excl_covid,dense_jl,100,,30,0.7,50000,10000,,0.0006888190000040595,0.0013068900000234862,0.993473669000025,0.05251686884196682,0.044437463895775076,0.1280566495399185,0.9812837803627766,50000,0.5407942238267148,0.2,0.5848375451263538,0.4,0.8204338660604769,0.6120636977143001,0.40712699301783484,0.6132081855975372,0.8571428571428571,0.8571428571428571,0.9770964307103448,0.8,0.0
top_100__full_excl_covid,full_excl_covid,dense_jl,100,,31,0.7,50000,10000,,0.0003672899999855872,0.0016239290000044093,1.154190161000031,0.060571100735326844,0.051660283812740626,0.1469496958941383,0.9900488665016279,50000,0.5167268351383875,0.2,0.5541516245487365,0.4,0.5164409996283731,0.4395749478815537,0.39753376897961573,0.4511832388298475,0.8095238095238095,0.8095238095238095,0.9714917501162662,0.8,0.0
top_100__full_excl_covid,full_excl_covid,dense_jl,100,,32,0.7,50000,10000,,0.00036572000004753136,0.005041918000017631,1.1963015139999698,0.056243736254650456,0.047946387724810746,0.13764608750510235,0.9791397525941433,50000,0.5143200962695548,0.2,0.5729241877256317,0.4,0.701535125768988,0.49653187218730166,0.4611651216979855,0.5530773732180917,0.8333333333333334,0.8333333333333334,0.9747632016541589,0.8,0.0
top_100__full_excl_covid,full_excl_covid,dense_jl,100,,33,0.7,50000,10000,,0.0008614189999889277,0.002158178999991378,1.035752021999997,0.05288717298390939,0.04442504428284999,0.1311029802854875,0.9823597399796591,50000,0.5314079422382672,0.2,0.5838748495788206,0.4,0.7944369047168311,0.3752733162073933,0.4920265214974043,0.5539122474738762,0.8571428571428571,0.8571428571428571,0.9785307085046656,0.8,0.0
top_100__full_excl_covid,full_excl_covid,dense_jl,100,,34,0.7,50000,10000,,0.0008961500000168598,0.001651868999999806,0.9105680549999988,0.053765965043779396,0.04567855484357741,0.13151693469289485,1.0012681727838582,50000,0.5304452466907341,0.2,0.5832731648616126,0.4,0.7451462501052071,0.55728641228272,0.4269732410503389,0.576468634479422,0.8571428571428571,0.8571428571428571,0.9789460257023651,0.8,0.0
top_100__full_excl_covid,full_excl_covid,dense_jl,100,,35,0.7,50000,10000,,0.0006723000000192769,0.0025397089999614764,1.010693071999981,0.05943691596008763,0.05032284488033045,0.14522779634820623,0.9989412517107826,50000,0.5107099879663056,0.2,0.5567990373044526,0.4,0.7110463270429233,0.434234063601189,0.33583825429117165,0.4937062149784279,0.8809523809523809,0.8809523809523809,0.9712790414643856,1.0,0.0
top_100__full_excl_covid,full_excl_covid,dense_jl,100,,36,0.7,50000,10000,,0.0036611780000157523,0.003983509000022423,1.0977408350000246,0.05402045499022733,0.045428914383415786,0.13365945895871265,0.9887650439634064,50000,0.5335740072202165,0.2,0.582791817087846,0.4,0.7911153803209766,0.41020024816105277,0.4142871193687253,0.5385342492835848,0.7857142857142857,0.7857142857142857,0.9788611053489157,0.8,0.0
top_100__full_excl_covid,full_excl_covid,dense_jl,100,,37,0.7,50000,10000,,0.0013392189999876791,0.0039054490000012265,1.0394251600000075,0.05415123239313912,0.04525702643293572,0.13491549293722213,0.9953762902769465,50000,0.5217809867629363,0.2,0.5803850782190132,0.4,0.7192191461565773,0.3554116476319947,0.38589208400383185,0.48684095926413457,0.9047619047619048,0.9047619047619048,0.9773738385923588,0.9,0.0
top_100__full_excl_covid,full_excl_covid,dense_jl,100,,38,0.7,50000,10000,,0.0005006490000027952,0.0021553500000095482,1.170385255000042,0.05649018955755627,0.047863685171522174,0.1387457871059248,0.9968284400133944,50000,0.5400722021660649,0.2,0.5772563176895307,0.4,0.6678318423919488,0.5914608462790341,0.5218223636246507,0.5937050174318778,0.8095238095238095,0.8095238095238095,0.9750853176661101,0.9,0.0
top_100__full_excl_covid,full_excl_covid,dense_jl,100,,39,0.7,50000,10000,,0.0005781399999591486,0.0018026689999715018,0.9724970890000009,0.05608412465326215,0.04795777845815696,0.13520125217760873,0.9973570891143418,50000,0.5359807460890493,0.2,0.5819494584837546,0.4,0.7845371071850203,0.5783153846640293,0.3557905260834664,0.5728810059775054,0.8095238095238095,0.8095238095238095,0.974380317716297,0.8,0.0
top_100__full_excl_covid,full_excl_covid,dense_jl,100,,40,0.7,50000,10000,,0.00048216000004686066,0.0014466090000269105,0.990736260999995,0.05212965082445051,0.04376767660310632,0.12880646254586287,0.9974988764188377,50000,0.5256317689530685,0.2,0.5718411552346571,0.4,0.7240172625014057,0.3177949699379253,0.4466135575181717,0.4961419299858343,0.9285714285714286,0.9285714285714286,0.9788952951489378,0.9,0.0
top_100__full_excl_covid,full_excl_covid,dense_jl,100,,41,0.7,50000,10000,,0.0003786199999922246,0.0018190399999866713,0.9918917399999714,0.05148073493903756,0.042957023306881004,0.12859629207094445,0.9955869230744403,50000,0.5299638989169675,0.2,0.5896510228640193,0.4,0.838404052396637,0.5502735419343955,0.4316399639284927,0.6067725194198417,0.9047619047619048,0.9047619047619048,0.9777380279239701,0.8,0.0
top_100__full_excl_covid,full_excl_covid,dense_jl,100,,42,0.7,50000,10000,,0.0004548499999827982,0.0011923890000389292,0.9161941419999948,0.051897737119264375,0.04361454711366991,0.1274993993629789,1.011090826505175,50000,0.5458483754512635,0.2,0.5950661853188929,0.4,0.7372660949386864,0.724087024014714,0.4040862054119826,0.6218131081217942,0.9047619047619048,0.9047619047619048,0.9781326848633076,0.9,0.0
top_100__full_excl_covid,full_excl_covid,dense_jl,100,,43,0.7,50000,10000,,0.0003790700000081415,0.0012579389999700652,0.9059495969999602,0.05519121299189981,0.04764461393187691,0.1329107871529647,1.0042876719140073,50000,0.5494584837545126,0.2,0.58676293622142,0.4,0.8204530082850567,0.44624988165787677,0.28037582601376193,0.5156929053188984,0.8571428571428571,0.8571428571428571,0.9784866695328941,0.6,0.0
top_100__full_excl_covid,full_excl_covid,dense_jl,100,,44,0.7,50000,10000,,0.00040395000002035886,0.0012504800000101568,0.9805969949999849,0.05475873890567664,0.0464984043296941,0.13381737156325177,1.005821107165891,50000,0.518892900120337,0.2,0.5714801444043321,0.4,0.842060317873215,0.47552371500185586,0.36288489582542655,0.5601563095668324,0.8333333333333334,0.8333333333333334,0.9763289690280141,0.8,0.0
top_100__full_excl_covid,full_excl_covid,dense_jl,100,,45,0.7,50000,10000,,0.0004033999999819571,0.0018339990000413309,0.9172764020000272,0.056681807848860524,0.0483306254874053,0.13796658848188098,1.013180719011054,50000,0.5415162454873647,0.2,0.5910950661853188,0.4,0.7367837564524694,0.552823807195382,0.35769665232477826,0.5491014053242099,0.9285714285714286,0.9285714285714286,0.9770108830211152,0.9,0.0
top_100__full_excl_covid,full_excl_covid,dense_jl,100,,46,0.7,50000,10000,,0.0005423690000156967,0.0023160000000075343,0.9274983070000076,0.051228396434408005,0.04317307279533372,0.12667332861185784,0.9866262670035932,50000,0.5311672683513838,0.2,0.5801444043321299,0.4,0.833470532414709,0.49272783378654966,0.4312386750924992,0.5858123470979193,0.8809523809523809,0.8809523809523809,0.9781809688071921,0.9,0.0
top_100__full_excl_covid,full_excl_covid,dense_jl,100,,47,0.7,50000,10000,,0.0003760799999668052,0.0019030199999860997,0.9212966009999946,0.05068376781152233,0.04263146748644525,0.12523847774696292,1.0077587311207958,50000,0.548977135980746,0.2,0.5888086642599278,0.4,0.8311409200625076,0.7013605602034032,0.3872418381373369,0.6399144394677493,0.8809523809523809,0.8809523809523809,0.9798012934827339,0.8,0.0
top_100__full_excl_covid,full_excl_covid,dense_jl,100,,48,0.7,50000,10000,,0.0006165189999478571,0.0016961399999786408,0.9019782889999988,0.05049044122555218,0.042254766599090055,0.12532338941928245,1.0017984889264624,50000,0.5415162454873645,0.2,0.5913357400722022,0.4,0.8146108206341169,0.5962331192135305,0.5160677283982406,0.642303889415296,0.8809523809523809,0.8809523809523809,0.9792800401829478,0.8,0.0
top_100__full_excl_covid,full_excl_covid,dense_jl,100,,49,0.7,50000,10000,,0.0003928900000005342,0.0014805389999992258,0.7959122639999805,0.059015473681903234,0.05042304146348486,0.14297391411724214,1.0255639799276066,50000,0.5164861612515042,0.2,0.5675090252707582,0.4,0.7317573798737161,0.6043856954663313,0.5595342691836698,0.6318924481745724,0.8333333333333334,0.8333333333333334,0.9778112170983293,0.9,0.0
top_100__full_excl_covid,full_excl_covid,pca,5,,0,0.7,50000,-1,0.5531047454687639,0.014400813999998263,0.0006720899999663743,0.5523430169999983,0.41548222467597173,0.4101140364403034,0.7093798984559905,0.5845177753240284,50000,0.15186522262334537,0.0,0.21058965102286403,0.0,0.95684588215315,0.725403691385618,0.6455117003913335,0.7759204246433672,0.8095238095238095,0.8095238095238095,0.797632581143792,0.7,1.0
top_100__full_excl_covid,full_excl_covid,pca,10,,0,0.7,50000,-1,0.623519957109555,0.01585646299997734,0.0007806400000163194,0.5755239559999836,0.3421870891388928,0.33636064630124424,0.5874532259641694,0.6578129108611073,50000,0.25006016847172086,0.0,0.3191335740072202,0.1,0.9567532041814525,0.7518092536344577,0.7557222964412013,0.8214282514190372,0.8095238095238095,0.8095238095238095,0.8557698371938183,0.8,1.0
top_100__full_excl_covid,full_excl_covid,pca,20,,0,0.7,50000,-1,0.7108824326056714,0.03130447699999195,0.0009481989999926554,0.5920124499999702,0.25802382551847125,0.2522743059399811,0.4443061582034308,0.7419761744815287,50000,0.3735258724428399,0.2,0.4523465703971119,0.2,0.971985775682962,0.7672863944909127,0.7150799840010611,0.8181173847249786,0.8095238095238095,0.8095238095238095,0.9231154414938285,0.8,1.0
top_100__full_excl_covid,full_excl_covid,pca,30,,0,0.7,50000,-1,0.7765577626511803,0.04625199999998131,0.0010971300000051087,0.5898285500000497,0.2039930991556633,0.19786379885700656,0.3553164462431096,0.7960069008443368,50000,0.48495788206979545,0.2,0.5490974729241876,0.3,0.9768979760526176,0.8088778175803211,0.676652498635265,0.8208094307560678,0.8571428571428571,0.8571428571428571,0.9518366718749476,0.8,1.0
top_100__full_excl_covid,full_excl_covid,pca,50,,0,0.7,50000,-1,0.8753040928131038,0.04214769200001456,0.0008203489999800695,0.6062587440000016,0.11878237117975145,0.113202427090274,0.2147440671823718,0.8812176288202485,50000,0.6558363417569194,0.4,0.7050541516245488,0.5,0.9881916677260147,0.8056536446165591,0.7849608459764262,0.859602052773,0.8809523809523809,0.8809523809523809,0.9824572240642657,0.8,1.0
top_100__full_excl_covid,full_excl_covid,pca,100,,0,0.7,50000,-1,0.9999241602029773,0.08269615500000782,0.0015458690000400566,0.7571284400000309,2.6869646519801914e-05,1.0140990156004559e-05,0.00010802225577071208,0.9999731303534802,50000,0.9992779783393503,1.0,0.9993983152827918,1.0,1.0,1.0,0.9048191671281305,0.9682730557093769,1.0,1.0,0.9999997699768804,1.0,1.0
top_100__full_excl_covid,full_excl_covid,raw,5,,0,0.7,50000,-1,,0.0,3.8000001723048626e-07,0.7397141870000041,0.0,0.0,0.0,1.0,50000,1.0,1.0,1.0,1.0,1.0,1.0,1.0,1.0,1.0,1.0,0.9999999999999999,1.0,
top_100__full_excl_covid,full_excl_covid,raw,10,,0,0.7,50000,-1,,0.0,1.1999999856016075e-06,0.7476373939999803,0.0,0.0,0.0,1.0,50000,1.0,1.0,1.0,1.0,1.0,1.0,1.0,1.0,1.0,1.0,0.9999999999999999,1.0,
top_100__full_excl_covid,full_excl_covid,raw,20,,0,0.7,50000,-1,,0.0,8.290000437227718e-07,0.7541807819999917,0.0,0.0,0.0,1.0,50000,1.0,1.0,1.0,1.0,1.0,1.0,1.0,1.0,1.0,1.0,0.9999999999999999,1.0,
top_100__full_excl_covid,full_excl_covid,raw,30,,0,0.7,50000,-1,,0.0,7.499999696847226e-07,0.7698056439999732,0.0,0.0,0.0,1.0,50000,1.0,1.0,1.0,1.0,1.0,1.0,1.0,1.0,1.0,1.0,0.9999999999999999,1.0,
top_100__full_excl_covid,full_excl_covid,raw,50,,0,0.7,50000,-1,,0.0,1.0769999960302812e-05,0.7493907830000239,0.0,0.0,0.0,1.0,50000,1.0,1.0,1.0,1.0,1.0,1.0,1.0,1.0,1.0,1.0,0.9999999999999999,1.0,
top_100__full_excl_covid,full_excl_covid,raw,100,,0,0.7,50000,-1,,0.0,4.000000330961484e-07,0.7530756109999857,0.0,0.0,0.0,1.0,50000,1.0,1.0,1.0,1.0,1.0,1.0,1.0,1.0,1.0,1.0,0.9999999999999999,1.0,
top_100__full_excl_covid,full_excl_covid,sparse_jl,5,1.0,0,0.7,50000,100,,0.005200338000008742,0.00033182999999326057,0.6005219859999897,0.22168758921132162,0.1889425227251812,0.5409525058608672,0.9554985197386655,50000,0.05198555956678701,0.0,0.08267148014440434,0.0,0.15625117178235512,0.15900537631998715,0.14959560119753917,0.1549507164332938,0.6904761904761905,0.6904761904761905,0.7394386139392336,0.6,0.8
top_100__full_excl_covid,full_excl_covid,sparse_jl,5,1.0,1,0.7,50000,100,,0.006500398000014229,0.0005223499999829073,0.6243740959999968,0.24831838662021172,0.21980574821946808,0.5745996752868843,0.8767757860069996,50000,0.0296028880866426,0.0,0.05258724428399519,0.0,0.08141655241269742,0.07031321467855249,0.05670416878381684,0.06947797862502225,0.40476190476190477,0.40476190476190477,0.6532865075966181,0.3,0.8
top_100__full_excl_covid,full_excl_covid,sparse_jl,5,1.0,2,0.7,50000,100,,0.005900887999985116,0.00044287999998005034,0.6585844420000058,0.24823013170440253,0.2209951829709763,0.5699030654769689,0.8862188449174245,50000,0.03634175691937425,0.0,0.057160048134777375,0.0,0.07046582643921168,0.06548750214369575,0.07190496649158061,0.06928609835816268,0.40476190476190477,0.40476190476190477,0.6551157350869737,0.3,0.8
top_100__full_excl_covid,full_excl_covid,sparse_jl,5,1.0,3,0.7,50000,100,,0.004885868000030769,0.0006767689999946924,0.6760595040000226,0.25654789733686784,0.22593194055674304,0.5936883976923981,0.9322365000339078,50000,0.027436823104693142,0.0,0.05222623345367027,0.0,0.04390046734196291,0.058986344115196654,0.05668961915341372,0.05319214353685776,0.40476190476190477,0.40476190476190477,0.6164856524124824,0.3,0.8
top_100__full_excl_covid,full_excl_covid,sparse_jl,5,1.0,4,0.7,50000,100,,0.012135925000052339,0.00030392999997275183,0.6117314310000097,0.2643580560464758,0.23347803336266704,0.6098373553641476,0.894576953304843,50000,0.032972322503008425,0.0,0.050541516245487354,0.0,0.02955225985160882,0.04622005662775799,0.04987219261294077,0.041881503030769186,0.23809523809523808,0.23809523809523808,0.5834077423272651,0.2,0.8
top_100__full_excl_covid,full_excl_covid,sparse_jl,5,1.0,5,0.7,50000,100,,0.0041715780000117775,0.0003060300000470306,0.6113250210000274,0.2633490170210859,0.22792172612310707,0.6245340420553678,0.9976206065530504,50000,0.03850782190132371,0.0,0.0645006016847172,0.0,0.21500755445817943,0.1569493252288648,0.12733579222469485,0.16643089063724636,0.5,0.5,0.6988912467420362,0.3,0.8
top_100__full_excl_covid,full_excl_covid,sparse_jl,5,1.0,6,0.7,50000,100,,0.007214787000009437,0.0032887890000097286,0.5486237880000431,0.2535335065818343,0.22121098844709158,0.5949755383581253,1.05210717936352,50000,0.05391095066185318,0.0,0.08592057761732853,0.0,0.4810702581977609,0.21754479216421213,0.18415689258975265,0.2942573143172419,0.6666666666666666,0.6666666666666666,0.762125898763061,0.7,0.8
top_100__full_excl_covid,full_excl_covid,sparse_jl,5,1.0,7,0.7,50000,100,,0.008082676000014999,0.0005593690000296192,0.5793556549999721,0.2469504343980804,0.21276168966274966,0.5905586590328381,0.9721455314973344,50000,0.03537906137184116,0.0,0.0569193742478941,0.0,0.12547149325227966,0.10148974714039771,0.0932740833691496,0.10674510792060898,0.47619047619047616,0.47619047619047616,0.6629802882733377,0.4,0.8
top_100__full_excl_covid,full_excl_covid,sparse_jl,5,1.0,8,0.7,50000,100,,0.006066658000008829,0.000330368999982511,0.5887532010000314,0.46394880802424404,0.3791327938707974,1.151005341528839,1.350259590972846,50000,0.07870036101083033,0.0,0.1125150421179302,0.0,0.5943759215688057,0.3146947054053578,0.22951313097993395,0.3795279193180325,0.7380952380952381,0.7380952380952381,0.7588905817661091,0.5,0.8
top_100__full_excl_covid,full_excl_covid,sparse_jl,5,1.0,9,0.7,50000,100,,0.004735998000001018,0.00041119000002254324,0.5479416580000134,0.2347537563104232,0.20217015875368766,0.5628964186344406,0.9366566320061698,50000,0.03922984356197353,0.0,0.06498194945848375,0.0,0.3725437909205399,0.1695345640015427,0.1447053518270902,0.22892790224972429,0.6190476190476191,0.6190476190476191,0.7301616978884713,0.6,0.8
top_100__full_excl_covid,full_excl_covid,sparse_jl,5,1.0,10,0.7,50000,100,,0.004072447999988071,0.0003941599999848222,0.5387960519999524,0.2353997692150927,0.20663940384055257,0.5519446107927813,0.8825176659276754,50000,0.038026474127557164,0.0,0.06462093862815885,0.0,0.16260052140205186,0.09426247690889124,0.09293535239995082,0.11659945023696465,0.5714285714285714,0.5714285714285714,0.7064282260951609,0.5,0.8
top_100__full_excl_covid,full_excl_covid,sparse_jl,5,1.0,11,0.7,50000,100,,0.005347438000001148,0.0005079800000089563,0.5199846499999694,0.23099297202806135,0.1975653500521244,0.5582949344552903,0.9468827527545054,50000,0.04596871239470518,0.0,0.07617328519855596,0.0,0.47935791895653757,0.205009262177734,0.13226208461958855,0.2722097552512867,0.5952380952380952,0.5952380952380952,0.7435672570872214,0.8,0.8
top_100__full_excl_covid,full_excl_covid,sparse_jl,5,1.0,12,0.7,50000,100,,0.006538976999991064,0.0002309399999944617,0.5709542989999932,0.24792370994787857,0.21875555585397205,0.5753663024509108,0.9007119296659961,50000,0.03369434416365824,0.0,0.06040914560770157,0.0,0.0609758426481323,0.0760086910689924,0.09424318758081028,0.07707590709931167,0.40476190476190477,0.40476190476190477,0.6598609447509559,0.5,0.8
top_100__full_excl_covid,full_excl_covid,sparse_jl,5,1.0,13,0.7,50000,100,,0.006093077000002722,0.000810740000019905,0.5837027029999717,0.2563055314498612,0.2240134523559668,0.5999359268936681,0.946372861463587,50000,0.0332129963898917,0.0,0.06004813477737665,0.0,0.18849637527564755,0.10939505550887771,0.0897316366533395,0.12920768914595493,0.5476190476190477,0.5476190476190477,0.6321976534296029,0.4,0.8
top_100__full_excl_covid,full_excl_covid,sparse_jl,5,1.0,14,0.7,50000,100,,0.006429166999964764,0.00045681000000286076,0.5526131960000384,0.25038758629150004,0.2193535879541197,0.5843925824521932,0.9007879358845382,50000,0.030565583634175695,0.0,0.050661853188929004,0.0,0.08762199620493123,0.0910289744996743,0.06882796402420822,0.08249297824293793,0.40476190476190477,0.40476190476190477,0.6544134117698228,0.5,0.8
top_100__full_excl_covid,full_excl_covid,sparse_jl,5,1.0,15,0.7,50000,100,,0.004604098000015711,0.0004846000000497952,0.6141475499999842,0.2411690563091369,0.2113266212858561,0.5640523151509842,0.8895066765780293,50000,0.03249097472924188,0.0,0.05703971119133574,0.0,0.14984071674674346,0.11467253097846626,0.07260412354898857,0.11237245709139942,0.40476190476190477,0.40476190476190477,0.6559618228537588,0.6,0.8
top_100__full_excl_covid,full_excl_covid,sparse_jl,5,1.0,16,0.7,50000,100,,0.006097057000033601,0.0002511900000286005,0.5606157230000122,0.28689741613994746,0.24260064774174017,0.7070627901490006,1.0541743917002249,50000,0.04957882069795427,0.0,0.0779783393501805,0.0,0.2984561618256784,0.13245672068840342,0.11539010208446945,0.18210099486618378,0.5714285714285714,0.5714285714285714,0.6898058981273608,0.4,0.8
top_100__full_excl_covid,full_excl_covid,sparse_jl,5,1.0,17,0.7,50000,100,,0.00600580700000819,0.00041731999999683467,0.5954851079999912,0.23731372288694721,0.2045407530045587,0.5658735692866979,0.9761158784055873,50000,0.038267148014440436,0.0,0.07003610108303249,0.0,0.3415646145181086,0.1601016084576312,0.11460990421937058,0.20542537573170347,0.6428571428571429,0.6428571428571429,0.726956681209704,0.6,0.8
top_100__full_excl_covid,full_excl_covid,sparse_jl,5,1.0,18,0.7,50000,100,,0.006340128000033474,0.0004555299999537965,0.5304479150000248,0.25878428671669024,0.22366519855796124,0.6182646870693657,1.0672615424503873,50000,0.059927797833935016,0.0,0.094705174488568,0.0,0.357960577511082,0.1875492020854787,0.15844541413433502,0.2346517312436319,0.6666666666666666,0.6666666666666666,0.7546604984224595,0.9,0.8
top_100__full_excl_covid,full_excl_covid,sparse_jl,5,1.0,19,0.7,50000,100,,0.00609929799998099,0.0003779499999723157,0.606476133000001,0.2576797032886722,0.23173143522338563,0.5863338977168359,0.839823211855841,50000,0.030565583634175695,0.0,0.048736462093862815,0.0,0.062202297384827666,0.04517835752742992,0.04514013043403494,0.050840261782097516,0.47619047619047616,0.47619047619047616,0.6576517399785199,0.3,0.8
top_100__full_excl_covid,full_excl_covid,sparse_jl,5,1.0,20,0.7,50000,100,,0.004214738000030138,0.00030537999998614396,0.5416745809999952,0.2256364153972506,0.19517777249024687,0.5381553373639457,0.916229819314689,50000,0.04115523465703971,0.0,0.06750902527075811,0.0,0.15419974278463325,0.1312371430575355,0.10870244477341441,0.13137977687186106,0.5476190476190477,0.5476190476190477,0.7080167239354529,0.6,0.8
top_100__full_excl_covid,full_excl_covid,sparse_jl,5,1.0,21,0.7,50000,100,,0.005577287999983582,0.0004091089999747055,0.5610036819999777,0.2594815117194105,0.23411454259754477,0.5847396778423286,0.8353297160238919,50000,0.031528279181708786,0.0,0.0516245487364621,0.0,0.09930256124312363,0.08908541267432646,0.06377559411923789,0.084054522678896,0.5,0.5,0.664469959817052,0.5,0.8
top_100__full_excl_covid,full_excl_covid,sparse_jl,5,1.0,22,0.7,50000,100,,0.007633037000005061,0.0003329200000052879,0.5321375749999788,0.23166780426340378,0.19957984687830915,0.5550228679724359,0.9126523618931868,50000,0.04115523465703971,0.0,0.06293622141997593,0.0,0.2006007172278317,0.1062083936267191,0.07827164697048491,0.12836025260834524,0.5476190476190477,0.5476190476190477,0.6943680512106742,0.5,0.8
top_100__full_excl_covid,full_excl_covid,sparse_jl,5,1.0,23,0.7,50000,100,,0.006800016999989111,0.0003363800000215633,0.5396477619999587,0.26630459831162284,0.22136024709234492,0.6590063070662553,1.0344798577457872,50000,0.045487364620938636,0.0,0.07352587244283995,0.0,0.15625565226958898,0.1482173867260312,0.11308758940448443,0.1391868761333682,0.5476190476190477,0.5476190476190477,0.7085203700110075,0.3,0.8
top_100__full_excl_covid,full_excl_covid,sparse_jl,5,1.0,24,0.7,50000,100,,0.012258684000016729,0.0002554999999802021,0.540921131999994,0.23645836007783655,0.20972835281577085,0.5524278467218265,0.8621109787859195,50000,0.0394705174488568,0.0,0.061371841155234655,0.0,0.18223615847020047,0.12234902816061825,0.09514872533504477,0.1332446373219545,0.5714285714285714,0.5714285714285714,0.7058764424540706,0.5,0.8
top_100__full_excl_covid,full_excl_covid,sparse_jl,5,1.0,25,0.7,50000,100,,0.008961575999990146,0.00047547899998789944,0.5791064449999794,0.2254759180274192,0.19392121343159835,0.5441147571070938,0.8858203504918459,50000,0.04765342960288809,0.0,0.07509025270758123,0.0,0.41511980222954353,0.16278426489674655,0.11220821565234326,0.2300374275928778,0.6904761904761905,0.6904761904761905,0.7301790750895835,0.6,0.8
top_100__full_excl_covid,full_excl_covid,sparse_jl,5,1.0,26,0.7,50000,100,,0.005974438000009741,0.0003941200000099343,0.5553720350000049,0.26164435036547135,0.2263557064438394,0.6216374311694233,1.032040965626391,50000,0.05054151624548736,0.0,0.08086642599277978,0.0,0.41051488199086333,0.20632890020650468,0.1677542843369481,0.26153268884477204,0.7142857142857143,0.7142857142857143,0.7512694975960492,0.6,0.8
top_100__full_excl_covid,full_excl_covid,sparse_jl,5,1.0,27,0.7,50000,100,,0.006459328000005371,0.00037814000000935266,0.5722245069999872,0.24747171773492568,0.21007736300896873,0.6059445954556307,1.031217921419911,50000,0.05078219013237064,0.0,0.0842358604091456,0.0,0.33501186164934393,0.1495732034540807,0.12018017003162441,0.20158841171168304,0.5238095238095238,0.5238095238095238,0.7355327168156099,0.7,0.8
top_100__full_excl_covid,full_excl_covid,sparse_jl,5,1.0,28,0.7,50000,100,,0.006776016999992862,0.0003634199999851262,0.5488555580000138,0.3156008560087635,0.27419054965820544,0.7482995431118015,1.1475560544140904,50000,0.059927797833935016,0.0,0.09614921780986764,0.0,0.6080050585561777,0.1985612139048167,0.2228404645026362,0.3431355789878769,0.6904761904761905,0.6904761904761905,0.7814270759795638,0.4,0.8
top_100__full_excl_covid,full_excl_covid,sparse_jl,5,1.0,29,0.7,50000,100,,0.004772489000004043,0.00044487900004241965,0.566989030000002,0.2532271482520498,0.22295062375195862,0.58854488497126,0.892213399246292,50000,0.02984356197352588,0.0,0.053790613718411553,0.0,0.05091084077272829,0.04866448885469982,0.05618066278862598,0.0519186641386847,0.40476190476190477,0.40476190476190477,0.6087097417718638,0.3,0.8
top_100__full_excl_covid,full_excl_covid,sparse_jl,5,1.0,30,0.7,50000,100,,0.0060411079999767026,0.0005555790000357774,0.5487561879999703,0.2456711334758339,0.21669936558822445,0.5703879593323314,0.8664801183700798,50000,0.037785800240673885,0.0,0.061371841155234655,0.0,0.25139551327487025,0.11028875240280295,0.07978712484428671,0.14715713017398666,0.5238095238095238,0.5238095238095238,0.6935609209958412,0.3,0.8
top_100__full_excl_covid,full_excl_covid,sparse_jl,5,1.0,31,0.7,50000,100,,0.004436307999981182,0.0009776989999750185,0.5924786790000098,0.2551960720302127,0.22485235029741968,0.5946852310796787,0.9056998458253088,50000,0.0332129963898917,0.0,0.05342960288808664,0.0,0.08435446684956259,0.06690022774512489,0.06790124008809957,0.07305197822759568,0.30952380952380953,0.30952380952380953,0.6361934477705321,0.6,0.8
top_100__full_excl_covid,full_excl_covid,sparse_jl,5,1.0,32,0.7,50000,100,,0.006176647999950546,0.0006288799999651928,0.5459044390000258,0.26405435824969414,0.23337309600024186,0.6132651194119734,0.9057394825243495,50000,0.028880866425992784,0.0,0.05102286401925392,0.0,0.02670523507157475,0.1074734840040905,0.07812986761359246,0.07076952889641924,0.38095238095238093,0.38095238095238093,0.5722212161615079,0.1,0.8
top_100__full_excl_covid,full_excl_covid,sparse_jl,5,1.0,33,0.7,50000,100,,0.0050106179999716005,0.00027522900001031303,0.5507578870000316,0.23972445059550165,0.20930756613040458,0.5666538588695014,0.8883904994982066,50000,0.034416365824308064,0.0,0.05415162454873646,0.0,0.09194728626778108,0.08215424192684422,0.06935567847189959,0.08115240222217496,0.5476190476190477,0.5476190476190477,0.6844023413844211,0.6,0.8
top_100__full_excl_covid,full_excl_covid,sparse_jl,5,1.0,34,0.7,50000,100,,0.005326528000011876,0.0002575299999989511,0.5326927849999947,0.2447662631472252,0.21202589522292858,0.577966624908097,1.0458608065617554,50000,0.05752105896510228,0.0,0.09410348977135981,0.0,0.493759471683608,0.21299156070172098,0.19524161617896635,0.3006642161880984,0.7142857142857143,0.7142857142857143,0.7567315220337054,0.7,0.8
top_100__full_excl_covid,full_excl_covid,sparse_jl,5,1.0,35,0.7,50000,100,,0.0048896879999915654,0.00022498999999243097,0.5373032319999993,0.251104935283577,0.22091893335149815,0.5821862399051152,0.8892598264696588,50000,0.03922984356197353,0.0,0.05836341756919374,0.0,0.039406067725640564,0.06912716188524523,0.05773447714123165,0.05542256891737248,0.42857142857142855,0.42857142857142855,0.6329304443544798,0.3,0.8
top_100__full_excl_covid,full_excl_covid,sparse_jl,5,1.0,36,0.7,50000,100,,0.00636422700000594,0.00023482000000285552,0.570869077999987,0.22348772056414168,0.19126760534822135,0.5421913808472743,0.9651416910284059,50000,0.05246690734055356,0.0,0.08856799037304451,0.0,0.4052728239086524,0.25773552028111063,0.14810854132658674,0.2703722951721166,0.5714285714285714,0.5714285714285714,0.7449368356514087,0.7,0.8
top_100__full_excl_covid,full_excl_covid,sparse_jl,5,1.0,37,0.7,50000,100,,0.013053383999988455,0.0004120889999512656,0.5384003230000189,0.23633734158542968,0.20194681529513275,0.5655350887779435,0.9367960012561893,50000,0.0421179302045728,0.0,0.07015643802647413,0.0,0.29114287910261094,0.1435890669209469,0.12483104015134158,0.18652099539163314,0.5,0.5,0.7199819201828139,0.5,0.8
top_100__full_excl_covid,full_excl_covid,sparse_jl,5,1.0,38,0.7,50000,100,,0.013717294000002767,0.00030280999999376945,0.5477426779999632,0.30183231275616007,0.25547764046834637,0.7380618255186101,1.135726295924087,50000,0.059687123947051744,0.0,0.09494584837545127,0.0,0.4548449266272196,0.30447557308825385,0.18173178325961478,0.3136840943250294,0.6190476190476191,0.6190476190476191,0.7655402573916883,0.7,0.8
top_100__full_excl_covid,full_excl_covid,sparse_jl,5,1.0,39,0.7,50000,100,,0.0064325769999982185,0.0003245500000161883,0.566361220000033,0.25933362719153263,0.23310631268823512,0.5893711388068771,0.8737969132723522,50000,0.03345367027677497,0.0,0.04657039711191336,0.0,0.03963735650573238,0.08359896816625687,0.07681782267020017,0.0666847157807298,0.2619047619047619,0.2619047619047619,0.6386446995981705,0.2,0.8
top_100__full_excl_covid,full_excl_covid,sparse_jl,5,1.0,40,0.7,50000,100,,0.007811065999987932,0.0006995800000026975,0.5695393390000163,0.2679258580053358,0.23017108589652574,0.6412561398167917,1.0826421454840038,50000,0.05102286401925392,0.0,0.08868832731648617,0.0,0.36668370487926416,0.20901935000219743,0.15862937365539154,0.24477747617895104,0.6428571428571429,0.6428571428571429,0.7369210318084334,0.8,0.8
top_100__full_excl_covid,full_excl_covid,sparse_jl,5,1.0,41,0.7,50000,100,,0.005282727999997405,0.0003434500000025764,0.5410379410000132,0.25232478564508226,0.21868293756881368,0.6022450916294609,1.021881046424228,50000,0.04741275571600482,0.0,0.08411552346570397,0.0,0.2012483622820203,0.16024054763505127,0.15089735224192996,0.17079542071966722,0.5952380952380952,0.5952380952380952,0.7366814731851593,0.7,0.8
top_100__full_excl_covid,full_excl_covid,sparse_jl,5,1.0,42,0.7,50000,100,,0.005053777999989961,0.0003566000000319036,0.5991308360000289,0.22936813636637074,0.19552662580547808,0.5533682143325082,1.0087828933343255,50000,0.05198555956678701,0.0,0.07930204572803852,0.0,0.35816450890159734,0.19094329981828956,0.11803682655296385,0.22238154509095023,0.6190476190476191,0.6190476190476191,0.7591014293218417,0.6,0.8
top_100__full_excl_covid,full_excl_covid,sparse_jl,5,1.0,43,0.7,50000,100,,0.004952387999992425,0.00036533000002236804,0.5266575070000385,0.22428027644776924,0.19266123302624294,0.541562951907048,0.9127802273096645,50000,0.04235860409145608,0.0,0.06558363417569193,0.0,0.23271799640075594,0.1329091015414726,0.11077011320279512,0.15879907038167454,0.5714285714285714,0.5714285714285714,0.7356076834413465,0.7,0.8
top_100__full_excl_covid,full_excl_covid,sparse_jl,5,1.0,44,0.7,50000,100,,0.0042540279999911945,0.0005050699999742392,0.6013000749999833,0.25426342089483955,0.22848351546179058,0.5778525197030823,0.846204905084563,50000,0.031287605294825514,0.0,0.053188929001203374,0.0,0.1140014649009799,0.0650292695706447,0.052753164617791656,0.0772612996964721,0.4523809523809524,0.4523809523809524,0.6566967467202884,0.2,0.8
top_100__full_excl_covid,full_excl_covid,sparse_jl,5,1.0,45,0.7,50000,100,,0.004260858000009193,0.00036191999998891333,0.5947747390000018,0.22893468257940766,0.19559408559798452,0.5519857553402098,0.9638745218898263,50000,0.04259927797833936,0.0,0.06666666666666667,0.0,0.22234472154760435,0.14510222158248826,0.10895638630912574,0.1588011098130728,0.5,0.5,0.7463626235015038,0.5,0.8
top_100__full_excl_covid,full_excl_covid,sparse_jl,5,1.0,46,0.7,50000,100,,0.005933318000018062,0.0003068600000233346,0.5352674640000146,0.23452387367218508,0.20436513985336568,0.5533581542576409,0.8926330125409971,50000,0.039711191335740074,0.0,0.06714801444043321,0.0,0.1064994700408951,0.11476925507424562,0.10058336093034201,0.10728402868182758,0.5,0.5,0.717769432353128,0.4,0.8
top_100__full_excl_covid,full_excl_covid,sparse_jl,5,1.0,47,0.7,50000,100,,0.00629421700000421,0.0003787400000305752,0.5597768439999982,0.2335524501537365,0.2011273949815573,0.5618400338058165,0.9838786353696215,50000,0.04741275571600482,0.0,0.07809867629362215,0.0,0.3564165215108133,0.20555329974619707,0.13232999681038315,0.23143327268913116,0.6904761904761905,0.6904761904761905,0.7501779751608489,0.7,0.8
top_100__full_excl_covid,full_excl_covid,sparse_jl,5,1.0,48,0.7,50000,100,,0.005735167000011643,0.0004332709999630424,0.51956154100003,0.23087570994125312,0.19969476652786639,0.5514688589273686,0.9224506242802726,50000,0.039951865222623346,0.0,0.06690734055354994,0.0,0.13295360273901807,0.09802135615939327,0.08431619109942592,0.10509704999927909,0.5,0.5,0.6993308000120448,0.6,0.8
top_100__full_excl_covid,full_excl_covid,sparse_jl,5,1.0,49,0.7,50000,100,,0.0065116670000406884,0.0007149599999820566,0.5367700830000217,0.22887602505060803,0.1976156361418433,0.5505311659346713,0.9583385978903126,50000,0.046690734055354996,0.0,0.0779783393501805,0.0,0.41154152822142653,0.171649691491056,0.1479756799570432,0.24372229988984193,0.7142857142857143,0.7142857142857143,0.7446940567044629,0.7,0.8
top_100__full_excl_covid,full_excl_covid,sparse_jl,5,3.0,0,0.7,50000,300,,0.009720084999969458,0.0004965599999877668,0.5532511960000193,0.24223413024950752,0.21262850469338845,0.5635290178116883,0.8834336100347806,50000,0.03176895306859206,0.0,0.06064981949458484,0.0,0.14198164746834743,0.08095445931322633,0.06201912002285872,0.0949850756014775,0.47619047619047616,0.47619047619047616,0.6729620788067571,0.5,0.4
top_100__full_excl_covid,full_excl_covid,sparse_jl,5,3.0,1,0.7,50000,300,,0.0066598170000133905,0.0004303199999640128,0.5389374419999626,0.22620199228012322,0.19600615588703663,0.5389410135399074,1.0144607551182294,50000,0.05078219013237064,0.0,0.0874849578820698,0.0,0.480170316689203,0.24991314928686503,0.1650574735298569,0.2983803131686416,0.6904761904761905,0.6904761904761905,0.7605091917238517,0.8,0.4
top_100__full_excl_covid,full_excl_covid,sparse_jl,5,3.0,2,0.7,50000,300,,0.015097543999956997,0.0003350709999949686,0.5294762159999777,0.24299540107627557,0.20954658522742797,0.5824333629675338,0.9750389970118362,50000,0.04091456077015644,0.0,0.0654632972322503,0.0,0.2990557896336275,0.14310109841451193,0.11849695859924957,0.1868846155491297,0.5,0.5,0.7305889344659949,0.6,0.4
top_100__full_excl_covid,full_excl_covid,sparse_jl,5,3.0,3,0.7,50000,300,,0.009384785000008833,0.00036140000003115347,0.5597730929999898,0.23025733909463353,0.19795172753059664,0.5522056668014241,0.9416517817842223,50000,0.043802647412755726,0.0,0.07087845968712396,0.0,0.14723033517103845,0.14117845363026602,0.12124805696770179,0.1365522819230021,0.5476190476190477,0.5476190476190477,0.7338358780860738,0.6,0.4
top_100__full_excl_covid,full_excl_covid,sparse_jl,5,3.0,4,0.7,50000,300,,0.011420745999998871,0.00022830000000340078,0.5482541680000281,0.22291646438066465,0.1898215217036609,0.5406495120785942,0.9439823049946902,50000,0.04596871239470518,0.0,0.07424789410348977,0.0,0.3179937288344816,0.17615505980084648,0.13518375377004582,0.20977751413512466,0.6428571428571429,0.6428571428571429,0.7236149680644265,0.8,0.4
top_100__full_excl_covid,full_excl_covid,sparse_jl,5,3.0,5,0.7,50000,300,,0.016436212999963118,0.000363209999989067,0.5489752679999924,0.2511745171859203,0.21682488172789982,0.6010744111687512,1.0448739503828917,50000,0.04789410348977136,0.0,0.07677496991576414,0.0,0.43032980549801575,0.2176062184026637,0.18375475335344169,0.27723025908470705,0.6904761904761905,0.6904761904761905,0.7601724587882214,0.6,0.4
top_100__full_excl_covid,full_excl_covid,sparse_jl,5,3.0,6,0.7,50000,300,,0.00834762699997782,0.000559859000020424,0.5253474180000239,0.24289670185964213,0.20798692623410558,0.5840874477919966,0.9735516200807932,50000,0.04259927797833936,0.0,0.07111913357400722,0.0,0.12171438636858307,0.12251579207762356,0.10573397131532303,0.11665471658717656,0.6190476190476191,0.6190476190476191,0.6858382502517708,0.6,0.4
top_100__full_excl_covid,full_excl_covid,sparse_jl,5,3.0,7,0.7,50000,300,,0.016162903000008555,0.0004669100000000981,0.5482773479999992,0.2228585224446525,0.19111330863432685,0.5368017235893977,0.9346882922831693,50000,0.03898916967509025,0.0,0.06859205776173286,0.0,0.19232245578128693,0.1332401173265179,0.11829069722043949,0.14795109010941476,0.5952380952380952,0.5952380952380952,0.7255645812910068,0.7,0.4
top_100__full_excl_covid,full_excl_covid,sparse_jl,5,3.0,8,0.7,50000,300,,0.005986308000046847,0.00034701900000300157,0.4969601100000318,0.24293794678399375,0.20900781330865842,0.5814266887569665,0.9868042478411994,50000,0.039711191335740074,0.0,0.06558363417569193,0.0,0.163582692868779,0.09484880320589117,0.08909319808906456,0.11584156472124492,0.4523809523809524,0.4523809523809524,0.6653594801310212,0.7,0.4
top_100__full_excl_covid,full_excl_covid,sparse_jl,5,3.0,9,0.7,50000,300,,0.006626417000006768,0.0004145199999925353,0.5260011469999881,0.237335130777544,0.20486444515522295,0.5652851334693387,0.9389973745837328,50000,0.04259927797833936,0.0,0.06425992779783393,0.0,0.061953400830741925,0.08355293518435242,0.0832876484178243,0.07626466147763954,0.3333333333333333,0.3333333333333333,0.7017828046426193,0.5,0.4
top_100__full_excl_covid,full_excl_covid,sparse_jl,5,3.0,10,0.7,50000,300,,0.006094108000013421,0.0005123490000187303,0.5392441019999978,0.3156750907722149,0.2761576430766006,0.7422558096065166,1.161578476134856,50000,0.06377858002406739,0.0,0.09975932611311673,0.0,0.6680952260646812,0.36679714813769126,0.20998818726517246,0.4149601871558483,0.7380952380952381,0.7380952380952381,0.7974985613099439,0.6,0.4
top_100__full_excl_covid,full_excl_covid,sparse_jl,5,3.0,11,0.7,50000,300,,0.00567553799999132,0.0003269400000363021,0.5647317809999777,0.2389217739535798,0.208890428911785,0.5606885757852138,0.9129998850086581,50000,0.038267148014440436,0.0,0.06040914560770157,0.0,0.09976199253308539,0.07305875416195405,0.057434803273452184,0.0767518499894972,0.5238095238095238,0.5238095238095238,0.6695353407520668,0.4,0.4
top_100__full_excl_covid,full_excl_covid,sparse_jl,5,3.0,12,0.7,50000,300,,0.005612578000011581,0.00024267999998528467,0.5454118589999553,0.24096289473188467,0.20877974715891817,0.5738709000036721,1.0139242071666843,50000,0.04909747292418773,0.0,0.08026474127557158,0.0,0.38165056803808795,0.180115071446749,0.16423933090598702,0.24200165679694133,0.6904761904761905,0.6904761904761905,0.7521637647507553,0.5,0.4
top_100__full_excl_covid,full_excl_covid,sparse_jl,5,3.0,13,0.7,50000,300,,0.00626698700000361,0.00031459999996741317,0.5516720360000136,0.2364274534088006,0.205738678261765,0.5593304614882567,0.9107295773461918,50000,0.03610108303249098,0.0,0.06474127557160048,0.0,0.24066945138267554,0.10396671453992584,0.06712987371789798,0.1372553465468331,0.5476190476190477,0.5476190476190477,0.7107478093434554,0.7,0.4
top_100__full_excl_covid,full_excl_covid,sparse_jl,5,3.0,14,0.7,50000,300,,0.006137877000014669,0.00025442000003295107,0.591710938999995,0.23673224841869545,0.20509903716399258,0.5599669680024597,0.8975772432945683,50000,0.04115523465703971,0.0,0.0641395908543923,0.0,0.24498338048250312,0.10681462707852707,0.0996315226812955,0.15047651008077523,0.6428571428571429,0.6428571428571429,0.7173084660218212,0.6,0.4
top_100__full_excl_covid,full_excl_covid,sparse_jl,5,3.0,15,0.7,50000,300,,0.006638368000039918,0.00037848899995651664,0.5717218489999709,0.2435143071228598,0.2091647284196888,0.5821040252562312,1.035296933860553,50000,0.05150421179302046,0.0,0.08580024067388688,0.0,0.4218754891481309,0.23881457646976967,0.16137991007539856,0.2740233252310997,0.7142857142857143,0.7142857142857143,0.7626159107409922,0.5,0.4
top_100__full_excl_covid,full_excl_covid,sparse_jl,5,3.0,16,0.7,50000,300,,0.005670208000026378,0.00017940999998700136,0.5789369360000478,0.2230581325300529,0.1920012171072934,0.5370790602391663,0.9134099829041261,50000,0.04043321299638989,0.0,0.07063778580024067,0.0,0.15621612998555817,0.14093051114668206,0.10261772100651785,0.13325478737958601,0.6190476190476191,0.6190476190476191,0.7386306681878861,0.8,0.4
top_100__full_excl_covid,full_excl_covid,sparse_jl,5,3.0,17,0.7,50000,300,,0.005709217000003264,0.0002120599999670958,0.5707140680000293,0.26702727594296777,0.24454268214873803,0.5887795209844664,0.8063023469546685,50000,0.03273164861612515,0.0,0.049578820697954266,0.0,0.07963929652139899,0.06977919855833492,0.07165224121837033,0.07369024543270142,0.5,0.5,0.6800340768795817,0.2,0.4
top_100__full_excl_covid,full_excl_covid,sparse_jl,5,3.0,18,0.7,50000,300,,0.005009677999964879,0.0002596389999780513,0.5724012379999976,0.2389647337944615,0.20600416127130422,0.5729198753211444,0.9512324953495513,50000,0.036582430806257525,0.0,0.06474127557160048,0.0,0.09467868514863291,0.11886694524355923,0.09410343355874058,0.10254968798364424,0.4523809523809524,0.4523809523809524,0.696128836367408,0.3,0.4
top_100__full_excl_covid,full_excl_covid,sparse_jl,5,3.0,19,0.7,50000,300,,0.004797668000037447,0.0005526799999984178,0.5911186200000316,0.25067980566619974,0.22169859613172171,0.5839030447162846,0.8865652033666371,50000,0.032490974729241874,0.0,0.054632972322503005,0.0,0.0476357419880854,0.07140601016540307,0.060083103320215214,0.05970828515790123,0.3333333333333333,0.3333333333333333,0.6594419262721533,0.2,0.4
top_100__full_excl_covid,full_excl_covid,sparse_jl,5,3.0,20,0.7,50000,300,,0.006085788000007142,0.0004668400000014117,0.5296481259999837,0.24626427256721067,0.21154989591405432,0.5933954383155736,1.0407560886720666,50000,0.05439229843561974,0.0,0.0861612515042118,0.0,0.3492756918840738,0.18292589914026053,0.15801710666567334,0.23007289923000254,0.6190476190476191,0.6190476190476191,0.7702987665742111,0.5,0.4
top_100__full_excl_covid,full_excl_covid,sparse_jl,5,3.0,21,0.7,50000,300,,0.003755377999993925,0.00029271999994762155,0.5639200510000251,0.2287114707305379,0.19583531985330727,0.5515176203532736,0.9424150638721053,50000,0.04019253910950662,0.0,0.06438026474127558,0.0,0.3644101643667147,0.14482400855892613,0.09679285623369703,0.2020090097197793,0.5952380952380952,0.5952380952380952,0.7250570457336147,0.9,0.4
top_100__full_excl_covid,full_excl_covid,sparse_jl,5,3.0,22,0.7,50000,300,,0.008725377000018852,0.0003406399999903442,0.6386383500000079,0.2553642947537828,0.2252234819615092,0.5957138864328473,1.076111118823714,50000,0.058002406738868834,0.0,0.09891696750902527,0.0,0.46628953441086785,0.2822983922715195,0.19366343258187152,0.31408378642141965,0.7857142857142857,0.7857142857142857,0.7616463214702742,0.7,0.4
top_100__full_excl_covid,full_excl_covid,sparse_jl,5,3.0,23,0.7,50000,300,,0.005942028000049504,0.00041197000001602646,0.5916716290000181,0.222784784004416,0.1906122584628841,0.5418503973901795,0.9622664005061801,50000,0.0421179302045728,0.0,0.0713598074608905,0.0,0.38016084986291476,0.17946218155654442,0.12374208569159927,0.22778837237035285,0.6190476190476191,0.6190476190476191,0.7543007840860804,0.8,0.4
top_100__full_excl_covid,full_excl_covid,sparse_jl,5,3.0,24,0.7,50000,300,,0.006149297000035858,0.00034922999998343585,0.6131894309999666,0.25362678138178935,0.21953700126634867,0.5992678893091645,1.0194567953787768,50000,0.051263537906137184,0.0,0.07954271961492178,0.0,0.44975828501982246,0.2044102320437271,0.14310169385957275,0.26575673697437413,0.6666666666666666,0.6666666666666666,0.7579005622601486,0.5,0.4
top_100__full_excl_covid,full_excl_covid,sparse_jl,5,3.0,25,0.7,50000,300,,0.0059840380000082405,0.0003448100000014165,0.5647458310000388,0.23090052915703524,0.19924235689985564,0.5526501057969841,0.9282554960308107,50000,0.04163658243080626,0.0,0.06835138387484957,0.0,0.2845737453647001,0.12869430733944368,0.09152330333604866,0.1682637853467308,0.5714285714285714,0.5714285714285714,0.7076081192306019,0.5,0.4
top_100__full_excl_covid,full_excl_covid,sparse_jl,5,3.0,26,0.7,50000,300,,0.00675482799999827,0.00030087900000808077,0.6207516179999857,0.23781718788936126,0.20527997417606286,0.5687201793334679,0.999885942775588,50000,0.05535499398315283,0.0,0.08604091456077016,0.0,0.35814555014817007,0.2482755966684786,0.19655905879348504,0.26766006853671126,0.6428571428571429,0.6428571428571429,0.7707558434236809,0.7,0.4
top_100__full_excl_covid,full_excl_covid,sparse_jl,5,3.0,27,0.7,50000,300,,0.006757026999991922,0.0005398699999545897,0.5999940270000366,0.2503633959978673,0.21682639291161632,0.597862493314665,1.0566996804516784,50000,0.058243080625752106,0.0,0.08820697954271961,0.0,0.3825870780854719,0.2374582398563897,0.16773991515633452,0.26259507769939866,0.6428571428571429,0.6428571428571429,0.7799172251349189,0.7,0.4
top_100__full_excl_covid,full_excl_covid,sparse_jl,5,3.0,28,0.7,50000,300,,0.00592142799996509,0.00040535000005093025,0.6075835130000087,0.2484226608170364,0.21722021618211368,0.5836520014189127,1.0437102838749726,50000,0.05559566787003611,0.0,0.09314079422382672,0.0,0.4208627734793721,0.18253921144142934,0.16048488554498325,0.2546289568219282,0.7380952380952381,0.7380952380952381,0.7621274461913189,0.6,0.4
top_100__full_excl_covid,full_excl_covid,sparse_jl,5,3.0,29,0.7,50000,300,,0.005343516999971598,0.0007414000000380838,0.5991434869999921,0.23892852721415625,0.2049943840964632,0.5747416739366652,0.9693866835071069,50000,0.04091456077015645,0.0,0.06787003610108304,0.0,0.23935761236345374,0.15867705027576307,0.08768087964480409,0.1619051807613403,0.5952380952380952,0.5952380952380952,0.7168511800604249,0.5,0.4
top_100__full_excl_covid,full_excl_covid,sparse_jl,5,3.0,30,0.7,50000,300,,0.00498715800000582,0.00046854000004259433,0.6362155209999969,0.2269941621879684,0.19502742063101153,0.5485293053791035,0.9714960598191629,50000,0.05102286401925392,0.0,0.07918170878459686,0.0,0.36763122550345756,0.2521801184561514,0.14236354272429488,0.2540582955613013,0.6666666666666666,0.6666666666666666,0.7537221713847893,0.5,0.4
top_100__full_excl_covid,full_excl_covid,sparse_jl,5,3.0,31,0.7,50000,300,,0.007349107000038657,0.00036969000001363383,0.6196645169999897,0.25669189516314855,0.21970241298024268,0.6197814540130693,1.0401857135595514,50000,0.04741275571600481,0.0,0.07184115523465705,0.0,0.2420589311584142,0.1337731647001041,0.13596575326582666,0.1705992830414483,0.5,0.5,0.7443130338627489,0.3,0.4
top_100__full_excl_covid,full_excl_covid,sparse_jl,5,3.0,32,0.7,50000,300,,0.005832867999970404,0.0002915000000029977,0.6267279049999956,0.2396452259575381,0.20473181415385872,0.5777358217512665,0.9856738844911201,50000,0.03850782190132371,0.0,0.06534296028880866,0.0,0.27251435632338444,0.1357288806393406,0.09696495742153062,0.16840273146141857,0.5714285714285714,0.5714285714285714,0.7170405518212811,0.7,0.4
top_100__full_excl_covid,full_excl_covid,sparse_jl,5,3.0,33,0.7,50000,300,,0.004850228000009338,0.0005073199999969802,0.6285287630000198,0.27180454451499275,0.23858486595984574,0.6361873882886159,1.101298149412038,50000,0.05607701564380265,0.0,0.08856799037304454,0.0,0.4925917965941146,0.256392286825541,0.18854809031018552,0.3125107245766137,0.7142857142857143,0.7142857142857143,0.7595382641368026,0.7,0.4
top_100__full_excl_covid,full_excl_covid,sparse_jl,5,3.0,34,0.7,50000,300,,0.0054259180000144625,0.0003869089999852804,0.5709370879999938,0.25241353627090984,0.21879578723812598,0.6038422670234549,1.0068158719979547,50000,0.0421179302045728,0.0,0.07123947051744886,0.0,0.3485709584409157,0.17946971224016184,0.14798843148202098,0.22534303405436618,0.5714285714285714,0.5714285714285714,0.7218985355473545,0.7,0.4
top_100__full_excl_covid,full_excl_covid,sparse_jl,5,3.0,35,0.7,50000,300,,0.005794096999977683,0.0005607090000125936,0.5926328190000163,0.2241014613753953,0.19117018470380143,0.543579746785684,0.9664639331677147,50000,0.05703971119133574,0.0,0.08134777376654634,0.0,0.3511925114438457,0.15647775800500388,0.12390865474285744,0.21052630806390235,0.5476190476190477,0.5476190476190477,0.7552025165365711,0.6,0.4
top_100__full_excl_covid,full_excl_covid,sparse_jl,5,3.0,36,0.7,50000,300,,0.007011666999972022,0.00018742999998266896,0.6387611000000106,0.26552604161991156,0.2277792918243864,0.6379094307455964,1.0757075332068198,50000,0.054873646209386284,0.0,0.08856799037304451,0.0,0.4321596763406255,0.23728812750052658,0.16809057668959992,0.27917946017691736,0.6190476190476191,0.6190476190476191,0.7319051267552854,0.4,0.4
top_100__full_excl_covid,full_excl_covid,sparse_jl,5,3.0,37,0.7,50000,300,,0.006045448000008946,0.0003829990000099315,0.6070742640000049,0.23712188323399452,0.20531585364952476,0.562678592233119,0.9153275129946211,50000,0.035138387484957886,0.0,0.0631768953068592,0.0,0.187748989711544,0.07596999844013048,0.10905213726197299,0.12425704180454916,0.40476190476190477,0.40476190476190477,0.6786930420933942,0.6,0.4
top_100__full_excl_covid,full_excl_covid,sparse_jl,5,3.0,38,0.7,50000,300,,0.006835557000044901,0.0004610000000297987,0.6853715999999963,0.2744246915649228,0.2385223947374433,0.6491399473566166,1.1223176794691374,50000,0.06353790613718412,0.0,0.09290012033694345,0.0,0.4784548701709915,0.28015695066476476,0.16918062979674295,0.30926415021083303,0.7380952380952381,0.7380952380952381,0.7874286719217887,0.6,0.4
top_100__full_excl_covid,full_excl_covid,sparse_jl,5,3.0,39,0.7,50000,300,,0.006885747000012543,0.00041326999996726954,0.5949052980000147,0.2258704568134858,0.19282377797325223,0.5461031346744725,0.9336895773350398,50000,0.04741275571600482,0.0,0.07099879663056559,0.0,0.3495227319530064,0.13485172778328638,0.1104913087788083,0.1982885895050337,0.6904761904761905,0.6904761904761905,0.722237505980601,0.6,0.4
top_100__full_excl_covid,full_excl_covid,sparse_jl,5,3.0,40,0.7,50000,300,,0.00734547700000121,0.000613799999996445,0.5647303309999643,0.23093844171887631,0.19799606237618217,0.5523218832460949,1.0208344843813806,50000,0.053670276774969924,0.0,0.0838748495788207,0.0,0.45508866578104973,0.2002208903857727,0.152990042630285,0.26943319959903583,0.6666666666666666,0.6666666666666666,0.7702375176908689,0.8,0.4
top_100__full_excl_covid,full_excl_covid,sparse_jl,5,3.0,41,0.7,50000,300,,0.006751697000026979,0.0004472899999541369,0.5700184190000073,0.265163219312728,0.2311193737721749,0.6240900741740901,1.0563134796137825,50000,0.05872442839951865,0.0,0.09169675090252707,0.0,0.45767851123113484,0.22289604440180177,0.17957707031385767,0.2867172086489314,0.6666666666666666,0.6666666666666666,0.7556806927794487,0.5,0.4
top_100__full_excl_covid,full_excl_covid,sparse_jl,5,3.0,42,0.7,50000,300,,0.00968662600001835,0.00040753899997980625,0.5928968690000147,0.22264981807393092,0.1905755680522928,0.5349449137390951,0.8868851141557265,50000,0.04404332129963899,0.0,0.07388688327316487,0.0,0.25962664168930544,0.13713309072388272,0.11689472506340387,0.17121815249219732,0.5476190476190477,0.5476190476190477,0.738822695670212,0.5,0.4
top_100__full_excl_covid,full_excl_covid,sparse_jl,5,3.0,43,0.7,50000,300,,0.007021016999999574,0.0004031999999938307,0.5368552420000015,0.24146129467718783,0.2091567635244692,0.57335412456463,0.9526815689985214,50000,0.04139590854392299,0.0,0.06726835138387485,0.0,0.08714101857925237,0.10385617341027287,0.09312357010870097,0.09470692069940874,0.40476190476190477,0.40476190476190477,0.6780358660412268,0.5,0.4
top_100__full_excl_covid,full_excl_covid,sparse_jl,5,3.0,44,0.7,50000,300,,0.00566321799999514,0.00039463999996769417,0.5392305119999605,0.2436803710266225,0.21111666552083846,0.5784144314698203,1.0005993194464853,50000,0.04909747292418773,0.0,0.07882069795427196,0.0,0.37848333885741176,0.20840428585579976,0.1685540376740507,0.2518138874624207,0.6190476190476191,0.6190476190476191,0.7494085269152143,0.7,0.4
top_100__full_excl_covid,full_excl_covid,sparse_jl,5,3.0,45,0.7,50000,300,,0.006515077999949881,0.0003359199999977136,0.544353870000009,0.22742037449171312,0.1949713007057095,0.5514350046330644,0.9612215559189615,50000,0.044524669073405534,0.0,0.07244283995186522,0.0,0.334766036850382,0.13240689245143392,0.09552730443121826,0.18756674457767805,0.5714285714285714,0.5714285714285714,0.7235704690464161,0.4,0.4
top_100__full_excl_covid,full_excl_covid,sparse_jl,5,3.0,46,0.7,50000,300,,0.007953625999959968,0.00046127000001661145,0.591831309999975,0.25131219429916274,0.22214027345258908,0.5800577670165089,0.8838053755106459,50000,0.03176895306859206,0.0,0.054512635379061376,0.0,0.0859513625466761,0.08657381646242283,0.05762178574796058,0.07671565491901983,0.42857142857142855,0.42857142857142855,0.6464928165870926,0.3,0.4
top_100__full_excl_covid,full_excl_covid,sparse_jl,5,3.0,47,0.7,50000,300,,0.004925888000002487,0.000319110000020828,0.5682803189999959,0.2532407094329622,0.22629544580293687,0.5783861211238344,0.8496811216398158,50000,0.0296028880866426,0.0,0.05559566787003609,0.0,0.0658100063795156,0.07684419751141501,0.06385622702903941,0.06883681030665667,0.4523809523809524,0.4523809523809524,0.6658741882275003,0.2,0.4
top_100__full_excl_covid,full_excl_covid,sparse_jl,5,3.0,48,0.7,50000,300,,0.012809075000006942,0.0005468489999884696,0.5814848340000367,0.23276642625440344,0.2019301265551311,0.5544591098422138,0.9487193961042018,50000,0.03898916967509026,0.0,0.06558363417569193,0.0,0.1451829241763784,0.09731249557183534,0.08104026684765397,0.10784522886528924,0.5238095238095238,0.5238095238095238,0.6973994840790543,0.5,0.4
top_100__full_excl_covid,full_excl_covid,sparse_jl,5,3.0,49,0.7,50000,300,,0.005936846999986756,0.0009482000000389235,0.5361903740000002,0.23849517682531118,0.20750600657749557,0.564197898960292,0.9296222108416823,50000,0.03898916967509026,0.0,0.06401925391095066,0.0,0.22589038981122245,0.1396124974124326,0.0912639642327317,0.1522556171521289,0.5476190476190477,0.5476190476190477,0.7073904128036722,0.2,0.4
top_100__full_excl_covid,full_excl_covid,sparse_jl,5,5.0,0,0.7,50000,500,,0.006883106999964639,0.0003682990000015707,0.530807655999979,0.23875787800663148,0.2035329185545982,0.5785050243889437,1.0041236369631585,50000,0.052226233453670286,0.0,0.08327316486161251,0.0,0.27941166311872084,0.19426977777052348,0.15013731523837776,0.207939585375874,0.6190476190476191,0.6190476190476191,0.7484289002720127,0.4,0.0
top_100__full_excl_covid,full_excl_covid,sparse_jl,5,5.0,1,0.7,50000,500,,0.00712928699999793,0.0004889500000331282,0.5392074719999869,0.2367866568855431,0.20789421781177597,0.5539367639610329,0.9033603034846303,50000,0.034416365824308064,0.0,0.06389891696750903,0.0,0.0928919502565421,0.08047699938437015,0.0631330703806427,0.07883400667385165,0.47619047619047616,0.47619047619047616,0.6442951129706271,0.3,0.0
top_100__full_excl_covid,full_excl_covid,sparse_jl,5,5.0,2,0.7,50000,500,,0.00558563800001366,0.0004974389999574669,0.5093058039999505,0.257668350428033,0.2279566564152466,0.59485648341848,0.8973582028708691,50000,0.027436823104693142,0.0,0.048856799037304444,0.0,0.06057319931243132,0.052892736189456835,0.054739785254926725,0.056068573585604964,0.3333333333333333,0.3333333333333333,0.6318443588293747,0.3,0.0
top_100__full_excl_covid,full_excl_covid,sparse_jl,5,5.0,3,0.7,50000,500,,0.0063952369999924485,0.00028797000004487927,0.5119467030000351,0.23965611092357575,0.20748050538934104,0.5701089204108083,0.9129105791938876,50000,0.03874849578820698,0.0,0.06630565583634175,0.0,0.08769735256412112,0.08957994312686074,0.07636342774356374,0.08454690781151519,0.5714285714285714,0.5714285714285714,0.6826726302600014,0.3,0.0
top_100__full_excl_covid,full_excl_covid,sparse_jl,5,5.0,4,0.7,50000,500,,0.004766528000004655,0.0002623099999823353,0.5490447779999954,0.23641655188319965,0.2046623615177831,0.5651632619113903,0.9737581844246015,50000,0.045006016847172085,0.0,0.06919374247894103,0.0,0.0986577879837872,0.13609432071499275,0.08958365972956311,0.10811192280944769,0.4523809523809524,0.4523809523809524,0.6853853138184507,0.3,0.0
top_100__full_excl_covid,full_excl_covid,sparse_jl,5,5.0,5,0.7,50000,500,,0.006854216999954588,0.0002437100000065584,0.5436446200000091,0.2367988884039873,0.20497949519226472,0.5626295241693647,0.9269861836862822,50000,0.04693140794223827,0.0,0.0681107099879663,0.0,0.24166981864776596,0.1011278393280543,0.07906147114626191,0.14061970970736073,0.5238095238095238,0.5238095238095238,0.6940981922692157,0.5,0.0
top_100__full_excl_covid,full_excl_covid,sparse_jl,5,5.0,6,0.7,50000,500,,0.006959137000023929,0.00023300999998809857,0.5191948399999546,0.24202397173609866,0.20914631392792105,0.5811147077307376,0.9888369687087247,50000,0.051504211793020456,0.0,0.08435619735258723,0.0,0.26116099038410845,0.15411222223913246,0.14029772618441777,0.1851903129358862,0.5,0.5,0.7216948605307092,0.6,0.0
top_100__full_excl_covid,full_excl_covid,sparse_jl,5,5.0,7,0.7,50000,500,,0.00603775700000142,0.00034071900000753885,0.5148394830000029,0.24665073956776368,0.21865481372468637,0.572663123919463,0.8977247042400683,50000,0.03778580024067389,0.0,0.06474127557160048,0.0,0.09040207023963326,0.08828862463717384,0.07675025359941623,0.08514698282540778,0.38095238095238093,0.38095238095238093,0.6615454040544293,0.4,0.0
top_100__full_excl_covid,full_excl_covid,sparse_jl,5,5.0,8,0.7,50000,500,,0.006433007999987694,0.0005178890000365755,0.5151839829999858,0.23493575658302404,0.20207187764279827,0.5613186273593822,0.9595262639709407,50000,0.0421179302045728,0.0,0.07388688327316487,0.0,0.31874660627374574,0.14084946719142336,0.1222488912127886,0.1939483215593192,0.6190476190476191,0.6190476190476191,0.7198740811621939,0.5,0.0
top_100__full_excl_covid,full_excl_covid,sparse_jl,5,5.0,9,0.7,50000,500,,0.006849016999979085,0.0005009599999539205,0.5814465240000004,0.2409123166224468,0.21268775566869197,0.5600570908620113,0.8717710467733513,50000,0.03513838748495788,0.0,0.05776173285198556,0.0,0.08745054126945406,0.13361771004144166,0.09917229300015151,0.1067468481036824,0.35714285714285715,0.35714285714285715,0.7268418996731162,0.4,0.0
top_100__full_excl_covid,full_excl_covid,sparse_jl,5,5.0,10,0.7,50000,500,,0.007998386999986451,0.000371869999980845,0.5364637339999945,0.25864315130254684,0.2242362642938186,0.6138588254208585,1.098071182815699,50000,0.06401925391095066,0.0,0.10312876052948255,0.0,0.4941863895789877,0.27764976251485773,0.20267417416659744,0.3248367754201476,0.6904761904761905,0.6904761904761905,0.7844392287282983,0.7,0.0
top_100__full_excl_covid,full_excl_covid,sparse_jl,5,5.0,11,0.7,50000,500,,0.006934786999977405,0.0005896399999869573,0.5348820639999872,0.2344004223609886,0.20488275243112458,0.5495401770981597,0.9121852337828974,50000,0.041877256317689536,0.0,0.06534296028880866,0.0,0.2654311674941034,0.16803125541642633,0.12480160613581723,0.18608800968211567,0.5,0.5,0.7160293074547565,0.9,0.0
top_100__full_excl_covid,full_excl_covid,sparse_jl,5,5.0,12,0.7,50000,500,,0.007237046000000191,0.00026858900002935115,0.5518260770000438,0.22044096558966852,0.1860797651337991,0.5418624712318757,0.9741521350081963,50000,0.04765342960288809,0.0,0.07918170878459689,0.0,0.317989928920784,0.153521556298139,0.1356363649312224,0.2023826167167151,0.6190476190476191,0.6190476190476191,0.7653069512150238,0.7,0.0
top_100__full_excl_covid,full_excl_covid,sparse_jl,5,5.0,13,0.7,50000,500,,0.006494357000008222,0.00023081999995611113,0.5733262969999942,0.24036085837496823,0.21127570127577922,0.5594192884032197,0.8921124532857606,50000,0.04332129963898917,0.0,0.06738868832731648,0.0,0.06940460401597269,0.12527740796823988,0.09043262697956192,0.09503821298792485,0.42857142857142855,0.42857142857142855,0.6704175003262146,0.3,0.0
top_100__full_excl_covid,full_excl_covid,sparse_jl,5,5.0,14,0.7,50000,500,,0.00580875800000058,0.0003851900000313435,0.5496864180000216,0.2249632036278923,0.19438806041779638,0.5444645925202406,0.9154319841863685,50000,0.041877256317689536,0.0,0.07099879663056559,0.0,0.3507328987844298,0.19377659214140688,0.13330117457628188,0.22593688850070617,0.6904761904761905,0.6904761904761905,0.7392499740701209,0.5,0.0
top_100__full_excl_covid,full_excl_covid,sparse_jl,5,5.0,15,0.7,50000,500,,0.007222476000038114,0.0003998199999841745,0.5667676790000087,0.23539635390560223,0.20224876480277376,0.5631057496533156,0.965858044510717,50000,0.046450060168471724,0.0,0.08014440433212995,0.0,0.3254482198852924,0.16832053644277228,0.15549586515203703,0.21642154049336723,0.5714285714285714,0.5714285714285714,0.7236440973558214,0.7,0.0
top_100__full_excl_covid,full_excl_covid,sparse_jl,5,5.0,16,0.7,50000,500,,0.0070374969999988934,0.0003962200000273697,0.5273066870000207,0.23938822656842035,0.20658600066068272,0.573108165527826,0.9523376828306186,50000,0.03706377858002407,0.0,0.06762936221419977,0.0,0.14085509703961696,0.11658015095887869,0.09919245275606332,0.11887590025151966,0.5238095238095238,0.5238095238095238,0.6870397237380512,0.5,0.0
top_100__full_excl_covid,full_excl_covid,sparse_jl,5,5.0,17,0.7,50000,500,,0.0066796469999985675,0.00020352999996475774,0.5493186680000122,0.23187684346916326,0.19714267936538854,0.5613410877179523,1.0144023111082998,50000,0.04981949458483755,0.0,0.07918170878459689,0.0,0.3990822762827402,0.15718366507452392,0.11899010383455728,0.22508534839727382,0.6190476190476191,0.6190476190476191,0.7700655440423175,0.5,0.0
top_100__full_excl_covid,full_excl_covid,sparse_jl,5,5.0,18,0.7,50000,500,,0.0057323969999742985,0.00018292999999403037,0.5536957359999519,0.2454631309326296,0.21467110910728127,0.5787915657625844,0.914955208401645,50000,0.034416365824308064,0.0,0.053790613718411553,0.0,0.07662413285518244,0.07916357908618375,0.05341061979306526,0.06973277724481049,0.42857142857142855,0.42857142857142855,0.6581753771542711,0.4,0.0
top_100__full_excl_covid,full_excl_covid,sparse_jl,5,5.0,19,0.7,50000,500,,0.0065884370000048875,0.00032292000003053545,0.5496693270000037,0.24223500366838155,0.20594516401022733,0.5847909419174346,1.0195123818284022,50000,0.05391095066185318,0.0,0.07906137184115523,0.0,0.11473096656946531,0.14932854224707928,0.1107533470703814,0.12493761862897534,0.5714285714285714,0.5714285714285714,0.724511765473446,0.6,0.0
top_100__full_excl_covid,full_excl_covid,sparse_jl,5,5.0,20,0.7,50000,500,,0.006932126999970478,0.00034103999996659695,0.5475646680000068,0.2577841207328283,0.22091288576634543,0.6164721589950412,0.9947351748963398,50000,0.04476534296028881,0.0,0.06847172081829123,0.0,0.2475048505417546,0.12347432029981875,0.10487381626066113,0.1586176623674115,0.5238095238095238,0.5238095238095238,0.6886324874616487,0.3,0.0
top_100__full_excl_covid,full_excl_covid,sparse_jl,5,5.0,21,0.7,50000,500,,0.007938966000040182,0.0003677000000266162,0.5457642289999853,0.22498276855223662,0.19052549245217887,0.546959336559354,0.9510855624719192,50000,0.048134777376654635,0.0,0.07906137184115523,0.0,0.15246021202756588,0.12627202271148222,0.12312044278772999,0.13395089250892603,0.5952380952380952,0.5952380952380952,0.7177885033608469,0.6,0.0
top_100__full_excl_covid,full_excl_covid,sparse_jl,5,5.0,22,0.7,50000,500,,0.01091238499998326,0.00022946000001411448,0.5477320879999752,0.23829109988997774,0.20836552013991294,0.5592633947213552,0.9076561802526995,50000,0.03537906137184116,0.0,0.05728038507821902,0.0,0.08522154927226519,0.08452601601019819,0.08248863795019797,0.0840787344108871,0.42857142857142855,0.42857142857142855,0.6952685499007972,0.4,0.0
top_100__full_excl_covid,full_excl_covid,sparse_jl,5,5.0,23,0.7,50000,500,,0.006021208000049683,0.00034504999996443075,0.5569076240000186,0.23361241729199897,0.20171503838846105,0.5571517679761541,0.9817521063239736,50000,0.05367027677496991,0.0,0.07882069795427196,0.0,0.35448429699292605,0.20951264308622042,0.1463954707507535,0.23679747027663334,0.6666666666666666,0.6666666666666666,0.7360918611965217,0.6,0.0
top_100__full_excl_covid,full_excl_covid,sparse_jl,5,5.0,24,0.7,50000,500,,0.004308498000000327,0.00019526999994923244,0.5696113990000526,0.23175508989837662,0.1983633591940513,0.5602834109636516,0.9362511347405165,50000,0.04115523465703971,0.0,0.07051744885679904,0.0,0.3658625074991311,0.13962369542789535,0.11626953938365683,0.20725191410356106,0.5952380952380952,0.5952380952380952,0.7248199964534617,0.4,0.0
top_100__full_excl_covid,full_excl_covid,sparse_jl,5,5.0,25,0.7,50000,500,,0.006633386999965296,0.000505138999983501,0.5465068379999707,0.2497373677240638,0.22084992463178532,0.5755338826761534,0.861822883657295,50000,0.03561973525872443,0.0,0.05776173285198556,0.0,0.1113733903281116,0.07287340238220494,0.05782898275697662,0.08069192515576439,0.42857142857142855,0.42857142857142855,0.677173593011312,0.3,0.0
top_100__full_excl_covid,full_excl_covid,sparse_jl,5,5.0,26,0.7,50000,500,,0.006345896999960132,0.0005924600000071223,0.5521265570000082,0.2345775087169241,0.20012967925073877,0.566212678663899,1.0089300763711386,50000,0.05342960288808664,0.0,0.09049338146811071,0.0,0.4139868130866549,0.16919471214318832,0.10596112053173412,0.22971421525385913,0.6190476190476191,0.6190476190476191,0.7463194000662466,0.8,0.0
top_100__full_excl_covid,full_excl_covid,sparse_jl,5,5.0,27,0.7,50000,500,,0.007534307000014451,0.00038967000000411645,0.6083792129999779,0.23425162738475797,0.19962782362158338,0.5699344419980105,1.015939667820859,50000,0.042839951865222624,0.0,0.07809867629362213,0.0,0.2728788883649347,0.15394609521669772,0.1240094988395537,0.18361149414039538,0.5,0.5,0.7443591221314025,0.6,0.0
top_100__full_excl_covid,full_excl_covid,sparse_jl,5,5.0,28,0.7,50000,500,,0.006844476999958715,0.0002380090000428936,0.5611589929999923,0.2418542683307381,0.2083751938318349,0.5785716772839519,1.0359681306536936,50000,0.05487364620938628,0.0,0.09398315282791816,0.0,0.3525169442309076,0.15931343655651936,0.17541298333438424,0.22908112137393707,0.6190476190476191,0.6190476190476191,0.7668474369569361,0.7,0.0
top_100__full_excl_covid,full_excl_covid,sparse_jl,5,5.0,29,0.7,50000,500,,0.0034350089999861666,0.00032014999999319116,0.681041882000045,0.23633766665781358,0.20252731335999374,0.568282253724749,0.9467819316728189,50000,0.039951865222623346,0.0,0.06726835138387484,0.0,0.30758076676553836,0.1477339662358375,0.11748920514209846,0.19093464604782476,0.5952380952380952,0.5952380952380952,0.7233689269714235,0.6,0.0
top_100__full_excl_covid,full_excl_covid,sparse_jl,5,5.0,30,0.7,50000,500,,0.004743128000029628,0.0007696800000189796,0.6445259870000086,0.2517773388843167,0.21651096552913845,0.6068464548611184,1.002612877446761,50000,0.042839951865222624,0.0,0.0730445246690734,0.0,0.2855662364422557,0.18271441095332933,0.13294922842795032,0.20040995860784513,0.5,0.5,0.7103238767343741,0.5,0.0
top_100__full_excl_covid,full_excl_covid,sparse_jl,5,5.0,31,0.7,50000,500,,0.006291336999993291,0.000463649999971949,0.6646199090000096,0.26651683355982075,0.23923182699458828,0.6024251057712716,0.8593563747368177,50000,0.032490974729241874,0.0,0.04993983152827918,0.0,0.0524188523934313,0.06459979876555955,0.05319127749896818,0.056736642885986344,0.35714285714285715,0.35714285714285715,0.6380399897284221,0.3,0.0
top_100__full_excl_covid,full_excl_covid,sparse_jl,5,5.0,32,0.7,50000,500,,0.006182787999989614,0.0005452600000239727,0.6768615540000269,0.24202578930579544,0.21232852562292442,0.5682146485654973,0.9004214130758762,50000,0.03369434416365824,0.0,0.05499398315282792,0.0,0.12877891928428897,0.1055197085569149,0.06388511969077723,0.09939458251066036,0.38095238095238093,0.38095238095238093,0.676655350923271,0.3,0.0
top_100__full_excl_covid,full_excl_covid,sparse_jl,5,5.0,33,0.7,50000,500,,0.006550048000008246,0.0005684690000293813,0.6969845860000419,0.26903912558185716,0.24403444853721906,0.6034786734853391,0.8392740278529248,50000,0.030806257521058967,0.0,0.050661853188929,0.0,0.028689821972293156,0.055622583754004314,0.04018900261035233,0.041500469445549935,0.2857142857142857,0.2857142857142857,0.6017147596216579,0.3,0.0
top_100__full_excl_covid,full_excl_covid,sparse_jl,5,5.0,34,0.7,50000,500,,0.009342895999964185,0.0006505200000219702,0.6368716100000142,0.2987214453870853,0.2595223390917403,0.7038743769924518,1.1314047796701967,50000,0.056558363417569195,0.0,0.09217809867629362,0.0,0.4955830534616224,0.21296306720101443,0.18952882925256592,0.2993583166384009,0.7857142857142857,0.7857142857142857,0.759619274097222,0.6,0.0
top_100__full_excl_covid,full_excl_covid,sparse_jl,5,5.0,35,0.7,50000,500,,0.005500987999994322,0.002044779000016206,0.6770090040000127,0.24842769584755744,0.2147058718938088,0.595340457273845,1.0120521522115808,50000,0.04620938628158845,0.0,0.07509025270758124,0.0,0.3166604124423494,0.1947349954837508,0.12393574901160266,0.2117770523125676,0.4523809523809524,0.4523809523809524,0.7318312266003753,0.5,0.0
top_100__full_excl_covid,full_excl_covid,sparse_jl,5,5.0,36,0.7,50000,500,,0.0071187670000085745,0.000485790000027464,0.6614827500000047,0.24137682687293271,0.2079536093654224,0.579501491583291,1.0253596112414975,50000,0.05270758122743682,0.0,0.07689530685920577,0.0,0.3741955303977446,0.16101569417168315,0.12693331908782438,0.22071484788575071,0.5238095238095238,0.5238095238095238,0.7700482295747834,0.6,0.0
top_100__full_excl_covid,full_excl_covid,sparse_jl,5,5.0,37,0.7,50000,500,,0.008406746999980896,0.000382838999996693,0.6357785519999766,0.23647317983050165,0.20596520493741605,0.5587500922985025,0.9163789495604162,50000,0.0358604091456077,0.0,0.0645006016847172,0.0,0.15904719122960914,0.09658134423642191,0.0858533786026175,0.1138273046895495,0.5476190476190477,0.5476190476190477,0.709708502156362,0.3,0.0
top_100__full_excl_covid,full_excl_covid,sparse_jl,5,5.0,38,0.7,50000,500,,0.005946407999999792,0.0005227700000318691,0.6210365670000328,0.2729838891188243,0.23719408023764282,0.6453410083080171,1.089939137927285,50000,0.05944645006016847,0.0,0.09290012033694343,0.0,0.4940136532919051,0.23041043613994186,0.17790017480755976,0.3007747547464689,0.6428571428571429,0.6428571428571429,0.7683369830334946,0.6,0.0
top_100__full_excl_covid,full_excl_covid,sparse_jl,5,5.0,39,0.7,50000,500,,0.006684867000046779,0.00047146000002840083,0.6644404890000146,0.2386537377290862,0.2071566887405405,0.5630920515652056,0.9139428036279214,50000,0.04524669073405536,0.0,0.0700361010830325,0.0,0.22040000071738608,0.10649668777535862,0.1052546190809059,0.14405043585788352,0.5238095238095238,0.5238095238095238,0.7112878827166482,0.4,0.0
top_100__full_excl_covid,full_excl_covid,sparse_jl,5,5.0,40,0.7,50000,500,,0.010442586000010579,0.00030815999997457766,0.5645756910000159,0.27120531170621043,0.24559117265142266,0.6058408754185529,0.8083656159745383,50000,0.02262334536702768,0.0,0.03838748495788207,0.0,0.024654605793455683,0.025212064662087818,0.01719431940324076,0.022353663286261417,0.5,0.5,0.5996927100236547,0.3,0.0
top_100__full_excl_covid,full_excl_covid,sparse_jl,5,5.0,41,0.7,50000,500,,0.008762547000003451,0.00044224900000244816,0.6214091880000296,0.26008283336144633,0.23248137838870903,0.5928328396994785,0.8549638408774058,50000,0.030565583634175695,0.0,0.048616125150421186,0.0,0.0826956794022335,0.0651401847130957,0.047120350679723755,0.06498540493168432,0.42857142857142855,0.42857142857142855,0.6108317677820417,0.4,0.0
top_100__full_excl_covid,full_excl_covid,sparse_jl,5,5.0,42,0.7,50000,500,,0.009658016000003045,0.0005601699999715493,0.5938990880000006,0.22929231177223372,0.195950768316681,0.5510575474515594,0.9271478688102615,50000,0.04091456077015644,0.0,0.07087845968712395,0.0,0.09307742184725068,0.14913831996623259,0.10391107682204803,0.11537560621184377,0.5714285714285714,0.5714285714285714,0.7085757846715939,0.5,0.0
top_100__full_excl_covid,full_excl_covid,sparse_jl,5,5.0,43,0.7,50000,500,,0.009315747000016472,0.0004791899999645466,0.577439935999962,0.23679409954411668,0.2061114304104268,0.5605375641396206,0.9003041018426144,50000,0.02984356197352588,0.0,0.05439229843561974,0.0,0.07397935043622149,0.08082920349637776,0.05987349548463328,0.0715606831390775,0.5714285714285714,0.5714285714285714,0.6878671587209709,0.5,0.0
top_100__full_excl_covid,full_excl_covid,sparse_jl,5,5.0,44,0.7,50000,500,,0.007482567000010931,0.0011687890000189327,0.5843525230000068,0.23942274247542136,0.2082937836821483,0.5701127411917387,0.9914283393372182,50000,0.04235860409145608,0.0,0.07749699157641396,0.0,0.3582482192060931,0.21425277953229607,0.12769393140998342,0.23339831004945755,0.6428571428571429,0.6428571428571429,0.7111233325414961,0.5,0.0
top_100__full_excl_covid,full_excl_covid,sparse_jl,5,5.0,45,0.7,50000,500,,0.00996454599999197,0.0003245699999752105,0.5612712020000004,0.2396972864174031,0.20733934718831531,0.5715116674745829,0.921168981910168,50000,0.03537906137184115,0.0,0.061010830324909754,0.0,0.3093215877342445,0.0970997539838227,0.10012359261818124,0.16884831144541615,0.5238095238095238,0.5238095238095238,0.698174055566894,0.4,0.0
top_100__full_excl_covid,full_excl_covid,sparse_jl,5,5.0,46,0.7,50000,500,,0.018831622000050174,0.0004563300000199888,0.5706353180000292,0.25012874619701886,0.21816752204557788,0.5850605976830348,0.9074296642328104,50000,0.03273164861612515,0.0,0.057400722021660654,0.0,0.21074272538987493,0.09378295996809909,0.08384784614972901,0.129457843835901,0.47619047619047616,0.47619047619047616,0.6712455626449144,0.4,0.0
top_100__full_excl_covid,full_excl_covid,sparse_jl,5,5.0,47,0.7,50000,500,,0.007610736000003726,0.0004269900000508642,0.606960483000023,0.235662968979641,0.20227762203622957,0.5703948496892484,1.0181269059089786,50000,0.05559566787003611,0.0,0.08447653429602887,0.0,0.29915150841733934,0.1839844548156452,0.1508340613399481,0.2113233415243109,0.6190476190476191,0.6190476190476191,0.7439641724353676,0.6,0.0
top_100__full_excl_covid,full_excl_covid,sparse_jl,5,5.0,48,0.7,50000,500,,0.005250508000017362,0.0004305490000433565,0.5849064829999975,0.2379025889734347,0.20918974646989485,0.557501991984284,0.8893768029521993,50000,0.03369434416365824,0.0,0.05944645006016847,0.0,0.14210084008199134,0.11013387561978386,0.10322103981904675,0.11848525184027398,0.42857142857142855,0.42857142857142855,0.6999948140242168,0.3,0.0
top_100__full_excl_covid,full_excl_covid,sparse_jl,5,5.0,49,0.7,50000,500,,0.019022832000018752,0.003840108999952463,0.5363360729999727,0.24319534598298284,0.2100242205644519,0.5816953713095303,1.007413925043187,50000,0.05054151624548736,0.0,0.08315282791817087,0.0,0.3351061930991995,0.18276245540202485,0.14428128767221762,0.2207166453911473,0.6428571428571429,0.6428571428571429,0.7581465824419589,0.7,0.0
top_100__full_excl_covid,full_excl_covid,sparse_jl,10,1.0,0,0.7,50000,100,,0.007750746999988678,0.0007368199999859826,0.5558193150000079,0.17140748124320512,0.14761969001846403,0.4120589276565393,0.9577455708009471,50000,0.09723225030084236,0.0,0.13598074608904936,0.0,0.13560074496869381,0.14717736406166462,0.15892789115646846,0.14723533339560899,0.6428571428571429,0.6428571428571429,0.8223296825179082,0.7,0.9
top_100__full_excl_covid,full_excl_covid,sparse_jl,10,1.0,1,0.7,50000,100,,0.0048107180000442895,0.0002569700000094599,0.5776904559999707,0.20285182066318289,0.1803222567875853,0.46896970415752504,0.8753177991788882,50000,0.06714801444043321,0.0,0.09891696750902529,0.0,0.07837110054857889,0.07994095433014389,0.06746707527511382,0.07525971005127886,0.42857142857142855,0.42857142857142855,0.7274257192613832,0.5,0.9
top_100__full_excl_covid,full_excl_covid,sparse_jl,10,1.0,2,0.7,50000,100,,0.006146997999962878,0.0002552799999762101,0.5226082689999885,0.17287431905839895,0.15073672868209326,0.4096706217367018,0.9238193829092552,50000,0.0835138387484958,0.0,0.12202166064981951,0.0,0.12009398733346238,0.14579002270982278,0.12042186437642452,0.1287686248065699,0.5714285714285714,0.5714285714285714,0.8131915540529235,0.6,0.9
top_100__full_excl_covid,full_excl_covid,sparse_jl,10,1.0,3,0.7,50000,100,,0.0061022670000170365,0.00041841000000886197,0.49434628099999145,0.17249901274925744,0.148216258450032,0.41579663237217424,0.9682025916154677,50000,0.10300842358604091,0.0,0.14320096269554755,0.0,0.16402101489321894,0.1448806417895313,0.15160041107317077,0.1535006892519737,0.6190476190476191,0.6190476190476191,0.798079160574539,0.5,0.9
top_100__full_excl_covid,full_excl_covid,sparse_jl,10,1.0,4,0.7,50000,100,,0.005749877999960518,0.00038326000003507943,0.5470493390000115,0.2000547619630228,0.1760327930632301,0.46441590007876865,0.8989005872228422,50000,0.06690734055354994,0.0,0.09578820697954271,0.0,0.035776496974317486,0.05139807996756082,0.07838911072685842,0.055187895889578904,0.3333333333333333,0.3333333333333333,0.7299295418274039,0.3,0.9
top_100__full_excl_covid,full_excl_covid,sparse_jl,10,1.0,5,0.7,50000,100,,0.00882204599997749,0.0007425790000183952,0.5517414970000232,0.16966604624344847,0.14400347563396798,0.4157290965960273,0.9860809612654401,50000,0.09843561973525872,0.0,0.14067388688327317,0.0,0.3461779520468142,0.20569384946360872,0.15286838474635592,0.23491339541892628,0.6190476190476191,0.6190476190476191,0.8461994743762609,0.4,0.9
top_100__full_excl_covid,full_excl_covid,sparse_jl,10,1.0,6,0.7,50000,100,,0.005989306999993005,0.00043404999996710103,0.519763160000025,0.17022404998794013,0.14612844141210424,0.4102680522885902,1.0117882704467518,50000,0.10830324909747292,0.0,0.15559566787003612,0.0,0.5314977602001363,0.3207786217957326,0.22926481543534252,0.36051373247707047,0.6904761904761905,0.6904761904761905,0.834158956012888,0.8,0.9
top_100__full_excl_covid,full_excl_covid,sparse_jl,10,1.0,7,0.7,50000,100,,0.005886637999992672,0.00033164899997473185,0.5330305449999742,0.18036842977431744,0.15637679467544607,0.42483841937577754,0.9220614798315365,50000,0.08038507821901325,0.0,0.11371841155234659,0.0,0.13090549011166727,0.09785540389422859,0.09252478989322387,0.10709522796637323,0.5952380952380952,0.5952380952380952,0.7707514938956045,0.4,0.9
top_100__full_excl_covid,full_excl_covid,sparse_jl,10,1.0,8,0.7,50000,100,,0.005024117000004935,0.0004402310000273246,0.5425647409999783,0.2933756168885792,0.24278554576956546,0.7332020679930665,1.2070238041345691,50000,0.12707581227436823,0.0,0.18026474127557163,0.0,0.6654945479378735,0.32760639875152553,0.24050259163681817,0.4112011794420724,0.7380952380952381,0.7380952380952381,0.8344375767440771,0.5,0.9
top_100__full_excl_covid,full_excl_covid,sparse_jl,10,1.0,9,0.7,50000,100,,0.00597338700004002,0.00042881899997837536,0.5857507829999804,0.15774661227114853,0.13435796020187207,0.3845024280966732,0.9582098825041815,50000,0.09482551143200962,0.0,0.14681107099879662,0.0,0.3772083932796224,0.17648939215243029,0.2143056425991357,0.2560011426770628,0.5952380952380952,0.5952380952380952,0.852165960425986,0.6,0.9
top_100__full_excl_covid,full_excl_covid,sparse_jl,10,1.0,10,0.7,50000,100,,0.008772895999982211,0.0005737689999705253,0.5751682259999598,0.1692264924817474,0.14538860181507918,0.4098696342403106,0.9626683091629376,50000,0.09193742478941036,0.0,0.133453670276775,0.0,0.3270510568246808,0.20800886427135354,0.16081287126683158,0.2319575974542886,0.6428571428571429,0.6428571428571429,0.8209857828983247,0.4,0.9
top_100__full_excl_covid,full_excl_covid,sparse_jl,10,1.0,11,0.7,50000,100,,0.006061507000026722,0.0005252500000096916,0.5702752889999942,0.15938798089361297,0.13569215667126977,0.3882186022487407,0.9628128425682825,50000,0.09819494584837545,0.0,0.1371841155234657,0.0,0.47996728399240385,0.1883515627522902,0.16415801008686212,0.27749228561051875,0.5714285714285714,0.5714285714285714,0.8520001555792734,0.6,0.9
top_100__full_excl_covid,full_excl_covid,sparse_jl,10,1.0,12,0.7,50000,100,,0.006406147000006968,0.00039294999999128777,0.51267892300001,0.16839943697976528,0.14470722949778847,0.4076031936519258,1.024303422072478,50000,0.11624548736462093,0.0,0.16570397111913357,0.0,0.46032357790650746,0.23706305199865993,0.25657679845775916,0.3179878094543089,0.7380952380952381,0.7380952380952381,0.8519756685726522,0.5,0.9
top_100__full_excl_covid,full_excl_covid,sparse_jl,10,1.0,13,0.7,50000,100,,0.0070453969999562105,0.00042301000001998545,0.546995139000046,0.18827473238815792,0.16287045928365207,0.44775346385299836,0.9169585748584467,50000,0.07460890493381468,0.0,0.11347773766546329,0.0,0.17611705824278953,0.13716704834656696,0.10521638497647139,0.13950016385527594,0.5476190476190477,0.5476190476190477,0.747906455034244,0.5,0.9
top_100__full_excl_covid,full_excl_covid,sparse_jl,10,1.0,14,0.7,50000,100,,0.007350136000013663,0.0004601699999966513,0.5775494060000028,0.18287116935671205,0.15904655853044558,0.43601117183804283,0.9101801629804782,50000,0.07340553549939831,0.0,0.11143200962695549,0.0,0.1141820503598172,0.12579986292766013,0.08614028500570817,0.10870739943106182,0.47619047619047616,0.47619047619047616,0.76192843437064,0.5,0.9
top_100__full_excl_covid,full_excl_covid,sparse_jl,10,1.0,15,0.7,50000,100,,0.006425476999993407,0.0010345599999936894,0.5709204490000275,0.17901686987270973,0.15747353460187113,0.42011021961844075,0.9088541066841571,50000,0.08038507821901324,0.0,0.11961492178098677,0.0,0.12004250489919754,0.10859095762102419,0.08359792304481035,0.10407712852167737,0.47619047619047616,0.47619047619047616,0.7785343261409982,0.5,0.9
top_100__full_excl_covid,full_excl_covid,sparse_jl,10,1.0,16,0.7,50000,100,,0.010695124999983818,0.0002756100000169681,0.5159676220000051,0.18197483637141162,0.15359478855933667,0.44620727049838016,1.0181012170559223,50000,0.11407942238267148,0.0,0.15270758122743683,0.0,0.4088592077184445,0.21769009519401913,0.18555646561790196,0.2707019228434552,0.6904761904761905,0.6904761904761905,0.8285483784624751,0.5,0.9
top_100__full_excl_covid,full_excl_covid,sparse_jl,10,1.0,17,0.7,50000,100,,0.00674042800000052,0.0003539300000170442,0.5380577829999993,0.16509541563513863,0.13951188485102617,0.4052341195402619,0.9426746758463505,50000,0.07605294825511431,0.0,0.1269554753309266,0.0,0.4303693924760865,0.16961785818751313,0.14889538979815756,0.24962754682058574,0.7619047619047619,0.7619047619047619,0.8199653376070235,0.7,0.9
top_100__full_excl_covid,full_excl_covid,sparse_jl,10,1.0,18,0.7,50000,100,,0.005601017999993019,0.00027889099999356404,0.5341105040000116,0.19996668823152827,0.1721709115190192,0.48217178121372894,1.0913728230751318,50000,0.13140794223826716,0.0,0.1700361010830325,0.0,0.5144846623536085,0.27520375189614293,0.2464978112168801,0.3453954084888771,0.7857142857142857,0.7857142857142857,0.8464024175011625,0.9,0.9
top_100__full_excl_covid,full_excl_covid,sparse_jl,10,1.0,19,0.7,50000,100,,0.006140268000024207,0.000272259999974267,0.5439221500000144,0.18887064169566467,0.16480697698678443,0.445319024234506,0.9058756565201403,50000,0.07725631768953069,0.0,0.11732851985559567,0.0,0.11285079397485548,0.09668661185038083,0.08406369100816309,0.0978670322777998,0.5714285714285714,0.5714285714285714,0.7557148407570854,0.3,0.9
top_100__full_excl_covid,full_excl_covid,sparse_jl,10,1.0,20,0.7,50000,100,,0.004561347999981535,0.0003871999999773834,0.6085222719999592,0.16491876462099342,0.14343010696916403,0.39380027742300144,0.9427079708233588,50000,0.08760529482551142,0.0,0.137424789410349,0.0,0.16291658610500784,0.14287137818728984,0.11418536306116951,0.1399911091178224,0.5952380952380952,0.5952380952380952,0.7993410674076478,0.5,0.9
top_100__full_excl_covid,full_excl_covid,sparse_jl,10,1.0,21,0.7,50000,100,,0.006183367999994971,0.00043355999997629624,0.5497258569999985,0.18485503424636107,0.16336569238590387,0.42815507614798826,0.8883975105487941,50000,0.08086642599277977,0.0,0.12226233453670277,0.0,0.2672093174311262,0.14192946795568392,0.10876352105650508,0.17263410214777175,0.6666666666666666,0.6666666666666666,0.7890116073848294,0.4,0.9
top_100__full_excl_covid,full_excl_covid,sparse_jl,10,1.0,22,0.7,50000,100,,0.009889745999998922,0.00022940999997445033,0.6186412590000145,0.15325528569216,0.12891897700327698,0.37792039376435116,0.9755541480837034,50000,0.09987966305655836,0.0,0.14981949458483754,0.0,0.2753332856889459,0.2598803779999827,0.2066245268706134,0.24727939685318068,0.6190476190476191,0.6190476190476191,0.8342303886470624,0.5,0.9
top_100__full_excl_covid,full_excl_covid,sparse_jl,10,1.0,23,0.7,50000,100,,0.0053060870000081195,0.00019740900000897454,0.5904984210000066,0.17994494375295986,0.14809666834847934,0.455392558590135,1.0254047254175531,50000,0.09963898916967509,0.0,0.1460890493381468,0.0,0.12204580916391171,0.22670283273099676,0.1814743700368415,0.17674100397724998,0.6428571428571429,0.6428571428571429,0.83123498576366,0.5,0.9
top_100__full_excl_covid,full_excl_covid,sparse_jl,10,1.0,24,0.7,50000,100,,0.004348897999989276,0.0004151499999807129,0.5611398130000111,0.16244690884979757,0.13899024249876413,0.39217007749237465,0.9256938922352997,50000,0.09891696750902526,0.0,0.13634175691937425,0.0,0.3771594562127516,0.1899752074110723,0.1788571424169951,0.24866393534693967,0.6190476190476191,0.6190476190476191,0.8291902475216054,0.8,0.9
top_100__full_excl_covid,full_excl_covid,sparse_jl,10,1.0,25,0.7,50000,100,,0.006124476999957551,0.00026929000000563974,0.5732286479999971,0.16699751140412128,0.14449436616208472,0.40270171968267005,0.9271799554276039,50000,0.08977135980746088,0.0,0.12972322503008424,0.0,0.370465895430872,0.1726362042721884,0.14144861495905936,0.22818357155403993,0.7380952380952381,0.7380952380952381,0.8127753376739392,0.6,0.9
top_100__full_excl_covid,full_excl_covid,sparse_jl,10,1.0,26,0.7,50000,100,,0.005162787000017488,0.0004004400000212627,0.6334121920000371,0.17292342646188946,0.14700511754597778,0.42050056982208317,1.0098702346640938,50000,0.1022864019253911,0.0,0.14332129963898918,0.0,0.42637869463376915,0.2529120323762931,0.20707464374726486,0.2954551235857757,0.7619047619047619,0.7619047619047619,0.8351814506010712,0.6,0.9
top_100__full_excl_covid,full_excl_covid,sparse_jl,10,1.0,27,0.7,50000,100,,0.005837918000054287,0.00032021999999187756,0.6772175529999913,0.16328776566065814,0.13778339363883363,0.4000101346287599,0.9783967728799852,50000,0.10276774969915765,0.0,0.15306859205776174,0.0,0.30353784226778574,0.2104948492672128,0.1538078277090948,0.22261350641469776,0.5952380952380952,0.5952380952380952,0.8169792192931682,0.9,0.9
top_100__full_excl_covid,full_excl_covid,sparse_jl,10,1.0,28,0.7,50000,100,,0.006190196999966702,0.00026468999999451626,0.6350663510000345,0.19455379979032073,0.1677337532732754,0.46562372555844017,1.0553557059391647,50000,0.10445246690734054,0.0,0.15547533092659446,0.0,0.5569973356145921,0.3264478238070679,0.1975222433340576,0.36032246758523917,0.7380952380952381,0.7380952380952381,0.8428697015220001,0.6,0.9
top_100__full_excl_covid,full_excl_covid,sparse_jl,10,1.0,29,0.7,50000,100,,0.005658917999994628,0.0010907089999818709,0.6492277250000029,0.1704867643256642,0.14661775215116946,0.4101097036320068,0.9458697270983607,50000,0.09386281588447654,0.0,0.12948255114320098,0.0,0.2887041409479005,0.1280451041390812,0.10696954143923625,0.17457292884207265,0.5714285714285714,0.5714285714285714,0.8033532770348263,0.4,0.9
top_100__full_excl_covid,full_excl_covid,sparse_jl,10,1.0,30,0.7,50000,100,,0.007894015999966086,0.0009234089999949902,0.6395900289999759,0.16900201135892323,0.14466828399641074,0.4113165489926029,0.9365003337179019,50000,0.0914560770156438,0.0,0.13574007220216608,0.0,0.35079408349692126,0.22084633114958102,0.1358306752453793,0.2358236966306272,0.7142857142857143,0.7142857142857143,0.8155853001007083,0.5,0.9
top_100__full_excl_covid,full_excl_covid,sparse_jl,10,1.0,31,0.7,50000,100,,0.009734986000012213,0.0007393299999876035,0.6623839300000327,0.1702988586790907,0.1429905577304078,0.4224167843367993,0.980358205596889,50000,0.09121540312876054,0.0,0.13032490974729244,0.0,0.42151716284163465,0.23058013228244673,0.15831956786586834,0.2701389543299832,0.6666666666666666,0.6666666666666666,0.8361075445910272,0.6,0.9
top_100__full_excl_covid,full_excl_covid,sparse_jl,10,1.0,32,0.7,50000,100,,0.005641336999985924,0.0004557999999974527,0.6868977889999996,0.1826171177098029,0.15660388571053224,0.4401036797791569,0.9936295051716317,50000,0.09819494584837545,0.0,0.1404332129963899,0.0,0.1017489091062016,0.23150590613096583,0.1359741115881467,0.1564096422751047,0.47619047619047616,0.47619047619047616,0.7774829531957321,0.4,0.9
top_100__full_excl_covid,full_excl_covid,sparse_jl,10,1.0,33,0.7,50000,100,,0.006610017000014068,0.00026014000002305693,0.6447579969999992,0.18130653187631796,0.1579032390993364,0.42662718489809626,0.9146686871333815,50000,0.08399518652226234,0.0,0.1222623345367028,0.0,0.13004797384865316,0.12804167955600976,0.10705263804946641,0.12171409715137645,0.5238095238095238,0.5238095238095238,0.7743983431643819,0.6,0.9
top_100__full_excl_covid,full_excl_covid,sparse_jl,10,1.0,34,0.7,50000,100,,0.0054170870000120885,0.0005046300000230985,0.5893553010000119,0.16983479851806527,0.1450520498302209,0.4132564351929281,0.9906959544286288,50000,0.10012033694344163,0.0,0.14356197352587247,0.0,0.41109684857837786,0.2767747528243979,0.18031187252493064,0.28939449130923545,0.6904761904761905,0.6904761904761905,0.8368931780997915,0.7,0.9
top_100__full_excl_covid,full_excl_covid,sparse_jl,10,1.0,35,0.7,50000,100,,0.005622006999999485,0.00045571900000140886,0.5898690010000109,0.1880887592642889,0.16381289867672866,0.44341188680167576,0.899453099121441,50000,0.07749699157641396,0.0,0.10962695547533093,0.0,0.054268773688551625,0.14582040173518607,0.07107479818703624,0.09038799120359131,0.5476190476190477,0.5476190476190477,0.7569465518279727,0.4,0.9
top_100__full_excl_covid,full_excl_covid,sparse_jl,10,1.0,36,0.7,50000,100,,0.005593947000022581,0.0005454000000213455,0.6033270949999974,0.16198677122189029,0.13800694178885842,0.39538492889931826,0.9542350439564328,50000,0.1022864019253911,0.0,0.14693140794223827,0.0,0.15380732489365737,0.15304361587749504,0.20237148301291477,0.16974080792802237,0.5714285714285714,0.5714285714285714,0.8193178643482567,0.5,0.9
top_100__full_excl_covid,full_excl_covid,sparse_jl,10,1.0,37,0.7,50000,100,,0.006622936999974627,0.0003054599999927632,0.6139048610000373,0.17429621475018184,0.14998750309581066,0.42187977243895525,0.9405368326096536,50000,0.0888086642599278,0.0,0.12767749699157643,0.0,0.356604799744574,0.1503943980226167,0.13783162800977908,0.21494360859232328,0.6904761904761905,0.6904761904761905,0.8093482232177808,0.6,0.9
top_100__full_excl_covid,full_excl_covid,sparse_jl,10,1.0,38,0.7,50000,100,,0.006174137999948925,0.00034986000002845685,0.6693285470000205,0.17634824311174768,0.15078692227813656,0.42811715688876706,1.0512786498344475,50000,0.11119133574007221,0.0,0.1592057761732852,0.0,0.4641267549598147,0.32166115112148225,0.21099120377567016,0.3322597032856557,0.7142857142857143,0.7142857142857143,0.8551887151494063,0.7,0.9
top_100__full_excl_covid,full_excl_covid,sparse_jl,10,1.0,39,0.7,50000,100,,0.006154668000021957,0.0005034490000070946,0.5634169819999784,0.16619864813625937,0.1420228638097456,0.4027481513649097,1.0350721460726247,50000,0.1155234657039711,0.0,0.1643802647412756,0.0,0.4889696819594649,0.3210593788447761,0.2505660238387802,0.35353169488100705,0.6666666666666666,0.6666666666666666,0.8623231540435554,0.6,0.9
top_100__full_excl_covid,full_excl_covid,sparse_jl,10,1.0,40,0.7,50000,100,,0.0062273979999645235,0.0003567089999592099,0.562826412999982,0.17880699502569006,0.15318947321819282,0.4327741194238238,1.049966719310355,50000,0.1049338146811071,0.0,0.15318892900120337,0.0,0.49809982264838326,0.3092742439212396,0.18607408145590806,0.33114938267517696,0.7619047619047619,0.7619047619047619,0.8304652865837132,0.8,0.9
top_100__full_excl_covid,full_excl_covid,sparse_jl,10,1.0,41,0.7,50000,100,,0.006009387999995397,0.0004289999999969041,0.5877778909999734,0.1638807188194667,0.13956389144995218,0.3990092487536819,0.9864949884417437,50000,0.09723225030084236,0.0,0.15054151624548737,0.0,0.40471435383634735,0.2537179737029037,0.2349829895804209,0.2978051057065573,0.6904761904761905,0.6904761904761905,0.8402964119739161,0.9,0.9
top_100__full_excl_covid,full_excl_covid,sparse_jl,10,1.0,42,0.7,50000,100,,0.005532958000003418,0.0004281999999875552,0.5791506150000032,0.1659541447489104,0.14020592760597905,0.4051070055225645,1.0025740535434338,50000,0.11143200962695547,0.0,0.1483754512635379,0.0,0.4406384661093485,0.2530040009393795,0.20226800318877056,0.29863682341249953,0.6666666666666666,0.6666666666666666,0.8498315603430104,0.6,0.9
top_100__full_excl_covid,full_excl_covid,sparse_jl,10,1.0,43,0.7,50000,100,,0.006315126999993481,0.00033885999999938576,0.5873639619999835,0.17773379774506062,0.15609561899351299,0.41810888955665104,0.8933350283751649,50000,0.07677496991576413,0.0,0.11419975932611312,0.0,0.33956810363807033,0.14707687990752474,0.12119024753134804,0.20261174369231436,0.5952380952380952,0.5952380952380952,0.8090705434902619,0.7,0.9
top_100__full_excl_covid,full_excl_covid,sparse_jl,10,1.0,44,0.7,50000,100,,0.006793906999973842,0.0003698600000348051,0.6362144309999849,0.18549414166623354,0.16329723899251214,0.4329821336312437,0.9029576151107448,50000,0.07966305655836342,0.0,0.12430806257521058,0.0,0.12099323127810725,0.09764457984876784,0.10612208859300287,0.10825329990662598,0.5476190476190477,0.5476190476190477,0.7706589409568292,0.4,0.9
top_100__full_excl_covid,full_excl_covid,sparse_jl,10,1.0,45,0.7,50000,100,,0.006841257000019141,0.00017904000003454712,0.5894330510000145,0.1652254987692653,0.1400392650308852,0.4026172599368961,0.9910334145814211,50000,0.09651022864019254,0.0,0.13622141997593262,0.0,0.43321954765504156,0.24049174052783362,0.16052231855183496,0.27807786891157005,0.6428571428571429,0.6428571428571429,0.8352838945339814,0.5,0.9
top_100__full_excl_covid,full_excl_covid,sparse_jl,10,1.0,46,0.7,50000,100,,0.006123506999983874,0.0004440189999854738,0.6135811510000053,0.18109674722283112,0.1579257978781084,0.4253921056434391,0.8998839403560092,50000,0.08640192539109506,0.0,0.12515042117930206,0.0,0.15092511746114076,0.1477442627466434,0.1021400271758958,0.13360313579455999,0.6190476190476191,0.6190476190476191,0.8085010480689767,0.5,0.9
top_100__full_excl_covid,full_excl_covid,sparse_jl,10,1.0,47,0.7,50000,100,,0.006673946999967484,0.00035611999999218824,0.572462277999989,0.16227769584298815,0.1372723667270001,0.39993150469987354,0.9621708160823815,50000,0.09530685920577618,0.0,0.13537906137184116,0.0,0.4145251672315268,0.18750914621787543,0.1484045939714198,0.25014630247360736,0.7142857142857143,0.7142857142857143,0.8246214446790215,0.7,0.9
top_100__full_excl_covid,full_excl_covid,sparse_jl,10,1.0,48,0.7,50000,100,,0.0060434770000483695,0.00021658999997953288,0.6134969100000376,0.1799512257877741,0.15715551038151587,0.422192284633634,0.9097362483901634,50000,0.08255114320096268,0.0,0.12238267148014442,0.0,0.1214202245355796,0.12110510472304437,0.08903744882095349,0.11052092602652581,0.47619047619047616,0.47619047619047616,0.7973218617318482,0.6,0.9
top_100__full_excl_covid,full_excl_covid,sparse_jl,10,1.0,49,0.7,50000,100,,0.008672715999978209,0.0007977789999813467,0.6212993359999928,0.16202223370735117,0.1391159430145522,0.39163352874484214,0.931858443036879,50000,0.10517448856799037,0.0,0.14019253910950663,0.0,0.40289272023842787,0.14306796998972143,0.13771918541474215,0.22789329188096383,0.6428571428571429,0.6428571428571429,0.8309027696456471,0.6,0.9
top_100__full_excl_covid,full_excl_covid,sparse_jl,10,3.0,0,0.7,50000,300,,0.0065657869999995455,0.0007153800000310184,0.5384421519999592,0.1865196650454695,0.1641602025192816,0.4319394631375789,0.8939747319007078,50000,0.08134777376654632,0.0,0.12418772563176896,0.0,0.08927664739535797,0.1354403443053171,0.11392805808290479,0.11288168326119329,0.5,0.5,0.7688860691307301,0.5,0.7
top_100__full_excl_covid,full_excl_covid,sparse_jl,10,3.0,1,0.7,50000,300,,0.007321446999981163,0.0002665299999762283,0.5671768500000098,0.16213872615910457,0.13802754884807356,0.3951891074846051,0.9867085572114671,50000,0.098676293622142,0.0,0.14705174488567993,0.0,0.42112339534158477,0.15866436463250316,0.15112235042613034,0.2436367034667394,0.6904761904761905,0.6904761904761905,0.832150038643884,0.7,0.7
top_100__full_excl_covid,full_excl_covid,sparse_jl,10,3.0,2,0.7,50000,300,,0.00767420699997956,0.00047024999997802297,0.5341288139999847,0.17007641120041028,0.14519452636251584,0.4126052954999735,0.9940220467933435,50000,0.0914560770156438,0.0,0.1391095066185319,0.0,0.41749619789085457,0.24751832188941922,0.15727876505887142,0.2740977616130484,0.6428571428571429,0.6428571428571429,0.8471780554598287,0.7,0.7
top_100__full_excl_covid,full_excl_covid,sparse_jl,10,3.0,3,0.7,50000,300,,0.005502958000022318,0.0003097899999602305,0.5573467140000048,0.1698898922792295,0.14837846551729544,0.4014572468792342,0.918564392175804,50000,0.0941034897713598,0.0,0.12743682310469315,0.0,0.12483231970438588,0.16657196690191547,0.11306557486652649,0.13482328715760927,0.6904761904761905,0.6904761904761905,0.8009185450494005,0.5,0.7
top_100__full_excl_covid,full_excl_covid,sparse_jl,10,3.0,4,0.7,50000,300,,0.006029987999966124,0.0004058099999610931,0.6148209600000314,0.17434007171401875,0.14872664448742823,0.4209177970891321,0.9647606031008565,50000,0.08929001203369434,0.0,0.12406738868832731,0.0,0.12346515684700028,0.12313750000365795,0.1268898382766793,0.12449749837577917,0.6190476190476191,0.6190476190476191,0.8032167687690499,0.7,0.7
top_100__full_excl_covid,full_excl_covid,sparse_jl,10,3.0,5,0.7,50000,300,,0.007032825999999659,0.0013791200000241588,0.605005263999999,0.18748408586082507,0.15905734686578005,0.461028266368621,1.0307085529398337,50000,0.0914560770156438,0.0,0.1351383874849579,0.0,0.4275412868321903,0.2138722903089374,0.1713443367969026,0.2709193046460101,0.6904761904761905,0.6904761904761905,0.8354840355590649,0.9,0.7
top_100__full_excl_covid,full_excl_covid,sparse_jl,10,3.0,6,0.7,50000,300,,0.004646657999956005,0.0002409300000181247,0.5948952780000241,0.17998502239093367,0.15129849145882218,0.44643475362247553,1.031758410482265,50000,0.10854392298435618,0.0,0.1545126353790614,0.0,0.34271310741774696,0.17139895263160732,0.134830541092774,0.21631420038070945,0.6428571428571429,0.6428571428571429,0.812146182619955,0.4,0.7
top_100__full_excl_covid,full_excl_covid,sparse_jl,10,3.0,7,0.7,50000,300,,0.006112748000020929,0.0003076800000485491,0.6027845050000451,0.1749166419934195,0.1534708730472512,0.4130259216290997,0.9239869105904513,50000,0.08784596871239471,0.0,0.12178098676293622,0.0,0.1372213326976679,0.1549120306666851,0.11676252621949812,0.13629862986128372,0.5476190476190477,0.5476190476190477,0.810644926275499,0.5,0.7
top_100__full_excl_covid,full_excl_covid,sparse_jl,10,3.0,8,0.7,50000,300,,0.008370305999960692,0.0004937799999993331,0.6219409970000243,0.16606131055590315,0.1416268380539234,0.40624802382573105,0.9818504845694673,50000,0.11191335740072202,0.0,0.15439229843561975,0.0,0.3773298659469226,0.16234236454428935,0.13454099398865477,0.22473774149328887,0.5,0.5,0.8048538433099238,0.5,0.7
top_100__full_excl_covid,full_excl_covid,sparse_jl,10,3.0,9,0.7,50000,300,,0.006080078000024969,0.000458788999992521,0.639195629000028,0.16694107790812793,0.14192194378946826,0.4078658777607913,0.9827586369840714,50000,0.1022864019253911,0.0,0.14344163658243084,0.0,0.2939778682784234,0.17657586874426565,0.13494162285431577,0.20183178662566828,0.6666666666666666,0.6666666666666666,0.8109860505615909,0.8,0.7
top_100__full_excl_covid,full_excl_covid,sparse_jl,10,3.0,10,0.7,50000,300,,0.004386527999997725,0.0003536799999892537,0.5655200410000134,0.18573369453401958,0.1594193227520444,0.44541353100812225,1.0528503793764352,50000,0.10373044524669071,0.0,0.15162454873646208,0.0,0.5489262468193626,0.32624358010537596,0.22614081614324225,0.36710354768932696,0.7380952380952381,0.7380952380952381,0.8663983481830683,0.7,0.7
top_100__full_excl_covid,full_excl_covid,sparse_jl,10,3.0,11,0.7,50000,300,,0.005868297999995775,0.00024022000002332788,0.6619928709999954,0.16057419508226453,0.13564109003571978,0.3954101223475614,1.0077921791694182,50000,0.10661853188929002,0.0,0.15138387484957883,0.0,0.48012902056010215,0.1676590376209783,0.15288762854404964,0.2668918955750434,0.6904761904761905,0.6904761904761905,0.8424952238835931,0.8,0.7
top_100__full_excl_covid,full_excl_covid,sparse_jl,10,3.0,12,0.7,50000,300,,0.006932977000019491,0.0003660200000012992,0.6067818530000295,0.16880081223108306,0.14333729801550577,0.4143689617867377,0.983219494671901,50000,0.09554753309265944,0.0,0.14669073405535502,0.0,0.41467546679490014,0.22127329509915816,0.1540961758368257,0.2633483125769613,0.7380952380952381,0.7380952380952381,0.8240920360140923,0.8,0.7
top_100__full_excl_covid,full_excl_covid,sparse_jl,10,3.0,13,0.7,50000,300,,0.005930456999976741,0.000446199999998953,0.6055853340000112,0.17358897316578314,0.14942751964881656,0.4165632195934813,0.9064944761232385,50000,0.08784596871239471,0.0,0.12539109506618532,0.0,0.34340811653333425,0.16707282861412326,0.12095477121447476,0.21047857212064405,0.7380952380952381,0.7380952380952381,0.7960927018264671,0.8,0.7
top_100__full_excl_covid,full_excl_covid,sparse_jl,10,3.0,14,0.7,50000,300,,0.004269837999970605,0.00023650899998983732,0.6445565680000414,0.1761014873171066,0.15395219681464067,0.41289531446011585,0.9150162916680766,50000,0.08856799037304451,0.0,0.12358604091456077,0.0,0.11433617158130623,0.15849120313966014,0.11784074338442452,0.13022270603513028,0.5,0.5,0.826105658401448,0.5,0.7
top_100__full_excl_covid,full_excl_covid,sparse_jl,10,3.0,15,0.7,50000,300,,0.00405584899999667,0.00018350999999938722,0.656660273,0.16476946809795118,0.13996680594817923,0.4016905590076307,0.9868414384021249,50000,0.1022864019253911,0.0,0.15138387484957883,0.0,0.43901547484433806,0.15750038986526158,0.1554391951956694,0.2506516866350897,0.6666666666666666,0.6666666666666666,0.8283805452300733,0.6,0.7
top_100__full_excl_covid,full_excl_covid,sparse_jl,10,3.0,16,0.7,50000,300,,0.00446053899997878,0.0002639599999838538,0.6060171230000151,0.16533905870035745,0.14327439041489276,0.39529504964741685,0.9194840589992065,50000,0.09362214199759326,0.0,0.13802647412755717,0.0,0.38445830677501364,0.21975976376406933,0.13180726001967705,0.24534177685292,0.6428571428571429,0.6428571428571429,0.8405634897267491,0.6,0.7
top_100__full_excl_covid,full_excl_covid,sparse_jl,10,3.0,17,0.7,50000,300,,0.006389637999973274,0.0003919089999726566,0.6431884080000145,0.205709409390498,0.1876520042600145,0.4588228499617355,0.8531894966166322,50000,0.07581227436823104,0.0,0.10433212996389891,0.0,0.08127805795255047,0.08446782949133622,0.0789994061993194,0.08158176454773536,0.5,0.5,0.7688510847053862,0.3,0.7
top_100__full_excl_covid,full_excl_covid,sparse_jl,10,3.0,18,0.7,50000,300,,0.0056678380000221296,0.0005762899999695037,0.6399453989999984,0.16057377026584715,0.13500291349370486,0.3965101539216388,0.9748564789801801,50000,0.098676293622142,0.0,0.148014440433213,0.0,0.3413117590361098,0.13264259321375438,0.18508925202267879,0.219681201424181,0.6904761904761905,0.6904761904761905,0.8238243309254791,0.5,0.7
top_100__full_excl_covid,full_excl_covid,sparse_jl,10,3.0,19,0.7,50000,300,,0.008545447000017248,0.00039487899999812726,0.6087017920000335,0.1699403169519541,0.14371099039908042,0.4166670943051903,0.9805582021553451,50000,0.09602888086642598,0.0,0.13513838748495788,0.0,0.39934090012081563,0.18653503978891464,0.1547330893886106,0.24686967643278032,0.7142857142857143,0.7142857142857143,0.834363676589167,0.4,0.7
top_100__full_excl_covid,full_excl_covid,sparse_jl,10,3.0,20,0.7,50000,300,,0.006948657000009462,0.0010079500000301778,0.5732412269999827,0.1593128328720268,0.1343980453366811,0.39306935152520567,0.9991447604354733,50000,0.10252707581227435,0.0,0.15294825511432011,0.0,0.4208677788306669,0.25090565557527617,0.17792072142000712,0.2832313852753167,0.5952380952380952,0.5952380952380952,0.8462751310713555,0.8,0.7
top_100__full_excl_covid,full_excl_covid,sparse_jl,10,3.0,21,0.7,50000,300,,0.005710967999959848,0.00051373999997395,0.573817297000005,0.1789691823869328,0.1529066882337784,0.43420279205023643,1.0308255077827333,50000,0.09963898916967509,0.0,0.14296028880866427,0.0,0.4541513256470286,0.3066308582802535,0.21505601992564136,0.3252794012843078,0.6190476190476191,0.6190476190476191,0.8385253594215796,0.8,0.7
top_100__full_excl_covid,full_excl_covid,sparse_jl,10,3.0,22,0.7,50000,300,,0.006504387000006773,0.00034605999996983883,0.5754429360000017,0.17535150008543446,0.15084559979279172,0.4194364883364373,1.0314887332182687,50000,0.11576413959085438,0.0,0.15740072202166067,0.0,0.5913089323055428,0.2855019712113339,0.20983063096614793,0.3622138448276749,0.7380952380952381,0.7380952380952381,0.8610757595781625,0.8,0.7
top_100__full_excl_covid,full_excl_covid,sparse_jl,10,3.0,23,0.7,50000,300,,0.006460118000006787,0.00034057899995332264,0.5690330990000234,0.17191679958789347,0.14873047723178517,0.4091503313135059,0.9172196416041968,50000,0.08086642599277977,0.0,0.1282791817087846,0.0,0.27175030200429234,0.1781204808984315,0.12594261338974191,0.19193779876415526,0.5238095238095238,0.5238095238095238,0.799974781101635,0.5,0.7
top_100__full_excl_covid,full_excl_covid,sparse_jl,10,3.0,24,0.7,50000,300,,0.006128277000016169,0.0002608300000019881,0.5845975130000056,0.15844795889330496,0.13290373158756585,0.3925470844427532,0.9974096694152182,50000,0.10685920577617328,0.0,0.15318892900120337,0.0,0.49117014609481024,0.2504677160312699,0.2105074427508773,0.3173817682923192,0.7380952380952381,0.7380952380952381,0.8427809962426769,0.6,0.7
top_100__full_excl_covid,full_excl_covid,sparse_jl,10,3.0,25,0.7,50000,300,,0.00582477799997605,0.00044019900002467693,0.585819851999986,0.1672058853172972,0.14234522524463866,0.4082465696658158,0.9710968223528482,50000,0.09001203369434416,0.0,0.1305655836341757,0.0,0.35636745667750924,0.2412099499759314,0.16893528876191288,0.25550423180511783,0.6190476190476191,0.6190476190476191,0.8106469755723811,0.7,0.7
top_100__full_excl_covid,full_excl_covid,sparse_jl,10,3.0,26,0.7,50000,300,,0.004842367999970065,0.0003570599999989099,0.5481679979999967,0.16068115543116646,0.1360004156362416,0.3914914733088401,0.9957727856548813,50000,0.11359807460890495,0.0,0.16137184115523467,0.0,0.28592765763502775,0.2749207481916727,0.24146126038778656,0.267436555404829,0.6904761904761905,0.6904761904761905,0.8456558879226987,0.5,0.7
top_100__full_excl_covid,full_excl_covid,sparse_jl,10,3.0,27,0.7,50000,300,,0.006104187000005368,0.0004366400000321846,0.6091003119999527,0.170627067481181,0.14671208235665711,0.40998171421713275,0.9615982985120624,50000,0.08640192539109508,0.0,0.13369434416365825,0.0,0.21808795778804188,0.18073907101378922,0.13149611254148677,0.1767743804477726,0.5952380952380952,0.5952380952380952,0.8182996983769567,0.6,0.7
top_100__full_excl_covid,full_excl_covid,sparse_jl,10,3.0,28,0.7,50000,300,,0.005527196999992157,0.00047104899999794725,0.5339732040000058,0.17964413800834006,0.1545310298539398,0.4324317124344113,1.0065895664525606,50000,0.08904933814681107,0.0,0.13044524669073407,0.0,0.42163175265807523,0.21071698624224786,0.15162451859302625,0.26132441916444976,0.7380952380952381,0.7380952380952381,0.8229207373788404,0.7,0.7
top_100__full_excl_covid,full_excl_covid,sparse_jl,10,3.0,29,0.7,50000,300,,0.006997136999984832,0.0004321700000105011,0.5971557980000171,0.17217681627956086,0.14652266985861712,0.42021116980154444,1.0347320783375709,50000,0.11624548736462093,0.0,0.15691937424789412,0.0,0.35426874940953784,0.2632931606102102,0.21820373094610873,0.2785885469886189,0.7380952380952381,0.7380952380952381,0.8507834796559187,0.8,0.7
top_100__full_excl_covid,full_excl_covid,sparse_jl,10,3.0,30,0.7,50000,300,,0.005894397000020035,0.0007555499999511994,0.6153085089999877,0.15815669440298208,0.13531552585583867,0.38368462503134415,0.9697313116104223,50000,0.09915764139590855,0.0,0.1478941034897714,0.0,0.39257134168162267,0.16681965651216302,0.1667599084934757,0.2420503022290871,0.6190476190476191,0.6190476190476191,0.8431333707504274,0.6,0.7
top_100__full_excl_covid,full_excl_covid,sparse_jl,10,3.0,31,0.7,50000,300,,0.007468836999976247,0.0004639590000010685,0.5878649710000445,0.17372708800145517,0.15177152550332162,0.4125496280016113,0.9502257673613155,50000,0.08206979542719614,0.0,0.12755716004813478,0.0,0.13687218112797184,0.14377483135616173,0.11348016668292857,0.13137572638902073,0.5952380952380952,0.5952380952380952,0.799808871698959,0.6,0.7
top_100__full_excl_covid,full_excl_covid,sparse_jl,10,3.0,32,0.7,50000,300,,0.007556647000001249,0.00033825999997816325,0.590176270000029,0.18636974896862485,0.16087177652451407,0.44782771368306523,1.0788555205391333,50000,0.13020457280385078,0.0,0.17870036101083034,0.0,0.5227209550921287,0.33630470626165376,0.18916876021225168,0.3493981405220114,0.7380952380952381,0.7380952380952381,0.8576367466533726,0.8,0.7
top_100__full_excl_covid,full_excl_covid,sparse_jl,10,3.0,33,0.7,50000,300,,0.0048908279999864135,0.00037503000004335263,0.6477096550000283,0.16625653428690085,0.1433660655779272,0.39664114940811657,1.035140491193554,50000,0.10854392298435618,0.0,0.15078219013237068,0.0,0.5374700302736326,0.21767473166084358,0.18841575122161058,0.31452017105202895,0.7380952380952381,0.7380952380952381,0.8578053535999035,0.7,0.7
top_100__full_excl_covid,full_excl_covid,sparse_jl,10,3.0,34,0.7,50000,300,,0.009992614999987381,0.00031399000005194466,0.5945401280000056,0.16926638180075124,0.1435217262451619,0.41240101781203153,0.9654119479453407,50000,0.10373044524669071,0.0,0.13959085439229846,0.0,0.14906363520139876,0.20866719127439437,0.13728204301837774,0.1650042898313903,0.5238095238095238,0.5238095238095238,0.82089331360432,0.7,0.7
top_100__full_excl_covid,full_excl_covid,sparse_jl,10,3.0,35,0.7,50000,300,,0.015595512999993844,0.000333039999986795,0.6264501850000102,0.2004966247237653,0.17262851110040878,0.48444598503152064,1.073812753094128,50000,0.11528279181708784,0.0,0.1701564380264741,0.0,0.5881281621836211,0.3539840471833489,0.22755020699512538,0.38988747212069846,0.7142857142857143,0.7142857142857143,0.838351022808256,0.8,0.7
top_100__full_excl_covid,full_excl_covid,sparse_jl,10,3.0,36,0.7,50000,300,,0.004986658000007083,0.0003572200000121484,0.6630858489999696,0.16476763003771072,0.1397904814207649,0.40384015319745586,1.0083534373633463,50000,0.11215403128760529,0.0,0.15511432009626955,0.0,0.4589438890781798,0.200508792393864,0.18908600304286685,0.2828462281716369,0.6904761904761905,0.6904761904761905,0.8324814392253824,0.7,0.7
top_100__full_excl_covid,full_excl_covid,sparse_jl,10,3.0,37,0.7,50000,300,,0.007013867000011942,0.0004962890000115294,0.6086409819999972,0.1685502324821871,0.14619994881318804,0.40079840487455504,0.9243877594668849,50000,0.07894103489771359,0.0,0.12635379061371843,0.0,0.26599340234228225,0.13674981335364716,0.13028956908323658,0.17767759492638868,0.6428571428571429,0.6428571428571429,0.8236739585389601,0.6,0.7
top_100__full_excl_covid,full_excl_covid,sparse_jl,10,3.0,38,0.7,50000,300,,0.004814347000035468,0.0009838600000193765,0.5723725369999784,0.1872825466187115,0.15681180349214058,0.46201636166436344,1.078994706071945,50000,0.12202166064981951,0.0,0.1654632972322503,0.0,0.45208074829810324,0.22567787670865538,0.20224500471250328,0.293334543239754,0.7857142857142857,0.7857142857142857,0.8432482986653639,0.4,0.7
top_100__full_excl_covid,full_excl_covid,sparse_jl,10,3.0,39,0.7,50000,300,,0.0071589069999618005,0.0007211390000065876,0.5991758969999523,0.18919759847981066,0.1642516880604163,0.4467707917216048,1.0820009342521335,50000,0.11985559566787003,0.0,0.17569193742478942,0.0,0.5581123137681627,0.21247869701509595,0.23687458513855164,0.33582186530727015,0.7857142857142857,0.7857142857142857,0.8556484058979601,0.8,0.7
top_100__full_excl_covid,full_excl_covid,sparse_jl,10,3.0,40,0.7,50000,300,,0.006855707999989136,0.0007382500000403525,0.5936192990000109,0.17226501363056726,0.14811901354533302,0.41254272965010347,0.9480485035637513,50000,0.09025270758122744,0.0,0.12611311672683514,0.0,0.14506899676828663,0.13099836052943065,0.09638476949643758,0.12415070893138495,0.5476190476190477,0.5476190476190477,0.8011817124092037,0.6,0.7
top_100__full_excl_covid,full_excl_covid,sparse_jl,10,3.0,41,0.7,50000,300,,0.005991167000047426,0.0005170000000020991,0.5985353869999699,0.1858119505349125,0.1617096579835402,0.43940011189403183,1.065344217504449,50000,0.12418772563176896,0.0,0.17557160048134782,0.0,0.5846858683468116,0.32941486434864786,0.19039101200112374,0.3681639148988611,0.7380952380952381,0.7380952380952381,0.8584737798737297,0.5,0.7
top_100__full_excl_covid,full_excl_covid,sparse_jl,10,3.0,42,0.7,50000,300,,0.006527867000045262,0.00027682000001050255,0.612005221000004,0.15384693086003165,0.13029300895056223,0.3792722073398906,0.96542548869212,50000,0.10902527075812274,0.0,0.14608904933814681,0.0,0.43129207781298795,0.2774616723897671,0.2075372439948732,0.3054303313992094,0.7142857142857143,0.7142857142857143,0.857835988497171,0.6,0.7
top_100__full_excl_covid,full_excl_covid,sparse_jl,10,3.0,43,0.7,50000,300,,0.006286306999982116,0.0004570799999896735,0.566660000000013,0.18266807047416828,0.15889824431610855,0.43491664807968594,0.9636502565225044,50000,0.09121540312876054,0.0,0.12912154031287607,0.0,0.11539394111937687,0.18183136786707027,0.1562096805441283,0.15114499651019184,0.5238095238095238,0.5238095238095238,0.7800656946029048,0.5,0.7
top_100__full_excl_covid,full_excl_covid,sparse_jl,10,3.0,44,0.7,50000,300,,0.006819647000043005,0.000464628999964134,0.582311322999999,0.21411470885727046,0.18632721416852105,0.508061828154836,1.0956209575453675,50000,0.11167268351383876,0.0,0.1567990373044525,0.0,0.5831412835193717,0.37444939457579907,0.24815923087690198,0.40191663632402425,0.7142857142857143,0.7142857142857143,0.829993697366528,0.8,0.7
top_100__full_excl_covid,full_excl_covid,sparse_jl,10,3.0,45,0.7,50000,300,,0.005978027000026032,0.0002760599999760416,0.6295034039999905,0.16146127239917843,0.13673762187141514,0.39527251161494603,0.954259982983785,50000,0.08977135980746088,0.0,0.13140794223826716,0.0,0.42314502851324126,0.19481268014141742,0.17937004178100135,0.26577591681188667,0.6666666666666666,0.6666666666666666,0.8414222287651019,0.6,0.7
top_100__full_excl_covid,full_excl_covid,sparse_jl,10,3.0,46,0.7,50000,300,,0.008137916999999106,0.00025154000002203247,0.6098113319999925,0.17454109129615528,0.14935771194630315,0.42081069307659186,0.9807087731336217,50000,0.0943441636582431,0.0,0.13995186522262337,0.0,0.25198448542824486,0.16033400497885106,0.1528265233969714,0.1883816712680224,0.5238095238095238,0.5238095238095238,0.8107741783574174,0.3,0.7
top_100__full_excl_covid,full_excl_covid,sparse_jl,10,3.0,47,0.7,50000,300,,0.007163666999986162,0.0006996500000013839,0.6178930890000061,0.1777305281466553,0.15338899724870952,0.4237456397667901,0.9415952008312356,50000,0.08038507821901324,0.0,0.11359807460890495,0.0,0.1584426232176583,0.11689327911448064,0.1065565030715238,0.1272974684678876,0.5714285714285714,0.5714285714285714,0.7981559882964236,0.3,0.7
top_100__full_excl_covid,full_excl_covid,sparse_jl,10,3.0,48,0.7,50000,300,,0.009976026000003912,0.00037176899996893553,0.5971489969999766,0.15967867847460362,0.13557964112578824,0.3892927152162965,0.9778259424773027,50000,0.10180505415162455,0.0,0.15174488567990374,0.0,0.38560620284578934,0.2585735794910854,0.21129223463471034,0.28515733899052836,0.5952380952380952,0.5952380952380952,0.8449960979714469,0.7,0.7
top_100__full_excl_covid,full_excl_covid,sparse_jl,10,3.0,49,0.7,50000,300,,0.010199544999977661,0.0008008699999777491,0.5594032330000118,0.17780478373213385,0.15366497958416997,0.4237210667037201,0.930102810796378,50000,0.08616125150421179,0.0,0.1292418772563177,0.0,0.30300238009929836,0.14834994107779284,0.1401618208418455,0.1971713806729789,0.5714285714285714,0.5714285714285714,0.7853166832840943,0.6,0.7
top_100__full_excl_covid,full_excl_covid,sparse_jl,10,5.0,0,0.7,50000,500,,0.0052376379999827805,0.0004352299999936804,0.5686864790000072,0.18151688617759174,0.15916371159974413,0.4253876004189115,0.9340104782244711,50000,0.08592057761732853,0.0,0.12382671480144405,0.0,0.19043184652068978,0.1099132094746353,0.11476098863997339,0.1383686815450995,0.6190476190476191,0.6190476190476191,0.7726445423460016,0.5,0.5
top_100__full_excl_covid,full_excl_covid,sparse_jl,10,5.0,1,0.7,50000,500,,0.0053750679999780004,0.0005225890000133404,0.6071804829999792,0.16269232736268605,0.13778051717330486,0.3968786893891501,0.964364921173634,50000,0.0931407942238267,0.0,0.1381468110709988,0.0,0.41551835547092525,0.23574472746623937,0.15850062729454484,0.26992123674390317,0.5952380952380952,0.5952380952380952,0.8369147375394383,0.7,0.5
top_100__full_excl_covid,full_excl_covid,sparse_jl,10,5.0,2,0.7,50000,500,,0.008363185999996858,0.0031427090000306634,0.549217566999971,0.17720640044062286,0.15397721178603413,0.42078215530976554,0.9494404118347031,50000,0.08447653429602889,0.0,0.12731648616125152,0.0,0.12659124859409784,0.13289344701661915,0.12227368775897843,0.12725279445656512,0.47619047619047616,0.47619047619047616,0.7766068787786524,0.4,0.5
top_100__full_excl_covid,full_excl_covid,sparse_jl,10,5.0,3,0.7,50000,500,,0.0053549070000258325,0.00027786999999079853,0.5599498830000016,0.19180859885911458,0.16633385160696124,0.45775097354100563,1.0767182165294367,50000,0.11504211793020457,0.0,0.16594464500601686,0.0,0.602115144706365,0.3971468591208924,0.27151234127961815,0.4235914483689585,0.7857142857142857,0.7857142857142857,0.8411634736669532,0.7,0.5
top_100__full_excl_covid,full_excl_covid,sparse_jl,10,5.0,4,0.7,50000,500,,0.005944666999994297,0.00029893900000388385,0.5543593960000521,0.17757671112660034,0.15305749922945389,0.4263368521883626,0.9424605880717705,50000,0.08062575210589651,0.0,0.12370637785800243,0.0,0.18449776310596985,0.16112502501249976,0.10820950096325571,0.15127742969390842,0.5238095238095238,0.5238095238095238,0.8010064975257877,0.4,0.5
top_100__full_excl_covid,full_excl_covid,sparse_jl,10,5.0,5,0.7,50000,500,,0.006690127000013035,0.0005320689999734896,0.5886790609999935,0.17564706989658235,0.15292026618190757,0.4159428774705943,0.9353401515163582,50000,0.08567990373044525,0.0,0.12779783393501806,0.0,0.12462022423681107,0.14647367095631372,0.13854551937988024,0.136546471524335,0.6190476190476191,0.6190476190476191,0.7998272944597049,0.6,0.5
top_100__full_excl_covid,full_excl_covid,sparse_jl,10,5.0,6,0.7,50000,500,,0.006398547999992843,0.00031586900001912,0.5261881570000355,0.16412743599728682,0.14072517132893386,0.395369925300335,0.9498688272450801,50000,0.08929001203369433,0.0,0.12984356197352587,0.0,0.30754664404193666,0.2007101898881507,0.13892165742335214,0.21572616378447984,0.5,0.5,0.8320672512320874,0.6,0.5
top_100__full_excl_covid,full_excl_covid,sparse_jl,10,5.0,7,0.7,50000,500,,0.007569197000009353,0.0003501200000073368,0.5466263289999915,0.156414765102285,0.1325654316714136,0.38410752205614973,0.9709401779089769,50000,0.10806257521058966,0.0,0.15138387484957883,0.0,0.36123442914866766,0.22788114435639426,0.1477341451934181,0.24561657289949335,0.7142857142857143,0.7142857142857143,0.8367745070813662,0.7,0.5
top_100__full_excl_covid,full_excl_covid,sparse_jl,10,5.0,8,0.7,50000,500,,0.005518656999981886,0.0005691099999580729,0.549172408000004,0.19837579713144224,0.17930562707569037,0.44383319479075933,0.8743442075929405,50000,0.0707581227436823,0.0,0.10300842358604091,0.0,0.07311396177744561,0.05928862216832039,0.07536921596648999,0.06925726663741867,0.5,0.5,0.7575308314624786,0.5,0.5
top_100__full_excl_covid,full_excl_covid,sparse_jl,10,5.0,9,0.7,50000,500,,0.007282975999999053,0.00036170999999285414,0.582636003999994,0.17941988393504799,0.1565142122944384,0.4237116087926969,0.9102193985490673,50000,0.07244283995186522,0.0,0.11407942238267148,0.0,0.25186815888212877,0.11637934816312671,0.0853653492491501,0.15120428543146855,0.5476190476190477,0.5476190476190477,0.7870629978954975,0.5,0.5
top_100__full_excl_covid,full_excl_covid,sparse_jl,10,5.0,10,0.7,50000,500,,0.004743698000027052,0.0003495999999927335,0.5618674419999934,0.16010439841460702,0.13749436712112484,0.386794254272955,0.9562158702184813,50000,0.09290012033694343,0.0,0.14283995186522264,0.0,0.3973127386289964,0.22451054537790738,0.17197086303285725,0.2645980490132537,0.6666666666666666,0.6666666666666666,0.8286577649113531,0.6,0.5
top_100__full_excl_covid,full_excl_covid,sparse_jl,10,5.0,11,0.7,50000,500,,0.004391148999957295,0.00046419999995350736,0.5632760710000184,0.16753208102712647,0.1430915861960932,0.4049892003920158,1.0364532967587254,50000,0.12707581227436823,0.0,0.17701564380264745,0.0,0.5627420522936797,0.2564116764936747,0.26238365606484576,0.3605124616174,0.6428571428571429,0.6428571428571429,0.858831047600566,0.6,0.5
top_100__full_excl_covid,full_excl_covid,sparse_jl,10,5.0,12,0.7,50000,500,,0.005480348000048707,0.0005181100000299921,0.5594964630000163,0.18539216814957454,0.16046716186509558,0.44031029745219,1.0633388253770444,50000,0.11865222623345366,0.0,0.16895306859205778,0.0,0.5202716055629943,0.26214294422478585,0.2277724405191694,0.3367289967689832,0.6428571428571429,0.6428571428571429,0.8499479938638195,0.8,0.5
top_100__full_excl_covid,full_excl_covid,sparse_jl,10,5.0,13,0.7,50000,500,,0.0057643370000164396,0.0002963800000088668,0.5775916750000079,0.161562500120056,0.13787537962653518,0.3924568157827957,0.9556963245705543,50000,0.098676293622142,0.0,0.13766546329723225,0.0,0.1644109785062385,0.17761588995496005,0.13315943601280364,0.15839543482466742,0.6190476190476191,0.6190476190476191,0.8134456877774914,0.7,0.5
top_100__full_excl_covid,full_excl_covid,sparse_jl,10,5.0,14,0.7,50000,500,,0.004392107999990458,0.0003174599999624661,0.5643460009999899,0.18494998180811065,0.16106894680726558,0.43547024776266086,0.9059259906295424,50000,0.07557160048134778,0.0,0.11817087845968713,0.0,0.09833219580562978,0.12414812497991091,0.08920574522810022,0.1038953553378803,0.6428571428571429,0.6428571428571429,0.7767005609218323,0.5,0.5
top_100__full_excl_covid,full_excl_covid,sparse_jl,10,5.0,15,0.7,50000,500,,0.008715077000033489,0.00024056999995991646,0.5615519520000021,0.20734603970888382,0.17634369913006787,0.5033736520383255,1.0964076167331183,50000,0.10974729241877255,0.0,0.16305655836341756,0.0,0.5176124579561568,0.3248066806594924,0.22069885873247522,0.35437266578270815,0.6904761904761905,0.6904761904761905,0.8379710455261756,0.8,0.5
top_100__full_excl_covid,full_excl_covid,sparse_jl,10,5.0,16,0.7,50000,500,,0.010239785000010215,0.00025308000004997666,0.5459425689999762,0.1701974541816669,0.1445115732475275,0.41429314241740306,1.0037229881749425,50000,0.09891696750902526,0.0,0.14705174488567993,0.0,0.37913780957303905,0.2328543201019735,0.15500934118245016,0.2556671569524876,0.6904761904761905,0.6904761904761905,0.8376941186015932,0.7,0.5
top_100__full_excl_covid,full_excl_covid,sparse_jl,10,5.0,17,0.7,50000,500,,0.003838928999982727,0.00040067000003318753,0.5576335739999649,0.1631674797420867,0.1398533880740329,0.39668121912568066,1.008361496642229,50000,0.09602888086642598,0.0,0.1416365824308063,0.0,0.5213149761703223,0.30294660595080886,0.20879136460987124,0.3443509822436675,0.7142857142857143,0.7142857142857143,0.8690584400919422,0.6,0.5
top_100__full_excl_covid,full_excl_covid,sparse_jl,10,5.0,18,0.7,50000,500,,0.005445307000002231,0.0006079999999997199,0.5712208380000448,0.15962702434647735,0.13427971210210027,0.39282606224372374,0.9923981924108656,50000,0.09795427196149219,0.0,0.15282791817087849,0.0,0.16097146891083505,0.20429724810682393,0.20115381969615,0.18880751223793632,0.5714285714285714,0.5714285714285714,0.8346220134634621,0.8,0.5
top_100__full_excl_covid,full_excl_covid,sparse_jl,10,5.0,19,0.7,50000,500,,0.006054947999984961,0.00031466000001501016,0.5489418970000202,0.16403109219962492,0.1412261608701635,0.3940134915155263,0.9572145929575305,50000,0.09193742478941033,0.0,0.13694344163658245,0.0,0.1551416196288542,0.251643225478774,0.14817883316818747,0.1849878927586052,0.5238095238095238,0.5238095238095238,0.810819367444786,0.6,0.5
top_100__full_excl_covid,full_excl_covid,sparse_jl,10,5.0,20,0.7,50000,500,,0.005792417000009209,0.00032766000003903173,0.5285087569999973,0.18736365122175008,0.16601441693119784,0.4327180000769479,0.8971179940664489,50000,0.08231046931407943,0.0,0.11432009626955475,0.0,0.11390931254808957,0.09509743250650085,0.09901918823130952,0.10267531109529998,0.4523809523809524,0.4523809523809524,0.7789897091838611,0.5,0.5
top_100__full_excl_covid,full_excl_covid,sparse_jl,10,5.0,21,0.7,50000,500,,0.0059215670000298815,0.00036793999998963045,0.5301103959999978,0.16835783290421993,0.1448549030071094,0.40533363124659844,1.0346135054694119,50000,0.11985559566787003,0.0,0.16991576413959086,0.0,0.4498828167651615,0.25533027922949814,0.17523754449138082,0.29348354682868016,0.7142857142857143,0.7142857142857143,0.8558998211674802,0.9,0.5
top_100__full_excl_covid,full_excl_covid,sparse_jl,10,5.0,22,0.7,50000,500,,0.007228737000048113,0.0019558989999950427,0.4979779490000169,0.1800742140081783,0.15818106175104413,0.42019884578849864,0.929264881196715,50000,0.08014440433212998,0.0,0.11708784596871241,0.0,0.08909367052669916,0.1034749037032026,0.09350709175767728,0.09535855532919302,0.5,0.5,0.7747147922431185,0.7,0.5
top_100__full_excl_covid,full_excl_covid,sparse_jl,10,5.0,23,0.7,50000,500,,0.00630781699999261,0.0004208099999800652,0.5555726549999918,0.16795771971952567,0.14461243856721484,0.40358237534063585,0.9685519373539418,50000,0.09362214199759326,0.0,0.1407942238267148,0.0,0.10428327965398516,0.18392713009486342,0.15412005615609148,0.14744348863498002,0.5714285714285714,0.5714285714285714,0.8208838408340386,0.5,0.5
top_100__full_excl_covid,full_excl_covid,sparse_jl,10,5.0,24,0.7,50000,500,,0.005833047000010083,0.0002975200000037148,0.5199735099999998,0.19389041113385397,0.1659871448597881,0.4645298410487765,1.0773498287083585,50000,0.11600481347773767,0.0,0.15836341756919373,0.0,0.6000249809883258,0.2152237065130013,0.22945918897048695,0.34823595882393804,0.7380952380952381,0.7380952380952381,0.8626128577068618,0.6,0.5
top_100__full_excl_covid,full_excl_covid,sparse_jl,10,5.0,25,0.7,50000,500,,0.007804226999951425,0.00029334000004155314,0.5554019349999635,0.17947770089084508,0.1530220562342861,0.4388618470827096,1.0599115043037688,50000,0.11407942238267148,0.0,0.15740072202166067,0.0,0.4921929032161078,0.24972857298104828,0.2502102519685529,0.3307105760552363,0.6428571428571429,0.6428571428571429,0.8409948667204222,0.7,0.5
top_100__full_excl_covid,full_excl_covid,sparse_jl,10,5.0,26,0.7,50000,500,,0.005792616999997335,0.0002796800000055555,0.5460760689999802,0.17323103595558992,0.14947468088006122,0.4160870515838298,0.9531503887120164,50000,0.09434416365824307,0.0,0.1252707581227437,0.0,0.1000012423295912,0.13485673513097077,0.1134985256449159,0.11611883436849263,0.6666666666666666,0.6666666666666666,0.7972671580518128,0.5,0.5
top_100__full_excl_covid,full_excl_covid,sparse_jl,10,5.0,27,0.7,50000,500,,0.00557239799996978,0.00020191999999497057,0.5550386360000061,0.19198546991092516,0.1635296501734509,0.4674393812622424,1.0537331836673454,50000,0.11480144404332131,0.0,0.16064981949458484,0.0,0.517215764195157,0.27622779118058927,0.20320440709477963,0.3322159874901753,0.7857142857142857,0.7857142857142857,0.8261502410642291,0.7,0.5
top_100__full_excl_covid,full_excl_covid,sparse_jl,10,5.0,28,0.7,50000,500,,0.00792624700000033,0.0004613190000100076,0.5304994850000071,0.15455716755900156,0.13011024621547113,0.3813645957950354,0.9663166240196284,50000,0.103971119133574,0.0,0.1496991576413959,0.0,0.46694810873907516,0.2677725728218454,0.20844715468449118,0.3143892787484706,0.7857142857142857,0.7857142857142857,0.8458261468534509,0.7,0.5
top_100__full_excl_covid,full_excl_covid,sparse_jl,10,5.0,29,0.7,50000,500,,0.013856954000004862,0.0003096000000368804,0.5543282950000048,0.15921353754160208,0.13471706306795184,0.39015217728265683,0.9771299389608576,50000,0.11311672683513839,0.0,0.15487364620938626,0.0,0.4563376492730918,0.24162881267349492,0.1963990312869082,0.29812183107783163,0.7142857142857143,0.7142857142857143,0.8393983598933361,0.7,0.5
top_100__full_excl_covid,full_excl_covid,sparse_jl,10,5.0,30,0.7,50000,500,,0.005593466999982866,0.0005072789999758243,0.5300868059999857,0.18155886177890782,0.15319692048339828,0.4487796451072728,1.0400624362197202,50000,0.1095066185318893,0.0,0.14837545126353793,0.0,0.313442996484089,0.23196234794598852,0.18727715960774402,0.2442275013459405,0.6904761904761905,0.6904761904761905,0.8380929996018508,0.8,0.5
top_100__full_excl_covid,full_excl_covid,sparse_jl,10,5.0,31,0.7,50000,500,,0.007228897000004508,0.00023412000001599154,0.5670847000000094,0.17080687582685386,0.14744954815211342,0.40858196900319466,0.9460528667070817,50000,0.08351383874849577,0.0,0.11865222623345366,0.0,0.31496013271664275,0.13132393347830126,0.11841062644399307,0.188231564212979,0.5,0.5,0.8134836415921948,0.8,0.5
top_100__full_excl_covid,full_excl_covid,sparse_jl,10,5.0,32,0.7,50000,500,,0.007223046999968119,0.000465609000002587,0.5840644820000307,0.16018757218298185,0.13533253665439415,0.3920259578562356,0.9925825693445797,50000,0.10589651022864019,0.0,0.15078219013237065,0.0,0.4820153735719879,0.15198616376150076,0.16854443084166099,0.2675153227250499,0.6666666666666666,0.6666666666666666,0.834675337004781,0.6,0.5
top_100__full_excl_covid,full_excl_covid,sparse_jl,10,5.0,33,0.7,50000,500,,0.00797649700001557,0.0002258799999594885,0.5592763029999901,0.16479427790358972,0.14017632025543925,0.40412579521422853,0.939254374500454,50000,0.09121540312876054,0.0,0.1282791817087846,0.0,0.33763569156786666,0.13537666397060494,0.14960855779271973,0.20754030444373042,0.6904761904761905,0.6904761904761905,0.7963442843855286,0.5,0.5
top_100__full_excl_covid,full_excl_covid,sparse_jl,10,5.0,34,0.7,50000,500,,0.0062543280000113555,0.0005664390000106323,0.5451849590000393,0.16788199364113057,0.1435966216612523,0.40676947089394055,0.9973272406329362,50000,0.10084235860409144,0.0,0.15306859205776172,0.0,0.3968349963982177,0.21079592267931777,0.17487912944908005,0.2608366828422051,0.7380952380952381,0.7380952380952381,0.8342547920089132,0.6,0.5
top_100__full_excl_covid,full_excl_covid,sparse_jl,10,5.0,35,0.7,50000,500,,0.004915218000007826,0.00041716999999152904,0.5285798760000375,0.1625161205169437,0.13774476036093897,0.3982362940754858,1.0119871264080884,50000,0.10541516245487365,0.0,0.153309265944645,0.0,0.44892632591711445,0.2041356239283057,0.15510887897420744,0.2693902762732092,0.6904761904761905,0.6904761904761905,0.8453971119133573,0.6,0.5
top_100__full_excl_covid,full_excl_covid,sparse_jl,10,5.0,36,0.7,50000,500,,0.005838917000005495,0.0004478999999832922,0.5349545729999932,0.1809856533442371,0.15850705260141817,0.42388011112843305,0.9157114032187531,50000,0.08399518652226234,0.0,0.11829121540312877,0.0,0.2903456977658154,0.10998038027242969,0.0903906307978379,0.16357223627869433,0.5714285714285714,0.5714285714285714,0.7823617435585162,0.5,0.5
top_100__full_excl_covid,full_excl_covid,sparse_jl,10,5.0,37,0.7,50000,500,,0.005989437000039288,0.00045681000000286076,0.5190439300000094,0.17318478680334237,0.14789265655377748,0.420754789182875,0.9747921131854244,50000,0.10036101083032492,0.0,0.14404332129963898,0.0,0.27350721292343916,0.16629257542200607,0.13818362686214147,0.19266113840252888,0.6190476190476191,0.6190476190476191,0.8106168007213523,0.5,0.5
top_100__full_excl_covid,full_excl_covid,sparse_jl,10,5.0,38,0.7,50000,500,,0.0063161770000306205,0.00026116899999806265,0.5774561659999904,0.1732911051472052,0.14857178788251668,0.4199655923997772,1.0463888046961578,50000,0.1229843561973526,0.0,0.16606498194945848,0.0,0.4994831390398396,0.22795524821717114,0.2589695507740321,0.32880264601034764,0.6428571428571429,0.6428571428571429,0.85763672574218,0.8,0.5
top_100__full_excl_covid,full_excl_covid,sparse_jl,10,5.0,39,0.7,50000,500,,0.006273566999993818,0.0004366300000242518,0.6046711740000319,0.17082782404012342,0.14763991864735537,0.40420558579286947,0.9454279412232364,50000,0.0969915764139591,0.0,0.1368231046931408,0.0,0.09903616002992459,0.17032460483060707,0.15120247152851274,0.1401877454630148,0.4523809523809524,0.4523809523809524,0.803532862357511,0.5,0.5
top_100__full_excl_covid,full_excl_covid,sparse_jl,10,5.0,40,0.7,50000,500,,0.006484087999979238,0.0005297590000168384,0.5384919829999717,0.19591215510769264,0.16677492606282357,0.4743557233364222,1.0669764875915535,50000,0.1157641395908544,0.0,0.16425992779783394,0.0,0.5367582719307014,0.3226379975008717,0.26937548464920646,0.37625725136025984,0.7619047619047619,0.7619047619047619,0.8589124548736462,0.8,0.5
top_100__full_excl_covid,full_excl_covid,sparse_jl,10,5.0,41,0.7,50000,500,,0.006255597000006219,0.0004107500000145592,0.5217524889999936,0.16740228840995122,0.14342252475943995,0.40276356922925766,0.969087529127741,50000,0.08640192539109506,0.0,0.1391095066185319,0.0,0.46927781714842637,0.19412372687307514,0.17941272562555907,0.2809380898823535,0.7142857142857143,0.7142857142857143,0.8435161292211333,0.8,0.5
top_100__full_excl_covid,full_excl_covid,sparse_jl,10,5.0,42,0.7,50000,500,,0.0057902979999653326,0.0002499990000046637,0.554341595999972,0.1633291235636135,0.13845774876557404,0.40031496286275503,1.0253089393233357,50000,0.10709987966305656,0.0,0.15643802647412755,0.0,0.46798934948478504,0.2364703475021786,0.18108651403692128,0.295182070341295,0.7619047619047619,0.7619047619047619,0.8521342381466995,0.9,0.5
top_100__full_excl_covid,full_excl_covid,sparse_jl,10,5.0,43,0.7,50000,500,,0.006553276999966329,0.0006082900000023983,0.566488191000019,0.18188051979673553,0.16298256350170998,0.4153988570956615,0.890870514753891,50000,0.09217809867629362,0.0,0.13008423586040915,0.0,0.1386426539378037,0.22329567053035929,0.16121345754958757,0.1743839273392502,0.5,0.5,0.8134119162013229,0.5,0.5
top_100__full_excl_covid,full_excl_covid,sparse_jl,10,5.0,44,0.7,50000,500,,0.006460607999997592,0.00023733099999390106,0.5814175639999917,0.1795783033774169,0.15233248854024667,0.43990438118279585,1.0023517827513397,50000,0.0993983152827918,0.0,0.14055354993983155,0.0,0.28205269176483827,0.21476038549849483,0.17321725451326866,0.22334344392553393,0.6666666666666666,0.6666666666666666,0.8103999725645151,0.6,0.5
top_100__full_excl_covid,full_excl_covid,sparse_jl,10,5.0,45,0.7,50000,500,,0.00661755699997002,0.0006931199999939963,0.6130688200000236,0.20982005012397242,0.18851480959304567,0.4761754413222051,0.8603162970798486,50000,0.0645006016847172,0.0,0.09542719614921782,0.0,0.06793718016658039,0.06639663492129755,0.053509743577922084,0.06261451955526669,0.4523809523809524,0.4523809523809524,0.7040234807600297,0.4,0.5
top_100__full_excl_covid,full_excl_covid,sparse_jl,10,5.0,46,0.7,50000,500,,0.0054760080000164635,0.00039268900002298324,0.5764852560000122,0.16334915085655297,0.1392278148153976,0.3985537361336605,0.9910905543175679,50000,0.10685920577617328,0.0,0.1503008423586041,0.0,0.4410502017495409,0.28191935211356267,0.15805765877821518,0.29367573754710624,0.5952380952380952,0.5952380952380952,0.8359801745164495,0.4,0.5
top_100__full_excl_covid,full_excl_covid,sparse_jl,10,5.0,47,0.7,50000,500,,0.007160646999977871,0.00034630900000820475,0.5816343340000003,0.16239211228359104,0.13703197736821027,0.39765168732501344,1.0047921746429893,50000,0.1049338146811071,0.0,0.14741275571600482,0.0,0.4990219698768162,0.33470302194823415,0.19668958341957826,0.34347152508154283,0.7142857142857143,0.7142857142857143,0.852170519065989,0.5,0.5
top_100__full_excl_covid,full_excl_covid,sparse_jl,10,5.0,48,0.7,50000,500,,0.006299387000012757,0.0002488100000164195,0.580728583999985,0.16833416398736095,0.1425569183773388,0.4133529477794237,0.9871858436909462,50000,0.0871239470517449,0.0,0.13032490974729244,0.0,0.3845757675215303,0.1902503523650995,0.1435370544250847,0.23945439143723815,0.6190476190476191,0.6190476190476191,0.8358711644690396,0.7,0.5
top_100__full_excl_covid,full_excl_covid,sparse_jl,10,5.0,49,0.7,50000,500,,0.005843326999979581,0.0005127399999764748,0.5785593850000055,0.18148166672782473,0.15908925610410263,0.42354871259356697,0.9311078869277457,50000,0.0753309265944645,0.0,0.1157641395908544,0.0,0.09593112978171173,0.132582343448394,0.1028007164672715,0.11043806323245908,0.42857142857142855,0.42857142857142855,0.7800915826594352,0.5,0.5
top_100__full_excl_covid,full_excl_covid,sparse_jl,20,1.0,0,0.7,50000,100,,0.004898688000025686,0.0004471599999646969,0.5902877400000079,0.11367177699874353,0.09618375304001009,0.2789201005123954,0.9730566306293474,50000,0.19542719614921777,0.0,0.25078219013237063,0.1,0.5316600653398156,0.373681550276382,0.29626477900655507,0.4005354648742509,0.8095238095238095,0.8095238095238095,0.911576854488211,0.8,0.95
top_100__full_excl_covid,full_excl_covid,sparse_jl,20,1.0,1,0.7,50000,100,,0.006205717000000277,0.0005665099999987433,0.6072705530000349,0.11915065202854125,0.10230546739918439,0.2873955925614254,0.9488697995504197,50000,0.18435619735258724,0.0,0.24681107099879662,0.1,0.4862331338559422,0.3427102013606195,0.18706978898830587,0.3386710414016225,0.6904761904761905,0.6904761904761905,0.8946981134758416,0.8,0.95
top_100__full_excl_covid,full_excl_covid,sparse_jl,20,1.0,2,0.7,50000,100,,0.00617923800001563,0.00045982999995430873,0.5791918749999923,0.11278694249819012,0.09490870697331866,0.27991327111345193,0.9991756542569246,50000,0.19326113116726834,0.0,0.25643802647412756,0.1,0.6228476762346238,0.4667130129176037,0.2592233234777205,0.44959467087664934,0.8095238095238095,0.8095238095238095,0.9139555026548849,0.7,0.95
top_100__full_excl_covid,full_excl_covid,sparse_jl,20,1.0,3,0.7,50000,100,,0.0067265669999869715,0.0008137400000123307,0.6520882240000105,0.1156964848761928,0.09701777898922254,0.2861391670077354,0.9963102654796818,50000,0.20842358604091454,0.0,0.2749699157641396,0.1,0.5504969414909155,0.3058276048093009,0.2654294135255739,0.3739179866085968,0.6904761904761905,0.6904761904761905,0.9058390950639547,0.7,0.95
top_100__full_excl_covid,full_excl_covid,sparse_jl,20,1.0,4,0.7,50000,100,,0.008083506999980727,0.0007049899999742593,0.6993928740000115,0.15048040466848775,0.13050833781495164,0.3580756582833186,0.919116646214934,50000,0.15980746089049339,0.0,0.20998796630565583,0.0,0.11479712339801632,0.15034621551291832,0.12987864911926872,0.1316739960100678,0.5238095238095238,0.5238095238095238,0.8327138043983765,0.5,0.95
top_100__full_excl_covid,full_excl_covid,sparse_jl,20,1.0,5,0.7,50000,100,,0.011197294999988117,0.0005486500000415617,0.6350223710000478,0.12395784137477989,0.10470413157048314,0.3058029042256546,0.9664220589404178,50000,0.17135980746089047,0.0,0.22587244283995186,0.1,0.44907030549384097,0.21779110315591751,0.22709037517293046,0.2979839279408963,0.6904761904761905,0.6904761904761905,0.8891980515787112,0.5,0.95
top_100__full_excl_covid,full_excl_covid,sparse_jl,20,1.0,6,0.7,50000,100,,0.006673357000011038,0.00042990000002873785,0.6060380239999859,0.10784823848709184,0.090787968124798,0.26590046498459574,0.9953876994107188,50000,0.21949458483754516,0.0,0.28447653429602887,0.1,0.56343589240686,0.3862882664171334,0.24950395855445814,0.3997427057928171,0.7619047619047619,0.7619047619047619,0.9116199942786976,0.8,0.95
top_100__full_excl_covid,full_excl_covid,sparse_jl,20,1.0,7,0.7,50000,100,,0.009558355000024221,0.0005790989999923113,0.5714848380000035,0.12294306270062433,0.10640496797674914,0.29495659388296896,0.9428239173641748,50000,0.19398315282791817,0.0,0.24849578820697957,0.1,0.4956415345877587,0.22001345071898515,0.1677863177924429,0.2944804343663956,0.6904761904761905,0.6904761904761905,0.8894847022078873,0.6,0.95
top_100__full_excl_covid,full_excl_covid,sparse_jl,20,1.0,8,0.7,50000,100,,0.005867167000019435,0.0005287190000444753,0.5701796790000344,0.19009729612131174,0.1622123536042942,0.45908757191479044,1.1385829455445464,50000,0.22815884476534298,0.0,0.302647412755716,0.1,0.7571483948696314,0.3215027694492122,0.2564896949065866,0.44504695307514347,0.7857142857142857,0.7857142857142857,0.91252314869029,0.6,0.95
top_100__full_excl_covid,full_excl_covid,sparse_jl,20,1.0,9,0.7,50000,100,,0.006400308000024779,0.0003672599999617887,0.6527730039999824,0.12802184611543804,0.1087092965378258,0.31299690393204344,0.9563803925244145,50000,0.17448856799037304,0.0,0.22900120336943444,0.0,0.3318507693798269,0.21669079143453915,0.23838216077794375,0.2623079071974366,0.6428571428571429,0.6428571428571429,0.8893867332702093,0.7,0.95
top_100__full_excl_covid,full_excl_covid,sparse_jl,20,1.0,10,0.7,50000,100,,0.005930487999989964,0.0003912689999765462,0.6230906060000052,0.11601733436875522,0.0980854775869352,0.28373026374675037,0.997982791002809,50000,0.19759326113116726,0.0,0.2716004813477738,0.1,0.5724297331336422,0.3988932718173516,0.23531860144670974,0.4022138687992345,0.7380952380952381,0.7380952380952381,0.8961071305494123,0.6,0.95
top_100__full_excl_covid,full_excl_covid,sparse_jl,20,1.0,11,0.7,50000,100,,0.01557305399995812,0.0005627090000075441,0.6393479299999854,0.12639760091525767,0.1095633667192783,0.30223930130126986,1.0470105133196563,50000,0.21973525872442842,0.0,0.2762936221419976,0.1,0.6770971104904596,0.21355609957149818,0.26817340933741185,0.38627553979978985,0.7619047619047619,0.7619047619047619,0.9251298794176984,0.8,0.95
top_100__full_excl_covid,full_excl_covid,sparse_jl,20,1.0,12,0.7,50000,100,,0.006681576999994832,0.0006653099999880396,0.7064022509999859,0.12386454905490493,0.10659187719835628,0.2978540125270367,0.9989312494978225,50000,0.19326113116726834,0.0,0.2490974729241877,0.1,0.4334381072267606,0.24774413157882555,0.25282443845397706,0.31133555908652105,0.7142857142857143,0.7142857142857143,0.9037828556659293,0.5,0.95
top_100__full_excl_covid,full_excl_covid,sparse_jl,20,1.0,13,0.7,50000,100,,0.00647098700000015,0.0006203099999879669,0.6788719340000284,0.11312636207985335,0.09569882250205236,0.27816012685438996,0.9716452861074452,50000,0.2009626955475331,0.0,0.2616125150421179,0.1,0.5839650237668651,0.25733731984963876,0.23503416864032928,0.3587788374189444,0.7619047619047619,0.7619047619047619,0.909084407611005,0.6,0.95
top_100__full_excl_covid,full_excl_covid,sparse_jl,20,1.0,14,0.7,50000,100,,0.005153628000016397,0.0005127399999764748,0.6505254950000108,0.13899158237374534,0.11925737541809095,0.33620485381345255,0.939674347190102,50000,0.15812274368231044,0.0,0.2064981949458484,0.0,0.12627402062733728,0.15866083694320038,0.15004983993251178,0.14499489916768316,0.5238095238095238,0.5238095238095238,0.8474184714420023,0.4,0.95
top_100__full_excl_covid,full_excl_covid,sparse_jl,20,1.0,15,0.7,50000,100,,0.012038725000024897,0.0007740890000036416,0.8231183120000196,0.11454285591416158,0.09661902641624726,0.2810225439247514,0.9825150545346499,50000,0.20120336943441636,0.0,0.2618531889290012,0.1,0.4215175888426429,0.21528401698934113,0.1684620885961537,0.2684212314760459,0.7142857142857143,0.7142857142857143,0.9017476111053487,0.8,0.95
top_100__full_excl_covid,full_excl_covid,sparse_jl,20,1.0,16,0.7,50000,100,,0.016233413000009023,0.0007691300000374213,0.6550620830000184,0.11780677889691765,0.10027613387228762,0.2884042888625407,0.975589109453595,50000,0.1901323706377858,0.0,0.24392298435619733,0.0,0.4815972328988544,0.2098376539032011,0.2323807867840552,0.3079385578620369,0.7380952380952381,0.7380952380952381,0.9034086707842198,0.7,0.95
top_100__full_excl_covid,full_excl_covid,sparse_jl,20,1.0,17,0.7,50000,100,,0.006111137999994298,0.00045426999997744133,0.7701587939999968,0.11174543937509351,0.09306854489203231,0.2781358686942968,1.003795177903342,50000,0.21997593261131168,0.0,0.2744885679903731,0.1,0.7014795830909715,0.25159680238165044,0.27558626051680896,0.40955421532981023,0.8571428571428571,0.8571428571428571,0.9098142500577149,0.9,0.95
top_100__full_excl_covid,full_excl_covid,sparse_jl,20,1.0,18,0.7,50000,100,,0.008677035999994587,0.000748369999996612,0.6572952120000082,0.15316956646568466,0.12893458732098823,0.3759215619095695,1.063400849352586,50000,0.2187725631768953,0.0,0.2688327316486161,0.1,0.5130857465352607,0.3217804256767111,0.27179139546681513,0.36888585589292905,0.7619047619047619,0.7619047619047619,0.8946296502310267,0.8,0.95
top_100__full_excl_covid,full_excl_covid,sparse_jl,20,1.0,19,0.7,50000,100,,0.008078326999964247,0.000488550000000032,0.7134254279999936,0.12108176876601716,0.10188878464310458,0.2989835724610104,0.9564256550710895,50000,0.19542719614921783,0.0,0.2516245487364621,0.1,0.4311328275287071,0.25583867390084386,0.18799282516316096,0.29165477553090396,0.7857142857142857,0.7857142857142857,0.8934051326104194,0.6,0.95
top_100__full_excl_covid,full_excl_covid,sparse_jl,20,1.0,20,0.7,50000,100,,0.007882076999976562,0.0009886299999948278,0.7680111039999815,0.11616867474204037,0.09828307586358026,0.28532637160698104,0.9822201111412572,50000,0.197352587244284,0.0,0.26582430806257523,0.1,0.3787735774937175,0.34045891592863886,0.18739999543351793,0.3022108296186248,0.7619047619047619,0.7619047619047619,0.8917084820816171,0.8,0.95
top_100__full_excl_covid,full_excl_covid,sparse_jl,20,1.0,21,0.7,50000,100,,0.007782007000002977,0.0006421400000249378,0.6342596420000177,0.12187562037213441,0.10328694491955531,0.2972499258794706,0.9362721801055284,50000,0.19205776173285202,0.0,0.25102286401925394,0.1,0.5296393342806548,0.21486481128278614,0.2080932527455938,0.31753246610301156,0.7380952380952381,0.7380952380952381,0.8851508784373817,0.8,0.95
top_100__full_excl_covid,full_excl_covid,sparse_jl,20,1.0,22,0.7,50000,100,,0.006485187000009773,0.0003960500000061984,0.6816160920000129,0.10704805927300169,0.08916048915888508,0.26622400232268173,0.9915674322892755,50000,0.21492178098676296,0.0,0.27605294825511434,0.1,0.5354055033636766,0.2904977728529154,0.23508672472989334,0.35366333364882846,0.6904761904761905,0.6904761904761905,0.9108962369890559,0.8,0.95
top_100__full_excl_covid,full_excl_covid,sparse_jl,20,1.0,23,0.7,50000,100,,0.005335558000012952,0.0005479200000308992,0.7793969400000265,0.12563347767626176,0.10422125055475823,0.3151269501444257,1.0254041366987094,50000,0.20649819494584837,0.0,0.2713598074608905,0.1,0.3633250200076762,0.34884629579144205,0.28101011397030184,0.3310604765898067,0.7857142857142857,0.7857142857142857,0.8998912827092874,0.9,0.95
top_100__full_excl_covid,full_excl_covid,sparse_jl,20,1.0,24,0.7,50000,100,,0.0063878170000180035,0.0005072700000141595,0.747879222999984,0.1224085402181704,0.10354267447480942,0.29955533243680615,1.0057956650996234,50000,0.20216606498194944,0.0,0.2534296028880867,0.1,0.5881533510345952,0.21779574818794595,0.30762976108162493,0.37119295343472203,0.7857142857142857,0.7857142857142857,0.9011059093357601,0.7,0.95
top_100__full_excl_covid,full_excl_covid,sparse_jl,20,1.0,25,0.7,50000,100,,0.006117888000005678,0.00046787999997377483,0.7552297600000202,0.11784401442141776,0.10092932815282807,0.2854300957463609,0.94895755018884,50000,0.19542719614921786,0.0,0.2584837545126354,0.1,0.5639519474987514,0.21345078829811484,0.21602627992050374,0.3311430052391233,0.7619047619047619,0.7619047619047619,0.8942440687493098,0.6,0.95
top_100__full_excl_covid,full_excl_covid,sparse_jl,20,1.0,26,0.7,50000,100,,0.005905467000047793,0.00027899000002662433,0.6860019790000251,0.12122483775179395,0.10082733099521429,0.3006099072598964,0.9955044860466644,50000,0.19061371841155236,0.0,0.24404332129963902,0.1,0.573759278064401,0.2486340221320394,0.26239696229519816,0.36159675416387954,0.8095238095238095,0.8095238095238095,0.9026164293385706,0.7,0.95
top_100__full_excl_covid,full_excl_covid,sparse_jl,20,1.0,27,0.7,50000,100,,0.007116827000004378,0.0003763199999866629,0.8194873829999665,0.11953159976368237,0.1008356998828569,0.29087737077086345,0.9685944541051132,50000,0.1963898916967509,0.0,0.2503008423586041,0.1,0.3916336503574871,0.20220819660436962,0.19793898201165466,0.2639269429911704,0.6190476190476191,0.6190476190476191,0.8922648452739032,0.9,0.95
top_100__full_excl_covid,full_excl_covid,sparse_jl,20,1.0,28,0.7,50000,100,,0.0059769580000192946,0.0005100699999616154,0.7635439969999993,0.14006149347391791,0.12002678664460975,0.33731813381476633,1.041090054096005,50000,0.19614921780986763,0.0,0.2571600481347774,0.1,0.6649304898281775,0.37938325013504065,0.2741001728382604,0.43947130426715947,0.7619047619047619,0.7619047619047619,0.904813798375953,0.6,0.95
top_100__full_excl_covid,full_excl_covid,sparse_jl,20,1.0,29,0.7,50000,100,,0.010626876000003449,0.001191199000004417,0.8243357510000351,0.11381581239065895,0.0962611698753103,0.2791586731501195,0.9876280324266251,50000,0.19759326113116726,0.0,0.25463297232250304,0.1,0.46712188354003814,0.22218907278496608,0.20217893287691183,0.29716329640063865,0.7142857142857143,0.7142857142857143,0.9093809701455083,0.6,0.95
top_100__full_excl_covid,full_excl_covid,sparse_jl,20,1.0,30,0.7,50000,100,,0.010029405999944174,0.0010578300000361196,0.7121135590000449,0.12516272951111673,0.10681488443348736,0.3035268797177031,0.9316069948829476,50000,0.1819494584837545,0.0,0.23754512635379063,0.1,0.4874382649924326,0.2920012749554939,0.20395269329296795,0.32779741108029814,0.7380952380952381,0.7380952380952381,0.8975039145752685,0.8,0.95
top_100__full_excl_covid,full_excl_covid,sparse_jl,20,1.0,31,0.7,50000,100,,0.009927266000033796,0.0005869899999879635,0.7133852380000008,0.11772203115814452,0.09799301721037929,0.2955036938417182,0.9966862934530353,50000,0.19253910950661854,0.0,0.2517448856799038,0.1,0.5279875886598446,0.3443067855907863,0.2575896469633191,0.37662800707131666,0.7619047619047619,0.7619047619047619,0.9078035761485262,0.7,0.95
top_100__full_excl_covid,full_excl_covid,sparse_jl,20,1.0,32,0.7,50000,100,,0.007612676000007923,0.0005553400000053443,0.8668038640000191,0.1311626619795775,0.11296733084988753,0.31299843382149917,0.9584037509439071,50000,0.1874849578820698,0.0,0.23501805054151625,0.1,0.18849285732053853,0.2696119765275177,0.1918440049210307,0.21664961292302898,0.6190476190476191,0.6190476190476191,0.8747509895176372,0.6,0.95
top_100__full_excl_covid,full_excl_covid,sparse_jl,20,1.0,33,0.7,50000,100,,0.016225862999988294,0.000520490000042173,0.8020276500000136,0.12302244654009177,0.10336188031947446,0.30357967522142787,1.0171989962296164,50000,0.2182912154031288,0.0,0.2682310469314079,0.1,0.5743434644295773,0.25133480326843494,0.2786750680472601,0.3681177785817575,0.7142857142857143,0.7142857142857143,0.899068908234995,0.7,0.95
top_100__full_excl_covid,full_excl_covid,sparse_jl,20,1.0,34,0.7,50000,100,,0.006175077000023066,0.0005017789999897104,0.6683111169999734,0.12032055595760469,0.10172728755146826,0.295427462467406,0.976798696499868,50000,0.19951865222623347,0.0,0.2523465703971119,0.1,0.4406797201131685,0.2435313066428745,0.2702069117115997,0.3181393128225476,0.6190476190476191,0.6190476190476191,0.901083262514094,0.8,0.95
top_100__full_excl_covid,full_excl_covid,sparse_jl,20,1.0,35,0.7,50000,100,,0.006246416999999838,0.0003378800000177762,0.7849945980000257,0.12835835073136148,0.11077472696796276,0.3055651889970895,0.9331584702109303,50000,0.18772563176895307,0.0,0.24127557160048135,0.1,0.3605461696105963,0.21136758748479612,0.15893684720347528,0.2436168680996226,0.6190476190476191,0.6190476190476191,0.8786574303322705,0.7,0.95
top_100__full_excl_covid,full_excl_covid,sparse_jl,20,1.0,36,0.7,50000,100,,0.008399365999991915,0.0004649200000130804,0.8943236310000202,0.11666241534227867,0.09987325553670001,0.28273426134897683,0.949328665686836,50000,0.20144404332129964,0.0,0.26089049338146814,0.1,0.5641522397264602,0.29662795396872105,0.22571056158765407,0.36216358509427843,0.7142857142857143,0.7142857142857143,0.899877836812398,0.8,0.95
top_100__full_excl_covid,full_excl_covid,sparse_jl,20,1.0,37,0.7,50000,100,,0.008057386000018596,0.000542639999991934,0.777458351000007,0.1220403544566123,0.10273850321597511,0.30196274213462704,0.9774096711092054,50000,0.1793020457280385,0.0,0.2364620938628159,0.0,0.5364780241001676,0.35949058263614003,0.24018868093480247,0.37871909589037006,0.7380952380952381,0.7380952380952381,0.8970858789225216,0.8,0.95
top_100__full_excl_covid,full_excl_covid,sparse_jl,20,1.0,38,0.7,50000,100,,0.004405608000013217,0.0005381699999702505,0.8428008029999887,0.16037087961208468,0.13805665952682866,0.382424681509591,1.0977664101030444,50000,0.2170878459687124,0.0,0.27773766546329726,0.1,0.5967227672599115,0.4813946182033659,0.30595867889659356,0.46135868811995695,0.8095238095238095,0.8095238095238095,0.9074358319141603,0.8,0.95
top_100__full_excl_covid,full_excl_covid,sparse_jl,20,1.0,39,0.7,50000,100,,0.01294580399996903,0.0013763599999947473,0.7594980979999946,0.11300089152106373,0.09465276688969715,0.27906801185329355,0.9790588370026598,50000,0.19614921780986763,0.0,0.25908543922984356,0.1,0.5009646659445062,0.2228267982263944,0.2317764062270729,0.3185226234659912,0.6428571428571429,0.6428571428571429,0.9055121276553031,0.7,0.95
top_100__full_excl_covid,full_excl_covid,sparse_jl,20,1.0,40,0.7,50000,100,,0.0072399270000005345,0.0006465499999990243,0.7104008690000114,0.11263730822120514,0.09418293530689559,0.2806380289344504,0.9988372906145682,50000,0.19037304452466905,0.0,0.25703971119133573,0.1,0.5605478499937202,0.36206772411788973,0.27188041345888064,0.3981653291901635,0.8571428571428571,0.8571428571428571,0.8986606381092266,0.8,0.95
top_100__full_excl_covid,full_excl_covid,sparse_jl,20,1.0,41,0.7,50000,100,,0.007253926999965188,0.0004135299999461495,0.7327502999999638,0.11723361865694114,0.0977886813232488,0.29229835583868463,0.9814446158347048,50000,0.1783393501805054,0.0,0.24416365824308067,0.1,0.5136722507037927,0.2991498877307513,0.26842584390329166,0.3604159941126119,0.8095238095238095,0.8095238095238095,0.9075266074015584,1.0,0.95
top_100__full_excl_covid,full_excl_covid,sparse_jl,20,1.0,42,0.7,50000,100,,0.006629227000019,0.0007041499999900225,0.7461434839999583,0.12138156451806517,0.10356792106601187,0.2933245069707774,1.008742496254943,50000,0.19085439229843562,0.0,0.26028880866425996,0.1,0.5251029321345024,0.35186829967957606,0.22923224934583966,0.36873449371997274,0.7619047619047619,0.7619047619047619,0.9074090655875374,0.6,0.95
top_100__full_excl_covid,full_excl_covid,sparse_jl,20,1.0,43,0.7,50000,100,,0.0030062189999853217,0.0003704100000163635,0.7228556239999762,0.10774007762550383,0.0901302942612438,0.2690957382177339,0.9630009519648681,50000,0.20409145607701565,0.0,0.2594464500601685,0.1,0.6377281037409914,0.4251791775496036,0.26623723474509603,0.44304817201189706,0.8095238095238095,0.8095238095238095,0.9176385073757958,0.9,0.95
top_100__full_excl_covid,full_excl_covid,sparse_jl,20,1.0,44,0.7,50000,100,,0.005737977999956456,0.00031570999999530613,0.79661001300002,0.1275525102332683,0.11033928295199852,0.30369436276851364,0.9497385108118384,50000,0.1858002406738869,0.0,0.24488567990373045,0.1,0.5336417888325665,0.17658921971569883,0.2058034755968767,0.3053448280483807,0.6666666666666666,0.6666666666666666,0.8794552341551711,0.7,0.95
top_100__full_excl_covid,full_excl_covid,sparse_jl,20,1.0,45,0.7,50000,100,,0.006307988000003206,0.0004685289999883935,0.7198094750000337,0.11529885262621414,0.0979627485770751,0.2805676633077605,0.9636245858092553,50000,0.19663056558363418,0.0,0.2509025270758123,0.1,0.5364405134834157,0.33115682855513046,0.19998271654956376,0.35586001952936996,0.7619047619047619,0.7619047619047619,0.90356217984964,0.8,0.95
top_100__full_excl_covid,full_excl_covid,sparse_jl,20,1.0,46,0.7,50000,100,,0.007500276999962807,0.0006106199999749151,0.758939598999973,0.12005494503378836,0.10190809045547083,0.293831744655281,0.9551097617254409,50000,0.189410348977136,0.0,0.24163658243080627,0.1,0.44344219826432135,0.20071788298398646,0.19800062736457688,0.2807202362042949,0.6904761904761905,0.6904761904761905,0.9007525310907611,0.5,0.95
top_100__full_excl_covid,full_excl_covid,sparse_jl,20,1.0,47,0.7,50000,100,,0.007095397000000503,0.0003635900000062975,0.723534643999983,0.12429266989323452,0.10778070117555216,0.2967785414162218,0.9601873410623896,50000,0.19951865222623347,0.0,0.23935018050541518,0.1,0.256501958562284,0.22657741347933413,0.21203309971005577,0.23170415725055796,0.6904761904761905,0.6904761904761905,0.8882162083490863,0.8,0.95
top_100__full_excl_covid,full_excl_covid,sparse_jl,20,1.0,48,0.7,50000,100,,0.007002537999994729,0.0005383390000019972,0.8337010179999993,0.14803508962617562,0.12973317387685485,0.3463190162507962,0.9082095114677181,50000,0.17184115523465707,0.0,0.22238267148014443,0.0,0.12683943366524408,0.14831652796110928,0.12087395103587877,0.1320099708874107,0.47619047619047616,0.47619047619047616,0.854348670717304,0.5,0.95
top_100__full_excl_covid,full_excl_covid,sparse_jl,20,1.0,49,0.7,50000,100,,0.006905037000024095,0.00038038999997525025,0.718892105000009,0.1151011829940307,0.09747641620915592,0.2813555588761828,0.9884954323439507,50000,0.20770156438026477,0.0,0.26678700361010826,0.1,0.5178292517993883,0.2835315244691638,0.22999671465070562,0.34378583030641924,0.7380952380952381,0.7380952380952381,0.9070617306772213,0.6,0.95
top_100__full_excl_covid,full_excl_covid,sparse_jl,20,3.0,0,0.7,50000,300,,0.012809545000038725,0.0006445299999882081,0.754228659999967,0.11468023849626295,0.09689904435223234,0.28210095233234644,0.97561607484919,50000,0.1886883273164862,0.0,0.2539109506618532,0.1,0.48087054501560406,0.24054644817585688,0.26898802833199836,0.3301350071744864,0.7380952380952381,0.7380952380952381,0.9112010176222802,0.8,0.85
top_100__full_excl_covid,full_excl_covid,sparse_jl,20,3.0,1,0.7,50000,300,,0.007409296999981052,0.00048187000004418223,0.8095430970000166,0.11869335000613697,0.09936012960419627,0.29424217047269136,1.0124918880088503,50000,0.19566787003610112,0.0,0.25198555956678703,0.1,0.6017735353948221,0.2464718037005332,0.19398944759591333,0.3474115955637562,0.7380952380952381,0.7380952380952381,0.9001420288206421,0.7,0.85
top_100__full_excl_covid,full_excl_covid,sparse_jl,20,3.0,2,0.7,50000,300,,0.0075946970000018155,0.0005309890000262385,0.7070125310000321,0.11682951720934416,0.09981221139841329,0.2841059490362355,0.98814845355541,50000,0.20577617328519857,0.0,0.2619735258724428,0.1,0.49153147280362636,0.29860015597960626,0.21261312307154773,0.3342482506182601,0.6904761904761905,0.6904761904761905,0.9091771278393217,0.8,0.85
top_100__full_excl_covid,full_excl_covid,sparse_jl,20,3.0,3,0.7,50000,300,,0.0034711289999904693,0.00040018999999347216,0.7566257399999472,0.1158615043370484,0.09761100296421799,0.28569032324557697,1.00118198132531,50000,0.2219013237063779,0.0,0.27412755716004816,0.1,0.5603962807675125,0.32954535371826493,0.33548084069682155,0.4084741583941996,0.7380952380952381,0.7380952380952381,0.9093500843139288,0.5,0.85
top_100__full_excl_covid,full_excl_covid,sparse_jl,20,3.0,4,0.7,50000,300,,0.01857711200000267,0.00043764899999132467,0.7304052499999898,0.13704467889915467,0.11933844958030437,0.32360096645395164,0.9543130801411477,50000,0.17713598074608902,0.0,0.23068592057761736,0.1,0.12513288737115352,0.15011751788365696,0.16596919418240752,0.147073199812406,0.5,0.5,0.8590252080245446,0.6,0.85
top_100__full_excl_covid,full_excl_covid,sparse_jl,20,3.0,5,0.7,50000,300,,0.007896225999957096,0.001032870000017283,0.7494222930000092,0.11677449405416665,0.09882921477338125,0.2853434495363756,1.0171635692442855,50000,0.21371841155234655,0.0,0.2651022864019254,0.1,0.6112617964147181,0.28920073463422524,0.2785149641270105,0.3929924983919846,0.8333333333333334,0.8333333333333334,0.9163861569577392,0.8,0.85
top_100__full_excl_covid,full_excl_covid,sparse_jl,20,3.0,6,0.7,50000,300,,0.007426486000042587,0.0003925299999991694,0.7285644920000323,0.12022261842550969,0.10289592680670989,0.29260158290011407,0.9979433432435719,50000,0.19855595667870035,0.0,0.2564380264741276,0.1,0.42917979714400906,0.260470037819526,0.15750681525350427,0.28238555007234645,0.7380952380952381,0.7380952380952381,0.8984831439058092,0.8,0.85
top_100__full_excl_covid,full_excl_covid,sparse_jl,20,3.0,7,0.7,50000,300,,0.006235707000030288,0.0003886700000066412,0.7279282020000437,0.11264523471205892,0.09565136733490204,0.27587601896774283,0.9657325741173365,50000,0.2045728038507822,0.0,0.27015643802647415,0.1,0.550400244126215,0.1762870015281681,0.24900290323379098,0.3252300496293914,0.7380952380952381,0.7380952380952381,0.9105172634442239,0.7,0.85
top_100__full_excl_covid,full_excl_covid,sparse_jl,20,3.0,8,0.7,50000,300,,0.01502410399996279,0.0006293300000379531,0.7890527060000068,0.11826668824962458,0.10126638576065394,0.2863720424870033,0.9754634503747409,50000,0.19494584837545126,0.0,0.249338146811071,0.1,0.5832286187507362,0.19228835984575818,0.16653783565902772,0.31401827141850736,0.7380952380952381,0.7380952380952381,0.8955624985362165,0.7,0.85
top_100__full_excl_covid,full_excl_covid,sparse_jl,20,3.0,9,0.7,50000,300,,0.009824406000007002,0.0005592499999806932,0.7133219779999536,0.12266889633732503,0.10459167668219982,0.29748422303625904,0.9720003355355629,50000,0.19638989169675092,0.0,0.2450060168471721,0.1,0.3878184606940976,0.17584681530690582,0.1571924742405049,0.24028591674716945,0.7380952380952381,0.7380952380952381,0.8838735391440796,0.7,0.85
top_100__full_excl_covid,full_excl_covid,sparse_jl,20,3.0,10,0.7,50000,300,,0.005915597000011985,0.0005170599999928527,0.6815560809999965,0.13743594333774262,0.11939678186891067,0.3244940749097025,1.0567056367260017,50000,0.2168471720818291,0.0,0.2779783393501805,0.1,0.6562543147780696,0.3356556300029273,0.32393706566364405,0.4386156701482136,0.8333333333333334,0.8333333333333334,0.9246756674016252,0.9,0.85
top_100__full_excl_covid,full_excl_covid,sparse_jl,20,3.0,11,0.7,50000,300,,0.0057975870000177565,0.0005887400000119669,0.6357600000000048,0.12546195543031233,0.10528011398050596,0.30955346798945543,1.0173521121324305,50000,0.20144404332129964,0.0,0.2683513838748496,0.1,0.5156602455684338,0.23962213430290671,0.28248627608795096,0.34592288531976384,0.7380952380952381,0.7380952380952381,0.8889594966926857,0.9,0.85
top_100__full_excl_covid,full_excl_covid,sparse_jl,20,3.0,12,0.7,50000,300,,0.005986407000023064,0.00040373999996745624,0.6580425210000271,0.11480419460198456,0.09693644215828967,0.2845745372679704,0.9969730993428676,50000,0.20962695547533092,0.0,0.26762936221419975,0.1,0.5739855458969693,0.2741963382238502,0.2015188410956737,0.34990024173883105,0.7619047619047619,0.7619047619047619,0.9017885761317973,0.8,0.85
top_100__full_excl_covid,full_excl_covid,sparse_jl,20,3.0,13,0.7,50000,300,,0.004282058000001143,0.00126026999998885,0.6547985429999699,0.14300496757714182,0.12403044513284911,0.3394386271246472,0.926374924556708,50000,0.17376654632972324,0.0,0.22081829121540314,0.1,0.13915604494462655,0.13759078107601305,0.12089873730982957,0.1325485211101564,0.5476190476190477,0.5476190476190477,0.8512707522676097,0.5,0.85
top_100__full_excl_covid,full_excl_covid,sparse_jl,20,3.0,14,0.7,50000,300,,0.0065736569999899075,0.0004155499999569656,0.6183659579999699,0.11840749506947273,0.10063806254202695,0.2875603869429734,0.9735760758554093,50000,0.19350180505415163,0.0,0.2471720818291215,0.1,0.48926829123504434,0.2608556693126799,0.20581435300474435,0.31864610451748954,0.7619047619047619,0.7619047619047619,0.9140403811859489,0.7,0.85
top_100__full_excl_covid,full_excl_covid,sparse_jl,20,3.0,15,0.7,50000,300,,0.005647817999999916,0.0005936099999530597,0.626332624999975,0.11691947867766177,0.0990925937515163,0.2858258469728031,0.9882144686411006,50000,0.19903730445246687,0.0,0.26016847172081825,0.1,0.5463754634944828,0.3167882874216314,0.24019378719782447,0.36778584603797954,0.7380952380952381,0.7380952380952381,0.8969549121228039,0.8,0.85
top_100__full_excl_covid,full_excl_covid,sparse_jl,20,3.0,16,0.7,50000,300,,0.0058281070000134605,0.000556219999964469,0.5896737310000049,0.11825068680660988,0.10158998321580792,0.2859421157236199,0.96396083456657,50000,0.20938628158844766,0.0,0.26173285198555957,0.1,0.3332158794846606,0.247196488310809,0.23461177129683186,0.2716747130307671,0.7380952380952381,0.7380952380952381,0.8928444198900571,0.7,0.85
top_100__full_excl_covid,full_excl_covid,sparse_jl,20,3.0,17,0.7,50000,300,,0.007771277000017562,0.0006693090000453594,0.6914090280000096,0.13703834567489284,0.11926695739224757,0.32574647465293083,0.9273970603774311,50000,0.1730445246690734,0.0,0.2252707581227437,0.0,0.40583236667600736,0.21250740839909413,0.16425195334721104,0.26086390947410415,0.6428571428571429,0.6428571428571429,0.8755134534249187,0.6,0.85
top_100__full_excl_covid,full_excl_covid,sparse_jl,20,3.0,18,0.7,50000,300,,0.005696698000008382,0.0007505890000061299,0.6544449539999846,0.11642666359094744,0.09726640734316738,0.28978858964058096,1.0291062677198437,50000,0.21492178098676293,0.0,0.27665463297232246,0.1,0.61566581193109,0.40463069329697,0.2810578519958267,0.43378478574129553,0.8095238095238095,0.8095238095238095,0.9145592296985776,0.6,0.85
top_100__full_excl_covid,full_excl_covid,sparse_jl,20,3.0,19,0.7,50000,300,,0.006880087000013191,0.0007062700000233235,0.7095627100000002,0.12877882041281133,0.11186839036621038,0.3038956515719355,0.9330968060112101,50000,0.1901323706377858,0.0,0.24332129963898916,0.1,0.4566956602012185,0.2604248498724452,0.17081027214871045,0.29597692740745807,0.6904761904761905,0.6904761904761905,0.8889545407400219,0.5,0.85
top_100__full_excl_covid,full_excl_covid,sparse_jl,20,3.0,20,0.7,50000,300,,0.006197096999983387,0.00043436999999357795,0.7409624860000008,0.13335294596836833,0.11234018898713988,0.32878438835836976,1.0716894343390613,50000,0.22671480144404332,0.0,0.2896510228640192,0.1,0.5539886413945709,0.4631668963829503,0.3268379605922976,0.4479978327899396,0.7142857142857143,0.7142857142857143,0.9228526923578791,0.8,0.85
top_100__full_excl_covid,full_excl_covid,sparse_jl,20,3.0,21,0.7,50000,300,,0.007446457000014561,0.000474119999978484,0.6760186829999952,0.1339936639792523,0.11501790699864783,0.32617813323483125,1.0348562494269147,50000,0.19759326113116726,0.0,0.24945848375451266,0.1,0.5795119946426746,0.27194391569219123,0.25051301522273817,0.367322975185868,0.6428571428571429,0.6428571428571429,0.9098531030537033,0.8,0.85
top_100__full_excl_covid,full_excl_covid,sparse_jl,20,3.0,22,0.7,50000,300,,0.0064532679999729226,0.0007409699999811892,0.68538338999997,0.11512104151003424,0.09644133533539423,0.2863312715578044,1.0078819593343222,50000,0.20072202166064984,0.0,0.2629362214199759,0.1,0.5866265701837924,0.2778777431912663,0.24102670217228547,0.36851033851578135,0.6666666666666666,0.6666666666666666,0.9156026145682423,0.9,0.85
top_100__full_excl_covid,full_excl_covid,sparse_jl,20,3.0,23,0.7,50000,300,,0.006137977999969735,0.0004425499999456406,0.638066149999986,0.12115904766151583,0.10366080761828184,0.29256999828175423,1.002750273091291,50000,0.20577617328519857,0.0,0.2606498194945849,0.1,0.5747751925085095,0.35735599574840343,0.24768157531112323,0.3932709211893454,0.7619047619047619,0.7619047619047619,0.9000160597959737,0.7,0.85
top_100__full_excl_covid,full_excl_covid,sparse_jl,20,3.0,24,0.7,50000,300,,0.006881157999998777,0.0008591299999807234,0.7124993680000102,0.13087374894463225,0.112480228225731,0.3139930083210781,1.0415941488879834,50000,0.215884476534296,0.0,0.2728038507821901,0.1,0.5669582901704857,0.4296337034759027,0.302254625640731,0.4329488730957065,0.7619047619047619,0.7619047619047619,0.908286812900031,0.7,0.85
top_100__full_excl_covid,full_excl_covid,sparse_jl,20,3.0,25,0.7,50000,300,,0.006010888000048453,0.000494930000002114,0.6181036590000417,0.13102476839203245,0.11048041264687936,0.3221056049332271,1.0207909474267773,50000,0.18989169675090253,0.0,0.25078219013237063,0.1,0.4394001624842215,0.31617237122337316,0.30212531180037117,0.3525659485026553,0.6428571428571429,0.6428571428571429,0.8943275880528501,0.8,0.85
top_100__full_excl_covid,full_excl_covid,sparse_jl,20,3.0,26,0.7,50000,300,,0.006158907999974872,0.0004935499999874082,0.7075870399999644,0.11302530563943729,0.09536824160868135,0.27892612150557694,1.0100035961808638,50000,0.21732851985559565,0.0,0.2782190132370638,0.1,0.6127596061521532,0.2668721966728012,0.2763703581597848,0.3853340536615797,0.7857142857142857,0.7857142857142857,0.9090090645838004,0.6,0.85
top_100__full_excl_covid,full_excl_covid,sparse_jl,20,3.0,27,0.7,50000,300,,0.008366946999956326,0.0004455799999618648,0.7396731559999807,0.12457585673934723,0.10411247073097413,0.3107154428266742,1.014095825440103,50000,0.19253910950661854,0.0,0.2545126353790614,0.1,0.2507543388274929,0.3290834395782468,0.22189565906346256,0.26724447915640076,0.6190476190476191,0.6190476190476191,0.9010787875188618,0.8,0.85
top_100__full_excl_covid,full_excl_covid,sparse_jl,20,3.0,28,0.7,50000,300,,0.0063764969999624554,0.0007108400000106485,0.6378174099999683,0.11829445414987245,0.10054324060627834,0.288647730755852,0.9850958097267487,50000,0.1987966305655836,0.0,0.2637785800240674,0.1,0.5414872732465623,0.3281894006764519,0.2179535554228579,0.36254340978195737,0.7619047619047619,0.7619047619047619,0.9061609183192084,0.8,0.85
top_100__full_excl_covid,full_excl_covid,sparse_jl,20,3.0,29,0.7,50000,300,,0.008620406000034109,0.00044944900002974464,0.714299877999963,0.1273693765302505,0.11143168771652445,0.30091767048168677,0.9389294669034676,50000,0.1829121540312876,0.0,0.2332129963898917,0.1,0.3156763998626895,0.19833315005272467,0.18772713764448798,0.2339122291866341,0.6666666666666666,0.6666666666666666,0.885333642261353,0.7,0.85
top_100__full_excl_covid,full_excl_covid,sparse_jl,20,3.0,30,0.7,50000,300,,0.006066647000011471,0.0004164200000218443,0.6968618450000008,0.11367339803549924,0.09645964607613738,0.2759935590353665,0.9621379666652645,50000,0.19205776173285202,0.0,0.2563176895306859,0.1,0.4861026121592105,0.38580089076688345,0.23465124660638736,0.36885158317749384,0.7142857142857143,0.7142857142857143,0.9059141244232692,0.6,0.85
top_100__full_excl_covid,full_excl_covid,sparse_jl,20,3.0,31,0.7,50000,300,,0.004267847999983587,0.00041327999997520237,0.7450334839999755,0.11863513712844002,0.10115522415847034,0.28781318014342755,0.9823892308703243,50000,0.19807460890493384,0.0,0.26498194945848375,0.1,0.47494601111539675,0.2496707444259308,0.19461331579409666,0.30641002377847476,0.7857142857142857,0.7857142857142857,0.899295501918811,0.6,0.85
top_100__full_excl_covid,full_excl_covid,sparse_jl,20,3.0,32,0.7,50000,300,,0.0071039170000517515,0.0005509999999731008,0.7269289719999961,0.14024670164905825,0.12112842871451851,0.33455102883634535,1.0504845335643755,50000,0.22310469314079423,0.0,0.2749699157641396,0.1,0.6598670658650785,0.3117825285707966,0.23822423551090108,0.4032912766489254,0.7857142857142857,0.7857142857142857,0.8999067151694811,0.7,0.85
top_100__full_excl_covid,full_excl_covid,sparse_jl,20,3.0,33,0.7,50000,300,,0.011016495999967901,0.0004536299999813309,0.7391868269999691,0.11328371269704864,0.09614650936199798,0.2769111786270808,0.9965219237541345,50000,0.21299638989169675,0.0,0.2746089049338147,0.1,0.6288237617553388,0.2247455638541491,0.27299116254341044,0.3755201627176328,0.7380952380952381,0.7380952380952381,0.9167313589264026,0.8,0.85
top_100__full_excl_covid,full_excl_covid,sparse_jl,20,3.0,34,0.7,50000,300,,0.005680296999969414,0.0003262100000256396,0.6446751569999947,0.12677249363803153,0.11054681775427933,0.2986282923980622,0.9304782864678686,50000,0.19663056558363415,0.0,0.25018050541516246,0.1,0.42190799338411045,0.20813698945802253,0.1742286584101574,0.26809121375076345,0.7142857142857143,0.7142857142857143,0.9000041195049566,0.9,0.85
top_100__full_excl_covid,full_excl_covid,sparse_jl,20,3.0,35,0.7,50000,300,,0.0063644969999927525,0.0004336900000225796,0.6619231799999739,0.1198649045684383,0.10212096286273686,0.28991599674703,1.0046684356371,50000,0.2127557160048135,0.0,0.2764139590854392,0.1,0.5664418193284901,0.23932009427288278,0.2642549020513887,0.3566722718842539,0.7857142857142857,0.7857142857142857,0.9060292405389399,0.7,0.85
top_100__full_excl_covid,full_excl_covid,sparse_jl,20,3.0,36,0.7,50000,300,,0.009065895999981421,0.0006156900000178211,0.7500140419999752,0.1386561128323115,0.12053134095849793,0.3276754062402138,1.0712020260667774,50000,0.22984356197352587,0.0,0.3004813477737665,0.1,0.5859826460115642,0.43998519276090464,0.3971549294477752,0.4743742560734147,0.8095238095238095,0.8095238095238095,0.9227682947842467,0.7,0.85
top_100__full_excl_covid,full_excl_covid,sparse_jl,20,3.0,37,0.7,50000,300,,0.006585617000041566,0.0006507400000259622,0.6703119960000095,0.11268884330706977,0.09465117573971865,0.2787433617839045,0.9859180746727676,50000,0.1956678700361011,0.0,0.25908543922984356,0.1,0.5200567327274072,0.31178946133200286,0.25372819527184776,0.3618581297770859,0.7380952380952381,0.7380952380952381,0.9097208397600398,0.8,0.85
top_100__full_excl_covid,full_excl_covid,sparse_jl,20,3.0,38,0.7,50000,300,,0.00572986800000308,0.0003447700000265286,0.732001729999979,0.13090754910287042,0.11045924152453501,0.3217689593695291,1.041526080782685,50000,0.2144404332129964,0.0,0.27376654632972325,0.1,0.530492742241611,0.25502084484815885,0.21732181415924184,0.3342784670830039,0.7380952380952381,0.7380952380952381,0.9030760364423536,0.6,0.85
top_100__full_excl_covid,full_excl_covid,sparse_jl,20,3.0,39,0.7,50000,300,,0.004545578000033856,0.0009225399999763795,0.6616842799999745,0.12795965781509955,0.11108740649790616,0.3011871451194247,1.056242745049987,50000,0.2450060168471721,0.0,0.305294825511432,0.1,0.6977161732474977,0.3115711364092862,0.2548886744946698,0.42139199471715116,0.8333333333333334,0.8333333333333334,0.9198550310656677,0.8,0.85
top_100__full_excl_covid,full_excl_covid,sparse_jl,20,3.0,40,0.7,50000,300,,0.018967882000026748,0.000625120000051993,0.6562055719999762,0.12547432242105924,0.10661733579919491,0.30548670199543027,1.000365572068988,50000,0.19614921780986763,0.0,0.2563176895306859,0.1,0.5275317347443735,0.2909572534462846,0.23117773916987613,0.34988890912017806,0.6428571428571429,0.6428571428571429,0.9024601390845246,0.7,0.85
top_100__full_excl_covid,full_excl_covid,sparse_jl,20,3.0,41,0.7,50000,300,,0.0031273889999852145,0.000381419999996524,0.6368586209999876,0.11658490185271563,0.09826975209112221,0.28449263502081257,0.9755974192132507,50000,0.2055354993983153,0.0,0.26257521058965105,0.1,0.5506049690435862,0.23875435519859275,0.23016424977837763,0.33984119134018553,0.7857142857142857,0.7857142857142857,0.9054998946075888,0.9,0.85
top_100__full_excl_covid,full_excl_covid,sparse_jl,20,3.0,42,0.7,50000,300,,0.007335905999980241,0.0007119800000054965,0.6673259680000001,0.11498070824317852,0.09834381432080863,0.2802657845066817,0.950327043843329,50000,0.20120336943441636,0.0,0.24729241877256317,0.1,0.5890544381956748,0.3427947212580842,0.2473928240353093,0.3930806611630228,0.7142857142857143,0.7142857142857143,0.9030828953135507,0.7,0.85
top_100__full_excl_covid,full_excl_covid,sparse_jl,20,3.0,43,0.7,50000,300,,0.008391666999955305,0.0005303899999944406,0.6707851959999971,0.12680251576539095,0.10747276037257114,0.30866493641766474,1.0155958331363577,50000,0.2064981949458484,0.0,0.2580024067388688,0.1,0.33204239496103194,0.2456188919011959,0.24563134348828886,0.2744308767835056,0.6428571428571429,0.6428571428571429,0.8861029023062535,0.4,0.85
top_100__full_excl_covid,full_excl_covid,sparse_jl,20,3.0,44,0.7,50000,300,,0.007502027999976235,0.00046024900001384594,0.6888139589999582,0.12688152345015255,0.10840837134360315,0.30807584944687244,1.030721728649034,50000,0.20673886883273165,0.0,0.26341756919374243,0.1,0.6479137839309284,0.33484979940330567,0.23130959231620035,0.4046910585501448,0.7857142857142857,0.7857142857142857,0.897258354439697,1.0,0.85
top_100__full_excl_covid,full_excl_covid,sparse_jl,20,3.0,45,0.7,50000,300,,0.006501537000019653,0.0004727100000536666,0.6730971150000187,0.11318045028199478,0.09459324187825613,0.2821651516316772,0.9979473877793383,50000,0.20986762936221423,0.0,0.26714801444043323,0.1,0.4471370488292393,0.22714997640521678,0.2488952803495088,0.307727435194655,0.7619047619047619,0.7619047619047619,0.9063273714128939,0.7,0.85
top_100__full_excl_covid,full_excl_covid,sparse_jl,20,3.0,46,0.7,50000,300,,0.009109136000006401,0.0006018689999791604,0.6507243039999935,0.12048233893386259,0.10012646537228764,0.30032319140472796,1.020754220307351,50000,0.2187725631768953,0.0,0.2713598074608905,0.1,0.5173642023423515,0.2174167850648933,0.22349182076437335,0.31942426939053936,0.8095238095238095,0.8095238095238095,0.9010883857562992,0.7,0.85
top_100__full_excl_covid,full_excl_covid,sparse_jl,20,3.0,47,0.7,50000,300,,0.005728207999993629,0.0005106499999669722,0.6539707430000021,0.12254451224701539,0.1028230140308693,0.30170779815560445,1.0079131050146297,50000,0.20312876052948256,0.0,0.2542719614921781,0.1,0.378375950680031,0.22367060368164332,0.2238334343603699,0.27529332957401476,0.7142857142857143,0.7142857142857143,0.8995454534048438,0.5,0.85
top_100__full_excl_covid,full_excl_covid,sparse_jl,20,3.0,48,0.7,50000,300,,0.004783307999957742,0.0005821400000058929,0.7059899610000002,0.11542113862770961,0.09738541299175446,0.28362368929264364,1.0058871251453114,50000,0.2243080625752106,0.0,0.2865222623345367,0.1,0.47446462750309826,0.28497499995347897,0.2931746901989714,0.3508714392185162,0.6428571428571429,0.6428571428571429,0.9092602289190084,0.8,0.85
top_100__full_excl_covid,full_excl_covid,sparse_jl,20,3.0,49,0.7,50000,300,,0.007854016999999658,0.0005344199999512966,0.6437977369999999,0.11108119163188022,0.09325474500994146,0.2762340181893206,0.9811143601570086,50000,0.20722021660649817,0.0,0.2620938628158845,0.1,0.5530408104804961,0.3061055938785637,0.26573718214901504,0.37496119550269164,0.7857142857142857,0.7857142857142857,0.9102928236132533,0.6,0.85
top_100__full_excl_covid,full_excl_covid,sparse_jl,20,5.0,0,0.7,50000,500,,0.01701397299996188,0.0010793800000215015,0.6011135859999968,0.11274895550309472,0.09562478265758567,0.27697239994373013,0.9748134003244656,50000,0.20601684717208185,0.0,0.25860409145607705,0.1,0.5576251454379499,0.21524123388607766,0.2117173426339061,0.3281945739859779,0.8809523809523809,0.8809523809523809,0.9041466058624945,0.9,0.75
top_100__full_excl_covid,full_excl_covid,sparse_jl,20,5.0,1,0.7,50000,500,,0.006153726999968967,0.00044094999998378626,0.634400711000012,0.11580545748062439,0.09931409615325337,0.2795432841136051,1.0055106396176263,50000,0.21395908543922987,0.0,0.27749699157641394,0.1,0.529923427023847,0.2673646120778086,0.3384669769534734,0.37858500535170964,0.7619047619047619,0.7619047619047619,0.9163572786006564,0.9,0.75
top_100__full_excl_covid,full_excl_covid,sparse_jl,20,5.0,2,0.7,50000,500,,0.00682208700004594,0.000557388999993691,0.625112425999987,0.12479677553839674,0.10776437964523733,0.2977748652028003,0.9678478047082248,50000,0.19807460890493384,0.0,0.2575210589651023,0.1,0.39666945017742633,0.1863472654047193,0.16158070656159143,0.24819914071457902,0.6904761904761905,0.6904761904761905,0.8751988863535227,0.8,0.75
top_100__full_excl_covid,full_excl_covid,sparse_jl,20,5.0,3,0.7,50000,500,,0.013098834999993869,0.0004541899999708221,0.6017827059999945,0.12269309925450156,0.10442538313020922,0.2980165682226261,0.9682550198898101,50000,0.19037304452466905,0.0,0.25078219013237063,0.1,0.4266184297081378,0.30195346288666897,0.22935139403997878,0.3193077622115952,0.6904761904761905,0.6904761904761905,0.8813474252466683,0.6,0.75
top_100__full_excl_covid,full_excl_covid,sparse_jl,20,5.0,4,0.7,50000,500,,0.008060096999997768,0.0003555099999630329,0.5837550030000216,0.10986974366637843,0.09223419927222165,0.27309861696823173,0.9920472247811971,50000,0.21756919374247896,0.0,0.2807460890493382,0.1,0.5390949739369593,0.37310672182360644,0.2696019829581212,0.39393455957289564,0.7380952380952381,0.7380952380952381,0.9086877222859779,0.8,0.75
top_100__full_excl_covid,full_excl_covid,sparse_jl,20,5.0,5,0.7,50000,500,,0.0063056170000095335,0.0003929999999741085,0.5830802639999888,0.12266775516097794,0.10571246846680821,0.2946153826784843,0.9503126182597372,50000,0.18411552346570398,0.0,0.23670276774969917,0.1,0.4759089234890275,0.2033837915203863,0.20049995377603116,0.29326422292848164,0.6904761904761905,0.6904761904761905,0.8848161529762482,0.7,0.75
top_100__full_excl_covid,full_excl_covid,sparse_jl,20,5.0,6,0.7,50000,500,,0.0071528059999650395,0.00034972999998217347,0.6026296950000187,0.13066054132449423,0.11355723448237448,0.31017702716481593,0.9421917395093906,50000,0.18483754512635378,0.0,0.2377858002406739,0.1,0.2760721340174296,0.18888839831126727,0.14576121715822604,0.20357391649564094,0.6666666666666666,0.6666666666666666,0.8757145981872505,0.6,0.75
top_100__full_excl_covid,full_excl_covid,sparse_jl,20,5.0,7,0.7,50000,500,,0.006567146999998386,0.0008764899999960107,0.5986721269999862,0.13014970719119143,0.11234160689014094,0.31159825972919997,0.9452734368257719,50000,0.1667870036101083,0.0,0.22539109506618532,0.1,0.36350124024868957,0.1688612180742358,0.15546116126680948,0.22927453986324497,0.7619047619047619,0.7619047619047619,0.880193148322253,0.6,0.75
top_100__full_excl_covid,full_excl_covid,sparse_jl,20,5.0,8,0.7,50000,500,,0.0119987250000122,0.0006048500000019885,0.6170702790000178,0.1391580222424374,0.12104957228977392,0.32940078776536946,0.9494832508799876,50000,0.18387484957882072,0.0,0.23188929001203368,0.1,0.09393456910016586,0.15694021684560946,0.18449033818364544,0.14512170804314026,0.47619047619047616,0.47619047619047616,0.8629049661573257,0.5,0.75
top_100__full_excl_covid,full_excl_covid,sparse_jl,20,5.0,9,0.7,50000,500,,0.005151277999971171,0.0010267099999623497,0.639282460000004,0.12102405169777326,0.10296963858277025,0.2956404584863404,1.0145523634625013,50000,0.19807460890493384,0.0,0.2643802647412756,0.1,0.5732673175501131,0.3401422146551759,0.23905980138450103,0.38415644452993,0.7380952380952381,0.7380952380952381,0.9126905218764533,0.5,0.75
top_100__full_excl_covid,full_excl_covid,sparse_jl,20,5.0,10,0.7,50000,500,,0.01080051599996068,0.0005300290000036512,0.6303253539999787,0.12193057182486523,0.10321571949384206,0.2977329291259629,0.9929532238940317,50000,0.20794223826714803,0.0,0.2649819494584838,0.1,0.43913976422717615,0.3022358275264289,0.19918722970603853,0.3135209404865479,0.6190476190476191,0.6190476190476191,0.897704306534664,0.6,0.75
top_100__full_excl_covid,full_excl_covid,sparse_jl,20,5.0,11,0.7,50000,500,,0.010288715999990927,0.00040219999999635547,0.6153194899999903,0.11619921033005501,0.09881240916105838,0.2834752528723395,1.0164145459560257,50000,0.2125150421179302,0.0,0.2730445246690734,0.1,0.6065027900578378,0.3758030651050569,0.2395405665176812,0.407282140560192,0.7142857142857143,0.7142857142857143,0.9077230471455385,0.7,0.75
top_100__full_excl_covid,full_excl_covid,sparse_jl,20,5.0,12,0.7,50000,500,,0.006421927000019423,0.0005970400000023801,0.6319458319999853,0.14840420171184254,0.12610059802258855,0.3606740604971391,1.0728039383093808,50000,0.2214199759326113,0.0,0.27833935018050543,0.1,0.695887287682707,0.46657038412306784,0.3271925042641615,0.49655005868997876,0.8571428571428571,0.8571428571428571,0.9128528972875672,0.6,0.75
top_100__full_excl_covid,full_excl_covid,sparse_jl,20,5.0,13,0.7,50000,500,,0.009542724999960228,0.0008520689999613751,0.6285971639999843,0.12022902135352989,0.10340066566251094,0.2889226925865123,0.9673152274959123,50000,0.1956678700361011,0.0,0.2516245487364621,0.1,0.18183970461116897,0.2828144739369578,0.17920273192561598,0.21461897015791423,0.6904761904761905,0.6904761904761905,0.8924612850178831,0.8,0.75
top_100__full_excl_covid,full_excl_covid,sparse_jl,20,5.0,14,0.7,50000,500,,0.006085907999988649,0.0005421299999852636,0.6108104219999859,0.1403204628298995,0.12105692973980042,0.3357673452957534,1.0647365165848703,50000,0.21419975932611313,0.0,0.28267148014440435,0.1,0.6188963587718576,0.3400082453598779,0.2769856860199436,0.4119634300505597,0.8095238095238095,0.8095238095238095,0.9093184456794129,0.7,0.75
top_100__full_excl_covid,full_excl_covid,sparse_jl,20,5.0,15,0.7,50000,500,,0.006482778000020062,0.0007912400000122943,0.6758714449999843,0.11848447304431922,0.10020871699314382,0.2911765921145622,1.022490227971949,50000,0.20072202166064984,0.0,0.2687123947051745,0.1,0.5482644557710851,0.33180976565456816,0.25014193777694577,0.37673871973419965,0.7619047619047619,0.7619047619047619,0.9092316851410083,0.7,0.75
top_100__full_excl_covid,full_excl_covid,sparse_jl,20,5.0,16,0.7,50000,500,,0.00659253699996043,0.0006796790000294095,0.6400083899999913,0.12478375015907975,0.1088942145901951,0.29677931635253735,1.0497440954445147,50000,0.20770156438026474,0.0,0.2723225030084236,0.1,0.5748611233762764,0.2929209101245335,0.3570395036306589,0.4082738457104896,0.7857142857142857,0.7857142857142857,0.9179835211437251,0.9,0.75
top_100__full_excl_covid,full_excl_covid,sparse_jl,20,5.0,17,0.7,50000,500,,0.006306907999999112,0.0007408789999772125,0.642429299000014,0.1199030572298503,0.1015917922470736,0.29129947299757236,1.0205289824739634,50000,0.215884476534296,0.0,0.26787003610108306,0.1,0.6315977905375264,0.2918194143373425,0.2419212136407773,0.3884461395052154,0.7857142857142857,0.7857142857142857,0.918885044482289,0.8,0.75
top_100__full_excl_covid,full_excl_covid,sparse_jl,20,5.0,18,0.7,50000,500,,0.004872398000031808,0.00042747999998482555,0.6561500120000119,0.11810639514949631,0.10114219691841508,0.284905397770994,0.9955887058345668,50000,0.202647412755716,0.0,0.26462093862815883,0.1,0.575563758502979,0.23120651334798817,0.2565495749762962,0.3544399489424211,0.7619047619047619,0.7619047619047619,0.8993547224164639,0.7,0.75
top_100__full_excl_covid,full_excl_covid,sparse_jl,20,5.0,19,0.7,50000,500,,0.007619986999998218,0.0003991099999893777,0.6435594079999873,0.12092135960939927,0.10389265514041535,0.29142536913781225,0.9527628178896925,50000,0.19518652226233452,0.0,0.24404332129963902,0.1,0.48013097765064583,0.2829355461661931,0.21415070649124016,0.3257390767693597,0.7380952380952381,0.7380952380952381,0.8965897399651368,0.7,0.75
top_100__full_excl_covid,full_excl_covid,sparse_jl,20,5.0,20,0.7,50000,500,,0.007394626000007065,0.0007534300000315852,0.6045707650000054,0.12368777823275495,0.1047530985995852,0.30170990174940904,0.9603923246547267,50000,0.1776173285198556,0.0,0.23453670276774974,0.1,0.4797103392434432,0.3422534714486404,0.18862651232357594,0.3368634410052198,0.6428571428571429,0.6428571428571429,0.8834697231023511,0.8,0.75
top_100__full_excl_covid,full_excl_covid,sparse_jl,20,5.0,21,0.7,50000,500,,0.0060849780000467035,0.0005862890000116749,0.5794217750000143,0.12296726575892403,0.10487989774234108,0.300755514416565,1.0180509413774155,50000,0.20890493381468106,0.0,0.26582430806257523,0.1,0.5913603017763784,0.35004925095532696,0.27730372134086334,0.4062377580241896,0.7619047619047619,0.7619047619047619,0.9143806062907558,0.8,0.75
top_100__full_excl_covid,full_excl_covid,sparse_jl,20,5.0,22,0.7,50000,500,,0.007391646999963086,0.0008490599999504411,0.6239233360000185,0.1229874295597731,0.10510263794570551,0.2993907891185772,1.0400602912100005,50000,0.21780986762936225,0.0,0.27966305655836343,0.1,0.6225972117260518,0.20564460131719128,0.2452741154063839,0.3578386428165423,0.8571428571428571,0.8571428571428571,0.9086532397292586,0.8,0.75
top_100__full_excl_covid,full_excl_covid,sparse_jl,20,5.0,23,0.7,50000,500,,0.006288096999981008,0.0005170100000100319,0.6733582749999982,0.13112230204859218,0.1118000551746896,0.31897814898084437,1.0523394509340425,50000,0.22286401925391094,0.0,0.28026474127557155,0.1,0.5850935191907187,0.4334388931597798,0.2761553350972824,0.4315625824825937,0.8333333333333334,0.8333333333333334,0.9026597155074059,0.8,0.75
top_100__full_excl_covid,full_excl_covid,sparse_jl,20,5.0,24,0.7,50000,500,,0.009213636000026781,0.0004956399999969108,0.6766868930000101,0.1212003136329667,0.10268625926263159,0.2971549746478809,0.9830644790796531,50000,0.19518652226233452,0.0,0.25066185318892903,0.1,0.409238663472029,0.22936542611431396,0.21713559926636652,0.28524656295090317,0.6428571428571429,0.6428571428571429,0.8946536144578312,0.8,0.75
top_100__full_excl_covid,full_excl_covid,sparse_jl,20,5.0,25,0.7,50000,500,,0.006353518000025815,0.0004641699999865523,0.6319691519999537,0.12111388024699851,0.1031723913753943,0.2953444599372384,0.988922879961278,50000,0.197352587244284,0.0,0.25114320096269555,0.1,0.5064399934267597,0.17031798009518617,0.190482544361259,0.28908017262773494,0.7619047619047619,0.7619047619047619,0.8851752817992323,0.8,0.75
top_100__full_excl_covid,full_excl_covid,sparse_jl,20,5.0,26,0.7,50000,500,,0.008781116000022848,0.0006983299999774317,0.646454005999999,0.11540517943587215,0.09669397862913498,0.28416122216937406,1.0001469740976536,50000,0.21251504211793024,0.0,0.2687123947051745,0.1,0.5228627323576296,0.23177667092906395,0.21448735101758373,0.3230422514347591,0.6904761904761905,0.6904761904761905,0.9117555615408035,0.7,0.75
top_100__full_excl_covid,full_excl_covid,sparse_jl,20,5.0,27,0.7,50000,500,,0.009721845999990819,0.0007803000000308202,0.7029880619999744,0.12207992149890647,0.10380752529633153,0.29843363642775583,1.0028936828416568,50000,0.19975932611311673,0.0,0.26450060168471723,0.1,0.48099769954232263,0.25680510267699974,0.2708708989855134,0.33622456706827863,0.7857142857142857,0.7857142857142857,0.8942107153969947,0.6,0.75
top_100__full_excl_covid,full_excl_covid,sparse_jl,20,5.0,28,0.7,50000,500,,0.010045295999987047,0.001170709000007264,0.7198357759999681,0.11304539873922316,0.09522567513829838,0.27932242662029205,0.9788543524148297,50000,0.2009626955475331,0.0,0.253309265944645,0.1,0.4687970617958685,0.4086765257159225,0.19811464495722017,0.3585294108230037,0.7380952380952381,0.7380952380952381,0.9127871315866073,0.6,0.75
top_100__full_excl_covid,full_excl_covid,sparse_jl,20,5.0,29,0.7,50000,500,,0.007226677000005566,0.0004275200000165569,0.6892568490000031,0.11776023351327329,0.09988123482122091,0.28795261807731315,1.0080230429743933,50000,0.2038507821901324,0.0,0.2726835138387485,0.1,0.6160599983677678,0.375113786170282,0.26151595744905415,0.41756324732903466,0.7857142857142857,0.7857142857142857,0.9079911913691979,0.7,0.75
top_100__full_excl_covid,full_excl_covid,sparse_jl,20,5.0,30,0.7,50000,500,,0.004641667999976562,0.0003769900000065718,0.6094150519999744,0.11881684673420483,0.10079483632798852,0.2910725709120085,0.9734242803371801,50000,0.19085439229843562,0.0,0.25150421179302046,0.1,0.46921948754275467,0.3730658791905444,0.2339963274782727,0.35876056473719053,0.7380952380952381,0.7380952380952381,0.9011963502440753,0.6,0.75
top_100__full_excl_covid,full_excl_covid,sparse_jl,20,5.0,31,0.7,50000,500,,0.005870328000014524,0.0003461200000174358,0.6706532160000052,0.11709002882207455,0.09908135014173447,0.2875799351852294,0.9992155804419864,50000,0.20048134777376653,0.0,0.2571600481347774,0.1,0.5871121381848728,0.23263504117875597,0.21199056937674196,0.3439125829134569,0.7619047619047619,0.7619047619047619,0.9072976507529701,0.8,0.75
top_100__full_excl_covid,full_excl_covid,sparse_jl,20,5.0,32,0.7,50000,500,,0.00606080799997244,0.0004468000000201755,0.7199357050000117,0.11949365243526318,0.1018292496248957,0.2902826488835909,0.9958645614851523,50000,0.20336943441636582,0.0,0.2637785800240674,0.1,0.5218710773758308,0.22301016714861394,0.24176224695610316,0.32888116382684934,0.6904761904761905,0.6904761904761905,0.8970665569804905,0.5,0.75
top_100__full_excl_covid,full_excl_covid,sparse_jl,20,5.0,33,0.7,50000,500,,0.006491616999994676,0.00032233000001724577,0.7525525920000291,0.11635468543623194,0.09850134703711028,0.2858800325685863,0.9816130956911664,50000,0.20120336943441636,0.0,0.2552346570397112,0.1,0.4632959337549948,0.20215065791465758,0.21199852334339925,0.2924817050043505,0.7380952380952381,0.7380952380952381,0.9089303757657677,0.8,0.75
top_100__full_excl_covid,full_excl_covid,sparse_jl,20,5.0,34,0.7,50000,500,,0.014174233999995067,0.003916718999960267,0.6292911839999533,0.12294838605649479,0.10559281221705841,0.2977480793652548,1.0342844132489317,50000,0.22166064981949457,0.0,0.2812274368231047,0.1,0.642747008512634,0.3734843663903439,0.34340046099683513,0.45321061196660434,0.7857142857142857,0.7857142857142857,0.9178451936041861,0.8,0.75
top_100__full_excl_covid,full_excl_covid,sparse_jl,20,5.0,35,0.7,50000,500,,0.006956397000010384,0.0009418390000064392,0.6308044330000371,0.1191916488194582,0.10109007685435278,0.29032832582883644,1.0234034057480037,50000,0.2190132370637786,0.0,0.27484957882069794,0.1,0.580989618850047,0.3637642647434131,0.22746005027011643,0.39073797795452553,0.7142857142857143,0.7142857142857143,0.9130376476748426,0.7,0.75
top_100__full_excl_covid,full_excl_covid,sparse_jl,20,5.0,36,0.7,50000,500,,0.0070643669999981284,0.00048448000001144464,0.7561141799999973,0.11387064303493825,0.09549209529174801,0.2816628981737708,0.9837501518630508,50000,0.20818291215403129,0.0,0.2651022864019254,0.1,0.4995317797602192,0.27851748374636015,0.2244046735972844,0.33415131236795453,0.7380952380952381,0.7380952380952381,0.9087078806757157,0.7,0.75
top_100__full_excl_covid,full_excl_covid,sparse_jl,20,5.0,37,0.7,50000,500,,0.007641025999987505,0.0006769499999563777,0.6335591320000162,0.11957421529096966,0.10097820875896568,0.29490360287540296,1.0196490400698839,50000,0.21901323706377862,0.0,0.2825511432009627,0.1,0.5613192723719356,0.22662569572003116,0.25946799312918145,0.34913765374038275,0.7857142857142857,0.7857142857142857,0.9093762023935786,0.8,0.75
top_100__full_excl_covid,full_excl_covid,sparse_jl,20,5.0,38,0.7,50000,500,,0.006688946999986456,0.00046703999998953805,0.6581487720000041,0.11965061044708797,0.10245074508281421,0.28955666188495227,0.9705951069738281,50000,0.1910950661853189,0.0,0.2476534296028881,0.1,0.2623410595261667,0.30423934209102715,0.22859625566264338,0.26505888575994574,0.7380952380952381,0.7380952380952381,0.9019187273950007,0.7,0.75
top_100__full_excl_covid,full_excl_covid,sparse_jl,20,5.0,39,0.7,50000,500,,0.007287677000022086,0.0005379899999979898,0.7114974090000032,0.12925976339956946,0.11239359782838365,0.3057464416463454,0.9492108439856263,50000,0.20264741275571602,0.0,0.24693140794223828,0.1,0.15536239140591188,0.19844421165382353,0.18623939588964944,0.1800153329831283,0.6190476190476191,0.6190476190476191,0.8807828648668541,0.5,0.75
top_100__full_excl_covid,full_excl_covid,sparse_jl,20,5.0,40,0.7,50000,500,,0.006388636999986375,0.00041570000001911467,0.6491212860000246,0.12391439628293224,0.10754527172200584,0.29576898772991583,0.9759638287471066,50000,0.1891696750902527,0.0,0.24813477737665465,0.1,0.185261802511293,0.2656147665885815,0.20141730289740986,0.21743129066576147,0.5476190476190477,0.5476190476190477,0.895874326241372,0.7,0.75
top_100__full_excl_covid,full_excl_covid,sparse_jl,20,5.0,41,0.7,50000,500,,0.004294437999988077,0.0004524289999494613,0.7471737730000427,0.13651189995389898,0.11783849019685577,0.3266037643420316,1.0532235510545698,50000,0.2173285198555957,0.0,0.2818291215403129,0.1,0.6375389064387186,0.24682188038265765,0.33429113885191697,0.40621730855776433,0.7142857142857143,0.7142857142857143,0.9109581759417563,0.7,0.75
top_100__full_excl_covid,full_excl_covid,sparse_jl,20,5.0,42,0.7,50000,500,,0.02170468100001699,0.00043641899998192457,0.8050132089999806,0.11438563843163167,0.09732598119351138,0.27893351341574557,0.9821491750155807,50000,0.19879663056558367,0.0,0.2588447653429603,0.1,0.48385306424931257,0.34812977610441537,0.3563596841295311,0.396114174827753,0.6904761904761905,0.6904761904761905,0.9022470122087906,0.9,0.75
top_100__full_excl_covid,full_excl_covid,sparse_jl,20,5.0,43,0.7,50000,500,,0.003452708999986953,0.0004143389999740066,0.6989922839999849,0.12401330889813855,0.10799528535083053,0.2930363162365223,0.9319349395053788,50000,0.18604091456077018,0.0,0.24091456077015647,0.1,0.4405133385193694,0.31012629888872706,0.176111974311224,0.3089172039064401,0.5952380952380952,0.5952380952380952,0.9053075325461801,0.6,0.75
top_100__full_excl_covid,full_excl_covid,sparse_jl,20,5.0,44,0.7,50000,500,,0.007010997000008956,0.00043341000002783403,0.7196409860000017,0.119538437849212,0.10028903371077413,0.29724186301190514,1.028308487237203,50000,0.21419975932611313,0.0,0.27472924187725634,0.1,0.47563036776016826,0.47326968640424266,0.28389170043166967,0.41093058486536016,0.8095238095238095,0.8095238095238095,0.9209825207522675,0.8,0.75
top_100__full_excl_covid,full_excl_covid,sparse_jl,20,5.0,45,0.7,50000,500,,0.005704077000018515,0.0005599799999913557,0.7463207139999781,0.11548571513741088,0.0972230231699363,0.2846766805403563,1.0002381243925176,50000,0.2062575210589651,0.0,0.26450060168471723,0.1,0.6054561482806973,0.4205668988492686,0.2674737790965169,0.4311656087421609,0.8333333333333334,0.8333333333333334,0.9147671705985285,0.6,0.75
top_100__full_excl_covid,full_excl_covid,sparse_jl,20,5.0,46,0.7,50000,500,,0.006260908000001564,0.00047448999998778163,0.6605794699999592,0.12009697163301787,0.10423518868059833,0.2862866997040178,1.0005954868690317,50000,0.2019253910950662,0.0,0.26486161251504214,0.1,0.5914649565285288,0.32195972394904304,0.25828163532870163,0.3905687719354245,0.8095238095238095,0.8095238095238095,0.9137565744789766,0.7,0.75
top_100__full_excl_covid,full_excl_covid,sparse_jl,20,5.0,47,0.7,50000,500,,0.0062816070000053514,0.0005884599999603779,0.7149593780000032,0.12432041599445422,0.10695991139811628,0.2961469761391859,0.9440113821895744,50000,0.19590854392298437,0.0,0.2456077015643803,0.1,0.49715367046975034,0.18871378747179876,0.20030614265565322,0.29539120019906745,0.7380952380952381,0.7380952380952381,0.8837117074239751,0.3,0.75
top_100__full_excl_covid,full_excl_covid,sparse_jl,20,5.0,48,0.7,50000,500,,0.005853806999994049,0.0005037990000005266,0.7488006039999959,0.11408985729850422,0.09765256919318932,0.2750342340978899,0.9597011744880286,50000,0.19951865222623347,0.0,0.2580024067388688,0.1,0.5838258983301078,0.33503879379684937,0.2213040761636225,0.3800562560968599,0.7857142857142857,0.7857142857142857,0.9012600039145753,0.7,0.75
top_100__full_excl_covid,full_excl_covid,sparse_jl,20,5.0,49,0.7,50000,500,,0.006045748000019557,0.0004627799999639137,0.7276167719999762,0.12380294108888686,0.10621544122961268,0.2982567668053658,0.9672774455095863,50000,0.1833935018050542,0.0,0.23826714801444043,0.1,0.4091111686923105,0.22014036902532919,0.16248403762373365,0.26391185844712445,0.6666666666666666,0.6666666666666666,0.8994369034036729,0.7,0.75
top_100__full_excl_covid,full_excl_covid,sparse_jl,30,1.0,0,0.7,50000,100,,0.0060720380000134355,0.0005375999999728265,0.7231423839999707,0.09525689477745251,0.08051394625798192,0.23556771026041778,0.9699551704727073,50000,0.27509025270758125,0.0,0.3285198555956679,0.1,0.5073313309622085,0.2918358390542755,0.31070076955058373,0.36995597985568923,0.8095238095238095,0.8095238095238095,0.936604561818504,0.8,0.9666666666666667
top_100__full_excl_covid,full_excl_covid,sparse_jl,30,1.0,1,0.7,50000,100,,0.0065549669999995785,0.0009977600000183884,0.7539220510000177,0.10254225346451323,0.08667037762149876,0.2520636708643029,1.0279638445482306,50000,0.29915764139590856,0.0,0.3673886883273164,0.2,0.594717007519244,0.3506924874891932,0.29219582520031084,0.41253510673624927,0.8095238095238095,0.8095238095238095,0.9366747397811184,0.7,0.9666666666666667
top_100__full_excl_covid,full_excl_covid,sparse_jl,30,1.0,2,0.7,50000,100,,0.01232732500000111,0.0006573100000082377,0.7478296630000045,0.0970972466783815,0.08184871571988389,0.2414608066072998,0.9777462831930185,50000,0.2478941034897714,0.0,0.3115523465703971,0.1,0.5904326106097304,0.4400661859158715,0.2737281142121729,0.4347423035792583,0.8095238095238095,0.8095238095238095,0.9278594383086357,0.7,0.9666666666666667
top_100__full_excl_covid,full_excl_covid,sparse_jl,30,1.0,3,0.7,50000,100,,0.011423424999975396,0.0006581499999924745,0.785972748000006,0.09822536500424749,0.08224534691338431,0.24430209922175977,1.0215934449249624,50000,0.2890493381468111,0.0,0.3571600481347773,0.2,0.6622938922273083,0.3862898333012882,0.324008558171901,0.4575307612334992,0.7619047619047619,0.7619047619047619,0.9363879218624009,0.8,0.9666666666666667
top_100__full_excl_covid,full_excl_covid,sparse_jl,30,1.0,4,0.7,50000,100,,0.005163758000037433,0.0005924789999767199,0.7508318120000013,0.10537801685839406,0.09066244133648971,0.2527967457638279,0.9573409769826287,50000,0.26618531889290015,0.0,0.3232250300842358,0.1,0.5254016248422309,0.36085367649077754,0.2090108914511646,0.36508873092805766,0.6666666666666666,0.6666666666666666,0.9162456128317769,0.8,0.9666666666666667
top_100__full_excl_covid,full_excl_covid,sparse_jl,30,1.0,5,0.7,50000,100,,0.012608544999977767,0.0011570890000029976,0.759570827999994,0.09695985637075802,0.08069566122346122,0.24399560312154048,0.9818251726658351,50000,0.25294825511432006,0.0,0.30601684717208183,0.1,0.6303289209805616,0.4131069120200776,0.3259867594857432,0.45647419749546075,0.7380952380952381,0.7380952380952381,0.9298233338798124,0.6,0.9666666666666667
top_100__full_excl_covid,full_excl_covid,sparse_jl,30,1.0,6,0.7,50000,100,,0.012783624000007876,0.0005331090000026961,0.6784500630000139,0.0918804976256639,0.07780809755077889,0.22542895260426832,0.9835806576226671,50000,0.27966305655836343,0.0,0.3412755716004814,0.1,0.5961941203894617,0.3717922654621779,0.4086026876406342,0.4588630244974246,0.7142857142857143,0.7142857142857143,0.9349708539796507,0.9,0.9666666666666667
top_100__full_excl_covid,full_excl_covid,sparse_jl,30,1.0,7,0.7,50000,100,,0.00740252700001065,0.0005355389999976978,0.7728867030000401,0.09816433130284176,0.08438585159173212,0.23722824692280708,0.9666266385932794,50000,0.2529482551143201,0.0,0.3184115523465704,0.1,0.5455968160272474,0.28732864246957984,0.23023172692563917,0.35438572847415545,0.7857142857142857,0.7857142857142857,0.9330777637068685,0.9,0.9666666666666667
top_100__full_excl_covid,full_excl_covid,sparse_jl,30,1.0,8,0.7,50000,100,,0.008773406999978306,0.0016392889999679028,0.7050374020000163,0.14123836685172253,0.11895618948701414,0.3471078007966118,1.0955944381865685,50000,0.309265944645006,0.0,0.3689530685920578,0.2,0.6932310663529836,0.41083204551680613,0.3291326732416516,0.4777319283704804,0.8095238095238095,0.8095238095238095,0.9392766358407804,0.6,0.9666666666666667
top_100__full_excl_covid,full_excl_covid,sparse_jl,30,1.0,9,0.7,50000,100,,0.0064747670000429025,0.0006574700000214762,0.8550664380000512,0.09630651496459629,0.08121508121831722,0.23737890911999876,1.0303629917490411,50000,0.31191335740072207,0.0,0.37978339350180507,0.2,0.508664060552329,0.41212716652242976,0.3429374209883075,0.4212428826876888,0.7619047619047619,0.7619047619047619,0.9434307069990597,1.0,0.9666666666666667
top_100__full_excl_covid,full_excl_covid,sparse_jl,30,1.0,10,0.7,50000,100,,0.006267857000011645,0.000696880000020883,0.7430265349999559,0.10069301045403142,0.08589316654031887,0.24447977675546573,0.9881992989044116,50000,0.2695547533092659,0.0,0.3345367027677497,0.1,0.5187323356264899,0.39370141980445983,0.25694171870675847,0.3897918247125694,0.8095238095238095,0.8095238095238095,0.923598761890104,0.4,0.9666666666666667
top_100__full_excl_covid,full_excl_covid,sparse_jl,30,1.0,11,0.7,50000,100,,0.004305288000011842,0.0007205200000157674,0.7024302830000124,0.09398929705749132,0.07857699600471213,0.23257500099995468,1.0225637013386404,50000,0.31287605294825516,0.0,0.3651022864019254,0.2,0.7404410351845795,0.35751219818403934,0.3219615429475189,0.47330492543871255,0.7857142857142857,0.7857142857142857,0.9463205501818436,0.7,0.9666666666666667
top_100__full_excl_covid,full_excl_covid,sparse_jl,30,1.0,12,0.7,50000,100,,0.014022893999992903,0.0006233990000055201,0.6985144649999597,0.09843733604835966,0.08305558439444855,0.24195184594242206,0.9893085723837215,50000,0.26305655836341757,0.0,0.32767749699157633,0.1,0.5149709887318757,0.2417260318199821,0.30989910707235774,0.3555320425414052,0.7619047619047619,0.7619047619047619,0.9325935650405007,0.8,0.9666666666666667
top_100__full_excl_covid,full_excl_covid,sparse_jl,30,1.0,13,0.7,50000,100,,0.012611004999996567,0.0007402989999718557,0.7097016899999744,0.1071283487093376,0.09205083118819757,0.2556820079891902,0.9460582450182516,50000,0.2666666666666667,0.0,0.3249097472924188,0.1,0.522774098465718,0.261649720642907,0.22573885372573263,0.33672089094478586,0.6904761904761905,0.6904761904761905,0.9201559222170548,0.5,0.9666666666666667
top_100__full_excl_covid,full_excl_covid,sparse_jl,30,1.0,14,0.7,50000,100,,0.007312286999990647,0.0004955800000061572,0.6843364810000025,0.10318344928755491,0.08784300895907976,0.2519554319512595,1.0296289529809695,50000,0.2654632972322503,0.0,0.3274368231046932,0.1,0.6804583168064475,0.4465226847045911,0.2826164524353466,0.4698658179821284,0.7142857142857143,0.7142857142857143,0.9311874546227119,0.7,0.9666666666666667
top_100__full_excl_covid,full_excl_covid,sparse_jl,30,1.0,15,0.7,50000,100,,0.006344567000041934,0.0007424300000025141,0.742321086000004,0.0894146273427524,0.07460619781178784,0.2225617824944636,0.9956625858803181,50000,0.2996389891696751,0.0,0.3569193742478941,0.2,0.5869247044209305,0.2979022935014107,0.29211533676154156,0.39231411156129425,0.8095238095238095,0.8095238095238095,0.9406106653774218,0.9,0.9666666666666667
top_100__full_excl_covid,full_excl_covid,sparse_jl,30,1.0,16,0.7,50000,100,,0.0063914270000395845,0.00055120999996916,0.7664610260000018,0.09361234318425043,0.07962718684470654,0.22801429545468208,1.0015402640858826,50000,0.269554753309266,0.0,0.33983152827918167,0.1,0.6549382474555948,0.40073000819127597,0.2985834919314316,0.4514172491927675,0.8571428571428571,0.8571428571428571,0.938445457754372,0.7,0.9666666666666667
top_100__full_excl_covid,full_excl_covid,sparse_jl,30,1.0,17,0.7,50000,100,,0.006449577000012141,0.0004907000000002881,0.6832967409999924,0.09331484304432071,0.07856501477824152,0.22990395766677568,0.970798193656579,50000,0.2789410348977136,0.0,0.32912154031287605,0.1,0.6791487065904563,0.22465854126222495,0.33839483826750033,0.41406736204006056,0.8095238095238095,0.8095238095238095,0.9369930290448102,0.8,0.9666666666666667
top_100__full_excl_covid,full_excl_covid,sparse_jl,30,1.0,18,0.7,50000,100,,0.005470086999991963,0.0005861199999799283,0.844034473000022,0.11794758141240064,0.10006074360757905,0.28977424737670465,1.0398044651905916,50000,0.2734055354993983,0.0,0.334777376654633,0.1,0.531314983787685,0.378314247725923,0.2902198456706908,0.3999496923947663,0.8333333333333334,0.8333333333333334,0.9288657894560746,0.8,0.9666666666666667
top_100__full_excl_covid,full_excl_covid,sparse_jl,30,1.0,19,0.7,50000,100,,0.008193656000003102,0.0020127189999925577,0.7096949099999961,0.09041410144689192,0.07528851481843668,0.22775576253924237,0.9990342583484498,50000,0.301323706377858,0.0,0.3611311672683513,0.1,0.5325017572635027,0.41269461447494876,0.333463979717629,0.42622011715202685,0.8095238095238095,0.8095238095238095,0.9353360052261251,0.7,0.9666666666666667
top_100__full_excl_covid,full_excl_covid,sparse_jl,30,1.0,20,0.7,50000,100,,0.0075559570000223175,0.0005856599999560785,0.6783713929999635,0.10216778837671178,0.08712621910229423,0.24709442587336206,0.9634408902109484,50000,0.2430806257521059,0.0,0.3064981949458484,0.1,0.4642666543831062,0.3898711013185379,0.20684827784585322,0.35366201118249907,0.7619047619047619,0.7619047619047619,0.9188459823743738,0.8,0.9666666666666667
top_100__full_excl_covid,full_excl_covid,sparse_jl,30,1.0,21,0.7,50000,100,,0.006559138000000075,0.0006203699999787204,0.6969598950000204,0.0968742257873394,0.08084987147170358,0.24170365851896802,0.9922183951190623,50000,0.2683513838748496,0.0,0.33273164861612514,0.1,0.6429483151403338,0.4485279565005037,0.2972318486609751,0.46290270676727086,0.8095238095238095,0.8095238095238095,0.9295463442216518,0.7,0.9666666666666667
top_100__full_excl_covid,full_excl_covid,sparse_jl,30,1.0,22,0.7,50000,100,,0.004897818000017651,0.0005649799999787319,0.6111174509999842,0.09042739036672677,0.07530531589519568,0.22636934639353873,1.0052150593455218,50000,0.29193742478941037,0.0,0.3535499398315282,0.1,0.6476606475798753,0.33549400517898936,0.4158384659880365,0.4663310395823004,0.7142857142857143,0.7142857142857143,0.9349295125517342,0.9,0.9666666666666667
top_100__full_excl_covid,full_excl_covid,sparse_jl,30,1.0,23,0.7,50000,100,,0.0059024680000447916,0.0004675499999962085,0.6642480780000142,0.09724348749523322,0.08248120145841764,0.23835685421592775,0.9729104424568494,50000,0.29290012033694346,0.0,0.34608904933814677,0.1,0.3960410737253561,0.2300312222573212,0.3037881302029131,0.30995347539519674,0.7380952380952381,0.7380952380952381,0.9266227085515066,0.7,0.9666666666666667
top_100__full_excl_covid,full_excl_covid,sparse_jl,30,1.0,24,0.7,50000,100,,0.008622316000014507,0.0007697699999766883,0.6493424850000338,0.10178268654227599,0.08528423668035573,0.2520521922804495,1.0083750496670996,50000,0.27148014440433216,0.0,0.32876052948255113,0.1,0.5858027646363921,0.29272176563956837,0.27655124209162424,0.38502525745586164,0.7857142857142857,0.7857142857142857,0.9247445070479083,0.8,0.9666666666666667
top_100__full_excl_covid,full_excl_covid,sparse_jl,30,1.0,25,0.7,50000,100,,0.011189204999993763,0.001695899000026202,0.6903884779999885,0.09334507324468935,0.07818982875015668,0.23207510873951678,1.002014734173975,50000,0.30637785800240674,0.0,0.37364620938628157,0.2,0.6475146750107661,0.27000204804042566,0.320563890408714,0.4126935378199686,0.8095238095238095,0.8095238095238095,0.9288258072556819,0.8,0.9666666666666667
top_100__full_excl_covid,full_excl_covid,sparse_jl,30,1.0,26,0.7,50000,100,,0.0056943379999552235,0.0006737790000101995,0.6999813140000128,0.09532160996576435,0.07972720014678991,0.23686773804899633,0.970020549965425,50000,0.2782190132370638,0.0,0.3359807460890493,0.1,0.5765520114009864,0.29778988549238017,0.3055703576524698,0.3933040848486122,0.8333333333333334,0.8333333333333334,0.9241708712104736,0.7,0.9666666666666667
top_100__full_excl_covid,full_excl_covid,sparse_jl,30,1.0,27,0.7,50000,100,,0.01272774399996024,0.0003336300000000847,0.7331111500000134,0.09618902610568807,0.08071736788889022,0.2375586890292456,0.9878840726950167,50000,0.2897713598074609,0.0,0.3472924187725632,0.1,0.6082788960760817,0.33597835539504906,0.38717492893240485,0.44381072680117856,0.7142857142857143,0.7142857142857143,0.9277784910817944,1.0,0.9666666666666667
top_100__full_excl_covid,full_excl_covid,sparse_jl,30,1.0,28,0.7,50000,100,,0.004770138000026236,0.0009411789999944631,0.7066027110000164,0.12917046046077185,0.10972184613320501,0.31607435879154433,1.059889322626575,50000,0.28543922984356196,0.0,0.34043321299638984,0.1,0.6159614529495566,0.3856305063828862,0.310428555737687,0.4373401716900432,0.8095238095238095,0.8095238095238095,0.9276548850218981,0.6,0.9666666666666667
top_100__full_excl_covid,full_excl_covid,sparse_jl,30,1.0,29,0.7,50000,100,,0.006524916999978814,0.0005977900000289083,0.7089952700000026,0.09729469136846274,0.08221748831537212,0.23814769846731737,0.9823107155379981,50000,0.2844765342960289,0.0,0.34187725631768956,0.2,0.5222324790021243,0.26214571080531934,0.21729119350239012,0.33388979443661126,0.6190476190476191,0.6190476190476191,0.9242876393103655,0.6,0.9666666666666667
top_100__full_excl_covid,full_excl_covid,sparse_jl,30,1.0,30,0.7,50000,100,,0.0071564570000077765,0.0008420789999945555,0.6670916080000211,0.10401271116864831,0.09020048563073763,0.24679514267208208,0.94366781700569,50000,0.28110709987966304,0.0,0.33381468110709983,0.1,0.5576280096045525,0.384819470105989,0.26007418476436833,0.40084055482497,0.7619047619047619,0.7619047619047619,0.9239906794632012,0.7,0.9666666666666667
top_100__full_excl_covid,full_excl_covid,sparse_jl,30,1.0,31,0.7,50000,100,,0.007980986999996276,0.0011339089999751195,0.703862402000027,0.10505346972686443,0.0889393274436584,0.25775985634476967,0.9494250588100563,50000,0.2522262334536703,0.0,0.30433212996389897,0.1,0.645786741678369,0.4009556755340074,0.24441024530351355,0.43038422083863,0.7380952380952381,0.7380952380952381,0.9198797271842158,0.8,0.9666666666666667
top_100__full_excl_covid,full_excl_covid,sparse_jl,30,1.0,32,0.7,50000,100,,0.006472436999956699,0.0006200899999839748,0.6899575279999794,0.10658744330538383,0.09096764910002408,0.2573924728801829,0.972139439937259,50000,0.28303249097472927,0.0,0.33670276774969915,0.1,0.3265820852187352,0.34629230630605407,0.25532274372937963,0.309399045084723,0.6190476190476191,0.6190476190476191,0.912528167376532,0.6,0.9666666666666667
top_100__full_excl_covid,full_excl_covid,sparse_jl,30,1.0,33,0.7,50000,100,,0.006779077000032885,0.00040789999997059567,0.6781829930000072,0.09612656175642566,0.08033019568206734,0.23739952400403835,0.9845458462988737,50000,0.29651022864019255,0.0,0.35379061371841153,0.2,0.5828480499061611,0.36662218330437807,0.2924370069453771,0.41396908005197214,0.7380952380952381,0.7380952380952381,0.9280551252496796,0.8,0.9666666666666667
top_100__full_excl_covid,full_excl_covid,sparse_jl,30,1.0,34,0.7,50000,100,,0.0058178570000109175,0.0005086190000156421,0.6181004489999964,0.0908251872109214,0.07593988524281997,0.225361330475838,0.987263866086726,50000,0.2861612515042118,0.0,0.34825511432009626,0.1,0.5145634125361456,0.285151941085917,0.35393860682252365,0.38455132014819543,0.7619047619047619,0.7619047619047619,0.942376155552507,0.9,0.9666666666666667
top_100__full_excl_covid,full_excl_covid,sparse_jl,30,1.0,35,0.7,50000,100,,0.00977157500000203,0.0006361200000242206,0.6422045479999952,0.10294704727324963,0.08733768884114107,0.2523537907928137,0.9557312873927667,50000,0.26690734055355,0.0,0.3333333333333333,0.1,0.4797163871877647,0.2998648121378141,0.23287123585835953,0.3374841450613128,0.7380952380952381,0.7380952380952381,0.9260617448968325,0.6,0.9666666666666667
top_100__full_excl_covid,full_excl_covid,sparse_jl,30,1.0,36,0.7,50000,100,,0.005589177999979711,0.0005753890000050887,0.7114534080000112,0.10372493080592098,0.08735251657439735,0.2566416346011529,0.9933289834712987,50000,0.27725631768953074,0.0,0.3320096269554753,0.1,0.5441032328021917,0.2801573266681791,0.20980036326642798,0.34468697424559963,0.6666666666666666,0.6666666666666666,0.9136778438385588,0.7,0.9666666666666667
top_100__full_excl_covid,full_excl_covid,sparse_jl,30,1.0,37,0.7,50000,100,,0.006980886999997438,0.0007826990000125988,0.6623514290000116,0.1150091134423242,0.10086764153806616,0.2709268227559313,0.9347040556465394,50000,0.23417569193742482,0.0,0.2963898916967509,0.1,0.5107262214963818,0.2709991863894813,0.2050146663218744,0.3289133580692458,0.6666666666666666,0.6666666666666666,0.9147868480308348,0.7,0.9666666666666667
top_100__full_excl_covid,full_excl_covid,sparse_jl,30,1.0,38,0.7,50000,100,,0.015269634000048882,0.00073310999999876,0.6669603880000068,0.11365112982636534,0.09785680723095302,0.27232898701622404,1.064106375419529,50000,0.2902527075812274,0.0,0.3494584837545126,0.2,0.549309530577948,0.40890067422878856,0.28517542174707866,0.41446187551793834,0.8095238095238095,0.8095238095238095,0.9382907358397767,0.8,0.9666666666666667
top_100__full_excl_covid,full_excl_covid,sparse_jl,30,1.0,39,0.7,50000,100,,0.006463268000004518,0.0005595999999741252,0.6801161519999823,0.0907429801287784,0.07669060842357617,0.22256312126046593,0.9907411796491303,50000,0.2832731648616125,0.0,0.34416365824308065,0.1,0.6455761149987936,0.33122227929585035,0.41137126504483384,0.46272321977982594,0.7380952380952381,0.7380952380952381,0.9343383531348386,0.7,0.9666666666666667
top_100__full_excl_covid,full_excl_covid,sparse_jl,30,1.0,40,0.7,50000,100,,0.0038611790000118162,0.0005154400000151327,0.6207062670000028,0.09893685983279839,0.08328544539653654,0.2449823621122285,1.004150401930437,50000,0.24187725631768955,0.0,0.3123947051744886,0.1,0.6101308366475188,0.2450890400740114,0.2753007148436626,0.3768401971883976,0.8571428571428571,0.8571428571428571,0.9210278771291776,0.9,0.9666666666666667
top_100__full_excl_covid,full_excl_covid,sparse_jl,30,1.0,41,0.7,50000,100,,0.005123448000006192,0.0007060499999624881,0.6439223070000253,0.09405460608931066,0.07857261948990507,0.23275165058999625,1.007657008507576,50000,0.28231046931407944,0.0,0.35439229843561976,0.2,0.5654758125011908,0.4798016367023606,0.29127728144330084,0.4455182435489508,0.8333333333333334,0.8333333333333334,0.9396678633445193,0.9,0.9666666666666667
top_100__full_excl_covid,full_excl_covid,sparse_jl,30,1.0,42,0.7,50000,100,,0.009015356000020347,0.0010214499999960935,0.6170416090000117,0.09452297627607882,0.07973080570123336,0.2325648251432011,0.9757118057615977,50000,0.26762936221419975,0.0,0.3297232250300842,0.1,0.6128196719381602,0.35299415503966675,0.25824409724608555,0.4080193080746375,0.7619047619047619,0.7619047619047619,0.9382676917054499,0.7,0.9666666666666667
top_100__full_excl_covid,full_excl_covid,sparse_jl,30,1.0,43,0.7,50000,100,,0.005925038000043514,0.0006420500000103857,0.6009885459999964,0.12029640431428362,0.10427045507879323,0.28614209714782807,0.9186486337084581,50000,0.24572803850782193,0.0,0.3055354993983153,0.1,0.34665383984494613,0.23242765449202327,0.2270271647518273,0.2687028863629322,0.6428571428571429,0.6428571428571429,0.9064449550493,0.7,0.9666666666666667
top_100__full_excl_covid,full_excl_covid,sparse_jl,30,1.0,44,0.7,50000,100,,0.007000666999999794,0.0005857099999957427,0.6377264399999945,0.10713104800054234,0.09226175397396508,0.2564408600454582,0.953843593534847,50000,0.25968712394705173,0.0,0.32394705174488564,0.1,0.5100070154995108,0.3074438598057552,0.2652331524951869,0.36089467593348434,0.7380952380952381,0.7380952380952381,0.9139340268600087,0.7,0.9666666666666667
top_100__full_excl_covid,full_excl_covid,sparse_jl,30,1.0,45,0.7,50000,100,,0.006010057000025881,0.0003851100000247243,0.601399726000011,0.09830285655185476,0.0830044973786796,0.24087059510819295,0.9610263952607522,50000,0.2673886883273165,0.0,0.3285198555956679,0.1,0.5873273129424015,0.32937318140163785,0.2642423103134934,0.39364760155251094,0.8333333333333334,0.8333333333333334,0.9253761923562062,0.7,0.9666666666666667
top_100__full_excl_covid,full_excl_covid,sparse_jl,30,1.0,46,0.7,50000,100,,0.0068099369999572446,0.0007086999999614818,0.6106479119999904,0.10161938187313395,0.08727231260924617,0.24287768999909942,0.9553005051266109,50000,0.2738868832731649,0.0,0.3406738868832732,0.1,0.2853106263669393,0.3290832099453202,0.2422325211361333,0.28554211914946426,0.6904761904761905,0.6904761904761905,0.931081455787047,0.6,0.9666666666666667
top_100__full_excl_covid,full_excl_covid,sparse_jl,30,1.0,47,0.7,50000,100,,0.006547457000010581,0.0008805690000031063,0.6085556429999883,0.09618194263931129,0.08226876729904409,0.2324691948743149,0.9635247240117409,50000,0.27797833935018057,0.0,0.3292418772563177,0.1,0.5484769127092881,0.3850751874810498,0.34246682318540006,0.42533964112524597,0.7380952380952381,0.7380952380952381,0.9342753686225044,0.8,0.9666666666666667
top_100__full_excl_covid,full_excl_covid,sparse_jl,30,1.0,48,0.7,50000,100,,0.007523995999974886,0.0005953689999955714,0.5758998569999676,0.09353377557366781,0.07908970452204772,0.22986582802942693,0.9949613371045666,50000,0.3030084235860409,0.0,0.3560770156438026,0.2,0.5639598132318531,0.3841595477905797,0.27052207937309114,0.40621381346517466,0.7142857142857143,0.7142857142857143,0.935242992241111,0.7,0.9666666666666667
top_100__full_excl_covid,full_excl_covid,sparse_jl,30,1.0,49,0.7,50000,100,,0.006774607000011201,0.0006001900000001115,0.5909838900000182,0.09870476755636608,0.08524395280737918,0.2380889577502261,0.9607997404926034,50000,0.2779783393501805,0.0,0.3329723225030084,0.1,0.6059886648876656,0.23677306768732348,0.22336085494585275,0.35537419584028057,0.7380952380952381,0.7380952380952381,0.9269506796974065,0.9,0.9666666666666667
top_100__full_excl_covid,full_excl_covid,sparse_jl,30,3.0,0,0.7,50000,300,,0.006789136999998391,0.001107839999974658,0.5780635550000284,0.09295276495676122,0.07790405177523729,0.23145244701588033,0.9943766512747374,50000,0.277496991576414,0.0,0.34705174488567997,0.2,0.6499733949718318,0.2572512095326419,0.2886554005994395,0.39862666836797106,0.8095238095238095,0.8095238095238095,0.9391078197823228,0.9,0.9
top_100__full_excl_covid,full_excl_covid,sparse_jl,30,3.0,1,0.7,50000,300,,0.009904656000003342,0.0006482899999582514,0.582915292999985,0.09800904926413158,0.08291287795430341,0.2424262100397913,1.019057323411874,50000,0.28279181708784595,0.0,0.3350180505415163,0.1,0.6331159693455937,0.4065470208831225,0.31751974239814806,0.4523942442089548,0.8333333333333334,0.8333333333333334,0.9323556793126405,1.0,0.9
top_100__full_excl_covid,full_excl_covid,sparse_jl,30,3.0,2,0.7,50000,300,,0.005779947999997148,0.0004934190000085437,0.598813156999995,0.09086504601107019,0.07754345148867747,0.2206859412448506,0.9872981450790008,50000,0.2957882069795427,0.0,0.35475330926594467,0.2,0.6688593781536858,0.39744911615860773,0.36297593406272777,0.4764281427916737,0.7380952380952381,0.7380952380952381,0.9395507815767372,0.8,0.9
top_100__full_excl_covid,full_excl_covid,sparse_jl,30,3.0,3,0.7,50000,300,,0.008057996999980332,0.0005086689999984628,0.5902928500000257,0.09653308018338198,0.08152495693842626,0.23718941985331454,1.0151925086619498,50000,0.3123947051744886,0.0,0.3582430806257521,0.2,0.5913157752119232,0.4323482108334735,0.28495461573660413,0.43620620059400034,0.7619047619047619,0.7619047619047619,0.9400892029657089,0.8,0.9
top_100__full_excl_covid,full_excl_covid,sparse_jl,30,3.0,4,0.7,50000,300,,0.006843567000032635,0.0007207890000131556,0.6127423300000032,0.11024347150254939,0.09593453971854438,0.26030981284584587,0.9729889097372275,50000,0.2673886883273165,0.0,0.32274368231046935,0.1,0.37700928521877475,0.21514077679320845,0.22116151853751856,0.27110386018316723,0.6428571428571429,0.6428571428571429,0.906086390828518,0.6,0.9
top_100__full_excl_covid,full_excl_covid,sparse_jl,30,3.0,5,0.7,50000,300,,0.0057763380000324105,0.0006294799999864154,0.5692846289999807,0.09458215258303194,0.0796722816365229,0.23309007933565629,0.9906122878354271,50000,0.2794223826714802,0.0,0.32599277978339347,0.1,0.5483038547600475,0.4297461575523795,0.24814068396087688,0.40873023209110126,0.8095238095238095,0.8095238095238095,0.9355502403950707,0.8,0.9
top_100__full_excl_covid,full_excl_covid,sparse_jl,30,3.0,6,0.7,50000,300,,0.005791857999952299,0.00044850900002302296,0.5678228099999956,0.10156315695573649,0.0879292495486636,0.2415568647285364,0.9652669185223246,50000,0.28279181708784595,0.0,0.33477737665463303,0.1,0.4966433847639427,0.2500388346923589,0.21893021055246129,0.321870810002921,0.7380952380952381,0.7380952380952381,0.9273669588099691,0.7,0.9
top_100__full_excl_covid,full_excl_covid,sparse_jl,30,3.0,7,0.7,50000,300,,0.006098807000000761,0.0005696900000202731,0.5493960180000386,0.09628957009815389,0.08267980132109587,0.23283147137165425,1.0205647583249318,50000,0.3085439229843562,0.0,0.3672683513838748,0.2,0.6594592546537555,0.41832485989264484,0.2810865628965736,0.4529568924809913,0.8571428571428571,0.8571428571428571,0.9441336576519909,0.6,0.9
top_100__full_excl_covid,full_excl_covid,sparse_jl,30,3.0,8,0.7,50000,300,,0.006274037000025601,0.0005027799999766103,0.581700613999999,0.09305410003630854,0.07833310197524201,0.2293807990655947,1.0017498677067096,50000,0.28303249097472927,0.0,0.3475330926594465,0.1,0.6256779272076898,0.20937591115468374,0.227879614959302,0.3543111511072252,0.7857142857142857,0.7857142857142857,0.930089867941636,0.8,0.9
top_100__full_excl_covid,full_excl_covid,sparse_jl,30,3.0,9,0.7,50000,300,,0.01227456499998425,0.0006857890000446787,0.6597986120000314,0.10749693382636116,0.09041866746009763,0.26556777984554125,1.0311444973630404,50000,0.2931407942238267,0.0,0.3510228640192539,0.2,0.47210175396802934,0.26366339280153905,0.25222210423638575,0.3293290836686514,0.8095238095238095,0.8095238095238095,0.9272597053027437,0.6,0.9
top_100__full_excl_covid,full_excl_covid,sparse_jl,30,3.0,10,0.7,50000,300,,0.005586128000004464,0.000569218999999066,0.5861759320000033,0.10337613006488311,0.08905405904305336,0.2463721607248708,1.0191363093961399,50000,0.2847172081829122,0.0,0.3468110709987967,0.1,0.5597037121939882,0.37523028104536116,0.2436751082380845,0.39286970049247794,0.7857142857142857,0.7857142857142857,0.9389114009495353,0.9,0.9
top_100__full_excl_covid,full_excl_covid,sparse_jl,30,3.0,11,0.7,50000,300,,0.006028148000041256,0.0005728800000497358,0.5655030010000246,0.10177026969439114,0.08754805145824296,0.24435386194754236,1.0313300429653331,50000,0.3034897713598075,0.0,0.3669073405535499,0.2,0.7424553669772407,0.4537854234057261,0.3462371742320695,0.5141593215383454,0.7857142857142857,0.7857142857142857,0.9346930278737833,0.8,0.9
top_100__full_excl_covid,full_excl_covid,sparse_jl,30,3.0,12,0.7,50000,300,,0.006774417000031008,0.0011990500000251814,0.6416475679999962,0.09475218592999644,0.0808290977721135,0.23024997123086557,0.9983007733887742,50000,0.29554753309265946,0.0,0.3510228640192539,0.2,0.5659005206234327,0.38999070582326195,0.23758589523306214,0.39782570722658556,0.7857142857142857,0.7857142857142857,0.9249804062124642,0.8,0.9
top_100__full_excl_covid,full_excl_covid,sparse_jl,30,3.0,13,0.7,50000,300,,0.0071507470000256035,0.0006275499999901513,0.6378643799999963,0.10115132103838043,0.08583023047078636,0.24738014020128712,0.9585508076913453,50000,0.2529482551143201,0.0,0.3084235860409146,0.1,0.5519644364243476,0.3573406537318595,0.20868455566064772,0.3726632152722849,0.7857142857142857,0.7857142857142857,0.933757461113546,0.8,0.9
top_100__full_excl_covid,full_excl_covid,sparse_jl,30,3.0,14,0.7,50000,300,,0.005178668000041853,0.0007731399999784117,0.6091098429999988,0.10802311236755135,0.09237359185080662,0.26275242402182497,1.027358882090636,50000,0.2808664259927798,0.0,0.3462093862815884,0.2,0.6062346249223772,0.44968915052182035,0.3066650704067736,0.45419628195032374,0.7380952380952381,0.7380952380952381,0.9337158478401247,0.6,0.9
top_100__full_excl_covid,full_excl_covid,sparse_jl,30,3.0,15,0.7,50000,300,,0.007958007000013367,0.0006192399999918052,0.6003314660000001,0.09502579145666916,0.08099820777139743,0.23244677027792665,1.0047004274283449,50000,0.2924187725631769,0.0,0.3518652226233454,0.1,0.691719643524783,0.3087595275890875,0.3154887858587123,0.4386559856575276,0.8333333333333334,0.8333333333333334,0.9323278256039988,0.8,0.9
top_100__full_excl_covid,full_excl_covid,sparse_jl,30,3.0,16,0.7,50000,300,,0.011472476000051302,0.0004678689999764174,0.5656926999999996,0.09466573689637253,0.08135420427604595,0.22820550922253416,0.9659689451072605,50000,0.28929001203369437,0.0,0.3509025270758123,0.1,0.6672726955727206,0.3110076555784292,0.2526035269751307,0.4102946260420935,0.8095238095238095,0.8095238095238095,0.9261920425383846,0.7,0.9
top_100__full_excl_covid,full_excl_covid,sparse_jl,30,3.0,17,0.7,50000,300,,0.006291716999953678,0.0007603500000072927,0.6372604209999508,0.09951713100036742,0.08443939026344954,0.24389483335993722,0.9482555060236707,50000,0.2695547533092659,0.0,0.3263537906137184,0.1,0.6968540326767426,0.40914000889265123,0.2602274689904929,0.4554071701866289,0.7380952380952381,0.7380952380952381,0.936779002987791,0.8,0.9
top_100__full_excl_covid,full_excl_covid,sparse_jl,30,3.0,18,0.7,50000,300,,0.006495627000049353,0.0006685299999844574,0.6397238889999812,0.09429395107179955,0.07873401236715338,0.23455185686747218,1.0254570995693797,50000,0.2919374247894103,0.0,0.3505415162454874,0.2,0.7212775060240093,0.45098314718339616,0.3548293095417341,0.5090299875830465,0.7857142857142857,0.7857142857142857,0.9422246748727762,0.7,0.9
top_100__full_excl_covid,full_excl_covid,sparse_jl,30,3.0,19,0.7,50000,300,,0.006361336999987088,0.0008599589999676027,0.5937435879999953,0.09813042573819666,0.0829674380040637,0.24184282552352138,0.980177657504118,50000,0.27990373044524675,0.0,0.3374247894103489,0.1,0.5481051250775912,0.2656941320524264,0.2693324912282255,0.3610439161194144,0.6904761904761905,0.6904761904761905,0.9315849554842529,0.7,0.9
top_100__full_excl_covid,full_excl_covid,sparse_jl,30,3.0,20,0.7,50000,300,,0.006594027999994978,0.000573218999988967,0.5996963469999628,0.11055715124736969,0.09505840454450998,0.26676728077463263,1.051371493629427,50000,0.30108303249097473,0.0,0.369193742478941,0.2,0.5891657141580928,0.45896041307221497,0.32562249668968046,0.4579162079733294,0.7380952380952381,0.7380952380952381,0.9402201070318484,0.8,0.9
top_100__full_excl_covid,full_excl_covid,sparse_jl,30,3.0,21,0.7,50000,300,,0.005669407999960185,0.0005618290000484194,0.5891769109999814,0.096062419223111,0.08132141105698787,0.23610475105162207,0.9886642128279367,50000,0.2837545126353791,0.0,0.33441636582430806,0.1,0.6112393296379546,0.33651502895947366,0.2418391455616082,0.39653116805301214,0.7142857142857143,0.7142857142857143,0.9357651238109894,0.8,0.9
top_100__full_excl_covid,full_excl_covid,sparse_jl,30,3.0,22,0.7,50000,300,,0.005331137999974089,0.0006034699999872828,0.5711732689999849,0.097373130830359,0.08360033132584854,0.23436499763909677,0.9774485316720423,50000,0.29001203369434414,0.0,0.34199759326113116,0.1,0.3549998357051225,0.25534833353377806,0.23311549082733687,0.28115455335541245,0.6666666666666666,0.6666666666666666,0.9293924796659562,0.8,0.9
top_100__full_excl_covid,full_excl_covid,sparse_jl,30,3.0,23,0.7,50000,300,,0.007132436999995662,0.0006343300000253294,0.6036958249999884,0.09070516245325257,0.07641154542182466,0.2236199105581013,0.9779031090503976,50000,0.285439229843562,0.0,0.3505415162454874,0.2,0.6621460377569862,0.34658468559935807,0.2847593405468613,0.43116335463440186,0.7857142857142857,0.7857142857142857,0.9349983940204025,0.7,0.9
top_100__full_excl_covid,full_excl_covid,sparse_jl,30,3.0,24,0.7,50000,300,,0.005796658000008392,0.000464060000012978,0.6053191629999901,0.10990328399773146,0.09485051151359969,0.261882625855139,1.0455292095958124,50000,0.29554753309265946,0.0,0.35848375451263537,0.2,0.6585047193693009,0.37054283834531626,0.2648694191976127,0.4313056589707433,0.8095238095238095,0.8095238095238095,0.9386860828484724,0.8,0.9
top_100__full_excl_covid,full_excl_covid,sparse_jl,30,3.0,25,0.7,50000,300,,0.005771207000009326,0.0005115199999750075,0.5900512200000207,0.09799868235510534,0.08191607357397712,0.24436434454827688,1.0247208589003594,50000,0.2950661853188929,0.0,0.3570397111913357,0.2,0.5749086737273478,0.3850667144213212,0.29380316528193584,0.4179261844768683,0.7619047619047619,0.7619047619047619,0.9322389530351342,0.8,0.9
top_100__full_excl_covid,full_excl_covid,sparse_jl,30,3.0,26,0.7,50000,300,,0.007397315999980947,0.0006816800000137846,0.6089409429999932,0.09565700860219467,0.08068266478131703,0.23425666809924522,1.003083143797844,50000,0.2825511432009627,0.0,0.349338146811071,0.1,0.6285131747190349,0.4971376834413859,0.2855836464188501,0.47041150152642364,0.7380952380952381,0.7380952380952381,0.9304111056834948,0.8,0.9
top_100__full_excl_covid,full_excl_covid,sparse_jl,30,3.0,27,0.7,50000,300,,0.005962597999996433,0.0005636899999785783,0.6503626549999808,0.09818391791346107,0.08276305468640582,0.24170165086696394,0.9893705789843454,50000,0.2620938628158845,0.0,0.3197352587244284,0.1,0.6384599391959529,0.3152104477760026,0.269759598232491,0.40780999506814886,0.6666666666666666,0.6666666666666666,0.9268975861792071,0.8,0.9
top_100__full_excl_covid,full_excl_covid,sparse_jl,30,3.0,28,0.7,50000,300,,0.005845217000000957,0.0006687890000307561,0.605083465000007,0.09596630003967513,0.08113359854975022,0.23585520168847424,1.0183720705804362,50000,0.2871239470517449,0.0,0.3524669073405535,0.1,0.5886877828648343,0.2873500503937393,0.3458611935871489,0.4072996756152408,0.8095238095238095,0.8095238095238095,0.9415832240374996,0.9,0.9
top_100__full_excl_covid,full_excl_covid,sparse_jl,30,3.0,29,0.7,50000,300,,0.005837697000004027,0.0005628399999864087,0.6635933790000195,0.09547091280929314,0.08011470588432051,0.2358869963858004,0.9844319729230643,50000,0.28351383874849584,0.0,0.3294825511432009,0.1,0.6270027575806731,0.3374379272871832,0.23879317442379688,0.4010779530972178,0.8333333333333334,0.8333333333333334,0.9300486938032606,0.8,0.9
top_100__full_excl_covid,full_excl_covid,sparse_jl,30,3.0,30,0.7,50000,300,,0.006376977999991595,0.0005228800000054434,0.6335602220000283,0.09586473861677103,0.0819030647656413,0.23104599287533756,1.0233475031882895,50000,0.2957882069795428,0.0,0.35836341756919377,0.2,0.7250556179240225,0.4205324524835363,0.368227883225138,0.5046053178775657,0.8571428571428571,0.8571428571428571,0.9464419396553165,0.8,0.9
top_100__full_excl_covid,full_excl_covid,sparse_jl,30,3.0,31,0.7,50000,300,,0.008817157000009956,0.0006083799999601069,0.7036128919999669,0.09316414459402712,0.07790096795190649,0.23379383130152118,1.006883629156229,50000,0.2770156438026474,0.0,0.33850782190132367,0.1,0.5748601816250286,0.36464256804542877,0.28236692106346567,0.40728989024464096,0.7380952380952381,0.7380952380952381,0.9421103742936199,0.8,0.9
top_100__full_excl_covid,full_excl_covid,sparse_jl,30,3.0,32,0.7,50000,300,,0.005668167999999696,0.0012716900000100395,0.7212492140000109,0.09089809233086185,0.0769210093418361,0.22381296851324625,0.9924911278881229,50000,0.29819494584837547,0.0,0.3530685920577617,0.1,0.5892621751142002,0.40031004248546426,0.31847420094872597,0.43601547284946346,0.7857142857142857,0.7857142857142857,0.9380280076150199,0.7,0.9
top_100__full_excl_covid,full_excl_covid,sparse_jl,30,3.0,33,0.7,50000,300,,0.005634337999993022,0.000834029999964514,0.6729279449999694,0.09522943219676847,0.08105548116462552,0.23249744161093913,1.0083801353829898,50000,0.28399518652226236,0.0,0.3415162454873646,0.1,0.6542599296866705,0.24665896303401552,0.29313039626830284,0.3980164296629963,0.8333333333333334,0.8333333333333334,0.9425296018843492,0.9,0.9
top_100__full_excl_covid,full_excl_covid,sparse_jl,30,3.0,34,0.7,50000,300,,0.005464598000003207,0.0005598589999635806,0.7151956580000274,0.09931700108238754,0.08693987057333419,0.23434104113183538,0.9557808348228879,50000,0.29001203369434414,0.0,0.34163658243080625,0.1,0.6728383526635857,0.26064414137438424,0.27011584282178225,0.40119944561991744,0.7380952380952381,0.7380952380952381,0.9283078997467236,0.9,0.9
top_100__full_excl_covid,full_excl_covid,sparse_jl,30,3.0,35,0.7,50000,300,,0.005175297999983286,0.0005671790000292276,0.6892811790000337,0.09608373762595804,0.08120595135797143,0.23693233150121035,0.9913898377966683,50000,0.2851985559566787,0.0,0.338748495788207,0.1,0.6317129902937234,0.25578704839134103,0.24557938997147527,0.37769314288551326,0.7619047619047619,0.7619047619047619,0.9334107744502028,0.8,0.9
top_100__full_excl_covid,full_excl_covid,sparse_jl,30,3.0,36,0.7,50000,300,,0.005995077000022775,0.0010914800000136893,0.8121837660000324,0.10164604975802649,0.08810363676292265,0.2412492706956069,1.0239147058923717,50000,0.28640192539109505,0.0,0.35210589651022867,0.1,0.6216363144819369,0.4518765032057505,0.286904751617525,0.4534725231017374,0.7857142857142857,0.7857142857142857,0.9327431009793128,0.7,0.9
top_100__full_excl_covid,full_excl_covid,sparse_jl,30,3.0,37,0.7,50000,300,,0.007220076999999492,0.0006425200000421682,0.6996354340000153,0.09647298455287921,0.08219461997645872,0.234277561769511,1.0319958725639458,50000,0.29169675090252706,0.0,0.35379061371841153,0.2,0.6392925096971719,0.2257237085596145,0.45136148748351146,0.4387925685800993,0.8333333333333334,0.8333333333333334,0.9478033837655537,0.9,0.9
top_100__full_excl_covid,full_excl_covid,sparse_jl,30,3.0,38,0.7,50000,300,,0.017069033000041145,0.0006137000000308035,0.7948576839999646,0.09585731689560165,0.08089595974718528,0.23628170483689515,1.0146786742793021,50000,0.30276774969915765,0.0,0.3530685920577617,0.1,0.6509545273162761,0.4598459049376839,0.2347184298706005,0.4485062873748535,0.8333333333333334,0.8333333333333334,0.9364593335853828,0.6,0.9
top_100__full_excl_covid,full_excl_covid,sparse_jl,30,3.0,39,0.7,50000,300,,0.012921464999976706,0.0005742299999837996,0.873931210999956,0.093832955975408,0.0807846645977277,0.2257642564814481,1.0246732092502058,50000,0.30758122743682315,0.0,0.3687123947051745,0.2,0.7171219298847575,0.3054801803890108,0.3747437200221122,0.46578194343196017,0.9047619047619048,0.9047619047619048,0.9416896620082105,0.9,0.9
top_100__full_excl_covid,full_excl_covid,sparse_jl,30,3.0,40,0.7,50000,300,,0.006184248000010939,0.0005933099999992919,0.8012928809999948,0.09935982789326404,0.08470421132417266,0.2410323783842153,0.979051763470493,50000,0.2738868832731649,0.0,0.3292418772563177,0.1,0.4560742574497164,0.3476420581248626,0.2620501525429517,0.3552554893725102,0.6904761904761905,0.6904761904761905,0.9287256217315805,0.8,0.9
top_100__full_excl_covid,full_excl_covid,sparse_jl,30,3.0,41,0.7,50000,300,,0.006339987000046676,0.0008058399999981702,0.7761420020000287,0.09451846859443078,0.07966101620055671,0.2334684264611578,0.989809787590281,50000,0.27220216606498193,0.0,0.3374247894103489,0.1,0.58516969037295,0.33414976269266516,0.23323859102312253,0.3841860146962459,0.7619047619047619,0.7619047619047619,0.9291130852206382,0.6,0.9
top_100__full_excl_covid,full_excl_covid,sparse_jl,30,3.0,42,0.7,50000,300,,0.0060560780000287195,0.0012092489999986356,0.7787800010000296,0.09102981256273165,0.07676721779422463,0.22505567535648652,0.9795016344404982,50000,0.2931407942238267,0.0,0.3333333333333333,0.1,0.5276214487015377,0.28994340239711164,0.32474398128061405,0.3807696107930878,0.7857142857142857,0.7857142857142857,0.9366400899348575,0.9,0.9
top_100__full_excl_covid,full_excl_covid,sparse_jl,30,3.0,43,0.7,50000,300,,0.006476598000006106,0.0007741890000261265,0.7634322769999926,0.09903996208831173,0.08323882824093831,0.24445440931112702,0.9997237438425031,50000,0.2945848375451264,0.0,0.34909747292418775,0.2,0.4371584276828414,0.3442457568053428,0.28339010995018404,0.3549314314794561,0.7619047619047619,0.7619047619047619,0.9213487175583757,0.6,0.9
top_100__full_excl_covid,full_excl_covid,sparse_jl,30,3.0,44,0.7,50000,300,,0.007240307000017765,0.000708840000015698,0.8759293190000221,0.09860158347721855,0.08446363709256904,0.23850991500803057,1.0300677506300657,50000,0.3046931407942238,0.0,0.3632972322503008,0.2,0.6318190840525636,0.36384052647428666,0.32307296067849495,0.4395775237351151,0.7619047619047619,0.7619047619047619,0.9379415816556979,0.9,0.9
top_100__full_excl_covid,full_excl_covid,sparse_jl,30,3.0,45,0.7,50000,300,,0.007859416999963287,0.0009951890000365893,0.8042238099999963,0.09527110373236927,0.07991998887514123,0.23721216078262172,1.0017361551660426,50000,0.27412755716004816,0.0,0.3370637785800241,0.1,0.6681457602915638,0.2947184346935633,0.28718369726385756,0.41668263074966155,0.8095238095238095,0.8095238095238095,0.9339304594105385,0.8,0.9
top_100__full_excl_covid,full_excl_covid,sparse_jl,30,3.0,46,0.7,50000,300,,0.007415507000018806,0.0006170499999598178,0.8248483410000063,0.09684016067903033,0.08126201474643141,0.2393961405491389,0.9942635559798112,50000,0.2969915764139591,0.0,0.35174488567990375,0.2,0.5901567748427343,0.337479793947883,0.28234725141681316,0.4033279400691436,0.8333333333333334,0.8333333333333334,0.9275862544875418,0.9,0.9
top_100__full_excl_covid,full_excl_covid,sparse_jl,30,3.0,47,0.7,50000,300,,0.004118458999982977,0.00041337999999768726,0.8914764120000314,0.10575094590616158,0.08944027976019048,0.2593419208376198,0.9949852622441029,50000,0.277496991576414,0.0,0.32707581227436816,0.1,0.42554061997386133,0.18452282873996437,0.2431097840221542,0.28439107757865995,0.7142857142857143,0.7142857142857143,0.9184227816570362,0.7,0.9
top_100__full_excl_covid,full_excl_covid,sparse_jl,30,3.0,48,0.7,50000,300,,0.0044169089999854805,0.0010204189999853952,0.8772044090000009,0.09781862513082903,0.083051198649425,0.239559817910952,0.9881798573559795,50000,0.2762936221419976,0.0,0.34296028880866425,0.1,0.4481698914389862,0.27048019735902085,0.2472692088687806,0.3219730992222625,0.7380952380952381,0.7380952380952381,0.9294698929012356,0.9,0.9
top_100__full_excl_covid,full_excl_covid,sparse_jl,30,3.0,49,0.7,50000,300,,0.009001366999996208,0.0006021599999712635,0.8363883360000273,0.09738626598108917,0.08266829930192565,0.23877605693937032,0.9848894633602563,50000,0.2640192539109507,0.0,0.33212996389891697,0.1,0.5654696245750134,0.4791197597209122,0.2861605828691914,0.4435833223883723,0.7857142857142857,0.7857142857142857,0.9344978428013636,0.7,0.9
top_100__full_excl_covid,full_excl_covid,sparse_jl,30,5.0,0,0.7,50000,500,,0.008122587000002568,0.001161330000002181,0.838243714999976,0.09576353639337301,0.08044074311284088,0.23783876665313522,0.974062304845144,50000,0.2654632972322503,0.0,0.3299638989169675,0.1,0.6638607991782506,0.41260129780464955,0.27574603483968463,0.45073604394086164,0.7857142857142857,0.7857142857142857,0.9293771308505333,0.8,0.8333333333333334
top_100__full_excl_covid,full_excl_covid,sparse_jl,30,5.0,1,0.7,50000,500,,0.006101016999991771,0.0011302689999865834,0.8476584719999778,0.11514259681005838,0.10118264724046472,0.2694699363018863,0.9463798294371778,50000,0.25198555956678703,0.0,0.3115523465703971,0.1,0.2880852832539399,0.20785880666297119,0.1980386633654814,0.23132758442746415,0.6190476190476191,0.6190476190476191,0.9072900390788367,0.7,0.8333333333333334
top_100__full_excl_covid,full_excl_covid,sparse_jl,30,5.0,2,0.7,50000,500,,0.007989346999977442,0.0008613289999743756,0.8339550469999608,0.0870456072458746,0.07274404302831161,0.2173395642335402,0.9895407321276872,50000,0.31480144404332133,0.0,0.36883273164861613,0.2,0.6210209026871761,0.31669009736795306,0.30917424001731647,0.4156284133574819,0.7857142857142857,0.7857142857142857,0.9382457767755275,0.8,0.8333333333333334
top_100__full_excl_covid,full_excl_covid,sparse_jl,30,5.0,3,0.7,50000,500,,0.005438178000019889,0.0006330500000331085,0.787914905999969,0.10318763078670361,0.08896107388296198,0.24909864940208176,1.0282252936496576,50000,0.3006016847172082,0.0,0.357641395908544,0.2,0.5879113550661534,0.4211695387104722,0.32874065917972867,0.44594051765211806,0.7857142857142857,0.7857142857142857,0.9357809954062292,0.8,0.8333333333333334
top_100__full_excl_covid,full_excl_covid,sparse_jl,30,5.0,4,0.7,50000,500,,0.005936378000001241,0.0006129899999791633,0.8576570870000069,0.09188945295066606,0.07704495791159938,0.22811478306884098,1.0036839887241593,50000,0.2945848375451264,0.0,0.3511432009626956,0.2,0.695841897170267,0.3249391841110998,0.33345286657562623,0.451411315952331,0.8333333333333334,0.8333333333333334,0.9357158152186641,0.8,0.8333333333333334
top_100__full_excl_covid,full_excl_covid,sparse_jl,30,5.0,5,0.7,50000,500,,0.011478016000012303,0.0004761000000144122,0.8411357230000363,0.10026531725167846,0.08500333291233036,0.2442453099301303,0.9828007933754852,50000,0.2604091456077016,0.0,0.3193742478941035,0.1,0.5613316639130456,0.38328543950582356,0.32340128725104117,0.4226727968899701,0.6904761904761905,0.6904761904761905,0.9336008781028027,0.5,0.8333333333333334
top_100__full_excl_covid,full_excl_covid,sparse_jl,30,5.0,6,0.7,50000,500,,0.01258906400005344,0.0007430299999668932,0.8553153479999764,0.10367966221321792,0.08958923517459516,0.24705706826615445,0.9585375942912976,50000,0.269554753309266,0.0,0.3308062575210589,0.1,0.5688960920834246,0.24071965932075512,0.24352534547759117,0.35104703229392364,0.7142857142857143,0.7142857142857143,0.9172272469494751,0.7,0.8333333333333334
top_100__full_excl_covid,full_excl_covid,sparse_jl,30,5.0,7,0.7,50000,500,,0.017284473000017897,0.0010388289999809786,0.8327816180000127,0.09743220052158662,0.08426937293937076,0.23143507044550118,0.954404859855673,50000,0.26835138387484964,0.0,0.3324909747292419,0.1,0.6271973957122055,0.30279589702866355,0.24465356472487562,0.3915489524885815,0.8333333333333334,0.8333333333333334,0.9318468681724955,0.7,0.8333333333333334
top_100__full_excl_covid,full_excl_covid,sparse_jl,30,5.0,8,0.7,50000,500,,0.006000746999973217,0.00043271000004097004,0.8353560860000471,0.12321685791492944,0.10606060151388003,0.2991946760011959,0.9508689410895713,50000,0.24669073405535502,0.0,0.29975932611311673,0.1,0.12309811990231972,0.2247284929984923,0.20497765562224987,0.18426808950768728,0.6190476190476191,0.6190476190476191,0.8823900364022041,0.5,0.8333333333333334
top_100__full_excl_covid,full_excl_covid,sparse_jl,30,5.0,9,0.7,50000,500,,0.008777245999965544,0.0011181200000009994,0.7601456379999831,0.11060808756697867,0.09595279830338077,0.26271328931785354,0.9392878361413568,50000,0.2584837545126354,0.0,0.31516245487364625,0.1,0.538073632410651,0.24808336744209455,0.19859508305623394,0.3282506943029932,0.7380952380952381,0.7380952380952381,0.9097148382477424,0.6,0.8333333333333334
top_100__full_excl_covid,full_excl_covid,sparse_jl,30,5.0,10,0.7,50000,500,,0.009071166000012454,0.0006858499999680134,0.7416486660000032,0.0985883096680086,0.0825621325523273,0.24511966087413428,1.0188993944148668,50000,0.27773766546329726,0.0,0.3450060168471721,0.1,0.6044156921645893,0.44920674508987507,0.34097666212126654,0.46486636645857704,0.7857142857142857,0.7857142857142857,0.9333313119180413,0.8,0.8333333333333334
top_100__full_excl_covid,full_excl_covid,sparse_jl,30,5.0,11,0.7,50000,500,,0.00765619699996023,0.0018494789999863315,0.7366185479999672,0.12224622645332064,0.10319043622543944,0.3000970759796373,1.0671293621760718,50000,0.29651022864019255,0.0,0.36052948255114325,0.2,0.6956740723524913,0.5578024169144398,0.3650335547420316,0.5395033480029875,0.8095238095238095,0.8095238095238095,0.9323879661941293,0.6,0.8333333333333334
top_100__full_excl_covid,full_excl_covid,sparse_jl,30,5.0,12,0.7,50000,500,,0.009214036000003034,0.0009382989999835445,0.7986295520000226,0.11121671807040971,0.09517365701656066,0.2679970641630003,1.0437969541844585,50000,0.2815884476534296,0.0,0.35523465703971124,0.1,0.45950277806354384,0.5077569263556524,0.31148325238385416,0.42624765226768346,0.8333333333333334,0.8333333333333334,0.9345436592245125,0.8,0.8333333333333334
top_100__full_excl_covid,full_excl_covid,sparse_jl,30,5.0,13,0.7,50000,500,,0.012479114999962349,0.0006701899999939087,0.7196999859999664,0.09345426672201433,0.0804877339653507,0.2264498749925116,0.9709015495305372,50000,0.28158844765342966,0.0,0.3486161251504212,0.2,0.5404843503516105,0.2457887690486521,0.2863052227615304,0.357526114053931,0.7380952380952381,0.7380952380952381,0.9363455557860434,0.7,0.8333333333333334
top_100__full_excl_covid,full_excl_covid,sparse_jl,30,5.0,14,0.7,50000,500,,0.007730816999981016,0.0011788799999976618,0.665476228999978,0.1260671257598429,0.10621807022337382,0.3101536121421725,1.0650926870496273,50000,0.30637785800240674,0.0,0.36052948255114325,0.2,0.5373814859575747,0.3724527930073715,0.3438934267569266,0.41790923524062434,0.7857142857142857,0.7857142857142857,0.9314897468240079,0.7,0.8333333333333334
top_100__full_excl_covid,full_excl_covid,sparse_jl,30,5.0,15,0.7,50000,500,,0.006678957000019636,0.00047685900000260517,0.755781560999992,0.1007207466516505,0.08564192693998485,0.2441050633958356,1.0248466356826818,50000,0.2873646209386282,0.0,0.3523465703971119,0.2,0.6384755418059034,0.27531184316653856,0.2490728988034448,0.3876200945919623,0.8095238095238095,0.8095238095238095,0.9320783132530119,0.8,0.8333333333333334
top_100__full_excl_covid,full_excl_covid,sparse_jl,30,5.0,16,0.7,50000,500,,0.006165546999966409,0.0011691500000097221,0.6693862370000261,0.09079128260567913,0.07649588747829306,0.22546072722382582,1.008166481568125,50000,0.29169675090252706,0.0,0.3560770156438026,0.2,0.6450145551546246,0.5139954718223353,0.2687745269124044,0.4759281846297881,0.8333333333333334,0.8333333333333334,0.9418416236453728,0.9,0.8333333333333334
top_100__full_excl_covid,full_excl_covid,sparse_jl,30,5.0,17,0.7,50000,500,,0.008624386000008144,0.0009710300000165262,0.7359787579999875,0.09564892165916761,0.08096073483427352,0.23441389524404924,1.025619616579837,50000,0.2972322503008424,0.0,0.3530685920577617,0.1,0.6156544650368968,0.24320307897808144,0.34120067024117906,0.40001940475205244,0.8333333333333334,0.8333333333333334,0.9414657031346714,0.7,0.8333333333333334
top_100__full_excl_covid,full_excl_covid,sparse_jl,30,5.0,18,0.7,50000,500,,0.0061175580000281116,0.0009623490000194579,0.7158095469999921,0.09265763554945282,0.07802177931360166,0.22906624739242007,0.9977272928941245,50000,0.2811070998796631,0.0,0.34368231046931413,0.2,0.6385667037232347,0.3406860246090707,0.25602035318888045,0.4117576938403953,0.7857142857142857,0.7857142857142857,0.9393770932103866,0.6,0.8333333333333334
top_100__full_excl_covid,full_excl_covid,sparse_jl,30,5.0,19,0.7,50000,500,,0.005610786999966422,0.0007132399999818517,0.707740919999992,0.11200143466044701,0.09695737786496306,0.26659850155810144,0.9484919541136915,50000,0.2539109506618532,0.0,0.309265944645006,0.1,0.4602798437355658,0.18485195537338267,0.19962844813060365,0.2815867490798507,0.6904761904761905,0.6904761904761905,0.9064281424503902,0.6,0.8333333333333334
top_100__full_excl_covid,full_excl_covid,sparse_jl,30,5.0,20,0.7,50000,500,,0.0058513980000043375,0.00043675999995684833,0.7194104760000073,0.12149255550495791,0.10619125297233817,0.284743143867889,0.9314994801126855,50000,0.2534296028880867,0.0,0.305294825511432,0.1,0.15146176446348292,0.22417196848860246,0.17021678414787614,0.1819501723666538,0.5952380952380952,0.5952380952380952,0.896448777615321,0.7,0.8333333333333334
top_100__full_excl_covid,full_excl_covid,sparse_jl,30,5.0,21,0.7,50000,500,,0.0061903380000103425,0.0006847690000313378,0.6473200070000189,0.10123725618975615,0.08594144069011878,0.2481237586229118,1.0003269369749874,50000,0.2909747292418773,0.0,0.34271961492178094,0.1,0.6379408092595281,0.40521563629668245,0.2413279523108565,0.428161465955689,0.7619047619047619,0.7619047619047619,0.930356360181074,0.8,0.8333333333333334
top_100__full_excl_covid,full_excl_covid,sparse_jl,30,5.0,22,0.7,50000,500,,0.006816327000024103,0.000542899999970814,0.710683878999987,0.09111696315562111,0.07656034880383789,0.22413680222517673,1.0022072195317335,50000,0.29482551143200963,0.0,0.3521058965102286,0.2,0.6151187939326952,0.35099820299739715,0.3128854651714422,0.42633415403384484,0.7857142857142857,0.7857142857142857,0.9412133468614807,1.0,0.8333333333333334
top_100__full_excl_covid,full_excl_covid,sparse_jl,30,5.0,23,0.7,50000,500,,0.004817167999988214,0.0005940199999940887,0.7358441590000098,0.09380585955516044,0.07865562093025646,0.23509978276768403,1.0213372580974354,50000,0.3025270758122744,0.0,0.36618531889290007,0.2,0.6418252662166477,0.44554850150914077,0.28991826870302784,0.45909734547627207,0.7380952380952381,0.7380952380952381,0.9401866282123773,0.8,0.8333333333333334
top_100__full_excl_covid,full_excl_covid,sparse_jl,30,5.0,24,0.7,50000,500,,0.006504366999990907,0.0011240900000188958,0.7156121169999778,0.09526037418215584,0.0806086755238209,0.23368305802065206,1.011123879464094,50000,0.3020457280385079,0.0,0.3601684717208183,0.2,0.701251494714275,0.2649984225296362,0.33195788349589234,0.4327359335799345,0.8095238095238095,0.8095238095238095,0.93830765299465,0.8,0.8333333333333334
top_100__full_excl_covid,full_excl_covid,sparse_jl,30,5.0,25,0.7,50000,500,,0.00857939599995916,0.0005014800000253672,0.7325181699999916,0.09646963442674665,0.08122006270532378,0.23874493161777485,1.000688060065999,50000,0.277496991576414,0.0,0.34187725631768956,0.1,0.6069457763737611,0.34089485555735743,0.2532498940624456,0.40036350866452136,0.7619047619047619,0.7619047619047619,0.9313933044033953,0.6,0.8333333333333334
top_100__full_excl_covid,full_excl_covid,sparse_jl,30,5.0,26,0.7,50000,500,,0.009190626000020075,0.0004805599999713195,0.6978260149999755,0.09516388816562246,0.08079178965518446,0.23164052324689238,0.989076618537338,50000,0.28712394705174493,0.0,0.3407942238267148,0.1,0.5248392353476913,0.26946787922723053,0.2584191331151368,0.3509087492300196,0.7380952380952381,0.7380952380952381,0.9324560948598615,0.6,0.8333333333333334
top_100__full_excl_covid,full_excl_covid,sparse_jl,30,5.0,27,0.7,50000,500,,0.007293137000033312,0.0010541299999999865,0.7425793959999964,0.09013913712599535,0.07540820890747346,0.2229108812015004,1.001935529777147,50000,0.29675090252707587,0.0,0.35956678700361006,0.2,0.5798314814906547,0.3417064525509652,0.43361757911540666,0.4517185043856755,0.8333333333333334,0.8333333333333334,0.9317259596564541,0.8,0.8333333333333334
top_100__full_excl_covid,full_excl_covid,sparse_jl,30,5.0,28,0.7,50000,500,,0.008278326999970886,0.0005684000000201195,0.7987625920000028,0.09587208900198041,0.08160406434112627,0.2344223492161129,0.9642566085673758,50000,0.2719614921780987,0.0,0.33309265944645,0.1,0.5737606632837576,0.2351914433081167,0.27262025916491855,0.36052412191893096,0.7619047619047619,0.7619047619047619,0.9390385619121862,0.8,0.8333333333333334
top_100__full_excl_covid,full_excl_covid,sparse_jl,30,5.0,29,0.7,50000,500,,0.011206096000023535,0.0007652389999748266,0.795416074000002,0.09939712134855923,0.08384732238947279,0.24317839436214458,1.0111541899636272,50000,0.2709987966305656,0.0,0.3439229843561974,0.1,0.6301333190628369,0.4545539334779657,0.3285976736315036,0.4710949753907688,0.7857142857142857,0.7857142857142857,0.9334141411522233,0.7,0.8333333333333334
top_100__full_excl_covid,full_excl_covid,sparse_jl,30,5.0,30,0.7,50000,500,,0.006190666999998484,0.0008512800000062271,0.7662103359999719,0.09487562227445315,0.07920904132704865,0.23565854219806887,0.9930009862197127,50000,0.2779783393501805,0.0,0.3328519855595668,0.1,0.48622420707424524,0.2713236159694398,0.2912206496296769,0.3495894908911206,0.7380952380952381,0.7380952380952381,0.9319887924371744,0.5,0.8333333333333334
top_100__full_excl_covid,full_excl_covid,sparse_jl,30,5.0,31,0.7,50000,500,,0.007600695999997242,0.0007850189999771828,0.857201707999991,0.1054500503288453,0.09075400199765898,0.25412014588359644,0.9575784627376897,50000,0.25679903730445247,0.0,0.3140794223826715,0.1,0.5520390435871577,0.22574953247048565,0.21722826834727757,0.331672281468307,0.7380952380952381,0.7380952380952381,0.9187822868814887,0.8,0.8333333333333334
top_100__full_excl_covid,full_excl_covid,sparse_jl,30,5.0,32,0.7,50000,500,,0.016908713000020725,0.0007047990000046411,0.7597291390000009,0.10358687192373234,0.08926392842519526,0.24816621025692628,0.9687531205294068,50000,0.27605294825511434,0.0,0.3406738868832731,0.1,0.23243531676867715,0.24713396901859594,0.27930296141733346,0.25295741573486885,0.6666666666666666,0.6666666666666666,0.9217372475182595,0.8,0.8333333333333334
top_100__full_excl_covid,full_excl_covid,sparse_jl,30,5.0,33,0.7,50000,500,,0.011012966000009783,0.0007108199999947828,0.8071880089999581,0.10066518774311908,0.08648008765802406,0.24161001214765893,1.013646976660611,50000,0.29675090252707587,0.0,0.35066185318892895,0.2,0.5598066897230313,0.3563838340288688,0.2931010386395227,0.4030971874638076,0.8571428571428571,0.8571428571428571,0.930987020840931,0.6,0.8333333333333334
top_100__full_excl_covid,full_excl_covid,sparse_jl,30,5.0,34,0.7,50000,500,,0.006457947000001241,0.0007189689999904658,0.7340840999999614,0.10305207642579331,0.08781709357847628,0.24897092761802436,0.9666033785667983,50000,0.2594464500601685,0.0,0.32081829121540306,0.1,0.4112246542540017,0.3018065445888478,0.24593578570086821,0.31965566151457253,0.7857142857142857,0.7857142857142857,0.9241813268068106,0.8,0.8333333333333334
top_100__full_excl_covid,full_excl_covid,sparse_jl,30,5.0,35,0.7,50000,500,,0.005197038000005705,0.0005599200000006022,0.7934009850000052,0.09803468071273752,0.08374515703285834,0.23985969690872463,0.9813475029836299,50000,0.27773766546329726,0.0,0.3361010830324909,0.1,0.6401113430427734,0.2770149225693109,0.23657365021019414,0.38456663860742607,0.7857142857142857,0.7857142857142857,0.9232605024374085,0.9,0.8333333333333334
top_100__full_excl_covid,full_excl_covid,sparse_jl,30,5.0,36,0.7,50000,500,,0.007279317000040919,0.0006203500000196982,0.7689605340000298,0.09116586520666364,0.07696186813756717,0.22556283820547796,0.984513730287865,50000,0.2856799037304453,0.0,0.3439229843561974,0.1,0.5683158055825579,0.38277566325267537,0.2574215944059062,0.4028376877470465,0.8095238095238095,0.8095238095238095,0.9378994456024596,0.8,0.8333333333333334
top_100__full_excl_covid,full_excl_covid,sparse_jl,30,5.0,37,0.7,50000,500,,0.004570498000020962,0.0006224699999961558,0.7477243839999801,0.1376786713261724,0.1138018492139406,0.3487310003824481,1.0862372298380576,50000,0.31480144404332133,0.0,0.3661853188929001,0.1,0.6550216737532591,0.3618250588777448,0.3112343779286352,0.44269370351987974,0.8333333333333334,0.8333333333333334,0.9308393041758815,0.7,0.8333333333333334
top_100__full_excl_covid,full_excl_covid,sparse_jl,30,5.0,38,0.7,50000,500,,0.005669207999972059,0.0006101600000079088,0.7327624499999956,0.11511226949216802,0.0990617684045002,0.2755366052889806,1.0563929219665016,50000,0.3006016847172082,0.0,0.3606498194945848,0.2,0.6129923860967802,0.2596278771828103,0.35670185649481756,0.40977403992480266,0.8333333333333334,0.8333333333333334,0.9357338615779418,0.9,0.8333333333333334
top_100__full_excl_covid,full_excl_covid,sparse_jl,30,5.0,39,0.7,50000,500,,0.005051798000010876,0.0005300799999758965,0.7695496749999506,0.09445279669379952,0.08085511347408064,0.23017585688196446,0.9834829485563147,50000,0.27870036101083034,0.0,0.33646209386281584,0.1,0.6032306959729711,0.2448787759243001,0.2951112540820231,0.38107357532643144,0.7142857142857143,0.7142857142857143,0.9333610894564093,0.8,0.8333333333333334
top_100__full_excl_covid,full_excl_covid,sparse_jl,30,5.0,40,0.7,50000,500,,0.009012135999967086,0.0008725499999968633,0.7775462600000083,0.10494228534439527,0.08787819222402177,0.25955602711978226,1.0245176865520362,50000,0.27605294825511434,0.0,0.34043321299638984,0.1,0.5078064593775004,0.4065833620667308,0.2757442135939299,0.3967113450127204,0.6666666666666666,0.6666666666666666,0.9263408047630677,0.9,0.8333333333333334
top_100__full_excl_covid,full_excl_covid,sparse_jl,30,5.0,41,0.7,50000,500,,0.009827455999982249,0.000564519000022301,0.7606482680000113,0.09547956110883624,0.08031904135122081,0.23573114921569072,0.9977893166330181,50000,0.29193742478941037,0.0,0.3464500601684717,0.1,0.4411987568691699,0.3849331163319868,0.31947957472160304,0.3818704826409199,0.7619047619047619,0.7619047619047619,0.9405013416621218,0.8,0.8333333333333334
top_100__full_excl_covid,full_excl_covid,sparse_jl,30,5.0,42,0.7,50000,500,,0.007106836999980715,0.0008198689999971975,0.7691419540000197,0.09875872185305946,0.08394070775257811,0.24248833496365127,0.9937366255821571,50000,0.28856799037304454,0.0,0.34043321299638984,0.1,0.4608052072887438,0.35258023837736496,0.2728113392355465,0.3620655949672184,0.7619047619047619,0.7619047619047619,0.9260683319225247,0.7,0.8333333333333334
top_100__full_excl_covid,full_excl_covid,sparse_jl,30,5.0,43,0.7,50000,500,,0.007063316999960989,0.0006935200000270925,0.7023008819999745,0.1026194373939351,0.08835333614420271,0.2439479987636664,0.9648933574191146,50000,0.2620938628158845,0.0,0.315884476534296,0.1,0.2986558638687917,0.23990686171717313,0.2556393442432964,0.2647340232764204,0.7619047619047619,0.7619047619047619,0.9248180517125428,0.7,0.8333333333333334
top_100__full_excl_covid,full_excl_covid,sparse_jl,30,5.0,44,0.7,50000,500,,0.00358637900001213,0.0003225499999643944,0.7731396429999791,0.09821026751681276,0.08145600779151335,0.24738518260626693,1.0173121224259054,50000,0.2890493381468111,0.0,0.3428399518652226,0.1,0.4236110701585528,0.44123747879170977,0.3090939728437162,0.39131417393132634,0.7619047619047619,0.7619047619047619,0.9402904731951968,0.9,0.8333333333333334
top_100__full_excl_covid,full_excl_covid,sparse_jl,30,5.0,45,0.7,50000,500,,0.007648506999998972,0.00048082999995813225,0.7617954369999893,0.09003549042395201,0.07601752425855879,0.22201221044066655,0.9917993374470846,50000,0.29386281588447655,0.0,0.3415162454873646,0.2,0.663799904849707,0.3463120496109419,0.271120478355592,0.42707747760541365,0.8095238095238095,0.8095238095238095,0.9408494293753742,0.9,0.8333333333333334
top_100__full_excl_covid,full_excl_covid,sparse_jl,30,5.0,46,0.7,50000,500,,0.005972448000022723,0.0005380499999887434,0.7333502990000511,0.09907882875122126,0.08480788611124812,0.24023223225515108,0.9875589336517119,50000,0.2844765342960289,0.0,0.3447653429602888,0.1,0.6131905408172584,0.34446674435996805,0.2957100713554207,0.41778911884421577,0.7619047619047619,0.7619047619047619,0.9236529846127077,0.7,0.8333333333333334
top_100__full_excl_covid,full_excl_covid,sparse_jl,30,5.0,47,0.7,50000,500,,0.004729597999983071,0.0003437999999960084,0.7666413659999876,0.09163938552546017,0.07766090752497035,0.224808689439371,0.9998164678084582,50000,0.285439229843562,0.0,0.3509025270758123,0.1,0.6622835302438198,0.3028747316678002,0.3278064965439871,0.43098825281853576,0.8095238095238095,0.8095238095238095,0.9405971567469544,0.6,0.8333333333333334
top_100__full_excl_covid,full_excl_covid,sparse_jl,30,5.0,48,0.7,50000,500,,0.00678254700000025,0.0005437899999947149,0.7188904760000128,0.09466203223986198,0.08058571749079174,0.23183824911363118,1.013009735066751,50000,0.2794223826714801,0.0,0.34861612515042123,0.1,0.6029594813741604,0.27806069458092014,0.3073570724188633,0.3961257494579813,0.8333333333333334,0.8333333333333334,0.9353544070756784,0.5,0.8333333333333334
top_100__full_excl_covid,full_excl_covid,sparse_jl,30,5.0,49,0.7,50000,500,,0.005243948000043019,0.0006422699999575343,0.641986777999989,0.10656789272487051,0.09224792608071491,0.25348892593064315,0.9551083230905549,50000,0.26257521058965105,0.0,0.32286401925391095,0.1,0.3622652057060078,0.26439865383166805,0.24849191670503684,0.2917185920809042,0.6666666666666666,0.6666666666666666,0.9158452471368393,0.8,0.8333333333333334
top_100__full_excl_covid,full_excl_covid,sparse_jl,50,1.0,0,0.7,50000,100,,0.006186477999960971,0.0006373499999767773,0.7840405580000152,0.07417970266740015,0.06196031409304781,0.18531790508195314,0.9780915944083378,50000,0.3889290012033695,0.2,0.4456077015643803,0.2,0.6751846400279122,0.5359643574070607,0.36097333242716484,0.5240407766207126,0.8809523809523809,0.8809523809523809,0.9561639713533389,0.9,0.98
top_100__full_excl_covid,full_excl_covid,sparse_jl,50,1.0,1,0.7,50000,100,,0.007343826999999692,0.0013775489999829915,0.7418032859999926,0.06376668660922298,0.05291221814645736,0.15942511823429623,1.0009184770048773,50000,0.4310469314079423,0.2,0.4918170878459687,0.3,0.6573808079343847,0.5106398140041049,0.4568813013388157,0.5416339744257684,0.9047619047619048,0.9047619047619048,0.9691862074791806,0.8,0.98
top_100__full_excl_covid,full_excl_covid,sparse_jl,50,1.0,2,0.7,50000,100,,0.016190682999990713,0.0006113599999935104,0.6981520949999549,0.07994217483107267,0.06736046488783565,0.19569172151773315,0.975742447398706,50000,0.3569193742478941,0.2,0.42695547533092654,0.2,0.6018186645242921,0.43238386892241915,0.3743567160592774,0.46951974983532957,0.7857142857142857,0.7857142857142857,0.9505244318010726,0.9,0.98
top_100__full_excl_covid,full_excl_covid,sparse_jl,50,1.0,3,0.7,50000,100,,0.012542685000028087,0.000800179999998818,0.7126065479999966,0.08500473257711645,0.07119030514200375,0.2100387808520856,1.0413917752007724,50000,0.39975932611311676,0.2,0.46558363417569193,0.3,0.5783053729277243,0.5224179568935446,0.35620491526459336,0.4856427483619541,0.8571428571428571,0.8571428571428571,0.9607407413603316,0.8,0.98
top_100__full_excl_covid,full_excl_covid,sparse_jl,50,1.0,4,0.7,50000,100,,0.008162756999979592,0.0018387590000088494,0.69631784500001,0.10317127810656222,0.08775952869437381,0.25129118203980705,0.9426597923764564,50000,0.3381468110709988,0.0,0.3935018050541516,0.2,0.25414178984539126,0.19881298987660986,0.2506499219962432,0.2345349005727481,0.5714285714285714,0.5714285714285714,0.9169385679346098,0.6,0.98
top_100__full_excl_covid,full_excl_covid,sparse_jl,50,1.0,5,0.7,50000,100,,0.006267536999985168,0.0010700299999939489,0.6891094890000318,0.076729651919435,0.06525304653733321,0.18672701269216505,1.0156045270073064,50000,0.38002406738868844,0.2,0.4368231046931408,0.2,0.8302837317151611,0.5003261114624177,0.2902896188822988,0.5402998206866259,0.8571428571428571,0.8571428571428571,0.9580781610195294,0.8,0.98
top_100__full_excl_covid,full_excl_covid,sparse_jl,50,1.0,6,0.7,50000,100,,0.006341396999971494,0.000845480000009502,0.7158243869999978,0.07022944647857973,0.060295269789257144,0.17003627564525278,0.9701889846920231,50000,0.4175691937424789,0.2,0.47557160048134783,0.3,0.5335644489486852,0.5483534455356217,0.47558188725269057,0.5191665939123324,0.7619047619047619,0.7619047619047619,0.9653152529585155,0.9,0.98
top_100__full_excl_covid,full_excl_covid,sparse_jl,50,1.0,7,0.7,50000,100,,0.006085377999966113,0.000747509000007085,0.6808115819999898,0.0735735063672136,0.06170735336246136,0.18103881710922295,1.0015315167524592,50000,0.394705174488568,0.2,0.4451263537906137,0.2,0.6997179874868373,0.36117068327287716,0.26080550949184705,0.44056472675052055,0.8809523809523809,0.8809523809523809,0.9608933930668522,0.9,0.98
top_100__full_excl_covid,full_excl_covid,sparse_jl,50,1.0,8,0.7,50000,100,,0.00717537700001003,0.000752019999993081,0.6808027719999927,0.11029657703336045,0.09502575581116085,0.2622316163388245,1.0859978268128094,50000,0.44885679903730447,0.2,0.509265944645006,0.3,0.7669626725661433,0.35310719043179933,0.3788587325305372,0.49964286517615997,0.8571428571428571,0.8571428571428571,0.9645762932317996,0.7,0.98
top_100__full_excl_covid,full_excl_covid,sparse_jl,50,1.0,9,0.7,50000,100,,0.007069128000011915,0.0007279999999809661,0.7278098220000402,0.07020052972864162,0.05851195525678521,0.1750542585272729,1.0123734918227976,50000,0.41131167268351393,0.2,0.46847172081829114,0.2,0.6797549229005306,0.3206684694097039,0.5500054955432868,0.5168096292845071,0.8809523809523809,0.8809523809523809,0.964924192744318,0.9,0.98
top_100__full_excl_covid,full_excl_covid,sparse_jl,50,1.0,10,0.7,50000,100,,0.0069542279999836865,0.0011855590000209304,0.6628351090000137,0.07013377566552287,0.05913771362646497,0.17403369730253768,1.016459551251897,50000,0.402647412755716,0.2,0.47244283995186526,0.3,0.7065756549793483,0.5016140743704985,0.3456793717805567,0.5179563670434678,0.8333333333333334,0.8333333333333334,0.9663890217911355,0.8,0.98
top_100__full_excl_covid,full_excl_covid,sparse_jl,50,1.0,11,0.7,50000,100,,0.00760029600002099,0.0009507299999995666,0.6799174320000247,0.06556146863036716,0.055189123743131396,0.1610463285568871,1.0082867592954505,50000,0.4219013237063779,0.2,0.48531889290012026,0.3,0.75266910407308,0.6643789247624566,0.358224318021824,0.5917574489524534,0.8333333333333334,0.8333333333333334,0.9697024002703398,0.9,0.98
top_100__full_excl_covid,full_excl_covid,sparse_jl,50,1.0,12,0.7,50000,100,,0.005699767999999494,0.0006581200000255194,0.7080361210000206,0.08441061322665343,0.06941761141721398,0.21505960052053957,1.0309209921994686,50000,0.4141997593261132,0.2,0.4755716004813478,0.2,0.6243711360765918,0.35772737700949153,0.348271678358437,0.44345673048150674,0.8095238095238095,0.8095238095238095,0.9626254671560444,0.7,0.98
top_100__full_excl_covid,full_excl_covid,sparse_jl,50,1.0,13,0.7,50000,100,,0.006054038000002038,0.000963168999987829,0.6913145069999587,0.07282587253923331,0.06113345854437474,0.1809739777735786,0.979301234753223,50000,0.4002406738868833,0.2,0.45234657039711196,0.3,0.653063376030517,0.22943082546293422,0.2829386801733196,0.3884776272222569,0.8333333333333334,0.8333333333333334,0.9573352908997834,0.8,0.98
top_100__full_excl_covid,full_excl_covid,sparse_jl,50,1.0,14,0.7,50000,100,,0.006165977000023304,0.0008024800000043797,0.6654774080000152,0.07806168623404233,0.0656544673806137,0.19322086575471584,1.0079246054856372,50000,0.3574007220216607,0.2,0.4237063778580024,0.2,0.7237720552223309,0.527821783082634,0.3877777114616908,0.5464571832555519,0.7619047619047619,0.7619047619047619,0.9537642028820642,0.6,0.98
top_100__full_excl_covid,full_excl_covid,sparse_jl,50,1.0,15,0.7,50000,100,,0.004296867999983078,0.0008343800000147894,0.7134247980000055,0.06414823537466931,0.05383991101004548,0.15912221654361275,1.0046335109058118,50000,0.4339350180505415,0.2,0.49326113116726833,0.3,0.7059245270740597,0.4177484167976009,0.3405802559851878,0.4880843999522828,0.8571428571428571,0.8571428571428571,0.9686518428615878,0.9,0.98
top_100__full_excl_covid,full_excl_covid,sparse_jl,50,1.0,16,0.7,50000,100,,0.004052097999988291,0.0007412200000089797,0.6552717029999826,0.07722577877712007,0.06547675355239546,0.1879235452751871,1.0110055083889176,50000,0.3831528279181709,0.2,0.43995186522262336,0.2,0.6898350428539907,0.5410930901908388,0.378709993501466,0.5365460421820984,0.8333333333333334,0.8333333333333334,0.9570194900680198,0.7,0.98
top_100__full_excl_covid,full_excl_covid,sparse_jl,50,1.0,17,0.7,50000,100,,0.006645316999993156,0.0007666600000106882,0.7080272100000116,0.07797633881048811,0.06613066152481428,0.19032364673352825,0.9593416500346212,50000,0.38604091456077017,0.2,0.45090252707581235,0.3,0.6664937513706319,0.35100729613629256,0.23993981239937742,0.4191469533021006,0.8333333333333334,0.8333333333333334,0.9539096402271122,0.8,0.98
top_100__full_excl_covid,full_excl_covid,sparse_jl,50,1.0,18,0.7,50000,100,,0.0058314780000046085,0.0006619689999638467,0.6810893730000203,0.08375451740750439,0.07013990211278798,0.20844648415079473,1.0146741540014717,50000,0.3703971119133574,0.0,0.42045728038507824,0.2,0.6042890326598283,0.39274601453152264,0.2674472757981043,0.42149410766315176,0.8333333333333334,0.8333333333333334,0.9530468025949953,0.8,0.98
top_100__full_excl_covid,full_excl_covid,sparse_jl,50,1.0,19,0.7,50000,100,,0.006906747000016367,0.0009208199999761746,0.6454929469999797,0.07348376578991919,0.0612952992549739,0.18300100416615694,1.0071362280474019,50000,0.39181708784596875,0.2,0.4528279181708784,0.2,0.6799749251242063,0.5193292684339964,0.3712084872108681,0.5235042269230236,0.7857142857142857,0.7857142857142857,0.9586981569711223,0.8,0.98
top_100__full_excl_covid,full_excl_covid,sparse_jl,50,1.0,20,0.7,50000,100,,0.006177127000000837,0.0010530000000130713,0.6393303189999529,0.07420706343285662,0.06090299011623562,0.18920726074620445,1.0197966516550876,50000,0.3850782190132371,0.2,0.449338146811071,0.2,0.626990350494551,0.5428757958650842,0.2833723339180728,0.484412826759236,0.8333333333333334,0.8333333333333334,0.9613165310506117,0.8,0.98
top_100__full_excl_covid,full_excl_covid,sparse_jl,50,1.0,21,0.7,50000,100,,0.00616974700000128,0.0010687399999937952,0.627701165000019,0.07472809740744794,0.062474135851389,0.18631338143787876,0.9889146286448229,50000,0.36871239470517453,0.2,0.43453670276774964,0.2,0.6955131868849297,0.28501637243058886,0.3529414946976492,0.4444903513377226,0.8095238095238095,0.8095238095238095,0.9543706274696118,0.7,0.98
top_100__full_excl_covid,full_excl_covid,sparse_jl,50,1.0,22,0.7,50000,100,,0.00769956699997465,0.0007890900000120382,0.6320612330000017,0.07589451294672168,0.06357791742399299,0.18839415064504259,0.9955958967472383,50000,0.37641395908543923,0.2,0.432129963898917,0.2,0.6353910973473903,0.2953147157383419,0.27607343098190734,0.4022597480225465,0.8333333333333334,0.8333333333333334,0.9549344977800677,0.9,0.98
top_100__full_excl_covid,full_excl_covid,sparse_jl,50,1.0,23,0.7,50000,100,,0.007584697000027063,0.0008482389999926454,0.5835182039999722,0.07108101411864795,0.0599335926069936,0.17616241381228895,1.022604768910156,50000,0.41083032490974725,0.2,0.466546329723225,0.3,0.7335664345157684,0.44312999560013694,0.3777595724171599,0.5181520008443551,0.8571428571428571,0.8571428571428571,0.9641819290491596,0.7,0.98
top_100__full_excl_covid,full_excl_covid,sparse_jl,50,1.0,24,0.7,50000,100,,0.0070053570000254695,0.000742949999960274,0.6140178800000058,0.08821867357121724,0.07651588143066773,0.20858640930531305,1.0388166596543884,50000,0.40168471720818294,0.2,0.45824308062575203,0.2,0.6426384320957902,0.5335438124221707,0.351937226313979,0.50937315694398,0.8333333333333334,0.8333333333333334,0.9580955382206413,0.9,0.98
top_100__full_excl_covid,full_excl_covid,sparse_jl,50,1.0,25,0.7,50000,100,,0.004037958999958846,0.0007672389999697771,0.6004160270000511,0.07239376969363372,0.06041425732860284,0.17916522379325964,0.9873676489181493,50000,0.38604091456077017,0.2,0.4589651022864019,0.2,0.6502823916361965,0.5059440349406211,0.28226593406650047,0.4794974535477727,0.9047619047619048,0.9047619047619048,0.9537961551844701,0.9,0.98
top_100__full_excl_covid,full_excl_covid,sparse_jl,50,1.0,26,0.7,50000,100,,0.005755778000036571,0.0007579199999554476,0.6135116410000023,0.0755933778797762,0.06351285936805012,0.18576371435362507,0.9705254105493899,50000,0.3795427196149218,0.2,0.4388688327316486,0.2,0.6820390692612196,0.39552653164493584,0.3828817700174961,0.48681579030788386,0.7619047619047619,0.7619047619047619,0.9532484701371439,0.8,0.98
top_100__full_excl_covid,full_excl_covid,sparse_jl,50,1.0,27,0.7,50000,100,,0.007359817000008206,0.0019944189999705486,0.6124930510000013,0.0713854727752931,0.05835840165578776,0.17979922605490023,1.0004867784722744,50000,0.4098676293622142,0.2,0.46702767749699153,0.2,0.718309171222391,0.40085142061789236,0.485646867562698,0.5349358198009938,0.7619047619047619,0.7619047619047619,0.9560542921477634,1.0,0.98
top_100__full_excl_covid,full_excl_covid,sparse_jl,50,1.0,28,0.7,50000,100,,0.005723228000022118,0.000529760000006263,0.5862669520000168,0.09605872520654377,0.08133671496605172,0.233342201933448,1.0345969412601153,50000,0.35138387484957884,0.2,0.42250300842358607,0.2,0.6238882458058764,0.5431535686489288,0.32306386957361155,0.49670189467613896,0.8095238095238095,0.8095238095238095,0.947671517784551,0.7,0.98
top_100__full_excl_covid,full_excl_covid,sparse_jl,50,1.0,29,0.7,50000,100,,0.006774757000016507,0.0008905400000003283,0.6623088489999986,0.07837720975672821,0.06557767532502545,0.19494041160688957,1.0034255862723442,50000,0.3812274368231047,0.2,0.43670276774969913,0.2,0.5643433523313014,0.36676893921511405,0.30547649955155703,0.41219626369932416,0.7142857142857143,0.7142857142857143,0.9564057674742289,0.7,0.98
top_100__full_excl_covid,full_excl_covid,sparse_jl,50,1.0,30,0.7,50000,100,,0.004973838000012165,0.0008712189999755537,0.6026314650000018,0.07120155322845961,0.05864949702316535,0.1806168398774619,0.987916061861761,50000,0.3930204572803851,0.2,0.44969915764139595,0.2,0.6651310050598899,0.5932680928053409,0.33441258021492576,0.5309372260267189,0.8571428571428571,0.8571428571428571,0.9586578611028395,0.7,0.98
top_100__full_excl_covid,full_excl_covid,sparse_jl,50,1.0,31,0.7,50000,100,,0.006734516999983953,0.000995150000051126,0.6615326300000106,0.06961637412612116,0.05763273621699033,0.17307213670435861,0.9827085145806495,50000,0.3956678700361011,0.2,0.45126353790613716,0.2,0.7555737888645383,0.6516644688580804,0.40839362038042937,0.6052106260343494,0.8095238095238095,0.8095238095238095,0.9613609255126587,0.9,0.98
top_100__full_excl_covid,full_excl_covid,sparse_jl,50,1.0,32,0.7,50000,100,,0.006128937000028145,0.0012988099999802216,0.6530133629999568,0.08566853571198832,0.073314862472734,0.20811907134077626,0.9705852263247515,50000,0.39638989169675093,0.2,0.45054151624548733,0.2,0.4621289092261689,0.35320428015093835,0.2647458622200715,0.3600263505323929,0.6904761904761905,0.6904761904761905,0.945031249686332,0.8,0.98
top_100__full_excl_covid,full_excl_covid,sparse_jl,50,1.0,33,0.7,50000,100,,0.00661075699997582,0.0008828690000086681,0.6723720960000037,0.07108413825057106,0.05891384310969866,0.17814175871254678,0.9904334246070631,50000,0.4055354993983153,0.2,0.46582430806257524,0.3,0.6859308430183384,0.2698607201738289,0.36175832795472845,0.43918329704896525,0.7857142857142857,0.7857142857142857,0.955926775694837,0.8,0.98
top_100__full_excl_covid,full_excl_covid,sparse_jl,50,1.0,34,0.7,50000,100,,0.006058656999982759,0.0016296100000090519,0.58566362199997,0.07384386661469175,0.06006523617484166,0.18920368099771742,0.9923766607117288,50000,0.3759326113116727,0.0,0.4371841155234657,0.2,0.6484495892322918,0.2616935866340455,0.41255953012228563,0.44090090199620763,0.8095238095238095,0.8095238095238095,0.9577313070666448,0.9,0.98
top_100__full_excl_covid,full_excl_covid,sparse_jl,50,1.0,35,0.7,50000,100,,0.005659868000009283,0.000867239999990943,0.579575573999989,0.06803449175092291,0.05706930490746026,0.16850931306029998,1.0126016914835314,50000,0.4332129963898917,0.2,0.4942238267148014,0.3,0.6542107132602784,0.2443909794931083,0.375545492373835,0.42471572837574056,0.8809523809523809,0.8809523809523809,0.966376349608375,0.9,0.98
top_100__full_excl_covid,full_excl_covid,sparse_jl,50,1.0,36,0.7,50000,100,,0.006629856999950334,0.0009478000000058273,0.6207150869999509,0.07670350762361987,0.06412066480882883,0.18979631196684194,0.9779896830404925,50000,0.37761732851985563,0.2,0.44079422382671474,0.2,0.666335115225839,0.5053459891133242,0.3754242104398639,0.515701771593009,0.7380952380952381,0.7380952380952381,0.9507031806760503,0.6,0.98
top_100__full_excl_covid,full_excl_covid,sparse_jl,50,1.0,37,0.7,50000,100,,0.006175956999982191,0.000679020000006858,0.6007938860000195,0.08774116697407736,0.0760796060921447,0.20793903575886763,0.9497927512925127,50000,0.3492178098676294,0.2,0.40577617328519855,0.2,0.6479730418238819,0.3419718700253181,0.29909455670875357,0.4296798228526512,0.7380952380952381,0.7380952380952381,0.954707694984325,0.8,0.98
top_100__full_excl_covid,full_excl_covid,sparse_jl,50,1.0,38,0.7,50000,100,,0.007359987000029378,0.0009012600000346538,0.5516198760000179,0.07834850165606888,0.06672086543117317,0.19175179056560543,1.0287632707948975,50000,0.3898916967509025,0.2,0.44777376654632967,0.2,0.5979774367470981,0.5696839791087648,0.28878437570555077,0.4854819305204712,0.8809523809523809,0.8809523809523809,0.962823537973053,0.9,0.98
top_100__full_excl_covid,full_excl_covid,sparse_jl,50,1.0,39,0.7,50000,100,,0.005899827000007463,0.0006288199999744393,0.6577441809999982,0.07793977743801654,0.06685095983789419,0.18883627508571366,0.9619870132617283,50000,0.39205776173285206,0.2,0.4432009626955476,0.2,0.6071042015741818,0.36768052349455227,0.3333608958341576,0.4360485403009639,0.7619047619047619,0.7619047619047619,0.9579218707654833,0.8,0.98
top_100__full_excl_covid,full_excl_covid,sparse_jl,50,1.0,40,0.7,50000,100,,0.005993336999949861,0.0005820999999741616,0.6042796739999972,0.07036957214975409,0.058631540034275786,0.17544156101891825,0.9835820332295719,50000,0.3703971119133574,0.2,0.4354993983152828,0.2,0.703271080194023,0.6267630488787689,0.43104845496226585,0.5870275280116859,0.8809523809523809,0.8809523809523809,0.9532940147147879,0.8,0.98
top_100__full_excl_covid,full_excl_covid,sparse_jl,50,1.0,41,0.7,50000,100,,0.006751136999980645,0.0013475599999992482,0.6562269529999867,0.07203016119967505,0.060631240497211636,0.17876350371457647,1.0235544432074806,50000,0.39638989169675093,0.2,0.46762936221419976,0.2,0.7606818256375357,0.5051980818786898,0.49676356939272587,0.5875478256363171,0.8333333333333334,0.8333333333333334,0.965627791644222,1.0,0.98
top_100__full_excl_covid,full_excl_covid,sparse_jl,50,1.0,42,0.7,50000,100,,0.006542056999990109,0.0007742189999930815,0.6203784779999637,0.07244423109627285,0.06026800034727464,0.18254979007194205,1.000796505986133,50000,0.37906137184115524,0.2,0.43441636582430804,0.2,0.7133609463511562,0.4068730322243145,0.37787286825348154,0.49936894894298406,0.8095238095238095,0.8095238095238095,0.9605374427451543,0.9,0.98
top_100__full_excl_covid,full_excl_covid,sparse_jl,50,1.0,43,0.7,50000,100,,0.006273797000005743,0.0008666499999776534,0.619661237999992,0.08491533699426375,0.07216237349065702,0.20723002316192984,0.9451500648337273,50000,0.3759326113116727,0.2,0.4395908543922984,0.2,0.6329889054778354,0.42570783123076394,0.2981481558967886,0.4522816308684627,0.7857142857142857,0.7857142857142857,0.9535804144096519,0.9,0.98
top_100__full_excl_covid,full_excl_covid,sparse_jl,50,1.0,44,0.7,50000,100,,0.00627047699998684,0.0005799989999673016,0.6601553910000462,0.07328190526378271,0.0608641228171396,0.18493533964696823,0.9920821974433321,50000,0.4151624548736462,0.2,0.4712394705174489,0.3,0.7079410975076093,0.362612138858547,0.3886912081258814,0.4864148148306793,0.8095238095238095,0.8095238095238095,0.9562824332598373,0.9,0.98
top_100__full_excl_covid,full_excl_covid,sparse_jl,50,1.0,45,0.7,50000,100,,0.006043747000035182,0.0006287599999836857,0.643060107999986,0.07551875399371896,0.06228842731273043,0.1899296930590126,0.9970098908209144,50000,0.37135980746089053,0.0,0.4348977135980746,0.2,0.6108836384438109,0.38952030107120666,0.43888452088115687,0.4797628201320581,0.8571428571428571,0.8571428571428571,0.9539193639317056,0.9,0.98
top_100__full_excl_covid,full_excl_covid,sparse_jl,50,1.0,46,0.7,50000,100,,0.006172977999995055,0.0006943399999954636,0.661421780000012,0.07944613048384029,0.0668336189913038,0.19595052641903846,0.9720560214821528,50000,0.3930204572803851,0.2,0.44993983152827915,0.2,0.5408354333324045,0.37859245756551607,0.3132372891216619,0.4108883933398608,0.7380952380952381,0.7380952380952381,0.9534502631464484,0.8,0.98
top_100__full_excl_covid,full_excl_covid,sparse_jl,50,1.0,47,0.7,50000,100,,0.01212766499997997,0.0010355900000149632,0.6608726499999875,0.07469913424238102,0.06331651341919814,0.18222491549171516,0.9757349100650264,50000,0.37930204572803855,0.2,0.43610108303249095,0.2,0.6840368180561313,0.4960602568689936,0.31079130236004676,0.49696279242839053,0.7857142857142857,0.7857142857142857,0.9592136178705378,0.9,0.98
top_100__full_excl_covid,full_excl_covid,sparse_jl,50,1.0,48,0.7,50000,100,,0.007139386999995168,0.002165219000005436,0.6436151679999966,0.08047449149897684,0.06825627218022473,0.19525734604186457,0.9559457455417614,50000,0.39566787003610115,0.2,0.45788206979542717,0.3,0.5875108836448175,0.2344273075215602,0.2865517117833273,0.36949663431656826,0.8095238095238095,0.8095238095238095,0.9552071797325374,0.7,0.98
top_100__full_excl_covid,full_excl_covid,sparse_jl,50,1.0,49,0.7,50000,100,,0.009911925999972482,0.0007095590000290031,0.6592222820000302,0.09739630158820492,0.08389681471746036,0.23358762102407907,0.9386764107111191,50000,0.35571600481347776,0.0,0.41227436823104696,0.2,0.3769485234207858,0.2314041170728451,0.2691724689185747,0.2925083698040685,0.7619047619047619,0.7619047619047619,0.93327468440828,0.7,0.98
top_100__full_excl_covid,full_excl_covid,sparse_jl,50,3.0,0,0.7,50000,300,,0.006842876999996861,0.0007603489999610247,0.6947924159999843,0.073725551031413,0.061821344196564265,0.18166865366182808,0.9904537910315176,50000,0.3925391095066186,0.2,0.4528279181708785,0.3,0.7147435082600704,0.5577059187880388,0.3406353615286946,0.5376949295256013,0.8571428571428571,0.8571428571428571,0.9592114431064998,1.0,0.94
top_100__full_excl_covid,full_excl_covid,sparse_jl,50,3.0,1,0.7,50000,300,,0.008608096000045862,0.0007748390000301697,0.653699644000028,0.07746516591255155,0.06529664155025394,0.1905645611170682,1.011348305048888,50000,0.39999999999999997,0.2,0.4454873646209387,0.2,0.7181798957570719,0.29152794247704666,0.3493429895111719,0.45301694258176345,0.8571428571428571,0.8571428571428571,0.9557794354312555,1.0,0.94
top_100__full_excl_covid,full_excl_covid,sparse_jl,50,3.0,2,0.7,50000,300,,0.00670960700000478,0.000946200000043973,0.6331189320000021,0.06960093349699463,0.05865311052558869,0.17167039197027262,1.0008463358160704,50000,0.4038507821901324,0.2,0.4606498194945848,0.2,0.6643489031708671,0.5944466217289981,0.3363218894145839,0.531705804771483,0.8095238095238095,0.8095238095238095,0.965049429877243,1.0,0.94
top_100__full_excl_covid,full_excl_covid,sparse_jl,50,3.0,3,0.7,50000,300,,0.005469446999995853,0.000660849999974289,0.6565402429999949,0.06673790173916105,0.055735465427037334,0.16543382071982632,0.9964039588161193,50000,0.41588447653429605,0.2,0.4649819494584837,0.3,0.7045711892659665,0.4560649327181935,0.39386010425841855,0.5181654087475261,0.8809523809523809,0.8809523809523809,0.9628330943881049,0.8,0.94
top_100__full_excl_covid,full_excl_covid,sparse_jl,50,3.0,4,0.7,50000,300,,0.007215346999998928,0.0006649900000184061,0.6433184979999851,0.079175850893274,0.06761661978720479,0.19127243099078242,0.9849200464336267,50000,0.38267148014440433,0.2,0.4353790613718412,0.2,0.5316483136387382,0.4391512197548062,0.3114952872729686,0.4274316068888377,0.7619047619047619,0.7619047619047619,0.951670030580528,0.8,0.94
top_100__full_excl_covid,full_excl_covid,sparse_jl,50,3.0,5,0.7,50000,300,,0.005368388000022151,0.000703199999975368,0.6538971329999868,0.07544946223207558,0.06397441709184709,0.18460255429834097,1.0038226524049387,50000,0.38772563176895314,0.2,0.44103489771359805,0.2,0.6661630920671318,0.4938218396713493,0.3129956451353838,0.4909935256246216,0.8095238095238095,0.8095238095238095,0.9573318614641849,0.8,0.94
top_100__full_excl_covid,full_excl_covid,sparse_jl,50,3.0,6,0.7,50000,300,,0.006165127999963715,0.0009756599999946047,0.6324340230000303,0.0790256737364623,0.06815439163607268,0.19115525577229364,0.9673454799639234,50000,0.3819494584837546,0.2,0.4354993983152828,0.2,0.5959989962826048,0.2659499192333729,0.2627483142495024,0.37489907658849336,0.7857142857142857,0.7857142857142857,0.9546307627064771,0.9,0.94
top_100__full_excl_covid,full_excl_covid,sparse_jl,50,3.0,7,0.7,50000,300,,0.005750847000001613,0.0006927489999952741,0.6348243519999528,0.06973746514821684,0.05847235710813975,0.17348523193029944,0.9971611663710761,50000,0.4091456077015644,0.2,0.46016847172081826,0.3,0.7474306564889874,0.27421921327308374,0.2948851483517613,0.43884500603794424,0.8333333333333334,0.8333333333333334,0.9646258527584373,0.8,0.94
top_100__full_excl_covid,full_excl_covid,sparse_jl,50,3.0,8,0.7,50000,300,,0.006336196999995991,0.0006972799999971357,0.6042869249999967,0.07734692452637731,0.0657920190142598,0.18761449495635077,1.024706936153424,50000,0.4033694344163658,0.2,0.4540312876052948,0.2,0.7678068522323631,0.3297231273537143,0.3301384414116931,0.47588947366592343,0.8333333333333334,0.8333333333333334,0.957835800296437,0.8,0.94
top_100__full_excl_covid,full_excl_covid,sparse_jl,50,3.0,9,0.7,50000,300,,0.006694206999952712,0.0007030900000017937,0.6657528279999951,0.07580301284429014,0.06419103227443274,0.1865051398695779,1.001695873296807,50000,0.4038507821901324,0.2,0.45499398315282785,0.2,0.6178718524858301,0.3525357934857351,0.3195652976600239,0.42999098121052964,0.7857142857142857,0.7857142857142857,0.9550261515375581,0.9,0.94
top_100__full_excl_covid,full_excl_covid,sparse_jl,50,3.0,10,0.7,50000,300,,0.005872156999998879,0.0007747900000367736,0.6289556140000059,0.07916008613814171,0.06733060377050326,0.19287594055346038,0.9982341585510566,50000,0.36847172081829127,0.2,0.4206979542719615,0.2,0.6727653557915978,0.4594530243109121,0.24862679667977688,0.4602817255940956,0.7619047619047619,0.7619047619047619,0.9587494312155591,0.8,0.94
top_100__full_excl_covid,full_excl_covid,sparse_jl,50,3.0,11,0.7,50000,300,,0.0059094169999980295,0.0006452500000477812,0.6626265600000352,0.08028032984953283,0.06844432287162194,0.19441197212718053,1.0255066621127027,50000,0.4113116726835139,0.2,0.4693140794223827,0.3,0.6996915023686449,0.3129666660418831,0.3932676184956038,0.46864192896871065,0.8809523809523809,0.8809523809523809,0.9580290615391305,1.0,0.94
top_100__full_excl_covid,full_excl_covid,sparse_jl,50,3.0,12,0.7,50000,300,,0.006193907000010768,0.001023638999981813,0.6542677839999556,0.07638281626988253,0.06451824281781743,0.18740553380099345,1.0069790395972826,50000,0.3930204572803851,0.2,0.4446450060168472,0.2,0.6719311609378478,0.4030530726472603,0.3381848606853976,0.47105636475683527,0.8333333333333334,0.8333333333333334,0.9545856363526863,1.0,0.94
top_100__full_excl_covid,full_excl_covid,sparse_jl,50,3.0,13,0.7,50000,300,,0.00738656600003651,0.0010084990000223115,0.6604855109999903,0.08446067478236129,0.07375368124699799,0.19897619411923484,0.9571174033174018,50000,0.3848375451263539,0.2,0.43405535499398323,0.2,0.6850603647045143,0.31451573361598406,0.2836882771386566,0.42775479181971826,0.6666666666666666,0.6666666666666666,0.9507776036107773,0.7,0.94
top_100__full_excl_covid,full_excl_covid,sparse_jl,50,3.0,14,0.7,50000,300,,0.015748313000017333,0.001938558999995621,0.6585902719999694,0.07622482266218546,0.06459940023053712,0.18675511595607666,1.0026950855928618,50000,0.3903730445246691,0.2,0.44103489771359805,0.2,0.647530666071117,0.4891378204842846,0.3158920450337611,0.48418684386305416,0.7857142857142857,0.7857142857142857,0.959495835326867,0.7,0.94
top_100__full_excl_covid,full_excl_covid,sparse_jl,50,3.0,15,0.7,50000,300,,0.005702837000001182,0.0013388890000101128,0.6006249150000258,0.07427323363307306,0.06318404284674328,0.18179798445186912,1.0179449474184235,50000,0.4125150421179302,0.2,0.4600481347773766,0.3,0.7548420621163527,0.48743068990114335,0.31609446966679833,0.5194557405614315,0.8571428571428571,0.8571428571428571,0.9588188772864297,0.9,0.94
top_100__full_excl_covid,full_excl_covid,sparse_jl,50,3.0,16,0.7,50000,300,,0.0057880370000020775,0.003566248999959498,0.5972786269999801,0.07233431917458392,0.060631756170977824,0.17963450413826593,0.989516978033777,50000,0.3889290012033695,0.2,0.4608904933814681,0.3,0.6824007496549457,0.54821840854744,0.2773985478455141,0.5026725686826333,0.8333333333333334,0.8333333333333334,0.9605672202835223,0.9,0.94
top_100__full_excl_covid,full_excl_covid,sparse_jl,50,3.0,17,0.7,50000,300,,0.005917848000024151,0.0005914399999937814,0.6215641269999992,0.07480198325689762,0.06309604697987792,0.18388640208206386,1.0027178491776352,50000,0.393742478941035,0.2,0.4525872442839952,0.2,0.6890507783240011,0.3116673080738172,0.30064238041142116,0.43378682226974646,0.8809523809523809,0.8809523809523809,0.9605852248204146,0.8,0.94
top_100__full_excl_covid,full_excl_covid,sparse_jl,50,3.0,18,0.7,50000,300,,0.006349768000006861,0.0012051089999545184,0.6421424790000287,0.07671663233806802,0.0654488632117719,0.18635940236509357,0.9895429120426023,50000,0.38676293622141994,0.2,0.44536702767749703,0.2,0.6800734748279433,0.38079039962557387,0.3680592237580241,0.4763076994038471,0.8095238095238095,0.8095238095238095,0.9517553482466382,0.7,0.94
top_100__full_excl_covid,full_excl_covid,sparse_jl,50,3.0,19,0.7,50000,300,,0.0052129780000313986,0.0007175689999598944,0.5722650569999814,0.08358488588592157,0.07377618866425117,0.19376754207358673,0.9559494713297957,50000,0.3927797833935018,0.2,0.4511432009626955,0.2,0.6828783895190417,0.2696675208999601,0.3202484725037796,0.42426479430759373,0.7380952380952381,0.7380952380952381,0.9531904206662807,0.7,0.94
top_100__full_excl_covid,full_excl_covid,sparse_jl,50,3.0,20,0.7,50000,300,,0.005012887000020783,0.0010662200000410849,0.577047145999984,0.07006391625353013,0.05786655922805084,0.17696449609134718,1.0188827278301287,50000,0.40649819494584843,0.2,0.47087845968712394,0.3,0.6667618453343868,0.527305997551994,0.3972986612184475,0.530455501368276,0.8333333333333334,0.8333333333333334,0.9659983588895987,0.9,0.94
top_100__full_excl_covid,full_excl_covid,sparse_jl,50,3.0,21,0.7,50000,300,,0.005734576999998353,0.0008496190000073511,0.613707240999986,0.07200562623821247,0.060905423542250536,0.17646776707697787,0.9805685299737172,50000,0.4052948255114321,0.2,0.449338146811071,0.2,0.7429230770249248,0.38852789635251095,0.28314527686180546,0.47153208341308034,0.7857142857142857,0.7857142857142857,0.9593170864518891,0.9,0.94
top_100__full_excl_covid,full_excl_covid,sparse_jl,50,3.0,22,0.7,50000,300,,0.006011607000004915,0.0005888800000093397,0.5692248089999907,0.07720034748003275,0.06534713433195288,0.189036228003829,0.986771871218576,50000,0.37545126353790614,0.2,0.44055354993983153,0.2,0.7083137039662822,0.4259957038887543,0.2712567610602232,0.46852205630508653,0.8333333333333334,0.8333333333333334,0.9531061485598042,0.8,0.94
top_100__full_excl_covid,full_excl_covid,sparse_jl,50,3.0,23,0.7,50000,300,,0.006060547000004135,0.0007411789999878238,0.6011204559999896,0.0795927401283736,0.06846502951081035,0.19023257984887262,0.969104491200505,50000,0.3858002406738869,0.2,0.438748495788207,0.2,0.5823867068067322,0.33763608248684857,0.28273839055219585,0.4009203932819256,0.7380952380952381,0.7380952380952381,0.9533152604865448,0.7,0.94
top_100__full_excl_covid,full_excl_covid,sparse_jl,50,3.0,24,0.7,50000,300,,0.006481366999992133,0.0007466700000122728,0.5685137299999496,0.087114288538372,0.0757126578652243,0.205904212973554,1.0405453878582118,50000,0.40000000000000013,0.2,0.45824308062575203,0.3,0.7428466137198126,0.48793181116383055,0.33667538436270933,0.5224846030821175,0.8333333333333334,0.8333333333333334,0.9593497288236533,0.7,0.94
top_100__full_excl_covid,full_excl_covid,sparse_jl,50,3.0,25,0.7,50000,300,,0.012715713999966738,0.0007076900000129172,0.5828904839999609,0.07381924395319359,0.06237488786483564,0.18302779489433443,1.0228002271025989,50000,0.41949458483754515,0.2,0.4740072202166065,0.3,0.746687545406522,0.47286455600492455,0.3077784507698032,0.5091101840604165,0.8809523809523809,0.8809523809523809,0.9612286622189953,0.8,0.94
top_100__full_excl_covid,full_excl_covid,sparse_jl,50,3.0,26,0.7,50000,300,,0.006248056999993423,0.0007815600000071754,0.6001043360000153,0.08893390741610277,0.07464112575534937,0.21893602833457806,1.045518919778415,50000,0.4219013237063779,0.2,0.4690734055354994,0.3,0.6625754979710325,0.61393671873776,0.39906547451996327,0.558525897076252,0.8333333333333334,0.8333333333333334,0.9611627083173013,0.8,0.94
top_100__full_excl_covid,full_excl_covid,sparse_jl,50,3.0,27,0.7,50000,300,,0.006444497000018146,0.0006340600000385166,0.6383915499999944,0.07189718759370617,0.05996475418309155,0.1805425124122948,0.993496476423436,50000,0.38772563176895314,0.2,0.44103489771359805,0.2,0.7612000157905646,0.3496528332641383,0.3127524876181919,0.4745351122242983,0.8571428571428571,0.8571428571428571,0.9617139273561893,0.9,0.94
top_100__full_excl_covid,full_excl_covid,sparse_jl,50,3.0,28,0.7,50000,300,,0.006616317000009531,0.0009819100000072467,0.6118310210000004,0.07396361337058885,0.06165665889117661,0.18430409020153585,0.9880144623150086,50000,0.38411552346570405,0.2,0.44247894103489777,0.2,0.6316091237993694,0.25776087134776793,0.2635211014495022,0.38429703219887984,0.8809523809523809,0.8809523809523809,0.9580297516084888,0.8,0.94
top_100__full_excl_covid,full_excl_covid,sparse_jl,50,3.0,29,0.7,50000,300,,0.01064577600004668,0.0008716889999504929,0.6598818410000149,0.07534059098659518,0.06303287849542094,0.18644463237635606,0.9898929687325415,50000,0.39614921780986767,0.2,0.44669073405535503,0.2,0.45767993051000266,0.4483245171307058,0.300275918934193,0.40209345552496717,0.8095238095238095,0.8095238095238095,0.9549659273026567,0.8,0.94
top_100__full_excl_covid,full_excl_covid,sparse_jl,50,3.0,30,0.7,50000,300,,0.006180448000009164,0.000869969999996556,0.6579367820000357,0.08212723528375931,0.06989541810239136,0.1985335797770921,1.034629572572038,50000,0.4019253910950662,0.2,0.45788206979542717,0.3,0.775943572024711,0.325499796123626,0.334588924224214,0.4786774307908503,0.8809523809523809,0.8809523809523809,0.9609295903413709,0.7,0.94
top_100__full_excl_covid,full_excl_covid,sparse_jl,50,3.0,31,0.7,50000,300,,0.007382786999983182,0.0010841090000326403,0.6739703150000196,0.07777839615808901,0.06601120804676863,0.1895166565394909,0.9869809768626769,50000,0.39061371841155235,0.2,0.44332129963898914,0.2,0.6759268584775976,0.31602612770703303,0.28221075968034015,0.42472124862165694,0.7619047619047619,0.7619047619047619,0.952543198341826,0.7,0.94
top_100__full_excl_covid,full_excl_covid,sparse_jl,50,3.0,32,0.7,50000,300,,0.007558126999981596,0.0008123300000306699,0.6385063799999671,0.08438226015334827,0.07371495695549468,0.1987993232574711,1.0375692329351918,50000,0.41588447653429605,0.2,0.4706377858002407,0.3,0.8130362617616634,0.397125305871739,0.36505775705620086,0.5250731082298677,0.8571428571428571,0.8571428571428571,0.9617952718956916,0.8,0.94
top_100__full_excl_covid,full_excl_covid,sparse_jl,50,3.0,33,0.7,50000,300,,0.005525326999986646,0.0006606100000112747,0.6617867799999999,0.07803574332275977,0.06749726992992966,0.18580029546227958,1.0084298556199467,50000,0.3985559566787004,0.2,0.4507821901323706,0.3,0.6923514714320899,0.3296481790712988,0.405487097461142,0.47582891598817684,0.8571428571428571,0.8571428571428571,0.962054173372189,0.9,0.94
top_100__full_excl_covid,full_excl_covid,sparse_jl,50,3.0,34,0.7,50000,300,,0.0076164569999832565,0.0006038100000296254,0.6763267640000095,0.07243725417060022,0.06064275742559483,0.18080289994268764,0.9945367474271691,50000,0.4043321299638989,0.2,0.466546329723225,0.3,0.7238279641203998,0.35881142678186706,0.33566146339356984,0.4727669514319455,0.7857142857142857,0.7857142857142857,0.9589924401856244,0.9,0.94
top_100__full_excl_covid,full_excl_covid,sparse_jl,50,3.0,35,0.7,50000,300,,0.014139784000008149,0.0007504390000008243,0.6543835439999839,0.0741720475580034,0.06263726223744392,0.1822577859390024,0.9990226984194742,50000,0.3848375451263539,0.2,0.4391095066185319,0.2,0.679062767656944,0.5202810835488225,0.28692425376770375,0.4954227016578234,0.8571428571428571,0.8571428571428571,0.9569165233552928,0.8,0.94
top_100__full_excl_covid,full_excl_covid,sparse_jl,50,3.0,36,0.7,50000,300,,0.005232157000023108,0.0007672900000557092,0.6278293439999629,0.07016659983684327,0.05922452723264987,0.17298064640737812,1.0092311070680124,50000,0.41588447653429605,0.2,0.4690734055354994,0.3,0.6340213742068982,0.5723108206126464,0.42980834495557513,0.54538017992504,0.7857142857142857,0.7857142857142857,0.9656566072677267,0.8,0.94
top_100__full_excl_covid,full_excl_covid,sparse_jl,50,3.0,37,0.7,50000,300,,0.005786317999991297,0.0007809190000216404,0.6248359460000188,0.07358082055908129,0.06209088846442179,0.1802923484351725,1.0082018203199357,50000,0.387725631768953,0.2,0.4506618531889291,0.2,0.6560445700241893,0.5012625089459014,0.37867303384954215,0.5119933709398776,0.7857142857142857,0.7857142857142857,0.959309265665829,0.9,0.94
top_100__full_excl_covid,full_excl_covid,sparse_jl,50,3.0,38,0.7,50000,300,,0.0060661069999810024,0.0005737700000167933,0.6756991539999717,0.08209480974811818,0.07023164556901612,0.1981484069416202,1.031612743598622,50000,0.41299638989169674,0.2,0.46486161251504204,0.3,0.7538132829386582,0.3238474271305825,0.23866649532641954,0.4387757351318868,0.8809523809523809,0.8809523809523809,0.9618919861618092,0.7,0.94
top_100__full_excl_covid,full_excl_covid,sparse_jl,50,3.0,39,0.7,50000,300,,0.006226546999982929,0.0007644500000196786,0.6677222569999799,0.07172671102924112,0.059139011426948995,0.1821341546339876,0.985560895689401,50000,0.39326113116726835,0.2,0.45764139590854386,0.3,0.7166601863071472,0.3062349814480539,0.3601431297803462,0.4610127658451824,0.8809523809523809,0.8809523809523809,0.9576678206856863,0.9,0.94
top_100__full_excl_covid,full_excl_covid,sparse_jl,50,3.0,40,0.7,50000,300,,0.00442499799999041,0.0007897490000345897,0.6533339340000452,0.07528804004438029,0.06371414311745127,0.18413569807983393,0.969050019060273,50000,0.3889290012033695,0.2,0.441395908543923,0.2,0.6344546157894588,0.32244371333684624,0.32099864160386166,0.4259656569100556,0.7857142857142857,0.7857142857142857,0.9570315767373855,0.8,0.94
top_100__full_excl_covid,full_excl_covid,sparse_jl,50,3.0,41,0.7,50000,300,,0.005729737000024215,0.0006550699999934295,0.6537004730000149,0.07291629830841527,0.06116971627792622,0.18090550022431318,0.995151640415887,50000,0.3971119133574007,0.2,0.45306859205776173,0.3,0.6593692878009894,0.31767299303374685,0.28073353774097587,0.4192586061919041,0.8333333333333334,0.8333333333333334,0.9565660099436903,0.7,0.94
top_100__full_excl_covid,full_excl_covid,sparse_jl,50,3.0,42,0.7,50000,300,,0.005832848000011381,0.0005815700000084689,0.6893247780000138,0.06962920845005821,0.058795414351713704,0.17128696926549122,1.0037722360021015,50000,0.40818291215403135,0.2,0.4518652226233454,0.3,0.7406784546831348,0.4390253717256845,0.42336704911494866,0.5343569585079226,0.8095238095238095,0.8095238095238095,0.9622746400765516,0.6,0.94
top_100__full_excl_covid,full_excl_covid,sparse_jl,50,3.0,43,0.7,50000,300,,0.004054018999966047,0.000999769000031847,0.6397381989999644,0.07173449054708309,0.06121679601470664,0.1744666366886986,1.013807896271686,50000,0.410589651022864,0.2,0.466546329723225,0.3,0.6981163547979993,0.4732864818536582,0.44062151416184026,0.5373414502711659,0.8095238095238095,0.8095238095238095,0.9624944794451339,0.9,0.94
top_100__full_excl_covid,full_excl_covid,sparse_jl,50,3.0,44,0.7,50000,300,,0.007373556000004555,0.0020313899999564455,0.7742690520000224,0.06780301086105289,0.05712650419433679,0.16768287096570783,0.997623601603961,50000,0.41540312876052954,0.2,0.47208182912154034,0.3,0.7592102592040857,0.29705476517106044,0.3400589988499187,0.4654413410750216,0.8095238095238095,0.8095238095238095,0.9647390659555745,0.9,0.94
top_100__full_excl_covid,full_excl_covid,sparse_jl,50,3.0,45,0.7,50000,300,,0.005027466999990793,0.0007540089999906741,0.683536451000009,0.07791679908361666,0.06615698451621432,0.19050077798811224,1.0122908680608407,50000,0.3771359807460891,0.2,0.4368231046931408,0.2,0.6816799135826515,0.5361734076116594,0.3936435100320997,0.5371656104088035,0.8809523809523809,0.8809523809523809,0.950696990963019,0.8,0.94
top_100__full_excl_covid,full_excl_covid,sparse_jl,50,3.0,46,0.7,50000,300,,0.006349097000054371,0.0008106899999802408,0.6777485339999885,0.08019241523180637,0.06828216755492028,0.1957846519636987,0.9954595134865798,50000,0.3812274368231048,0.2,0.43670276774969913,0.2,0.5796845530962822,0.3842922862980821,0.30421199202338595,0.42272961047258345,0.7857142857142857,0.7857142857142857,0.948044719840205,1.0,0.94
top_100__full_excl_covid,full_excl_covid,sparse_jl,50,3.0,47,0.7,50000,300,,0.006543517000011434,0.0005727899999783403,0.6535234840000044,0.081439098896805,0.06864555799335298,0.20042495126746962,1.0331984806109458,50000,0.40048134777376654,0.2,0.4564380264741275,0.3,0.737704480811059,0.5288645734615665,0.34689689199304097,0.5378219820885555,0.7857142857142857,0.7857142857142857,0.9600200161936275,0.7,0.94
top_100__full_excl_covid,full_excl_covid,sparse_jl,50,3.0,48,0.7,50000,300,,0.00636139800002411,0.0007092989999932797,0.6525132230000281,0.08225514140612006,0.07033789597374257,0.20000691283216193,0.9897940773999493,50000,0.37208182912154036,0.2,0.4303249097472924,0.2,0.4623758102594177,0.43606868415068284,0.350381467618003,0.4162753206760345,0.7619047619047619,0.7619047619047619,0.9530559826085792,0.8,0.94
top_100__full_excl_covid,full_excl_covid,sparse_jl,50,3.0,49,0.7,50000,300,,0.008305747000008523,0.0014575989999912053,0.6901949980000381,0.07236830036749572,0.06135632915641964,0.17763552747226677,1.0011879908490806,50000,0.38820697954271965,0.2,0.445006016847172,0.2,0.5635281256151582,0.3047917601548954,0.33001794481177105,0.39944594352727486,0.7380952380952381,0.7380952380952381,0.9603349805776841,0.8,0.94
top_100__full_excl_covid,full_excl_covid,sparse_jl,50,5.0,0,0.7,50000,500,,0.0055498880000186546,0.001986819000023843,0.6287949640000079,0.06900814506000172,0.058050555306443985,0.1717681853303221,0.9995027218225323,50000,0.40697954271961495,0.2,0.4635379061371841,0.3,0.7508043960550626,0.225418773784041,0.34745721465159984,0.4412267948302344,0.9047619047619048,0.9047619047619048,0.9652138964076243,0.8,0.9
top_100__full_excl_covid,full_excl_covid,sparse_jl,50,5.0,1,0.7,50000,500,,0.0059031669999853875,0.0008233300000028976,0.7495048930000507,0.0789144818477944,0.0682025665640082,0.18934485663163872,0.965334201007589,50000,0.3843561973525873,0.2,0.44548736462093863,0.2,0.7126453186920516,0.4223042832720874,0.40837175229309003,0.5144404514190763,0.7857142857142857,0.7857142857142857,0.9539900019405585,0.8,0.9
top_100__full_excl_covid,full_excl_covid,sparse_jl,50,5.0,2,0.7,50000,500,,0.004997366999987207,0.0009077299999944444,0.7684891450000464,0.06892313142691536,0.0579717086295618,0.17088603578785827,0.9960724431053865,50000,0.4206979542719615,0.2,0.474849578820698,0.3,0.7067849080907721,0.47753979179196554,0.326059116168671,0.5034612720171362,0.9047619047619048,0.9047619047619048,0.9624771649775997,0.8,0.9
top_100__full_excl_covid,full_excl_covid,sparse_jl,50,5.0,3,0.7,50000,500,,0.006197656999972878,0.0007257190000018454,0.6530326939999895,0.07615850821025924,0.06422047140077203,0.18789397480197012,0.9871878334586572,50000,0.3711191335740073,0.2,0.4339350180505415,0.3,0.6347703494791636,0.3635936576664477,0.3133794589737907,0.43724782203980067,0.7857142857142857,0.7857142857142857,0.9564578363439873,0.7,0.9
top_100__full_excl_covid,full_excl_covid,sparse_jl,50,5.0,4,0.7,50000,500,,0.006054968000000827,0.0009190490000037244,0.755035921000001,0.07972375008024044,0.0692862861542492,0.18896827945466685,0.9809937749036154,50000,0.3898916967509025,0.2,0.44620938628158846,0.2,0.5828695993349748,0.3038460985808077,0.2889963397803495,0.3919040125653774,0.7857142857142857,0.7857142857142857,0.9514538088482783,0.8,0.9
top_100__full_excl_covid,full_excl_covid,sparse_jl,50,5.0,5,0.7,50000,500,,0.006771767000032014,0.000828749000049811,0.6902760179999632,0.07253500716043053,0.06101915447877332,0.17894208161172243,0.9968095809445779,50000,0.3973525872442841,0.2,0.4590854392298436,0.3,0.6843874302172477,0.27474867232250055,0.2939449729156981,0.4176936918184821,0.8095238095238095,0.8095238095238095,0.9596100313500598,0.8,0.9
top_100__full_excl_covid,full_excl_covid,sparse_jl,50,5.0,6,0.7,50000,500,,0.003785907999997562,0.0006269699999847944,0.668130916999985,0.07145081041975224,0.06077729398564835,0.17348261217722022,0.9851734335939103,50000,0.40697954271961495,0.2,0.455956678700361,0.3,0.7120059003764297,0.34305556103733803,0.32108908695061084,0.4587168494547929,0.7857142857142857,0.7857142857142857,0.960033462090517,0.9,0.9
top_100__full_excl_covid,full_excl_covid,sparse_jl,50,5.0,7,0.7,50000,500,,0.005144698000037806,0.0014512790000367204,0.6788641630000143,0.0761198831901685,0.06494614749880367,0.18520278148386074,0.9825388802660138,50000,0.37424789410348985,0.2,0.44356197352587245,0.2,0.5218427660716419,0.48633247812078734,0.32350328371460996,0.4438928426356797,0.8095238095238095,0.8095238095238095,0.9556461056667659,0.8,0.9
top_100__full_excl_covid,full_excl_covid,sparse_jl,50,5.0,8,0.7,50000,500,,0.0046862080000096284,0.0006348800000068877,0.7941970239999705,0.08510533000032011,0.07416449418777193,0.202677675395449,0.953293194989156,50000,0.38892900120336943,0.2,0.44175691937424794,0.2,0.546257255303727,0.43035974920830256,0.37769464219210463,0.4514372155680448,0.7380952380952381,0.7380952380952381,0.9467085782731034,0.9,0.9
top_100__full_excl_covid,full_excl_covid,sparse_jl,50,5.0,9,0.7,50000,500,,0.0061769470000285764,0.001014919999988706,0.7109712689999697,0.08606107162660355,0.07549124293277204,0.20220133468134197,0.9523985254904684,50000,0.3687123947051745,0.2,0.4232250300842358,0.2,0.6483552577131194,0.32020781754488203,0.319656915030889,0.42940666342963013,0.7857142857142857,0.7857142857142857,0.9516681694843802,0.8,0.9
top_100__full_excl_covid,full_excl_covid,sparse_jl,50,5.0,10,0.7,50000,500,,0.007599196999990454,0.0007437300000106006,0.7068206100000225,0.0811505393706341,0.07062749572390992,0.19055270281578368,1.0369147340908622,50000,0.40457280385078226,0.2,0.47087845968712394,0.3,0.7849746266007622,0.5011429806332153,0.4186509821987002,0.5682561964775592,0.8809523809523809,0.8809523809523809,0.9624434979573946,0.9,0.9
top_100__full_excl_covid,full_excl_covid,sparse_jl,50,5.0,11,0.7,50000,500,,0.00784196699999029,0.0008427490000144644,0.6950115850000316,0.08468428615149158,0.07198322263487722,0.20557536593581324,1.0271374214215212,50000,0.38700361010830325,0.2,0.44885679903730447,0.2,0.6734622499715083,0.4889200698753707,0.3333810393199993,0.4985877863889594,0.8095238095238095,0.8095238095238095,0.9563936389824779,0.8,0.9
top_100__full_excl_covid,full_excl_covid,sparse_jl,50,5.0,12,0.7,50000,500,,0.0057859180000150445,0.0006045200000244222,0.7673783749999643,0.08198701694165235,0.0715273483798558,0.19472853183704814,1.0283297869686543,50000,0.4045728038507822,0.2,0.4620938628158845,0.3,0.697332349313768,0.6312914212409761,0.4030764619450312,0.5772334108332585,0.8333333333333334,0.8333333333333334,0.961699268610125,0.7,0.9
top_100__full_excl_covid,full_excl_covid,sparse_jl,50,5.0,13,0.7,50000,500,,0.012091125000040392,0.0005757700000117438,0.7493528829999718,0.07147951672192147,0.0599569253757401,0.17615698592984036,0.9824810422508279,50000,0.4021660649819495,0.2,0.469193742478941,0.3,0.6113075711022198,0.58923631572646,0.33457207738930234,0.511705321405994,0.8095238095238095,0.8095238095238095,0.9610459402174095,0.8,0.9
top_100__full_excl_covid,full_excl_covid,sparse_jl,50,5.0,14,0.7,50000,500,,0.01056247600001825,0.0012864290000038636,0.6786399430000074,0.09470125207594236,0.08197859203563956,0.2261284067029761,1.0533383371053253,50000,0.4146811070998797,0.2,0.46558363417569193,0.3,0.734016370015096,0.4785603431980189,0.3790631796657851,0.5305466309596333,0.8571428571428571,0.8571428571428571,0.9583706458714613,0.6,0.9
top_100__full_excl_covid,full_excl_covid,sparse_jl,50,5.0,15,0.7,50000,500,,0.010163216000023567,0.0008649499999933141,0.7154998870000213,0.07939570282946844,0.06717093833030974,0.1963404669874859,1.0292326584379208,50000,0.4060168471720818,0.2,0.47496991576413955,0.3,0.7505155443780117,0.41085094075923256,0.3803217362431292,0.5138960737934578,0.8571428571428571,0.8571428571428571,0.958934913494578,0.7,0.9
top_100__full_excl_covid,full_excl_covid,sparse_jl,50,5.0,16,0.7,50000,500,,0.006012927000028867,0.001615230000027168,0.7060680609999963,0.07578598813846599,0.06494512036274575,0.18158831420135865,0.9701204399090844,50000,0.38267148014440433,0.2,0.4462093862815884,0.2,0.6616240074679771,0.24147556867596195,0.3378165046338047,0.41363869359258126,0.8333333333333334,0.8333333333333334,0.9577357611506843,0.9,0.9
top_100__full_excl_covid,full_excl_covid,sparse_jl,50,5.0,17,0.7,50000,500,,0.0038004379999847515,0.0009385300000417374,0.727182981999988,0.09237207841474243,0.0794976591437484,0.22246521493295285,1.042387423554454,50000,0.393742478941035,0.2,0.4438026474127557,0.2,0.7000594399440909,0.48195030839059994,0.3507448146119337,0.5109181876488749,0.8571428571428571,0.8571428571428571,0.9567319611687516,0.7,0.9
top_100__full_excl_covid,full_excl_covid,sparse_jl,50,5.0,18,0.7,50000,500,,0.0076342870000303265,0.0007792600000016137,0.6975376549999623,0.08718501259189722,0.07387413426714429,0.2128814804815043,1.0344834094895254,50000,0.4079422382671481,0.2,0.4671480144404332,0.3,0.7944249425896031,0.38747997326017297,0.37136360133923557,0.5177561723963372,0.8095238095238095,0.8095238095238095,0.959194881441902,0.8,0.9
top_100__full_excl_covid,full_excl_covid,sparse_jl,50,5.0,19,0.7,50000,500,,0.005832768000004762,0.0010491299999557668,0.6933364360000382,0.08299471110320374,0.07120459978826299,0.20054071719351976,0.9699889534423087,50000,0.363898916967509,0.2,0.4208182912154032,0.2,0.6962599895131475,0.3240881611248163,0.2842488101334025,0.43486565359045537,0.8333333333333334,0.8333333333333334,0.9503314005814983,0.7,0.9
top_100__full_excl_covid,full_excl_covid,sparse_jl,50,5.0,20,0.7,50000,500,,0.008785056000021996,0.0008421690000091075,0.6221056269999963,0.07411517657213129,0.06329179761600934,0.1794034218651917,1.0037841670244214,50000,0.4072202166064982,0.2,0.46630565583634176,0.3,0.7541180822223914,0.5643072920138624,0.33130018686034524,0.5499085203655331,0.8333333333333334,0.8333333333333334,0.962461753428599,0.9,0.9
top_100__full_excl_covid,full_excl_covid,sparse_jl,50,5.0,21,0.7,50000,500,,0.005652507999968748,0.0005669789999842578,0.6065516440000351,0.07427633589346239,0.06299336088755014,0.18164645994599946,1.0047680310973923,50000,0.4091456077015644,0.2,0.4518652226233454,0.2,0.759504978005452,0.4744467484191526,0.3056886534588477,0.5132134599611508,0.7857142857142857,0.7857142857142857,0.9579833496719451,0.9,0.9
top_100__full_excl_covid,full_excl_covid,sparse_jl,50,5.0,22,0.7,50000,500,,0.0059072969999647285,0.000691589999973985,0.6170887490000041,0.07291199198830724,0.06207446931746241,0.17769857839891232,1.01196857563818,50000,0.41155234657039713,0.2,0.46847172081829125,0.3,0.5536196280698318,0.44440511247381376,0.32836373792000995,0.4421294928212185,0.8333333333333334,0.8333333333333334,0.9626904382316824,1.0,0.9
top_100__full_excl_covid,full_excl_covid,sparse_jl,50,5.0,23,0.7,50000,500,,0.006284606999997777,0.0009775199999921824,0.6208032170000024,0.07139976474997259,0.06024090292943385,0.1754813594547975,1.020417532769917,50000,0.41829121540312875,0.2,0.468231046931408,0.3,0.7481153602631365,0.5379104656006514,0.4281419920009908,0.5713892726215929,0.8809523809523809,0.8809523809523809,0.9638662745957448,0.8,0.9
top_100__full_excl_covid,full_excl_covid,sparse_jl,50,5.0,24,0.7,50000,500,,0.005596217000004344,0.0005630899999573558,0.6699763070000131,0.0756516330195536,0.06408624605054192,0.18467385570914485,0.9807350775395557,50000,0.39181708784596875,0.2,0.4450060168471721,0.2,0.661022787680322,0.36868386156980626,0.34523225509814154,0.45831296811608996,0.7857142857142857,0.7857142857142857,0.9548399582779883,0.9,0.9
top_100__full_excl_covid,full_excl_covid,sparse_jl,50,5.0,25,0.7,50000,500,,0.0059042879999537945,0.0005689500000016778,0.5704870989999904,0.07967873700565864,0.06741917201256709,0.1955839163569132,1.0217076181751583,50000,0.3944645006016848,0.2,0.45463297232250294,0.2,0.6611429356312867,0.5357834346795626,0.3711733227215279,0.5226998976774591,0.8571428571428571,0.8571428571428571,0.957096338701097,0.7,0.9
top_100__full_excl_covid,full_excl_covid,sparse_jl,50,5.0,26,0.7,50000,500,,0.0059351470000024165,0.0007897500000240143,0.65271947399998,0.07554876212233627,0.06426305265648669,0.18368278441109218,1.029779096264632,50000,0.4373044524669073,0.2,0.4856799037304453,0.3,0.6812981511133891,0.5795390838771622,0.40554827060965287,0.5554618352000681,0.8333333333333334,0.8333333333333334,0.9636078540766787,0.9,0.9
top_100__full_excl_covid,full_excl_covid,sparse_jl,50,5.0,27,0.7,50000,500,,0.006435057000032884,0.0007028800000057345,0.6683590069999923,0.0748041636258496,0.0638420812201751,0.18184946503223942,0.9830830552539984,50000,0.39807460890493385,0.2,0.4482551143200963,0.2,0.5776454744575924,0.25017949200019174,0.27032175434159395,0.36604890693312603,0.8809523809523809,0.8809523809523809,0.9566955547823061,0.8,0.9
top_100__full_excl_covid,full_excl_covid,sparse_jl,50,5.0,28,0.7,50000,500,,0.0073143470000331945,0.0009248700000057397,0.6246635960000049,0.0724185763275771,0.060864400147917774,0.17948417431177413,0.991920885195235,50000,0.3773766546329724,0.2,0.4401925391095066,0.2,0.7586475638959316,0.4654958082414441,0.28374056610918336,0.5026279794155197,0.8809523809523809,0.8809523809523809,0.9614016186936023,0.9,0.9
top_100__full_excl_covid,full_excl_covid,sparse_jl,50,5.0,29,0.7,50000,500,,0.0053072979999910785,0.0006339690000345399,0.7257309529999816,0.07391161217338342,0.06246196587729502,0.18094860131666024,1.0001382415243616,50000,0.39446450060168475,0.2,0.43826714801444044,0.2,0.6823465180522976,0.5507649000866516,0.3727964746232015,0.535302630920717,0.8809523809523809,0.8809523809523809,0.9570657247150223,0.7,0.9
top_100__full_excl_covid,full_excl_covid,sparse_jl,50,5.0,30,0.7,50000,500,,0.00633304699999826,0.001380820000008498,0.650102124,0.07081950853938253,0.05954036975714766,0.17575606073276978,0.9855238058440983,50000,0.39205776173285195,0.2,0.4444043321299639,0.2,0.6992050517907168,0.23206926616776044,0.37697134848737746,0.4360818888152849,0.8571428571428571,0.8571428571428571,0.9602785830910423,0.8,0.9
top_100__full_excl_covid,full_excl_covid,sparse_jl,50,5.0,31,0.7,50000,500,,0.005641427999989901,0.0008102999999550775,0.6523952539999982,0.07359414652238265,0.06291090464251597,0.17847279430540744,0.9878297423843023,50000,0.3951865222623346,0.2,0.4584837545126354,0.3,0.683089451130744,0.2608001276414644,0.4090119498965787,0.45096717622292903,0.7619047619047619,0.7619047619047619,0.9588078779990832,0.9,0.9
top_100__full_excl_covid,full_excl_covid,sparse_jl,50,5.0,32,0.7,50000,500,,0.00631261699999186,0.0005727490000140278,0.6986198050000212,0.08506474388575021,0.0722377667625611,0.20818624751108186,0.9795901588463358,50000,0.3554753309265945,0.0,0.42466907340553545,0.2,0.5583249684226381,0.3794521071214316,0.2536211550725243,0.3971327435388647,0.7142857142857143,0.7142857142857143,0.9398617937453785,0.8,0.9
top_100__full_excl_covid,full_excl_covid,sparse_jl,50,5.0,33,0.7,50000,500,,0.005670577999978832,0.0007277900000417503,0.7187291949999803,0.08147383666217317,0.0690757429184829,0.20034082849117066,0.9632908307135373,50000,0.3699157641395909,0.2,0.432129963898917,0.2,0.7055350178112092,0.3245764179512457,0.3418940430247247,0.45733515959572646,0.8095238095238095,0.8095238095238095,0.9457011397436454,0.6,0.9
top_100__full_excl_covid,full_excl_covid,sparse_jl,50,5.0,34,0.7,50000,500,,0.0055522680000308355,0.0006424299999707728,0.6270464039999979,0.07696092776300176,0.0664629481346829,0.18429917104616259,0.963289488802134,50000,0.389410348977136,0.2,0.4542719614921781,0.2,0.6324145979234973,0.326070711926436,0.32588021028267755,0.42812184004420367,0.8571428571428571,0.8571428571428571,0.959495898060445,0.9,0.9
top_100__full_excl_covid,full_excl_covid,sparse_jl,50,5.0,35,0.7,50000,500,,0.006649387000038587,0.0005930300000045463,0.7033298619999755,0.077767066895886,0.06489129620671019,0.19249492063815274,0.9988623190243311,50000,0.3730445246690734,0.2,0.43285198555956683,0.2,0.6053584307879898,0.3941623730372329,0.30836925188810926,0.43596335190444396,0.7857142857142857,0.7857142857142857,0.9499843793390723,0.8,0.9
top_100__full_excl_covid,full_excl_covid,sparse_jl,50,5.0,36,0.7,50000,500,,0.006226676999972369,0.0008351899999752277,0.7438733449999972,0.07466733078080885,0.06323621082821201,0.18196231204348348,0.986532616943475,50000,0.37400722021660654,0.2,0.4273164861612515,0.2,0.701789412710885,0.546316975456318,0.3103963060275835,0.5195008980649288,0.8571428571428571,0.8571428571428571,0.9554170444622142,0.8,0.9
top_100__full_excl_covid,full_excl_covid,sparse_jl,50,5.0,37,0.7,50000,500,,0.0062797379999892655,0.0009568090000016127,0.7056127520000359,0.07507341133878347,0.06341667959268149,0.18335819957004604,1.0147871575002894,50000,0.41203369434416365,0.2,0.47244283995186526,0.3,0.7229315657035797,0.5150376818318861,0.37786189263517805,0.5386103800568813,0.8571428571428571,0.8571428571428571,0.959091580150092,0.8,0.9
top_100__full_excl_covid,full_excl_covid,sparse_jl,50,5.0,38,0.7,50000,500,,0.005883647000018755,0.001433799999972507,0.7121719680000069,0.07014820673013118,0.05874864496869897,0.1741996178442331,1.0083781340328486,50000,0.4007220216606498,0.2,0.4531889290012034,0.2,0.7202057916207818,0.5464864601542332,0.3993725242853561,0.555354925353457,0.8571428571428571,0.8571428571428571,0.9658642135885946,0.7,0.9
top_100__full_excl_covid,full_excl_covid,sparse_jl,50,5.0,39,0.7,50000,500,,0.006269567000003917,0.0010032300000375471,0.8162970539999606,0.07556323568771055,0.064355291305353,0.18382883778896628,1.0135778930398283,50000,0.37930204572803855,0.2,0.45571600481347774,0.2,0.6635609994119689,0.6144827729761558,0.3809566330777704,0.5530001351552984,0.8571428571428571,0.8571428571428571,0.9616852371998407,1.0,0.9
top_100__full_excl_covid,full_excl_covid,sparse_jl,50,5.0,40,0.7,50000,500,,0.0060745480000150565,0.0010604189999980917,0.7467705339999497,0.07582365831439729,0.06384291128676911,0.18648787966389316,1.0092197199126347,50000,0.41227436823104696,0.2,0.45571600481347774,0.2,0.6335774040203122,0.42290411668368855,0.3350971848784881,0.4638595685274962,0.7619047619047619,0.7619047619047619,0.9555765968623172,0.9,0.9
top_100__full_excl_covid,full_excl_covid,sparse_jl,50,5.0,41,0.7,50000,500,,0.01135882500000207,0.0005965100000366874,0.8405410839999945,0.07115804852420235,0.060300552326211565,0.1748126080596651,1.0042095584383206,50000,0.3987966305655836,0.2,0.4509025270758122,0.2,0.7082220170280584,0.5006484948322786,0.3426972906798772,0.5171892675134048,0.8333333333333334,0.8333333333333334,0.9663985363838022,0.9,0.9
top_100__full_excl_covid,full_excl_covid,sparse_jl,50,5.0,42,0.7,50000,500,,0.0057915980000302625,0.0006747599999812337,0.8077442779999728,0.08473944378238639,0.07223691595073528,0.20576714424154335,0.9777661056456591,50000,0.38267148014440433,0.2,0.4322503008423586,0.2,0.1880347254211218,0.23281596512908262,0.3610123511039854,0.26062101388472997,0.6666666666666666,0.6666666666666666,0.9455860445391675,0.8,0.9
top_100__full_excl_covid,full_excl_covid,sparse_jl,50,5.0,43,0.7,50000,500,,0.005617537999967226,0.0006953399999929388,0.7407948370000099,0.0712829417223209,0.0609520920993622,0.1733238873000418,0.9752111773766048,50000,0.3896510228640193,0.2,0.4418772563176896,0.2,0.7297982239589969,0.5350531062830252,0.2896323343657496,0.5181612215359238,0.8095238095238095,0.8095238095238095,0.9629295158975251,0.8,0.9
top_100__full_excl_covid,full_excl_covid,sparse_jl,50,5.0,44,0.7,50000,500,,0.005950666999979148,0.0006243400000016663,0.8579784670000095,0.08050984022536138,0.06953436960787529,0.19253267561534593,0.9870016852960384,50000,0.3951865222623346,0.2,0.436101083032491,0.2,0.38635209058138303,0.4066974643783132,0.2783074174109001,0.3571189907901988,0.7380952380952381,0.7380952380952381,0.9471574788462374,0.7,0.9
top_100__full_excl_covid,full_excl_covid,sparse_jl,50,5.0,45,0.7,50000,500,,0.005617686999983107,0.0013948600000048827,0.8297344089999683,0.0712136051082223,0.060168266503829004,0.1753039174838895,0.9900632285917798,50000,0.4141997593261132,0.2,0.4630565583634175,0.3,0.6870337472440776,0.33975943454515856,0.32418842447412516,0.4503272020877871,0.7857142857142857,0.7857142857142857,0.9625388529959883,0.9,0.9
top_100__full_excl_covid,full_excl_covid,sparse_jl,50,5.0,46,0.7,50000,500,,0.005893536999963089,0.0007192099999997481,0.7895946560000198,0.07099075618520059,0.05964115251165336,0.1757908903516321,1.0127921465570346,50000,0.402647412755716,0.2,0.4614921780986763,0.3,0.7441043808457436,0.5589408217688361,0.3490251131352739,0.5506901052499512,0.8095238095238095,0.8095238095238095,0.9627513107135567,0.8,0.9
top_100__full_excl_covid,full_excl_covid,sparse_jl,50,5.0,47,0.7,50000,500,,0.006417656999985866,0.000873900000044614,0.7796833400000196,0.07219900361468495,0.06101970064079587,0.17745282476644675,0.9781458149586332,50000,0.39013237063778583,0.2,0.45246690734055356,0.2,0.6238015623446947,0.47794151388934647,0.3540592328239739,0.48526743635267167,0.7857142857142857,0.7857142857142857,0.960076894637701,0.8,0.9
top_100__full_excl_covid,full_excl_covid,sparse_jl,50,5.0,48,0.7,50000,500,,0.005910716999949273,0.0014113189999989117,0.8238211419999857,0.07942973658717466,0.0679767974525946,0.19111341713996513,1.020227815737095,50000,0.392057761732852,0.2,0.44789410348977143,0.2,0.6776448284909452,0.277593697099335,0.40011391231560006,0.45178414596862676,0.8333333333333334,0.8333333333333334,0.9592167963718243,0.7,0.9
top_100__full_excl_covid,full_excl_covid,sparse_jl,50,5.0,49,0.7,50000,500,,0.006796656999995321,0.0009590300000468233,0.7412767060000078,0.07420477687393177,0.062200929932903715,0.1835814334575531,0.9915955889064544,50000,0.3971119133574007,0.2,0.4564380264741275,0.3,0.6142453022192952,0.4247746435980733,0.3481280102075502,0.46238265200830625,0.8095238095238095,0.8095238095238095,0.9551678248679248,0.8,0.9
top_100__full_excl_covid,full_excl_covid,sparse_jl,100,1.0,0,0.7,50000,100,,0.005279687999973248,0.001530970000032994,0.9011466780000319,0.057956515784674464,0.0485218914983741,0.1435775537237324,0.9767246418449821,50000,0.5080625752105896,0.2,0.5561973525872442,0.4,0.7733253547023453,0.6011043864430134,0.3903710938385995,0.5882669449946528,0.8809523809523809,0.8809523809523809,0.9757764744063729,1.0,0.99
top_100__full_excl_covid,full_excl_covid,sparse_jl,100,1.0,1,0.7,50000,100,,0.005795376999969903,0.0010143599999992148,0.9117125939999937,0.048258384520591946,0.039560270764334604,0.12295629007523352,1.0003344425914407,50000,0.5509025270758123,0.2,0.605294825511432,0.4,0.592987658669986,0.3100048415428008,0.5175908411209048,0.4735277804445639,0.8809523809523809,0.8809523809523809,0.9813433266529042,0.9,0.99
top_100__full_excl_covid,full_excl_covid,sparse_jl,100,1.0,2,0.7,50000,100,,0.006545116999973288,0.0010719989999756763,0.8461361619999934,0.06214152508921098,0.052179230523289044,0.15270132511373188,0.9796127559720361,50000,0.5042117930204573,0.2,0.5583634175691937,0.4,0.6584633500188956,0.4262297734353731,0.41536326370711657,0.5000187957204617,0.8095238095238095,0.8095238095238095,0.969921026789747,0.9,0.99
top_100__full_excl_covid,full_excl_covid,sparse_jl,100,1.0,3,0.7,50000,100,,0.00709032700001444,0.0012326890000053936,0.8328753170000027,0.060589154351439384,0.05227157814989547,0.14511307135436008,1.0374408472161298,50000,0.5658243080625752,0.2,0.6077015643802648,0.4,0.8129288941364546,0.6541465631358373,0.5431612041714711,0.670078887147921,0.9047619047619048,0.9047619047619048,0.9808328217061524,0.9,0.99
top_100__full_excl_covid,full_excl_covid,sparse_jl,100,1.0,4,0.7,50000,100,,0.0072673669999971935,0.0011992090000489952,0.9319217059999687,0.06941704502543079,0.059870361120510196,0.16661923555490432,0.9620698561872233,50000,0.5006016847172082,0.2,0.548014440433213,0.3,0.6799400912598608,0.5071986253019652,0.3526420631022322,0.5132602598880194,0.7380952380952381,0.7380952380952381,0.9651374659984007,0.8,0.99
top_100__full_excl_covid,full_excl_covid,sparse_jl,100,1.0,5,0.7,50000,100,,0.004404728000054092,0.0011294600000155697,0.8433290629999988,0.05438542415237425,0.04596590873865608,0.13180936173040333,1.0197060045243624,50000,0.5391095066185319,0.2,0.5877256317689531,0.4,0.8545794713640359,0.5972777007411112,0.42224798350584675,0.624701718536998,0.9047619047619048,0.9047619047619048,0.981798981541272,0.8,0.99
top_100__full_excl_covid,full_excl_covid,sparse_jl,100,1.0,6,0.7,50000,100,,0.0066066769999793,0.002252028999976119,0.8660260730000005,0.043176737230282924,0.035691033422868945,0.10859621948660343,0.9869189707362129,50000,0.590373044524669,0.4,0.6441636582430808,0.5,0.7783372306979827,0.7105707552038617,0.532794564255315,0.6739008500523864,0.8809523809523809,0.8809523809523809,0.9860972144618462,1.0,0.99
top_100__full_excl_covid,full_excl_covid,sparse_jl,100,1.0,7,0.7,50000,100,,0.005848678000006657,0.0015825290000179848,1.083347141000047,0.06644914074683306,0.0550983718269773,0.16648351527401173,1.035763879793618,50000,0.5258724428399518,0.2,0.5849578820697954,0.4,0.733430235148802,0.3748433606029322,0.4176836178523782,0.5086524045347042,0.9285714285714286,0.9285714285714286,0.9780092460929527,0.8,0.99
top_100__full_excl_covid,full_excl_covid,sparse_jl,100,1.0,8,0.7,50000,100,,0.007420706999994309,0.0012585090000243326,0.9225242090000165,0.0808186243577664,0.07241108232946447,0.18341343353140177,1.0662289245407812,50000,0.5677496991576414,0.2,0.6264741275571599,0.4,0.8903977298802802,0.8083002401048913,0.5307000978022178,0.7431326892624631,0.8571428571428571,0.8571428571428571,0.9802357444217301,0.9,0.99
top_100__full_excl_covid,full_excl_covid,sparse_jl,100,1.0,9,0.7,50000,100,,0.004340137999975013,0.001316329999951904,0.9979850970000257,0.05183319493885374,0.04322544446686216,0.1289436128463566,1.0114763414713206,50000,0.5561973525872442,0.2,0.6070998796630566,0.4,0.7093511695237836,0.44391663927886893,0.32481759615995737,0.4926951349875366,0.8809523809523809,0.8809523809523809,0.9796960892723907,0.9,0.99
top_100__full_excl_covid,full_excl_covid,sparse_jl,100,1.0,10,0.7,50000,100,,0.005874827000013738,0.0009984889999827828,0.9310360059999994,0.04755752414752059,0.038660813350726575,0.12219684993447717,1.0059278036474892,50000,0.5636582430806257,0.2,0.6096269554753309,0.4,0.8450180441930624,0.5024124289052929,0.39317452065754893,0.5802016645853014,0.8333333333333334,0.8333333333333334,0.9826451529528276,0.8,0.99
top_100__full_excl_covid,full_excl_covid,sparse_jl,100,1.0,11,0.7,50000,100,,0.006503606999956446,0.0016167590000009113,0.9502945880000198,0.05225076675110421,0.04340553780216644,0.1315967622759231,1.0039768002437468,50000,0.534055354993983,0.2,0.5708784596871239,0.4,0.7304777534550646,0.35683364081901775,0.38147780223871147,0.489596398837598,0.8571428571428571,0.8571428571428571,0.9800786595423626,0.9,0.99
top_100__full_excl_covid,full_excl_covid,sparse_jl,100,1.0,12,0.7,50000,100,,0.01156451500003186,0.001503298999978142,0.9138034940000352,0.05704203564327312,0.04832378930949249,0.1398637328912274,1.0219411692146396,50000,0.5472924187725631,0.2,0.5968712394705175,0.4,0.737281065154884,0.40427466606998586,0.3961948329614793,0.5125835213954497,0.8333333333333334,0.8333333333333334,0.9819188654088723,0.8,0.99
top_100__full_excl_covid,full_excl_covid,sparse_jl,100,1.0,13,0.7,50000,100,,0.007734526999968239,0.0021943389999705687,0.8724471510000171,0.053471901253076624,0.043952725633466416,0.13516335912791136,0.9925573230011744,50000,0.522503008423586,0.2,0.5777376654632972,0.4,0.787599461455455,0.41426860110963376,0.38035013412799457,0.5274060655643611,0.9047619047619048,0.9047619047619048,0.9744040310087893,0.8,0.99
top_100__full_excl_covid,full_excl_covid,sparse_jl,100,1.0,14,0.7,50000,100,,0.006600357999957396,0.0012264889999755724,0.8510473200000206,0.05371616446091041,0.044874347177522034,0.13510645309976757,0.9942088920164407,50000,0.5157641395908543,0.2,0.5687123947051744,0.4,0.8015085385949169,0.43897148366298333,0.40004948089828635,0.5468431677187289,0.7857142857142857,0.7857142857142857,0.9758939534868158,0.8,0.99
top_100__full_excl_covid,full_excl_covid,sparse_jl,100,1.0,15,0.7,50000,100,,0.0063773769999784236,0.0013545400000225527,1.0143179699999791,0.04778112341230674,0.040158725650577876,0.1180152140748318,1.0143803643846148,50000,0.5872442839951865,0.4,0.6297232250300842,0.4,0.8189501428078719,0.5588721571033715,0.4532534288890937,0.610358576266779,0.9523809523809523,0.9523809523809523,0.9840977698631236,1.0,0.99
top_100__full_excl_covid,full_excl_covid,sparse_jl,100,1.0,16,0.7,50000,100,,0.011202775000015208,0.0008838389999823448,0.9403594319999797,0.05098518833730215,0.04255605809119467,0.1278610535260305,1.0128598990137443,50000,0.5424789410348977,0.2,0.5980746089049338,0.4,0.8394779843204925,0.6633769960101584,0.44739511465503257,0.6500833649952279,0.8571428571428571,0.8571428571428571,0.9817582256267501,0.8,0.99
top_100__full_excl_covid,full_excl_covid,sparse_jl,100,1.0,17,0.7,50000,100,,0.00585690700000896,0.0017370200000073055,0.8563514670000245,0.06478627511647993,0.054447254763148434,0.15967919618774548,0.956683972751397,50000,0.5345367027677497,0.2,0.5785800240673886,0.4,0.7554581928985258,0.5693324881288271,0.4056330285268546,0.5768079031847358,0.7857142857142857,0.7857142857142857,0.973976648052917,0.8,0.99
top_100__full_excl_covid,full_excl_covid,sparse_jl,100,1.0,18,0.7,50000,100,,0.0067724260000545655,0.0009716899999716588,0.8682691029999887,0.06240759089300241,0.05179852273346852,0.1570692756757578,1.005382350564456,50000,0.4729241877256318,0.2,0.518892900120337,0.3,0.7756450398784346,0.387002291810945,0.4070596474959789,0.5232356597284528,0.8809523809523809,0.8809523809523809,0.9709319156659962,0.8,0.99
top_100__full_excl_covid,full_excl_covid,sparse_jl,100,1.0,19,0.7,50000,100,,0.005189688000029946,0.001762558999985231,0.9144478930000446,0.05766670606292707,0.048084118363809214,0.14371841876531508,1.019809755924623,50000,0.5273164861612515,0.2,0.577496991576414,0.4,0.7572153749330108,0.6155044072376078,0.41272388972197915,0.5951478906308659,0.8095238095238095,0.8095238095238095,0.9796954828478032,0.9,0.99
top_100__full_excl_covid,full_excl_covid,sparse_jl,100,1.0,20,0.7,50000,100,,0.006493226999964463,0.0009621089999996002,0.8870803350000074,0.05035997750407927,0.040799150526088734,0.12974349561826445,1.0006103446278796,50000,0.5275571600481348,0.2,0.5814681107099879,0.4,0.6408196065459104,0.5621030567013563,0.4602211923814414,0.5543812852095694,0.8095238095238095,0.8095238095238095,0.9787938967756612,0.9,0.99
top_100__full_excl_covid,full_excl_covid,sparse_jl,100,1.0,21,0.7,50000,100,,0.00640397799998027,0.0012193000000024767,0.8748997099999656,0.05408030428679501,0.044475330554242465,0.13658144794782123,0.9938359465391733,50000,0.5097472924187726,0.2,0.5536702767749699,0.3,0.7473642222794651,0.6924504529509166,0.5506694285601209,0.6634947012635007,0.9047619047619048,0.9047619047619048,0.9729736217851132,0.8,0.99
top_100__full_excl_covid,full_excl_covid,sparse_jl,100,1.0,22,0.7,50000,100,,0.006960837000008269,0.0011329800000225987,0.9364320630000407,0.05481641998539275,0.04557177976568039,0.13743876604232877,0.9905861206444881,50000,0.5169675090252708,0.2,0.5640192539109506,0.4,0.6995221860323715,0.383389597882953,0.34348721838362334,0.4754663340996492,0.8571428571428571,0.8571428571428571,0.9753388449660904,0.9,0.99
top_100__full_excl_covid,full_excl_covid,sparse_jl,100,1.0,23,0.7,50000,100,,0.006660047000025315,0.0013809700000138037,0.9247964790000083,0.0464404604122345,0.038296034482351526,0.11742997347682943,1.0135629763730292,50000,0.5884476534296028,0.4,0.6252707581227437,0.4,0.8470658629652594,0.5705142414656672,0.530426310143241,0.6493354715247226,0.8809523809523809,0.8809523809523809,0.9821442671547059,0.8,0.99
top_100__full_excl_covid,full_excl_covid,sparse_jl,100,1.0,24,0.7,50000,100,,0.007281476999992265,0.0012934989999848767,0.9031558480000399,0.04796255700315205,0.04044815040448291,0.11794051603567315,1.0126749150328658,50000,0.5614921780986762,0.2,0.614199759326113,0.4,0.8316845297159606,0.6385052035889227,0.5293983088603266,0.6665293473884034,0.9047619047619048,0.9047619047619048,0.9814111207395535,0.9,0.99
top_100__full_excl_covid,full_excl_covid,sparse_jl,100,1.0,25,0.7,50000,100,,0.005405617999997503,0.0011901190000003226,0.9044283169999972,0.05543439081536905,0.04613292161823812,0.13851049364472526,0.9758558474556357,50000,0.5263537906137183,0.2,0.5766546329723224,0.4,0.7730208268107112,0.5734247043767547,0.29752786549307514,0.547991132226847,0.9047619047619048,0.9047619047619048,0.9739422909633535,1.0,0.99
top_100__full_excl_covid,full_excl_covid,sparse_jl,100,1.0,26,0.7,50000,100,,0.006143897000015386,0.001226680000002034,0.9900435509999852,0.047238782532188335,0.039094372507065656,0.1191345334176566,1.006131964467891,50000,0.5468110709987966,0.2,0.6079422382671479,0.4,0.8633808384213727,0.694065575706033,0.34328943122333466,0.6335786151169135,0.9285714285714286,0.9285714285714286,0.9820035975615875,0.8,0.99
top_100__full_excl_covid,full_excl_covid,sparse_jl,100,1.0,27,0.7,50000,100,,0.006082477999996172,0.001021229000002677,1.0373010510000427,0.04996851438303717,0.04053737712623795,0.1267183145615192,0.9933187745231806,50000,0.5448856799037305,0.2,0.5904933814681106,0.4,0.8602337989168838,0.5149834832984831,0.49628177830360926,0.623833020172992,0.8333333333333334,0.8333333333333334,0.9770548383481161,0.9,0.99
top_100__full_excl_covid,full_excl_covid,sparse_jl,100,1.0,28,0.7,50000,100,,0.006447448000017175,0.0012396289999969667,0.9543318760000261,0.05626142453628264,0.04629808887570003,0.1432823315153296,0.9972827073512462,50000,0.5022864019253911,0.2,0.5535499398315282,0.3,0.7074035351461958,0.6153526872039635,0.4343120351668785,0.585689419172346,0.8571428571428571,0.8571428571428571,0.9747591867051655,0.8,0.99
top_100__full_excl_covid,full_excl_covid,sparse_jl,100,1.0,29,0.7,50000,100,,0.005691998000031617,0.001067608999960612,1.0248092960000008,0.044437493869088546,0.036112487668120585,0.11464169558763718,0.9946578658678998,50000,0.5935018050541515,0.4,0.6394705174488567,0.4,0.8279371698671694,0.6108445989741266,0.4151911182041777,0.6179909623484913,0.8333333333333334,0.8333333333333334,0.9836190917516218,0.7,0.99
top_100__full_excl_covid,full_excl_covid,sparse_jl,100,1.0,30,0.7,50000,100,,0.010848245000033785,0.0014640090000170858,1.02457280699997,0.05424608979480711,0.0448074050783871,0.1369950556589957,0.9733457190176026,50000,0.5261131167268351,0.2,0.5737665463297231,0.4,0.7553286041426164,0.28666034816946956,0.3319459945244448,0.4579783156121769,0.8809523809523809,0.8809523809523809,0.976612232043977,1.0,0.99
top_100__full_excl_covid,full_excl_covid,sparse_jl,100,1.0,31,0.7,50000,100,,0.007480627000006734,0.0011029190000044764,1.0691891779999878,0.050305325153241244,0.04166840574674957,0.12484438147466839,0.9798878433043524,50000,0.5432009626955475,0.2,0.5819494584837545,0.4,0.7396763319438455,0.7116931125078602,0.45211541344105016,0.6344949526309186,0.8809523809523809,0.8809523809523809,0.9819429132804475,0.9,0.99
top_100__full_excl_covid,full_excl_covid,sparse_jl,100,1.0,32,0.7,50000,100,,0.008098926999991818,0.0015209690000119735,1.047231126999975,0.053966575492145154,0.04506777470675338,0.1343708004499077,0.9897147343624902,50000,0.543682310469314,0.2,0.5845968712394705,0.4,0.72485448694326,0.48059765033017315,0.4475792301878758,0.5510104558204364,0.7857142857142857,0.7857142857142857,0.9765016327459238,1.0,0.99
top_100__full_excl_covid,full_excl_covid,sparse_jl,100,1.0,33,0.7,50000,100,,0.0066385079999804475,0.0015650889999960782,1.0948613459999592,0.04988814638624559,0.04133952601300539,0.12522423429377344,1.004790008957767,50000,0.5412755716004813,0.2,0.5924187725631769,0.4,0.6779182119230852,0.5018371285171476,0.45353784544881587,0.5444310619630163,0.8571428571428571,0.8571428571428571,0.9794155447114756,0.9,0.99
top_100__full_excl_covid,full_excl_covid,sparse_jl,100,1.0,34,0.7,50000,100,,0.007220087000007425,0.0017618290000314119,0.9309380450000049,0.055776272322071274,0.04625460920627211,0.13904524990424874,0.9900111145745889,50000,0.49602888086642605,0.2,0.5499398315282792,0.4,0.812022106899889,0.3248863452444283,0.4920385307751052,0.5429823276398075,0.8571428571428571,0.8571428571428571,0.9773315770719645,0.9,0.99
top_100__full_excl_covid,full_excl_covid,sparse_jl,100,1.0,35,0.7,50000,100,,0.004284619000031853,0.003063957999984268,0.9926217299999962,0.04685817698933468,0.038512650485427014,0.11894336268376493,1.0087493997432073,50000,0.5752105896510229,0.4,0.6164861612515042,0.4,0.7812945788276908,0.6072778587692759,0.3864546007504335,0.5916756794491334,0.8809523809523809,0.8809523809523809,0.9820879742240274,0.9,0.99
top_100__full_excl_covid,full_excl_covid,sparse_jl,100,1.0,36,0.7,50000,100,,0.006411777999971946,0.0018086690000131966,1.0274282249999942,0.05641626657467342,0.04697581393352618,0.14044686860139327,0.977029261451647,50000,0.5311672683513838,0.2,0.5736462093862815,0.4,0.767978573972383,0.5993772598878204,0.38973798745042343,0.5856979404368756,0.8333333333333334,0.8333333333333334,0.9754865616311399,0.9,0.99
top_100__full_excl_covid,full_excl_covid,sparse_jl,100,1.0,37,0.7,50000,100,,0.012628134000010505,0.0016746200000170575,0.8993269580000174,0.0584013349955703,0.049076232439722034,0.14351954114827944,0.9703941072686376,50000,0.5138387484957883,0.2,0.5667870036101083,0.4,0.7280454496550511,0.3439969334408502,0.3116548916324483,0.4612324249094499,0.8333333333333334,0.8333333333333334,0.9770637465161952,0.9,0.99
top_100__full_excl_covid,full_excl_covid,sparse_jl,100,1.0,38,0.7,50000,100,,0.008404507000022932,0.0028211390000478787,1.2751896799999827,0.057332149799763636,0.048090121230584426,0.14077355807571254,1.021423576015217,50000,0.5258724428399518,0.2,0.5780986762936221,0.4,0.7411853890576164,0.43323894345178615,0.35792738173061917,0.5107839047466739,0.9285714285714286,0.9285714285714286,0.9795466997119273,0.9,0.99
top_100__full_excl_covid,full_excl_covid,sparse_jl,100,1.0,39,0.7,50000,100,,0.007453236999992896,0.0014190400000302361,1.0106417420000184,0.062096935035859745,0.05192214794768013,0.15400115031074665,0.9703790239720324,50000,0.5133574007220217,0.2,0.5631768953068592,0.3,0.7039104622293639,0.4203410718671607,0.3402161674106503,0.48815590050239166,0.7619047619047619,0.7619047619047619,0.9725909260479852,0.7,0.99
top_100__full_excl_covid,full_excl_covid,sparse_jl,100,1.0,40,0.7,50000,100,,0.007335747000013271,0.0015561789999765097,0.9067333959999928,0.05260834601420353,0.044135507335438695,0.1304247997323435,0.9837377961476512,50000,0.5049338146811071,0.2,0.5614921780986764,0.4,0.8371414711856265,0.648380290051289,0.4525692718931861,0.6460303443767006,0.8333333333333334,0.8333333333333334,0.9773172738161755,0.9,0.99
top_100__full_excl_covid,full_excl_covid,sparse_jl,100,1.0,41,0.7,50000,100,,0.007270705999985694,0.0015480789999742228,0.9815181839999809,0.052250260238249614,0.04285675293437069,0.13342439564690486,0.9921499912697337,50000,0.5126353790613718,0.2,0.5681107099879663,0.4,0.6289561515556295,0.5423534386679432,0.39254198710661364,0.521283859110062,0.8809523809523809,0.8809523809523809,0.9775757779800123,1.0,0.99
top_100__full_excl_covid,full_excl_covid,sparse_jl,100,1.0,42,0.7,50000,100,,0.006179017000022213,0.002863988999990852,1.0524553840000408,0.05230698012623283,0.043415043399979536,0.13227305019950383,1.0005849365715207,50000,0.5371841155234657,0.2,0.5839951865222622,0.4,0.7883519522055675,0.5983168233424108,0.5117723125462266,0.6328136960314016,0.8809523809523809,0.8809523809523809,0.977319741336911,0.9,0.99
top_100__full_excl_covid,full_excl_covid,sparse_jl,100,1.0,43,0.7,50000,100,,0.009113126999977794,0.008642586999997093,0.9222995890000334,0.05484829354593011,0.04652598897457699,0.1338339088050208,0.9729773291609839,50000,0.5379061371841155,0.2,0.5788206979542719,0.4,0.7708586542404585,0.5780573735172053,0.4654919892235004,0.6048026723270546,0.8809523809523809,0.8809523809523809,0.9786426461190498,1.0,0.99
top_100__full_excl_covid,full_excl_covid,sparse_jl,100,1.0,44,0.7,50000,100,,0.006788567000000967,0.0013589490000072146,0.9203315810000277,0.04804858550414932,0.03944192105060673,0.12251417873766113,1.0042464911059394,50000,0.5651022864019254,0.2,0.6045728038507822,0.4,0.8152750112911549,0.4676905949360424,0.3384568872654647,0.540474164497554,0.8809523809523809,0.8809523809523809,0.9808274475296352,0.8,0.99
top_100__full_excl_covid,full_excl_covid,sparse_jl,100,1.0,45,0.7,50000,100,,0.007368606999989424,0.0018686290000005101,0.982569634000015,0.05412042500055812,0.04394121090101094,0.14026883933094314,1.0058206016406084,50000,0.5217809867629362,0.2,0.5699157641395908,0.4,0.7438295980377616,0.28306678746891123,0.4847739468723532,0.5038901107930087,0.9285714285714286,0.9285714285714286,0.975879629319834,0.8,0.99
top_100__full_excl_covid,full_excl_covid,sparse_jl,100,1.0,46,0.7,50000,100,,0.0063783969999917645,0.0013162490000127036,0.996381638999992,0.06605021495628455,0.0553916167166853,0.163707345991507,0.9589075558560379,50000,0.5407942238267148,0.2,0.5819494584837546,0.4,0.5244770692345874,0.41368715095282377,0.3230209633284408,0.4203950611719507,0.7619047619047619,0.7619047619047619,0.973054799035074,0.8,0.99
top_100__full_excl_covid,full_excl_covid,sparse_jl,100,1.0,47,0.7,50000,100,,0.010297395999998571,0.0011337390000107916,0.950188838000031,0.049062743713198444,0.04039113928905097,0.12342557842076896,1.0043008039015244,50000,0.5405535499398315,0.2,0.5845968712394705,0.4,0.7949079215469539,0.654567971462901,0.4049872083619499,0.618154367123935,0.8809523809523809,0.8809523809523809,0.9817854938219971,0.9,0.99
top_100__full_excl_covid,full_excl_covid,sparse_jl,100,1.0,48,0.7,50000,100,,0.014083765000009407,0.003429589000006672,0.9939176889999999,0.04852987206099752,0.039369863407116124,0.12456974346245299,0.9866377895110431,50000,0.5501805054151624,0.2,0.5961492178098676,0.4,0.7443841136946707,0.4351019739427858,0.3457013671476225,0.5083958182616931,0.8809523809523809,0.8809523809523809,0.9794693073878407,0.8,0.99
top_100__full_excl_covid,full_excl_covid,sparse_jl,100,1.0,49,0.7,50000,100,,0.007681955999998991,0.0015648000000396678,0.8810750970000072,0.058065219085192014,0.04912042488964602,0.1417721267535417,0.9687395969901554,50000,0.5504211793020457,0.2,0.5951865222623344,0.4,0.7089681140877626,0.5060625733973446,0.3630097038017795,0.5260134637622955,0.8571428571428571,0.8571428571428571,0.9743384325973707,0.9,0.99
top_100__full_excl_covid,full_excl_covid,sparse_jl,100,3.0,0,0.7,50000,300,,0.007480627000006734,0.0016535389999603467,0.9054014069999994,0.05140952613761046,0.043120648229174496,0.12727791865069035,0.9991676627563135,50000,0.5217809867629363,0.2,0.5782190132370638,0.4,0.7787127076664826,0.5757594447594575,0.404354483709,0.5862755453783134,0.9047619047619048,0.9047619047619048,0.9796131554822455,0.9,0.97
top_100__full_excl_covid,full_excl_covid,sparse_jl,100,3.0,1,0.7,50000,300,,0.005824358000040775,0.0014405400000327973,0.9144308529999989,0.05617183076127984,0.047959651423599814,0.13609802673479687,1.0091791900540596,50000,0.5345367027677497,0.2,0.5835138387484957,0.4,0.7946816787840923,0.3792403549790394,0.43335419681113346,0.535758743524755,0.9047619047619048,0.9047619047619048,0.9765205155529085,0.9,0.97
top_100__full_excl_covid,full_excl_covid,sparse_jl,100,3.0,2,0.7,50000,300,,0.008891516000005595,0.0023251789999676475,0.8879198249999831,0.050990895312398574,0.04325504708838179,0.12548102809757908,1.0092626539907812,50000,0.542719614921781,0.2,0.5939831528279181,0.4,0.7525766045108417,0.5972570794040457,0.29588085448599494,0.5485715128002941,0.8571428571428571,0.8571428571428571,0.9824797663299685,0.9,0.97
top_100__full_excl_covid,full_excl_covid,sparse_jl,100,3.0,3,0.7,50000,300,,0.006024357000001146,0.0015446599999791033,0.9160508230000346,0.048256277885431416,0.04037428540775467,0.12044706468990646,0.990732143703035,50000,0.5448856799037304,0.2,0.5808664259927798,0.4,0.8411574052265243,0.690949510604366,0.34232737137802804,0.6248114290696395,0.8809523809523809,0.8809523809523809,0.9815270523917384,0.9,0.97
top_100__full_excl_covid,full_excl_covid,sparse_jl,100,3.0,4,0.7,50000,300,,0.007258127000000059,0.001682829000003494,0.9030550379999909,0.051720541362577754,0.04359187166486872,0.12722188524284933,0.9980156489118188,50000,0.5588447653429602,0.2,0.5953068592057762,0.4,0.7744766487857273,0.5638009452817903,0.3552320045397205,0.564503199535746,0.8571428571428571,0.8571428571428571,0.9803725872665892,0.9,0.97
top_100__full_excl_covid,full_excl_covid,sparse_jl,100,3.0,5,0.7,50000,300,,0.010450235999996949,0.006182727000009436,0.8605066960000158,0.04995651402869721,0.042096632510873755,0.12225773320967985,0.9817252444529488,50000,0.5434416365824308,0.2,0.590373044524669,0.4,0.7926979087898904,0.6421505450532541,0.4086398372411448,0.6144960970280965,0.8095238095238095,0.8095238095238095,0.9806501833493373,1.0,0.97
top_100__full_excl_covid,full_excl_covid,sparse_jl,100,3.0,6,0.7,50000,300,,0.01000672600002872,0.0012236089999646538,0.8796765679999794,0.060458075062847456,0.05101822329926087,0.15002000116127967,0.9928188279523216,50000,0.490734055354994,0.2,0.5424789410348977,0.3,0.6927814542183641,0.4481725918131334,0.38429699740384415,0.5084170144784472,0.8333333333333334,0.8333333333333334,0.9714924610968171,0.9,0.97
top_100__full_excl_covid,full_excl_covid,sparse_jl,100,3.0,7,0.7,50000,300,,0.00896057599999267,0.0013995790000080888,0.8548380679999923,0.05092278046768534,0.0430114116913225,0.12501444886903965,1.000817197946778,50000,0.5530685920577617,0.4,0.6040914560770156,0.4,0.7487507869046285,0.3746108944391417,0.41592633805826973,0.5130960064673467,0.8809523809523809,0.8809523809523809,0.9810020559884636,0.9,0.97
top_100__full_excl_covid,full_excl_covid,sparse_jl,100,3.0,8,0.7,50000,300,,0.004311438000001999,0.0008872500000052241,0.8569255970000427,0.05404455945907788,0.0467348719753411,0.13010812907885663,1.0215447289912705,50000,0.5407942238267148,0.2,0.5843561973525871,0.4,0.8078062800363089,0.4697730809186317,0.3563946579895171,0.5446580063148193,0.9047619047619048,0.9047619047619048,0.9811898594098694,1.0,0.97
top_100__full_excl_covid,full_excl_covid,sparse_jl,100,3.0,9,0.7,50000,300,,0.005948926999963078,0.0012394999999969514,0.7966015429999516,0.05110049838949704,0.04301591982939823,0.1264133077353938,1.0010608031425823,50000,0.5561973525872442,0.2,0.602647412755716,0.4,0.7140187751370585,0.43341515878452225,0.3560268666004591,0.5011536001740132,0.8571428571428571,0.8571428571428571,0.9797605375682124,0.9,0.97
top_100__full_excl_covid,full_excl_covid,sparse_jl,100,3.0,10,0.7,50000,300,,0.0062475670000026184,0.0022571889999767336,0.7998643020000031,0.05320721943967692,0.04463372527973303,0.1324287176984483,0.9754363050154693,50000,0.5439229843561973,0.2,0.5830324909747292,0.4,0.8519073683894225,0.39233783314267145,0.35431381827829317,0.5328530066034624,0.8333333333333334,0.8333333333333334,0.97778095860253,0.8,0.97
top_100__full_excl_covid,full_excl_covid,sparse_jl,100,3.0,11,0.7,50000,300,,0.0067438170000286846,0.0010150990000283855,0.7595850889999838,0.04930251386819653,0.04174602047104059,0.12169593422813833,1.000431577787098,50000,0.5511432009626955,0.4,0.5977135980746089,0.4,0.7197460971284116,0.49663113305835077,0.4823822012042332,0.5662531437969985,0.9047619047619048,0.9047619047619048,0.9807014575937741,0.9,0.97
top_100__full_excl_covid,full_excl_covid,sparse_jl,100,3.0,12,0.7,50000,300,,0.013178514999992785,0.005344546999992872,0.8071208490000004,0.05632313217328935,0.047922752957536785,0.13703506601089518,0.9874506741622198,50000,0.5200962695547532,0.2,0.5707581227436822,0.4,0.6752656078892063,0.6183839522030322,0.4325654707580631,0.5754050102834339,0.8809523809523809,0.8809523809523809,0.9749601014443778,1.0,0.97
top_100__full_excl_covid,full_excl_covid,sparse_jl,100,3.0,13,0.7,50000,300,,0.01437029400000256,0.0015835489999744823,0.8121873059999984,0.0521895179357813,0.043727420975972264,0.12943737797194352,0.9890610256531331,50000,0.5410348977135981,0.2,0.594344163658243,0.4,0.6922631760125815,0.5621295588635576,0.36751942050240405,0.5406373851261811,0.8571428571428571,0.8571428571428571,0.9782745254832158,0.9,0.97
top_100__full_excl_covid,full_excl_covid,sparse_jl,100,3.0,14,0.7,50000,300,,0.005871148000039739,0.0015215890000490617,0.822821432000012,0.048115743479112155,0.040496859671732555,0.11833707356506218,0.9968021139165703,50000,0.5448856799037305,0.2,0.5944645006016848,0.4,0.8597177677068265,0.7340013203605589,0.38061696414201485,0.6581120174031335,0.9047619047619048,0.9047619047619048,0.981818219838532,0.8,0.97
top_100__full_excl_covid,full_excl_covid,sparse_jl,100,3.0,15,0.7,50000,300,,0.005466127000033794,0.0006577099999844904,0.8261662809999848,0.050116600599036276,0.04228701065738205,0.12418078882220224,0.9928908472337689,50000,0.5482551143200962,0.4,0.5918170878459686,0.4,0.7977775865118454,0.607471516463175,0.2979746845102456,0.5677412624950887,0.8571428571428571,0.8571428571428571,0.9790614345747333,1.0,0.97
top_100__full_excl_covid,full_excl_covid,sparse_jl,100,3.0,16,0.7,50000,300,,0.006012386999998398,0.001155779999976403,0.775351521999994,0.04916378310133454,0.04152842903372561,0.12167899052890425,0.9899405952897733,50000,0.5405535499398316,0.2,0.5912154031287604,0.4,0.7987778116983247,0.6590969493422639,0.4538129451734797,0.6372292354046895,0.9047619047619048,0.9047619047619048,0.9808328426173452,0.8,0.97
top_100__full_excl_covid,full_excl_covid,sparse_jl,100,3.0,17,0.7,50000,300,,0.007279857000014545,0.001552948999972159,0.9127813740000192,0.05424972309198742,0.04565045449304145,0.13325952435365934,0.9877735141291774,50000,0.5393501805054152,0.2,0.5837545126353791,0.4,0.7648056485943714,0.5663683719540482,0.43391940565264775,0.5883644754003559,0.8571428571428571,0.8571428571428571,0.9771448192101926,0.9,0.97
top_100__full_excl_covid,full_excl_covid,sparse_jl,100,3.0,18,0.7,50000,300,,0.006301946999997199,0.0010978790000422123,0.7556003800000326,0.05580535348168436,0.047103152038709795,0.13707747274890256,0.9814837840126629,50000,0.5299638989169675,0.2,0.5778580024067389,0.4,0.7949609447536365,0.2636763964578825,0.38445312375510093,0.48103015498887336,0.8333333333333334,0.8333333333333334,0.9756913867633823,0.7,0.97
top_100__full_excl_covid,full_excl_covid,sparse_jl,100,3.0,19,0.7,50000,300,,0.006803606999994827,0.0012503589999823816,0.7942021139999724,0.06064143449803871,0.05287879034053006,0.1429245577007943,0.9614174761889626,50000,0.5407942238267148,0.2,0.5856799037304452,0.4,0.7641597116984599,0.34275875807542777,0.32433394298121593,0.47708413758503454,0.8095238095238095,0.8095238095238095,0.9769958687847753,0.8,0.97
top_100__full_excl_covid,full_excl_covid,sparse_jl,100,3.0,20,0.7,50000,300,,0.006082078000019919,0.001254208999966977,0.8047685700000216,0.05360837872532266,0.04417802892170686,0.13562021426148357,1.010806809840743,50000,0.5160048134777376,0.2,0.5755716004813478,0.4,0.7154198094782892,0.5437672445771834,0.38155891169031714,0.5469153219152633,0.8333333333333334,0.8333333333333334,0.9764197236042196,1.0,0.97
top_100__full_excl_covid,full_excl_covid,sparse_jl,100,3.0,21,0.7,50000,300,,0.005869768000025033,0.0013640889999919636,0.8292562290000092,0.05314649235018632,0.04541021527133404,0.1294097803463909,0.9854861314880771,50000,0.5513838748495787,0.2,0.5859205776173285,0.4,0.7106865920225078,0.536207696065054,0.5497836285660271,0.5988926388845297,0.8571428571428571,0.8571428571428571,0.9770460974695783,0.8,0.97
top_100__full_excl_covid,full_excl_covid,sparse_jl,100,3.0,22,0.7,50000,300,,0.005361477000008108,0.0019817190000139817,0.8093049870000186,0.05414899650246005,0.046735209763248686,0.1308309811904487,0.9799971897952476,50000,0.5309265944645006,0.2,0.5862815884476534,0.4,0.7834846615023441,0.26774516411675764,0.4747900101446699,0.5086732785879239,0.8571428571428571,0.8571428571428571,0.9776390343378513,0.8,0.97
top_100__full_excl_covid,full_excl_covid,sparse_jl,100,3.0,23,0.7,50000,300,,0.005424008000034064,0.002011939999988499,0.7964614630000142,0.05896625524748369,0.04998308435414711,0.14352215981431582,1.012704580742524,50000,0.5186522262334536,0.2,0.5750902527075812,0.4,0.7972110335166409,0.44002642780350487,0.345280832108238,0.5275060978094612,0.9047619047619048,0.9047619047619048,0.9775903321701133,0.8,0.97
top_100__full_excl_covid,full_excl_covid,sparse_jl,100,3.0,24,0.7,50000,300,,0.00474691800002347,0.0013937500000338332,0.8072585079999612,0.05496948962305018,0.04729175784632944,0.13221340954545155,1.0205868049829927,50000,0.5386281588447653,0.2,0.5983152827918171,0.4,0.8075497536150713,0.6679108003757911,0.38419615203426954,0.6198855686750441,0.9047619047619048,0.9047619047619048,0.9796995605303747,1.0,0.97
top_100__full_excl_covid,full_excl_covid,sparse_jl,100,3.0,25,0.7,50000,300,,0.008171146999984558,0.0011581689999502487,0.7550313410000058,0.05124084532127497,0.04385764854470342,0.12516751854519012,0.9863173264465159,50000,0.5395908543922984,0.2,0.588086642599278,0.4,0.7993993393007146,0.5408085397346287,0.31385013279495105,0.5513526706100981,0.9285714285714286,0.9285714285714286,0.9791163682778878,0.8,0.97
top_100__full_excl_covid,full_excl_covid,sparse_jl,100,3.0,26,0.7,50000,300,,0.007206166999992547,0.0011475800000084746,0.7860911170000122,0.05131003118678423,0.043213443236350846,0.1279182453993533,1.0073368749732567,50000,0.5578820697954272,0.2,0.6018050541516244,0.4,0.7833374097026224,0.6745366030261628,0.5042306318614063,0.6540348815300638,0.8333333333333334,0.8333333333333334,0.9802863495080014,0.8,0.97
top_100__full_excl_covid,full_excl_covid,sparse_jl,100,3.0,27,0.7,50000,300,,0.006020077000016499,0.0012841199999797936,0.7907103549999874,0.054016734791662094,0.04468755495380394,0.1359815510012679,0.9985712134521075,50000,0.5186522262334536,0.2,0.5669073405535499,0.4,0.7924662754594607,0.6479524708311637,0.4504238657661066,0.630280870685577,0.8571428571428571,0.8571428571428571,0.9774172920507356,0.9,0.97
top_100__full_excl_covid,full_excl_covid,sparse_jl,100,3.0,28,0.7,50000,300,,0.011880935000021964,0.0014648889999762105,0.7708680339999887,0.05877784928039792,0.04998585423930091,0.14337084479864973,1.0208683149968172,50000,0.5258724428399518,0.2,0.5780986762936221,0.4,0.7193861650360146,0.2865522079950641,0.33520935836014515,0.4470492437970746,0.9047619047619048,0.9047619047619048,0.9754993383698636,0.6,0.97
top_100__full_excl_covid,full_excl_covid,sparse_jl,100,3.0,29,0.7,50000,300,,0.005969617999994625,0.0013238200000387224,0.8116067469999848,0.05357395824387674,0.04505630523583454,0.13247303390744067,1.0017087891975152,50000,0.548014440433213,0.4,0.5918170878459688,0.4,0.806081762837992,0.6103386784576547,0.48606864802487604,0.6341630297735076,0.8809523809523809,0.8809523809523809,0.9763354514977431,0.7,0.97
top_100__full_excl_covid,full_excl_covid,sparse_jl,100,3.0,30,0.7,50000,300,,0.007363967000003413,0.00163901899998109,0.7880210060000081,0.050614228938341305,0.042571637523293904,0.12561910687233682,0.9954144824182366,50000,0.5424789410348977,0.2,0.5854392298435619,0.4,0.7816743577995751,0.2869468023892937,0.41775743326368964,0.4954595311508528,0.8809523809523809,0.8809523809523809,0.9796748853230192,0.8,0.97
top_100__full_excl_covid,full_excl_covid,sparse_jl,100,3.0,31,0.7,50000,300,,0.008211295999956292,0.0014007599999672493,0.8184529440000006,0.05566380071534594,0.047122141397083706,0.13669837169196206,1.0040968800409615,50000,0.5359807460890493,0.2,0.5877256317689531,0.4,0.734670709288453,0.6525384810767562,0.4013477179678361,0.5961856361110152,0.8333333333333334,0.8333333333333334,0.9769749994144866,0.8,0.97
top_100__full_excl_covid,full_excl_covid,sparse_jl,100,3.0,32,0.7,50000,300,,0.006730267000023105,0.0013348989999713012,0.7970112930000255,0.05241367449878317,0.044239841191332396,0.12901233553516528,1.0062723676133465,50000,0.5220216606498195,0.2,0.5843561973525873,0.4,0.7715646842341035,0.3857220926405308,0.5088598059718374,0.5553821942821573,0.9047619047619048,0.9047619047619048,0.9789957106961585,0.9,0.97
top_100__full_excl_covid,full_excl_covid,sparse_jl,100,3.0,33,0.7,50000,300,,0.006119286999989981,0.0015618489999837948,0.7951362239999753,0.053780047463055626,0.04575293290638893,0.13073267835967667,1.001241881854403,50000,0.538387484957882,0.2,0.5874849578820698,0.4,0.6731443003474031,0.38818530618063984,0.4138048138271961,0.49171147345174643,0.8809523809523809,0.8809523809523809,0.9814136300826743,0.9,0.97
top_100__full_excl_covid,full_excl_covid,sparse_jl,100,3.0,34,0.7,50000,300,,0.006667317999983879,0.0010114890000068044,0.744071616000042,0.049735316619066036,0.04190611215146156,0.1230058641364401,0.9919168779175246,50000,0.5379061371841155,0.2,0.585078219013237,0.4,0.7975503626336323,0.5181350713701066,0.3701261137018923,0.5619371825685437,0.8571428571428571,0.8571428571428571,0.9801532706778237,1.0,0.97
top_100__full_excl_covid,full_excl_covid,sparse_jl,100,3.0,35,0.7,50000,300,,0.006056948000036755,0.0009951989999876787,0.7399121870000158,0.05372871521513357,0.04525015625839224,0.1331817092212063,0.9947147466730938,50000,0.5258724428399518,0.2,0.577496991576414,0.4,0.7114299192438659,0.3231499105805128,0.3771879283527627,0.4705892527257138,0.8809523809523809,0.8809523809523809,0.9762533541553049,0.9,0.97
top_100__full_excl_covid,full_excl_covid,sparse_jl,100,3.0,36,0.7,50000,300,,0.005680677999976069,0.001964039000029061,0.7863523670000063,0.05814994803950809,0.050126231477299,0.13988470822270957,1.0227259366074875,50000,0.5465703971119134,0.2,0.5868832731648617,0.4,0.6613425637286997,0.4807829784957837,0.5352038236341997,0.5591097886195611,0.7857142857142857,0.7857142857142857,0.9778232201229242,0.9,0.97
top_100__full_excl_covid,full_excl_covid,sparse_jl,100,3.0,37,0.7,50000,300,,0.00775440699999308,0.0016178390000050058,0.876757509000015,0.0481914787972388,0.04007278368351069,0.12054091668419702,0.999330521107203,50000,0.5417569193742479,0.2,0.5957882069795427,0.4,0.8458374991598815,0.5903081305921634,0.39250661701308204,0.609550748921709,0.8571428571428571,0.8571428571428571,0.9810506954226235,0.9,0.97
top_100__full_excl_covid,full_excl_covid,sparse_jl,100,3.0,38,0.7,50000,300,,0.006293186999982936,0.0014514199999666744,0.7994974719999846,0.0570824672746895,0.048248434698203724,0.14051023048780545,1.0173050772304066,50000,0.5513838748495788,0.2,0.5922984356197353,0.4,0.774301124779385,0.39125401075349664,0.32489126898786164,0.4968154681735811,0.8571428571428571,0.8571428571428571,0.9779499001281438,0.7,0.97
top_100__full_excl_covid,full_excl_covid,sparse_jl,100,3.0,39,0.7,50000,300,,0.00897422700001016,0.0012778889999935927,0.8146248950000086,0.0552637186161191,0.04640436948422966,0.13669797352036975,1.003533840808709,50000,0.5186522262334536,0.2,0.5719614921780987,0.4,0.7696994136600763,0.5817016833220284,0.44599342695344146,0.5991315079785154,0.8809523809523809,0.8809523809523809,0.9744370497820217,0.9,0.97
top_100__full_excl_covid,full_excl_covid,sparse_jl,100,3.0,40,0.7,50000,300,,0.007926915999973971,0.001008569999953579,0.8451109619999784,0.05181386351037716,0.044081383114206396,0.12676402866181813,0.9821199601570266,50000,0.5367027677496992,0.2,0.5931407942238267,0.4,0.7798940367163875,0.6462529641363848,0.44313743067601247,0.6230948105095949,0.8809523809523809,0.8809523809523809,0.9780334194316839,0.7,0.97
top_100__full_excl_covid,full_excl_covid,sparse_jl,100,3.0,41,0.7,50000,300,,0.005724936999968122,0.0014803500000084568,0.7895107960000018,0.05797862409437397,0.049743594090609744,0.14072181526426206,1.0176472535955605,50000,0.5379061371841155,0.2,0.58676293622142,0.4,0.7551598068921901,0.3532988883888669,0.6270774454983084,0.5785120469264551,0.8095238095238095,0.8095238095238095,0.9782648436010076,0.8,0.97
top_100__full_excl_covid,full_excl_covid,sparse_jl,100,3.0,42,0.7,50000,300,,0.006954716999985067,0.0013985100000013517,0.8568389669999874,0.05300758030486972,0.045790052091916555,0.12735137264742832,1.0145687408504607,50000,0.5595667870036101,0.4,0.6002406738868833,0.4,0.8484260681789474,0.6301641682499952,0.4486514889542902,0.6424139084610777,0.9523809523809523,0.9523809523809523,0.9786355572247334,0.8,0.97
top_100__full_excl_covid,full_excl_covid,sparse_jl,100,3.0,43,0.7,50000,300,,0.003982718999964163,0.001352489999987938,0.78664792699999,0.05065910071610081,0.04319957907221772,0.1240306160683336,0.9996926298811823,50000,0.5496991576413959,0.4,0.6031287605294825,0.4,0.7038766327134904,0.6542776541778478,0.4056250568322431,0.5879264479078604,0.8333333333333334,0.8333333333333334,0.9782711169588099,1.0,0.97
top_100__full_excl_covid,full_excl_covid,sparse_jl,100,3.0,44,0.7,50000,300,,0.004979988000002322,0.0011814389999926789,0.8114593469999818,0.049907298217006756,0.04191305832880321,0.12271144399546272,0.9966360343764188,50000,0.5415162454873647,0.2,0.5919374247894104,0.4,0.7874815405313385,0.5740793320534915,0.4393422338785847,0.6003010354878049,0.8571428571428571,0.8571428571428571,0.9811473469551629,0.8,0.97
top_100__full_excl_covid,full_excl_covid,sparse_jl,100,3.0,45,0.7,50000,300,,0.007057786999951077,0.00119038999997656,0.8255187899999896,0.05534539154793369,0.04650149431233502,0.13778359824702308,1.016502835402053,50000,0.5381468110709988,0.2,0.5755716004813478,0.4,0.7619391320947526,0.24387179545181834,0.47521366154294536,0.4936748630298388,0.8809523809523809,0.8809523809523809,0.9780084305564383,0.8,0.97
top_100__full_excl_covid,full_excl_covid,sparse_jl,100,3.0,46,0.7,50000,300,,0.006460048000008101,0.0012730889999943429,0.8458082220000165,0.05574841872469113,0.04721062330041381,0.13606484407620026,0.983315057539165,50000,0.5364620938628158,0.2,0.5821901323706378,0.4,0.6643094464926342,0.49169208800622016,0.4965003391576549,0.5508339578855032,0.8095238095238095,0.8095238095238095,0.9762861219942252,1.0,0.97
top_100__full_excl_covid,full_excl_covid,sparse_jl,100,3.0,47,0.7,50000,300,,0.007271666999997706,0.0015691790000005312,0.8083752279999885,0.05969566516866817,0.05007797187239088,0.14776404660016587,1.0230481104412517,50000,0.5249097472924188,0.2,0.5684717208182912,0.4,0.6760483548713918,0.5407821452709595,0.4608823672023366,0.5592376224482293,0.8809523809523809,0.8809523809523809,0.9782094707628068,0.9,0.97
top_100__full_excl_covid,full_excl_covid,sparse_jl,100,3.0,48,0.7,50000,300,,0.007647816000030616,0.001402589999997872,0.8730337000000077,0.05656805533064362,0.04764801007322789,0.1393677016116759,1.003064692722448,50000,0.5220216606498195,0.2,0.5699157641395908,0.4,0.7033270247738271,0.5080979291726856,0.4051478704123586,0.5388576081196238,0.8095238095238095,0.8095238095238095,0.9752747730717369,1.0,0.97
top_100__full_excl_covid,full_excl_covid,sparse_jl,100,3.0,49,0.7,50000,300,,0.0073920769999631375,0.0011982699999748547,0.8480514010000206,0.05351953982804243,0.04539991842380331,0.13096647195897354,1.0092473705694294,50000,0.5499398315282792,0.2,0.5984356197352587,0.4,0.6761362580876812,0.4769552721277535,0.5458745661413819,0.566322032118939,0.8571428571428571,0.8571428571428571,0.9793425855602358,0.9,0.97
top_100__full_excl_covid,full_excl_covid,sparse_jl,100,5.0,0,0.7,50000,500,,0.0064690870000276846,0.0011854589999984455,0.8746100209999668,0.05570865968204982,0.04642910172218517,0.13920165932637765,0.9845270946283128,50000,0.5191335740072202,0.2,0.5628158844765343,0.4,0.7044275613576916,0.5457921004668371,0.4661602783586214,0.5721266467277167,0.8809523809523809,0.8809523809523809,0.9755844260128544,0.8,0.95
top_100__full_excl_covid,full_excl_covid,sparse_jl,100,5.0,1,0.7,50000,500,,0.003959528999985196,0.0010242790000347668,0.918459232000032,0.051814204179363776,0.04403811030094473,0.12766756013164643,0.9962094979363373,50000,0.534777376654633,0.2,0.5954271961492178,0.4,0.7849514690466999,0.5486126895808071,0.5117213002669614,0.6150951529648229,0.9047619047619048,0.9047619047619048,0.9791482996691012,0.8,0.95
top_100__full_excl_covid,full_excl_covid,sparse_jl,100,5.0,2,0.7,50000,500,,0.004711317999976927,0.0008354400000030182,0.9109567649999804,0.062472899845351725,0.0540902457601371,0.1476155671955492,1.0298765986407712,50000,0.5525872442839951,0.2,0.5791817087845968,0.4,0.8716501003778375,0.5407751309423136,0.33645303811094474,0.5829594231436986,0.8809523809523809,0.8809523809523809,0.9777635186678398,0.9,0.95
top_100__full_excl_covid,full_excl_covid,sparse_jl,100,5.0,3,0.7,50000,500,,0.005953016999967531,0.0012082700000064506,0.9254790279999838,0.055495097608582115,0.04714672440554063,0.1349606837756738,0.9823894431823019,50000,0.5277978339350181,0.2,0.574849578820698,0.4,0.7044110973090216,0.47112798485676943,0.36642705389668817,0.5139887120208265,0.8333333333333334,0.8333333333333334,0.9765757420127609,0.8,0.95
top_100__full_excl_covid,full_excl_covid,sparse_jl,100,5.0,4,0.7,50000,500,,0.006569836999972267,0.0010753999999906227,0.9291077170000221,0.05387950968395401,0.045287027627862464,0.13282784177550294,1.0056481731090574,50000,0.541034897713598,0.2,0.5873646209386282,0.4,0.7147787898567177,0.3814831858659643,0.3444547653298964,0.48023891368419275,0.8571428571428571,0.8571428571428571,0.9775749624434978,0.8,0.95
top_100__full_excl_covid,full_excl_covid,sparse_jl,100,5.0,5,0.7,50000,500,,0.005970418000003974,0.001257339000005686,0.8810591069999987,0.06034875109218129,0.05234144358248877,0.14275631102570013,0.9743940282113942,50000,0.5229843561973525,0.2,0.5752105896510228,0.4,0.7091259244800993,0.5215809620736849,0.47960170406757757,0.5701028635404539,0.8333333333333334,0.8333333333333334,0.974265473446131,0.8,0.95
top_100__full_excl_covid,full_excl_covid,sparse_jl,100,5.0,6,0.7,50000,500,,0.007090957000002618,0.001155610000012075,0.9849820329999943,0.04820089016764674,0.04084858922680684,0.11817154442370087,0.9884180961260528,50000,0.5484957882069795,0.2,0.5967509025270757,0.4,0.7074721216965512,0.3055313156360738,0.3387069914690153,0.45057014293388004,0.9047619047619048,0.9047619047619048,0.9814022962162451,0.9,0.95
top_100__full_excl_covid,full_excl_covid,sparse_jl,100,5.0,7,0.7,50000,500,,0.007714716999998927,0.004254147999972702,0.8596892360000083,0.057702823667144375,0.049637536901526225,0.13853510837229854,0.9771396678984022,50000,0.5107099879663056,0.2,0.564259927797834,0.4,0.7700981121479116,0.5298472873068814,0.35734907289532075,0.5524314907833713,0.8809523809523809,0.8809523809523809,0.97472278031872,0.8,0.95
top_100__full_excl_covid,full_excl_covid,sparse_jl,100,5.0,8,0.7,50000,500,,0.009354816999973536,0.0009582890000388034,0.8301576889999751,0.05304307999484677,0.04505533707903814,0.1297840341627115,0.9823277084112028,50000,0.5302045728038508,0.2,0.5884476534296029,0.4,0.6999282556189419,0.4888385019062395,0.36847600753204124,0.5190809216857409,0.8571428571428571,0.8571428571428571,0.976195722908295,1.0,0.95
top_100__full_excl_covid,full_excl_covid,sparse_jl,100,5.0,9,0.7,50000,500,,0.0061842769999884695,0.0010764189999576956,1.0592443019999678,0.04912290935775632,0.041162582843076,0.12216607343994715,0.9944761979482244,50000,0.5364620938628158,0.2,0.5909747292418772,0.4,0.8110953187755697,0.28841777191977963,0.4251670798318365,0.508226723509062,0.9523809523809523,0.9523809523809523,0.9803013846555341,0.9,0.95
top_100__full_excl_covid,full_excl_covid,sparse_jl,100,5.0,10,0.7,50000,500,,0.006119077999983347,0.0012504189999731352,0.9293165170000179,0.06379903847700825,0.05568993632207325,0.15016339554267794,1.0351295774217883,50000,0.5511432009626955,0.2,0.5908543922984356,0.4,0.7229032570481921,0.49480382208720386,0.4798478790035646,0.5658516527129868,0.8809523809523809,0.8809523809523809,0.9809468922621893,0.9,0.95
top_100__full_excl_covid,full_excl_covid,sparse_jl,100,5.0,11,0.7,50000,500,,0.006230206999987331,0.000981770000009874,0.9874481830000263,0.07037643041707711,0.06096306024303949,0.16768050600580253,1.0432047792505088,50000,0.5379061371841155,0.2,0.5772563176895308,0.4,0.7826710759087313,0.3682366446491512,0.48295126526179355,0.544619661939892,0.8809523809523809,0.8809523809523809,0.9739215261490282,0.8,0.95
top_100__full_excl_covid,full_excl_covid,sparse_jl,100,5.0,12,0.7,50000,500,,0.006339837999973952,0.0015850199999931647,0.9627468319999934,0.05504021884734415,0.047138132989052894,0.1335810048414983,1.0205500406099886,50000,0.561251504211793,0.4,0.6063778580024067,0.4,0.7468518186377778,0.6345814729957236,0.4445477296164106,0.6086603404166374,0.8571428571428571,0.8571428571428571,0.9803289037850931,0.8,0.95
top_100__full_excl_covid,full_excl_covid,sparse_jl,100,5.0,13,0.7,50000,500,,0.005848278000030405,0.0013929489999782163,1.093842058000007,0.05136465885455197,0.04407008570941112,0.12416862217498789,0.9813256825657969,50000,0.5468110709987966,0.2,0.5909747292418772,0.4,0.8078576697544533,0.563590004610656,0.45730244234233464,0.6095833722358147,0.8571428571428571,0.8571428571428571,0.9791170165248608,0.9,0.95
top_100__full_excl_covid,full_excl_covid,sparse_jl,100,5.0,14,0.7,50000,500,,0.0071942370000215305,0.0018135290000032,0.957410555000024,0.06770345720877616,0.05766212781960833,0.1642797113950772,1.0375684771460534,50000,0.5362214199759326,0.2,0.5817087845968713,0.4,0.7921289942370401,0.6336314470499559,0.420805800628923,0.6155220806386397,0.9047619047619048,0.9047619047619048,0.977272586597431,0.9,0.95
top_100__full_excl_covid,full_excl_covid,sparse_jl,100,5.0,15,0.7,50000,500,,0.006763357000011183,0.0018124989999819263,0.9486165890000393,0.04999010142152684,0.04195459510915833,0.12436026073814432,0.9961916818325897,50000,0.5417569193742479,0.2,0.5949458483754513,0.4,0.8315956653157974,0.2657285622012164,0.4070913747883165,0.5014718674351101,0.8809523809523809,0.8809523809523809,0.9796755753923776,0.7,0.95
top_100__full_excl_covid,full_excl_covid,sparse_jl,100,5.0,16,0.7,50000,500,,0.006279267999957483,0.001502699000013763,0.9060105059999728,0.05171684291844189,0.04358322608630416,0.12814477825495818,0.9979562061176682,50000,0.5306859205776173,0.2,0.581107099879663,0.4,0.7511730307501149,0.6601505636525756,0.42322697470141085,0.6115168563680338,0.8809523809523809,0.8809523809523809,0.9799325112167636,0.9,0.95
top_100__full_excl_covid,full_excl_covid,sparse_jl,100,5.0,17,0.7,50000,500,,0.0055852570000070045,0.001480780000008508,1.0538229539999975,0.0551100819081563,0.04669324055659896,0.13496332944117242,1.0142984720740638,50000,0.5359807460890493,0.2,0.5800240673886883,0.4,0.7310518014927178,0.47500283215831235,0.4096668352415725,0.5385738229642009,0.8809523809523809,0.8809523809523809,0.9785025202169411,0.8,0.95
top_100__full_excl_covid,full_excl_covid,sparse_jl,100,5.0,18,0.7,50000,500,,0.006920048000040424,0.001562408999973286,0.9851810129999876,0.05196552784089743,0.04399980005068743,0.12860763206553325,0.9992134374251702,50000,0.5523465703971119,0.2,0.5908543922984356,0.4,0.7996736690608958,0.3884496019017004,0.37813508537707413,0.5220861187798901,0.9047619047619048,0.9047619047619048,0.9801888197053696,0.7,0.95
top_100__full_excl_covid,full_excl_covid,sparse_jl,100,5.0,19,0.7,50000,500,,0.005454967999980909,0.0010579990000110229,0.860396326,0.05716774965375525,0.049556565779772244,0.13685597201941554,0.970710874644308,50000,0.543682310469314,0.2,0.5814681107099878,0.4,0.7912121707201882,0.5012107981474377,0.33661536366945255,0.5430127775123594,0.8095238095238095,0.8095238095238095,0.9763294708966385,0.9,0.95
top_100__full_excl_covid,full_excl_covid,sparse_jl,100,5.0,20,0.7,50000,500,,0.011369694999984858,0.002496018999977423,0.9959044889999973,0.06816320028691752,0.057608495459866293,0.16722803064839828,1.0316137667823908,50000,0.534777376654633,0.2,0.5797833935018051,0.4,0.7416267052163162,0.3547110080863011,0.34053297799025706,0.4789568970976248,0.8333333333333334,0.8333333333333334,0.9763668810203322,0.9,0.95
top_100__full_excl_covid,full_excl_covid,sparse_jl,100,5.0,21,0.7,50000,500,,0.006381616999988182,0.0017181599999958053,0.9954660180000019,0.056088536639071644,0.04756450327585576,0.13676239323563466,0.9898761109096529,50000,0.532129963898917,0.2,0.5714801444043321,0.4,0.7195801253363879,0.4285868008406439,0.3367883700488332,0.494985098741955,0.8571428571428571,0.8571428571428571,0.9769579567924572,0.7,0.95
top_100__full_excl_covid,full_excl_covid,sparse_jl,100,5.0,22,0.7,50000,500,,0.007619707000003473,0.0015864490000012665,0.9518216270000153,0.05170560203896086,0.04404537264944375,0.12609329352725432,0.9858505139241007,50000,0.54632972322503,0.2,0.5992779783393501,0.4,0.7414343779499412,0.5340147034673356,0.5192867550819232,0.5982452788330667,0.8333333333333334,0.8333333333333334,0.979528946109347,0.9,0.95
top_100__full_excl_covid,full_excl_covid,sparse_jl,100,5.0,23,0.7,50000,500,,0.013664554000001772,0.005227017000038359,0.9136978230000068,0.05417288293204743,0.045489823560200204,0.13458179974950896,1.0004760063091978,50000,0.5311672683513838,0.2,0.5826714801444043,0.4,0.6934886514752999,0.6340674141885964,0.41983881907727066,0.582464961580389,0.8333333333333334,0.8333333333333334,0.9749579685027251,0.9,0.95
top_100__full_excl_covid,full_excl_covid,sparse_jl,100,5.0,24,0.7,50000,500,,0.004230799000026764,0.0012595090000218079,0.9504010379999954,0.06725807826017022,0.05789867734730486,0.1607465575689538,0.9675711690499221,50000,0.5174488567990373,0.2,0.5598074608904934,0.3,0.6855234715451403,0.2969558707251089,0.30842349782774847,0.43030094669933255,0.8333333333333334,0.8333333333333334,0.9652625567529768,0.7,0.95
top_100__full_excl_covid,full_excl_covid,sparse_jl,100,5.0,25,0.7,50000,500,,0.0067714269999896715,0.0014272799999730523,0.927560007000011,0.05254737965738391,0.043696182111312765,0.13090319388144503,1.000562468034213,50000,0.5393501805054152,0.2,0.594344163658243,0.4,0.7944612351437172,0.5481927875107633,0.41411300804420403,0.5855890102328948,0.8809523809523809,0.8809523809523809,0.9761794121780094,0.9,0.95
top_100__full_excl_covid,full_excl_covid,sparse_jl,100,5.0,26,0.7,50000,500,,0.006859547000033217,0.0014115989999936573,0.9740355579999687,0.0644608133579065,0.0560419860632409,0.15337031008664326,1.0312589049546248,50000,0.5460890493381468,0.4,0.5882069795427196,0.4,0.8299848250902606,0.6555687556711924,0.3945882924842164,0.6267139577485564,0.8809523809523809,0.8809523809523809,0.978493800249596,0.9,0.95
top_100__full_excl_covid,full_excl_covid,sparse_jl,100,5.0,27,0.7,50000,500,,0.011308055000029071,0.004288728999995328,0.8963974600000029,0.05238860294675464,0.04435722754088317,0.12822518852886752,0.9912642621914863,50000,0.5326113116726835,0.2,0.5779783393501805,0.4,0.7505996376969165,0.2994559664175637,0.44530288877506713,0.49845283096318244,0.8809523809523809,0.8809523809523809,0.9773027823596523,0.9,0.95
top_100__full_excl_covid,full_excl_covid,sparse_jl,100,5.0,28,0.7,50000,500,,0.00649574700003086,0.0010452490000147918,0.8856854549999866,0.05219298841414709,0.044562569777707006,0.12648430776643815,1.0005171570957243,50000,0.5220216606498195,0.2,0.5785800240673887,0.4,0.7787236175449475,0.4963692295402501,0.4261618811722871,0.5670849094191616,0.9285714285714286,0.9285714285714286,0.9811246583111115,0.9,0.95
top_100__full_excl_covid,full_excl_covid,sparse_jl,100,5.0,29,0.7,50000,500,,0.017147343000033288,0.0033535379999989345,0.9557296059999771,0.05674860997637444,0.04837521693046648,0.13846807814536052,0.9954643567270688,50000,0.5205776173285198,0.2,0.5648616125150421,0.4,0.768093238193842,0.358795755706917,0.39816959581828776,0.5083528632396823,0.8333333333333334,0.8333333333333334,0.9732152506164619,0.8,0.95
top_100__full_excl_covid,full_excl_covid,sparse_jl,100,5.0,30,0.7,50000,500,,0.011434575000009772,0.0021140090000244527,0.9035273779999784,0.04915744616349107,0.0412210394261735,0.1220773426774153,0.9974396435952918,50000,0.5429602888086642,0.2,0.5901323706377858,0.4,0.6531816169788528,0.5785757946235822,0.4230492622696746,0.5516022246240365,0.9285714285714286,0.9285714285714286,0.9799635852490772,0.9,0.95
top_100__full_excl_covid,full_excl_covid,sparse_jl,100,5.0,31,0.7,50000,500,,0.006066807999957291,0.000888529999997445,0.8866147049999995,0.0507548740592762,0.04219527369423831,0.12628641274630437,1.0017395943620222,50000,0.5316486161251504,0.2,0.5851985559566787,0.4,0.8480640381894349,0.2480035189475342,0.47112842579539266,0.5223986609774539,0.8571428571428571,0.8571428571428571,0.9791686253483805,0.8,0.95
top_100__full_excl_covid,full_excl_covid,sparse_jl,100,5.0,32,0.7,50000,500,,0.010556704999999056,0.0015530389999867111,0.824170812000034,0.04998357510117482,0.041610771550598724,0.1254004111950811,0.9962818108251738,50000,0.5403128760529483,0.2,0.5888086642599277,0.4,0.8296537426797446,0.4715001719038474,0.34506201373355366,0.5487386427723818,0.9047619047619048,0.9047619047619048,0.9790060408253395,1.0,0.95
top_100__full_excl_covid,full_excl_covid,sparse_jl,100,5.0,33,0.7,50000,500,,0.007146216999956323,0.0012646790000303554,0.8032907099999989,0.057719477757388366,0.04977933939519119,0.1388959800141103,0.9796241505508461,50000,0.5415162454873647,0.4,0.5849578820697954,0.4,0.7710301705702376,0.42453353117402187,0.5808018179665113,0.5921218399035902,0.8333333333333334,0.8333333333333334,0.9749819536407222,0.8,0.95
top_100__full_excl_covid,full_excl_covid,sparse_jl,100,5.0,34,0.7,50000,500,,0.007932845999960136,0.0014035400000125264,0.791767464999964,0.053161166504770735,0.045803605461962826,0.12772252004586487,0.9933815281608465,50000,0.5367027677496992,0.2,0.5883273164861612,0.4,0.7587173600421644,0.5304190161513589,0.3800382583960536,0.5563915448631923,0.8333333333333334,0.8333333333333334,0.9790429072580239,1.0,0.95
top_100__full_excl_covid,full_excl_covid,sparse_jl,100,5.0,35,0.7,50000,500,,0.007307357000001957,0.0017494690000035007,0.7696987839999565,0.051073461289411426,0.04282804258180245,0.12654080472570295,0.9910554281647541,50000,0.5381468110709988,0.2,0.5903730445246691,0.4,0.7804829218493741,0.47380981669762473,0.4329695581765709,0.5624207655745233,0.8571428571428571,0.8571428571428571,0.9785076434591461,1.0,0.95
top_100__full_excl_covid,full_excl_covid,sparse_jl,100,5.0,36,0.7,50000,500,,0.007011336999994455,0.002184248999981264,0.7396526169999902,0.05580022573819858,0.0476591113644983,0.13582596168151975,0.9763429236290186,50000,0.5304452466907341,0.2,0.5791817087845968,0.4,0.6594798867594305,0.5857312777205685,0.36400838544862407,0.5364065166428743,0.8809523809523809,0.8809523809523809,0.9763343222933386,0.9,0.95
top_100__full_excl_covid,full_excl_covid,sparse_jl,100,5.0,37,0.7,50000,500,,0.009166586999981519,0.001933228999973835,0.7106921590000184,0.06253288936877019,0.05286082778783696,0.153410704230977,1.0295414622476566,50000,0.5475330926594465,0.2,0.594344163658243,0.4,0.76233640409549,0.38798710718178814,0.418482589585543,0.5229353669542737,0.8809523809523809,0.8809523809523809,0.9772110449573913,0.7,0.95
top_100__full_excl_covid,full_excl_covid,sparse_jl,100,5.0,38,0.7,50000,500,,0.006850027000041337,0.0012898290000293855,0.7762372020000043,0.05072283772977823,0.04260897701583333,0.126143417464437,1.012296489091908,50000,0.548977135980746,0.4,0.5960288808664259,0.4,0.7263275433843306,0.6642390606851971,0.4755869244687177,0.6220511761794151,0.9285714285714286,0.9285714285714286,0.9816307300850164,0.9,0.95
top_100__full_excl_covid,full_excl_covid,sparse_jl,100,5.0,39,0.7,50000,500,,0.007891256999982943,0.0010143000000084612,0.6637758499999791,0.05802658582256303,0.049527796010634784,0.14058282533432176,1.0165822715944743,50000,0.5335740072202165,0.2,0.5909747292418773,0.4,0.8011251799848861,0.6205146302457851,0.3568660295775867,0.592835279936086,0.9523809523809523,0.9523809523809523,0.9759797521103575,0.8,0.95
top_100__full_excl_covid,full_excl_covid,sparse_jl,100,5.0,40,0.7,50000,500,,0.011620274999984304,0.0012473790000058216,0.7130375779999554,0.05280547389210677,0.044421544504101074,0.13021794182992816,1.0029279673921427,50000,0.5415162454873647,0.2,0.579783393501805,0.4,0.6926746727292952,0.5611914929416871,0.37332924079114993,0.5423984688207107,0.8571428571428571,0.8571428571428571,0.9777146701217533,0.9,0.95
top_100__full_excl_covid,full_excl_covid,sparse_jl,100,5.0,41,0.7,50000,500,,0.006268046999991839,0.0009894489999737743,0.6743199439999898,0.052178307319063214,0.044157521647206655,0.12714949941740641,0.9929328474528356,50000,0.5465703971119134,0.2,0.5868832731648616,0.4,0.6966551138245254,0.33962335278371575,0.3737293849332407,0.470002617180494,0.8809523809523809,0.8809523809523809,0.9805021530163976,0.9,0.95
top_100__full_excl_covid,full_excl_covid,sparse_jl,100,5.0,42,0.7,50000,500,,0.006326547000014671,0.00111801899998909,0.5578061630000093,0.05911573857931997,0.05077732343981428,0.14242148457451817,0.9745878693457399,50000,0.5200962695547532,0.2,0.5740072202166066,0.4,0.6924000912668191,0.6028336404341073,0.3746557987915448,0.5566298434974905,0.9047619047619048,0.9047619047619048,0.9734926794096687,0.8,0.95
top_100__full_excl_covid,full_excl_covid,sparse_jl,100,5.0,43,0.7,50000,500,,0.00572480800002495,0.001084159000015461,0.605854604000001,0.05073817771543225,0.04314436963747287,0.12351649573341379,1.0034214579816212,50000,0.5530685920577617,0.4,0.5948255114320097,0.4,0.8549044190987298,0.38861940841590514,0.3333303275685554,0.5256180516943968,0.9047619047619048,0.9047619047619048,0.9799551998608149,0.9,0.95
top_100__full_excl_covid,full_excl_covid,sparse_jl,100,5.0,44,0.7,50000,500,,0.0058947979999857125,0.0012203399999748399,0.6471018359999903,0.055341546765292494,0.047830481113805945,0.13224746218227484,0.9919678699590504,50000,0.5400722021660649,0.2,0.5839951865222622,0.4,0.7283122666111851,0.41925642509953714,0.36653572849828714,0.5047014734030031,0.8333333333333334,0.8333333333333334,0.9777913932876743,1.0,0.95
top_100__full_excl_covid,full_excl_covid,sparse_jl,100,5.0,45,0.7,50000,500,,0.00795568699999194,0.0016878490000067359,0.4955099799999516,0.0481322986102442,0.04068662178441246,0.11848369291259953,0.9923615894960598,50000,0.5588447653429602,0.4,0.6027677496991576,0.4,0.8486126437119652,0.686921160760101,0.5464227032766624,0.6939855025829096,0.9285714285714286,0.9285714285714286,0.9807376548682928,0.9,0.95
top_100__full_excl_covid,full_excl_covid,sparse_jl,100,5.0,46,0.7,50000,500,,0.006473616999983278,0.0011115989999552767,0.5311279950000198,0.054103468487011586,0.04623343060742591,0.1314114043138079,1.0181561271333772,50000,0.5458483754512635,0.4,0.5910950661853189,0.4,0.7852541878652844,0.5836596234319411,0.5204144482725924,0.6297760865232727,0.8571428571428571,0.8571428571428571,0.9798450606090007,0.9,0.95
top_100__full_excl_covid,full_excl_covid,sparse_jl,100,5.0,47,0.7,50000,500,,0.007120347000011407,0.0012617589999877055,0.5753179669999895,0.056197111570682946,0.047621692406502936,0.1368135900627655,1.0211061476439878,50000,0.5484957882069795,0.2,0.6020457280385078,0.4,0.7880633387516341,0.6061501928015326,0.5326645199250873,0.6422926838260846,0.9047619047619048,0.9047619047619048,0.9808766306548046,0.8,0.95
top_100__full_excl_covid,full_excl_covid,sparse_jl,100,5.0,48,0.7,50000,500,,0.005597628000032273,0.0011915690000137147,0.5122006130000045,0.06554293298334578,0.05614354726867865,0.15784786199462586,1.032267027992606,50000,0.5415162454873647,0.2,0.585439229843562,0.4,0.8478220434997978,0.44608730409426367,0.345424634093515,0.5464446605625255,0.8809523809523809,0.8809523809523809,0.9764460507957963,0.7,0.95
top_100__full_excl_covid,full_excl_covid,sparse_jl,100,5.0,49,0.7,50000,500,,0.004794948000039767,0.001501689000008355,0.42090638200005515,0.05591297933336032,0.04728794588741325,0.13716522965889896,0.9770143572282829,50000,0.5362214199759325,0.2,0.5859205776173285,0.4,0.7021801906043649,0.6289863577066195,0.3273871029174735,0.5528512170761526,0.7619047619047619,0.7619047619047619,0.9771130551085206,0.9,0.95
top_100__full_incl_covid,full_incl_covid,dense_jl,5,,0,0.7,50000,500,,0.00019552000003386638,0.00045946900002036273,0.6508096740000155,0.30970370257437635,0.2654158225103971,0.7476813884129611,1.1502570770865672,50000,0.05270758122743683,0.0,0.08567990373044523,0.0,0.41424590452908305,0.24256010319168006,0.16344016148551735,0.27341538973542684,0.6190476190476191,0.6190476190476191,0.7390512550061393,0.6,0.0
top_100__full_incl_covid,full_incl_covid,dense_jl,5,,1,0.7,50000,500,,0.000216770000008637,0.000835709999989831,0.5825833129999864,0.2675101449356733,0.24432492482492152,0.5935419959163526,0.8008304004107774,50000,0.04163658243080626,0.0,0.06558363417569193,0.0,0.10081316224218873,0.09541169415962562,0.07140669944782205,0.08921051861654546,0.4523809523809524,0.4523809523809524,0.66574711090962,0.5,0.0
top_100__full_incl_covid,full_incl_covid,dense_jl,5,,2,0.7,50000,500,,0.0001750989999891317,0.0005336699999816119,0.6554636930000015,0.22393105946357156,0.1918596253959508,0.5408463043244466,0.9390634402805027,50000,0.048616125150421186,0.0,0.0753309265944645,0.0,0.29474693854073425,0.15350498460852982,0.13241021912935855,0.19355404742620755,0.5476190476190477,0.5476190476190477,0.7265246977914434,0.6,0.0
top_100__full_incl_covid,full_incl_covid,dense_jl,5,,3,0.7,50000,500,,0.0003450599999723636,0.000650790000008783,0.6723463750000178,0.22968791079785766,0.1970763149425031,0.5534646868407307,0.9486092828563674,50000,0.046690734055354996,0.0,0.07111913357400722,0.0,0.09961966809908998,0.09622855955391792,0.10816355997202946,0.10133726254167913,0.5238095238095238,0.5238095238095238,0.7023411543982092,0.5,0.0
top_100__full_incl_covid,full_incl_covid,dense_jl,5,,4,0.7,50000,500,,0.00017736900002773837,0.00045399000003953915,0.5922054499999945,0.23165656913209912,0.20075441150869006,0.5509677834446103,0.9060438691061105,50000,0.04259927797833936,0.0,0.06726835138387485,0.0,0.17266234410289386,0.12939251684370023,0.08767359203422195,0.1299094843269387,0.5476190476190477,0.5476190476190477,0.7165562276877573,0.5,0.0
top_100__full_incl_covid,full_incl_covid,dense_jl,5,,5,0.7,50000,500,,0.00023774899995032683,0.00035700000000815635,0.7175902760000099,0.24542898838395072,0.21649671800504638,0.5689440523668906,0.8793447362897142,50000,0.03561973525872443,0.0,0.05667870036101083,0.0,0.07933778182421092,0.09976496092645847,0.08329396097965112,0.08746556791010685,0.38095238095238093,0.38095238095238093,0.696489387151494,0.4,0.0
top_100__full_incl_covid,full_incl_covid,dense_jl,5,,6,0.7,50000,500,,0.00029886999999462205,0.000422209000021212,0.6431299469999772,0.2518390982230802,0.21679951853120216,0.6055268137241294,1.018327231948256,50000,0.03850782190132371,0.0,0.06630565583634175,0.0,0.3064319036707715,0.14321477305778169,0.11100696637680432,0.18688454770178584,0.6904761904761905,0.6904761904761905,0.7324702099149165,0.4,0.0
top_100__full_incl_covid,full_incl_covid,dense_jl,5,,7,0.7,50000,500,,0.00015625000003183231,0.0005722500000047148,0.526992416999974,0.2302661579243665,0.19961486752278962,0.5495572884874214,0.9392262306021655,50000,0.05006016847172082,0.0,0.08411552346570397,0.0,0.48754961082731624,0.26510304114804534,0.16559770766519208,0.3060834532135179,0.7857142857142857,0.7857142857142857,0.7484943732162752,0.6,0.0
top_100__full_incl_covid,full_incl_covid,dense_jl,5,,8,0.7,50000,500,,0.0004378600000336519,0.0004362200000400662,0.691814767999972,0.23763516953870084,0.2076040057715297,0.558567697278275,0.8988336409491242,50000,0.03513838748495788,0.0,0.06233453670276775,0.0,0.2728022667557929,0.10929678056782174,0.07331418388007316,0.15180441040122927,0.5238095238095238,0.5238095238095238,0.6673089469792527,0.5,0.0
top_100__full_incl_covid,full_incl_covid,dense_jl,5,,9,0.7,50000,500,,0.0003773099999762053,0.00047056899995823187,0.7070676310000295,0.2425898851681233,0.2063887650361908,0.586048139563093,0.9904518759836755,50000,0.0421179302045728,0.0,0.06714801444043321,0.0,0.12260032170176033,0.13273855280012184,0.09417612483247814,0.11650499977812012,0.42857142857142855,0.42857142857142855,0.7178130949234316,0.5,0.0
top_100__full_incl_covid,full_incl_covid,dense_jl,5,,10,0.7,50000,500,,0.0002849200000127894,0.000422850000006747,0.6686569170000212,0.2547885393719625,0.21953740631226654,0.6129997602481485,1.0034377488660766,50000,0.04981949458483755,0.0,0.07460890493381468,0.0,0.28827996786688653,0.19471581603600188,0.1437114573645866,0.208902413755825,0.6428571428571429,0.6428571428571429,0.7059784263407419,0.4,0.0
top_100__full_incl_covid,full_incl_covid,dense_jl,5,,11,0.7,50000,500,,0.00018073900002946175,0.00043989000005240086,0.6679791370000316,0.25072493196067047,0.21995878010498893,0.5901990674731153,1.0317147254468237,50000,0.05583634175691938,0.0,0.0871239470517449,0.0,0.39685999873183386,0.19300066560618767,0.1445005052970297,0.2447870565450171,0.6666666666666666,0.6666666666666666,0.7584746999662075,0.6,0.0
top_100__full_incl_covid,full_incl_covid,dense_jl,5,,12,0.7,50000,500,,0.00023176999997076564,0.0005364900000017769,0.634581331999982,0.27569560598389087,0.251255967213426,0.6151323003632287,0.8119550295834274,50000,0.02888086642599278,0.0,0.05102286401925391,0.0,0.06828805621167228,0.0732531128318216,0.057671141953359505,0.0664041036656178,0.42857142857142855,0.42857142857142855,0.6089092345499744,0.3,0.0
top_100__full_incl_covid,full_incl_covid,dense_jl,5,,13,0.7,50000,500,,0.00014789900001233036,0.0003190399999652982,0.5593029730000012,0.25653719813198517,0.22540596401587687,0.5982942907075866,0.906390926423095,50000,0.031287605294825514,0.0,0.0516245487364621,0.0,0.04491130920977619,0.07119087014301732,0.06291715858248631,0.05967311264509328,0.42857142857142855,0.42857142857142855,0.6220278294516582,0.1,0.0
top_100__full_incl_covid,full_incl_covid,dense_jl,5,,14,0.7,50000,500,,0.0003624799999784045,0.0006441500000278211,0.6654257779999853,0.23247166970074826,0.20232831338176221,0.5511935206186942,0.9170124267438206,50000,0.041877256317689536,0.0,0.06991576413959084,0.0,0.1487421993162846,0.1652444280018166,0.12400359363792346,0.1459967403186749,0.5476190476190477,0.5476190476190477,0.710423204899576,0.5,0.0
top_100__full_incl_covid,full_incl_covid,dense_jl,5,,15,0.7,50000,500,,0.00023110000000770015,0.00033498999999892476,0.6577488010000252,0.23503117475960542,0.20145900727317828,0.5637570707935375,0.9548937560706153,50000,0.048134777376654635,0.0,0.0740072202166065,0.0,0.29984017127443363,0.17451544513276693,0.10438273953000717,0.1929127853124026,0.5714285714285714,0.5714285714285714,0.7311787973889448,0.5,0.0
top_100__full_incl_covid,full_incl_covid,dense_jl,5,,16,0.7,50000,500,,0.0004749400000036985,0.0004227100000093742,0.6654194980000057,0.2410942338310465,0.20858017751717145,0.5744817957905202,0.9449333383495128,50000,0.04428399518652227,0.0,0.06979542719614922,0.0,0.1923473141367953,0.12461199503827583,0.08517794850823734,0.13404575256110282,0.5238095238095238,0.5238095238095238,0.6584031418648768,0.5,0.0
top_100__full_incl_covid,full_incl_covid,dense_jl,5,,17,0.7,50000,500,,0.0001756999999997788,0.0007398789999797373,0.5634467010000321,0.2603087964594305,0.2247941648539934,0.6183310189800426,0.9449555554480082,50000,0.041877256317689536,0.0,0.059085439229843564,0.0,0.1083629829699874,0.08189976529135445,0.07824280605816095,0.08950185143983429,0.4523809523809524,0.4523809523809524,0.6329975483717709,0.4,0.0
top_100__full_incl_covid,full_incl_covid,dense_jl,5,,18,0.7,50000,500,,0.0004003189999934875,0.000752019999993081,0.604050873999995,0.2510558780700955,0.22131763161380008,0.5862072763292635,0.9296605943592149,50000,0.03561973525872443,0.0,0.05980746089049339,0.0,0.08449708885545237,0.08224753619840867,0.0755841930029126,0.08077627268559122,0.42857142857142855,0.42857142857142855,0.6407236067290544,0.3,0.0
top_100__full_incl_covid,full_incl_covid,dense_jl,5,,19,0.7,50000,500,,0.0002764090000368924,0.00038467999996782964,0.7346317290000002,0.22408121834447892,0.19110657579810214,0.5440037135628122,0.9940939066666683,50000,0.056558363417569195,0.0,0.0927797833935018,0.0,0.42648146040326596,0.2657843550667221,0.17108384366708707,0.2877832197123584,0.5952380952380952,0.5952380952380952,0.7459660427324403,0.7,0.0
top_100__full_incl_covid,full_incl_covid,dense_jl,5,,20,0.7,50000,500,,0.0004216199999973469,0.000335700000050565,0.5404623910000055,0.29080437915794816,0.25446549881753977,0.6772443688451744,1.1306335813210895,50000,0.05848375451263538,0.0,0.09578820697954271,0.0,0.4365916044765136,0.2181144165816948,0.23011524473146275,0.2949404219298904,0.7380952380952381,0.7380952380952381,0.7526957245811905,0.6,0.0
top_100__full_incl_covid,full_incl_covid,dense_jl,5,,21,0.7,50000,500,,0.0001567790000081004,0.0003455800000438103,0.533211854000001,0.2824841521848138,0.2609904125476036,0.6177951207394715,0.8121256942797312,50000,0.027677496991576414,0.0,0.0470517448856799,0.0,0.07465670928575158,0.05432188847706315,0.04913237149467102,0.05937032308582859,0.2857142857142857,0.2857142857142857,0.5526241873910526,0.2,0.0
top_100__full_incl_covid,full_incl_covid,dense_jl,5,,22,0.7,50000,500,,0.00016199100002722844,0.00027227900000070804,0.5489439379999794,0.2361702770818974,0.20543070413288123,0.5622872550834197,0.9236835039744289,50000,0.04693140794223827,0.0,0.07015643802647413,0.0,0.12355264178117337,0.1527721447344244,0.12159922495353287,0.13264133715637688,0.5476190476190477,0.5476190476190477,0.7073932567258759,0.7,0.0
top_100__full_incl_covid,full_incl_covid,dense_jl,5,,23,0.7,50000,500,,0.00015017100002978623,0.00031181999997897947,0.5537494159999596,0.24970530470003818,0.2184381544739598,0.586682719732103,0.8972638165481184,50000,0.03369434416365824,0.0,0.06040914560770157,0.0,0.08616457949282137,0.11091397166432707,0.0839595119896874,0.09367935438227863,0.47619047619047616,0.47619047619047616,0.679229602386218,0.4,0.0
top_100__full_incl_covid,full_incl_covid,dense_jl,5,,24,0.7,50000,500,,0.00017209000003504116,0.00023658999998588115,0.5612409619999994,0.23567498210193494,0.1990027754517535,0.5787071107042904,0.9920096201663067,50000,0.05198555956678701,0.0,0.0838748495788207,0.0,0.4211088047266079,0.14650704976687434,0.1328310099860191,0.23348228815983374,0.6190476190476191,0.6190476190476191,0.7199839067461179,0.5,0.0
top_100__full_incl_covid,full_incl_covid,dense_jl,5,,25,0.7,50000,500,,0.0001778099999683036,0.00047182899999143046,0.5575062839999987,0.24392876331783514,0.21035073739992727,0.5818507043641262,0.9509005065994135,50000,0.04091456077015644,0.0,0.06979542719614922,0.0,0.14192817577050826,0.1297476790551734,0.10892681842171162,0.12686755774913108,0.5476190476190477,0.5476190476190477,0.6712240241164601,0.3,0.0
top_100__full_incl_covid,full_incl_covid,dense_jl,5,,26,0.7,50000,500,,0.0001626100000180486,0.0003539900000077978,0.5594374929999617,0.24643602909538742,0.21609580269326278,0.5822143181630764,0.9396063434910422,50000,0.03706377858002407,0.0,0.059927797833935016,0.0,0.11382640533372347,0.15620278443000624,0.10993532661684301,0.12665483879352424,0.47619047619047616,0.47619047619047616,0.6776155301572856,0.3,0.0
top_100__full_incl_covid,full_incl_covid,dense_jl,5,,27,0.7,50000,500,,0.00021017000000256303,0.0004882599999973536,0.5878686810000318,0.23859986185645393,0.2063854888273866,0.5709044844980311,0.949417669574778,50000,0.04476534296028881,0.0,0.0707581227436823,0.0,0.2970720438346917,0.17944969339705397,0.11405986863266723,0.19686053528813763,0.5714285714285714,0.5714285714285714,0.7072734565030464,0.7,0.0
top_100__full_incl_covid,full_incl_covid,dense_jl,5,,28,0.7,50000,500,,0.0004237999999645581,0.0014079889999720763,0.5825295839999853,0.243060343845895,0.20776306615030077,0.5920515952149792,1.0217572507925317,50000,0.0592057761732852,0.0,0.08664259927797834,0.0,0.31394645934217796,0.23168462500431145,0.16614760222701136,0.23725956219116692,0.7142857142857143,0.7142857142857143,0.7505479359816383,0.6,0.0
top_100__full_incl_covid,full_incl_covid,dense_jl,5,,29,0.7,50000,500,,0.00014489999995248581,0.0004124399999909656,0.5759450559999664,0.23552649262704828,0.19965850662086881,0.5739534319069383,0.9452789471123001,50000,0.03898916967509026,0.0,0.06895306859205777,0.0,0.09238034887787194,0.11706787367300125,0.09162049828785136,0.10035624027957485,0.6428571428571429,0.6428571428571429,0.7131135971266348,0.5,0.0
top_100__full_incl_covid,full_incl_covid,dense_jl,5,,30,0.7,50000,500,,0.00023965999997699328,0.0007739199999718949,0.5216253400000141,0.2854853671442671,0.24581206166915265,0.6839012376557883,1.1444642202690185,50000,0.057280385078219025,0.0,0.0914560770156438,0.0,0.4883301162749883,0.23650798521617966,0.18022313234182424,0.30168707794433075,0.5714285714285714,0.5714285714285714,0.8098620530441677,0.6,0.0
top_100__full_incl_covid,full_incl_covid,dense_jl,5,,31,0.7,50000,500,,0.0001799890000029336,0.0005663499999855048,0.5893319410000117,0.2617683108022475,0.2262749286053924,0.6245882034320097,1.0180513739676837,50000,0.05054151624548736,0.0,0.07894103489771359,0.0,0.27327924210823273,0.17503946062282255,0.12716910350877042,0.19182926874660855,0.5714285714285714,0.5714285714285714,0.7114523701582223,0.7,0.0
top_100__full_incl_covid,full_incl_covid,dense_jl,5,,32,0.7,50000,500,,0.0007890399999723741,0.0018311689999563896,0.6294987540000534,0.2734177160239137,0.2487033703091837,0.6102826696735904,0.8402498537729242,50000,0.0296028880866426,0.0,0.04945848375451263,0.0,0.05599632135248641,0.07057867401934434,0.06600668833356256,0.06419389456846443,0.3333333333333333,0.3333333333333333,0.5995274070455663,0.5,0.0
top_100__full_incl_covid,full_incl_covid,dense_jl,5,,33,0.7,50000,500,,0.0004036800000335461,0.0003176999999823238,0.5730571180000084,0.2379423174478908,0.2094633482366871,0.5585593660722245,0.876449144477465,50000,0.03874849578820698,0.0,0.06762936221419977,0.0,0.3049485575924995,0.1340006432053645,0.09423456045356778,0.17772792041714394,0.47619047619047616,0.47619047619047616,0.7014286945058769,0.7,0.0
top_100__full_incl_covid,full_incl_covid,dense_jl,5,,34,0.7,50000,500,,0.00021881999998640822,0.0006572490000280595,0.5221894200000179,0.23231805270254724,0.20009487575193802,0.5569586110283715,0.9109252173066555,50000,0.0421179302045728,0.0,0.07123947051744885,0.0,0.13326953833863592,0.106996083862144,0.095697379180516,0.11198766712709864,0.5952380952380952,0.5952380952380952,0.7143260699002618,0.5,0.0
top_100__full_incl_covid,full_incl_covid,dense_jl,5,,35,0.7,50000,500,,0.00033680900003218994,0.0005369989999621794,0.5358134539999924,0.23876261629692025,0.20520811230411817,0.5716221373893721,0.9530061935614891,50000,0.03754512635379062,0.0,0.06811070998796631,0.0,0.13308060895737284,0.15040647016476608,0.10468035583210014,0.12938914498474632,0.5,0.5,0.709266606832774,0.6,0.0
top_100__full_incl_covid,full_incl_covid,dense_jl,5,,36,0.7,50000,500,,0.00023863999996365237,0.000374530000044615,0.539306511999996,0.254075252319653,0.2248697339246412,0.588469728538337,0.8729298657086149,50000,0.042839951865222624,0.0,0.060529482551143196,0.0,0.16851549264611276,0.12029408608157906,0.09551433508312142,0.12810797127027107,0.5,0.5,0.682860308214251,0.4,0.0
top_100__full_incl_covid,full_incl_covid,dense_jl,5,,37,0.7,50000,500,,0.0002017900000055306,0.0003420300000129828,0.5112865340000212,0.25498896829537243,0.22275748945369156,0.598528652650355,0.9539943622006668,50000,0.04091456077015644,0.0,0.06666666666666667,0.0,0.11369871674007598,0.0938533173927903,0.10075011281487803,0.10276738231591476,0.38095238095238093,0.38095238095238093,0.6614979147358665,0.6,0.0
top_100__full_incl_covid,full_incl_covid,dense_jl,5,,38,0.7,50000,500,,0.00018992000002526765,0.0004519400000049245,0.566119910999987,0.23326680016810042,0.20386222211035215,0.5504589501479744,0.900441828313998,50000,0.04476534296028881,0.0,0.07196149217809869,0.0,0.12497969282964315,0.13206041223277318,0.1107934401972349,0.12261118175321707,0.5,0.5,0.7048533623524924,0.5,0.0
top_100__full_incl_covid,full_incl_covid,dense_jl,5,,39,0.7,50000,500,,0.00017517100002351071,0.00044041899997182554,0.5470639789999723,0.2558931138934718,0.2228117359228346,0.6031260265433527,0.9778777873197865,50000,0.04717208182912155,0.0,0.07725631768953069,0.0,0.31968079213106665,0.189509281318015,0.13217702954906194,0.21378903433271454,0.6666666666666666,0.6666666666666666,0.6916302114874382,0.4,0.0
top_100__full_incl_covid,full_incl_covid,dense_jl,5,,40,0.7,50000,500,,0.0002070300000127645,0.0003032099999700222,0.5885385809999661,0.2433231349755649,0.21200016599009974,0.5788557197036089,0.9109494118481696,50000,0.03345367027677497,0.0,0.05559566787003611,0.0,0.07923926226662661,0.08776580869263242,0.08749779213758767,0.08483428769894891,0.5952380952380952,0.5952380952380952,0.6677574293285331,0.3,0.0
top_100__full_incl_covid,full_incl_covid,dense_jl,5,,41,0.7,50000,500,,0.00020437999995692735,0.0007673599999975522,0.5863244610000038,0.24043524622503576,0.21051429700769514,0.5658140854142425,0.9054546623685511,50000,0.03489771359807461,0.0,0.05764139590854392,0.0,0.08771219710523949,0.07459702419056567,0.06445026593192268,0.07558649574257595,0.5238095238095238,0.5238095238095238,0.6869348750179836,0.5,0.0
top_100__full_incl_covid,full_incl_covid,dense_jl,5,,42,0.7,50000,500,,0.00019111000000293643,0.003554839000003085,0.5644252309999729,0.29850842681274536,0.28248238023976796,0.6303807763406124,0.7594633010769426,50000,0.025992779783393503,0.0,0.04464500601684717,0.0,0.04288967776776988,0.02950854010948933,0.03263344094467184,0.03501055294064368,0.3333333333333333,0.3333333333333333,0.6064730596922541,0.1,0.0
top_100__full_incl_covid,full_incl_covid,dense_jl,5,,43,0.7,50000,500,,0.00022726999998212705,0.00047199000005093694,0.5739816770000061,0.24648693384462483,0.2127180646654498,0.5884768096370907,0.9587336604727459,50000,0.044043321299639,0.0,0.06979542719614922,0.0,0.262749116470294,0.16711359537711498,0.11494479528380518,0.1816025023770714,0.5714285714285714,0.5714285714285714,0.6904014070723326,0.4,0.0
top_100__full_incl_covid,full_incl_covid,dense_jl,5,,44,0.7,50000,500,,0.00017328000001270993,0.0003483700000401768,0.5614584019999711,0.2288102939555314,0.197324159122237,0.5502882927424823,0.9686745501696237,50000,0.04693140794223827,0.0,0.07593261131167268,0.0,0.39254886642127346,0.20436001229893103,0.15953276998405777,0.25214721623475406,0.6190476190476191,0.6190476190476191,0.749734260563498,0.9,0.0
top_100__full_incl_covid,full_incl_covid,dense_jl,5,,45,0.7,50000,500,,0.00017919999999094216,0.00030591000000868007,0.7153399469999613,0.2396979725836645,0.20807194804298812,0.5675457785341869,0.9184611982441424,50000,0.039711191335740074,0.0,0.06474127557160048,0.0,0.2653852920507577,0.12083696699887489,0.12534030148414074,0.17052085351125779,0.5714285714285714,0.5714285714285714,0.7080512692257505,0.6,0.0
top_100__full_incl_covid,full_incl_covid,dense_jl,5,,46,0.7,50000,500,,0.00018744999999853462,0.00024878000004946443,0.5896219210000027,0.23267197603205378,0.1993131082397136,0.5642105698127551,0.9840249233926549,50000,0.05824308062575211,0.0,0.08255114320096268,0.0,0.3135404957947382,0.17476245502863658,0.14958846751591834,0.21263047277976435,0.5714285714285714,0.5714285714285714,0.7470629393441579,0.6,0.0
top_100__full_incl_covid,full_incl_covid,dense_jl,5,,47,0.7,50000,500,,0.00017579000001433087,0.00028493999997181163,0.5940994680000244,0.24242309734672401,0.21163476431601813,0.5724639625959494,0.8941408175392408,50000,0.03634175691937425,0.0,0.06522262334536703,0.0,0.28364091560881294,0.1353155922683509,0.10736670466825032,0.1754410708484714,0.5476190476190477,0.5476190476190477,0.6658860030513611,0.5,0.0
top_100__full_incl_covid,full_incl_covid,dense_jl,5,,48,0.7,50000,500,,0.00016727000001992565,0.000264959999981329,0.5303459359999465,0.2741373833234799,0.24054073116634062,0.6392964329126627,1.0954164498669985,50000,0.048134777376654635,0.0,0.08531889290012035,0.0,0.5693144322436127,0.31627402445298575,0.20498424119851175,0.36352423263170336,0.6666666666666666,0.6666666666666666,0.7698073326351783,0.7,0.0
top_100__full_incl_covid,full_incl_covid,dense_jl,5,,49,0.7,50000,500,,0.00023293000003832276,0.0005468800000016927,0.5400589619999892,0.24142897273507075,0.20843770882547907,0.5746003347237024,0.9731830292083161,50000,0.04404332129963899,0.0,0.07244283995186522,0.0,0.3174210246534346,0.13982642712861112,0.1193336571128491,0.19219370296496496,0.6190476190476191,0.6190476190476191,0.7201464285355806,0.7,0.0
top_100__full_incl_covid,full_incl_covid,dense_jl,10,,0,0.7,50000,1000,,0.00032815899999150133,0.003509017999988373,0.6007150560000127,0.20276675932645308,0.17488561569098116,0.48675249032970574,1.0412503490954472,50000,0.10589651022864019,0.0,0.15270758122743686,0.0,0.4555117712098285,0.27674296321153863,0.18655877470524032,0.30627116970886914,0.6428571428571429,0.6428571428571429,0.8444762457215699,0.8,0.0
top_100__full_incl_covid,full_incl_covid,dense_jl,10,,1,0.7,50000,1000,,0.000383611000017936,0.0006204089999641837,0.6088800419999529,0.17655124055194144,0.14929102439712993,0.43267986777890166,1.010237222565826,50000,0.10204572803850782,0.0,0.14115523465703972,0.0,0.3969500156516109,0.19766290718691878,0.17435421966624107,0.2563223808349236,0.7142857142857143,0.7142857142857143,0.8292518728064158,0.7,0.0
top_100__full_incl_covid,full_incl_covid,dense_jl,10,,2,0.7,50000,1000,,0.0002013990000477861,0.0003920099999845661,0.6156594999999925,0.20955966778188923,0.1786714079627728,0.5071779258106694,1.0834951470427978,50000,0.11985559566787003,0.0,0.16859205776173283,0.0,0.4830711309976919,0.2257146103154678,0.21085638649225583,0.30654737593513853,0.6428571428571429,0.6428571428571429,0.8546313900422572,0.8,0.0
top_100__full_incl_covid,full_incl_covid,dense_jl,10,,3,0.7,50000,1000,,0.00019062900003063987,0.0004819289999886678,0.6487451460000102,0.16663656015642828,0.14022242700761112,0.41073786270964574,1.0030930055526348,50000,0.11215403128760529,0.0,0.16125150421179302,0.0,0.4985173291995511,0.3413157362894493,0.18748902213924093,0.34244069587608045,0.6904761904761905,0.6904761904761905,0.847414393759431,0.5,0.0
top_100__full_incl_covid,full_incl_covid,dense_jl,10,,4,0.7,50000,1000,,0.00017243999997162973,0.0003757700000051045,0.67019316599999,0.18399011710184357,0.15528951653976814,0.4538671102517251,1.0564751427493386,50000,0.11817087845968711,0.0,0.1607701564380265,0.0,0.40992449552808974,0.23175729172581613,0.1981230479672333,0.279934945073713,0.6666666666666666,0.6666666666666666,0.8381704964819008,0.4,0.0
top_100__full_incl_covid,full_incl_covid,dense_jl,10,,5,0.7,50000,1000,,0.00023799000001645254,0.0002450100000146449,0.7174418860000173,0.1899116991093752,0.16702091114412765,0.4433216726821814,0.9110680453565626,50000,0.07918170878459686,0.0,0.11419975932611312,0.0,0.10549500925855139,0.09229894198257638,0.07892583942940935,0.09223993022351236,0.5,0.5,0.7546972393879878,0.6,0.0
top_100__full_incl_covid,full_incl_covid,dense_jl,10,,6,0.7,50000,1000,,0.00015106999995850856,0.0003799000000412889,0.6258176750000075,0.1723159901683342,0.14879224701185573,0.409271390152429,0.955503999927457,50000,0.09290012033694345,0.0,0.12851985559566786,0.0,0.10947315536701094,0.13248110524559917,0.14451088696939776,0.1288217158606693,0.47619047619047616,0.47619047619047616,0.7994612649431381,0.6,0.0
top_100__full_incl_covid,full_incl_covid,dense_jl,10,,7,0.7,50000,1000,,0.0001978509999958078,0.000277548999974897,0.6990169849999575,0.17261741359301364,0.15136872545235125,0.4058592954391987,1.010397710901052,50000,0.12202166064981951,0.0,0.17352587244283998,0.0,0.5839538688511025,0.3368612947272572,0.2619628567899535,0.39425934012277103,0.7142857142857143,0.7142857142857143,0.8666699636647115,0.7,0.0
top_100__full_incl_covid,full_incl_covid,dense_jl,10,,8,0.7,50000,1000,,0.00017974999997250052,0.0004158510000138449,0.681523612000035,0.1723549842645149,0.14913512699234305,0.4108079213702321,0.9623891688456909,50000,0.09482551143200961,0.0,0.1351383874849579,0.0,0.2642825591995684,0.180841589405076,0.14506494835361414,0.19672969898608617,0.5476190476190477,0.5476190476190477,0.7775393925047592,0.6,0.0
top_100__full_incl_covid,full_incl_covid,dense_jl,10,,9,0.7,50000,1000,,0.000180760000034752,0.0007750290000103632,0.7032407119999675,0.18956384230265208,0.16802975497888217,0.439193771102519,0.9191375161732827,50000,0.0871239470517449,0.0,0.12478941034897716,0.0,0.21699403068175532,0.1887783401319367,0.12602777875723073,0.1772667165236409,0.4523809523809524,0.4523809523809524,0.7757569224412227,0.3,0.0
top_100__full_incl_covid,full_incl_covid,dense_jl,10,,10,0.7,50000,1000,,0.0002073100000075101,0.0003467200000386583,0.6706215060000318,0.18341872481037816,0.15520340494240403,0.4505028255439503,1.010746801623586,50000,0.1022864019253911,0.0,0.13333333333333336,0.0,0.33265546942385904,0.17070687668608872,0.15419344054997366,0.2191852622199738,0.6904761904761905,0.6904761904761905,0.8060920159393474,0.8,0.0
top_100__full_incl_covid,full_incl_covid,dense_jl,10,,11,0.7,50000,1000,,0.00021065999999336782,0.0006804589999660493,0.6691838969999822,0.17216845720962226,0.14735537345023042,0.4184711690585142,0.9816951383626034,50000,0.09602888086642598,0.0,0.133453670276775,0.0,0.4937584984961924,0.19929040022943367,0.15605522602595456,0.28303470825052685,0.6904761904761905,0.6904761904761905,0.8371336986379285,0.7,0.0
top_100__full_incl_covid,full_incl_covid,dense_jl,10,,12,0.7,50000,1000,,0.00046331900000495807,0.0005294489999982943,0.749144992999959,0.17403423553923567,0.15209941914695957,0.4098472474116307,0.931725184908488,50000,0.09795427196149217,0.0,0.13273164861612516,0.0,0.1365341788892099,0.13067711970528198,0.12997366453280376,0.13239498770909855,0.5238095238095238,0.5238095238095238,0.8006298451233425,0.4,0.0
top_100__full_incl_covid,full_incl_covid,dense_jl,10,,13,0.7,50000,1000,,0.0006248899999832247,0.0008753189999879396,0.6906980680000174,0.16739775956462496,0.14277307564987402,0.4073365897126492,0.9562148657035777,50000,0.08567990373044523,0.0,0.1243080625752106,0.0,0.45872169731978185,0.15814806477710128,0.15013102102732578,0.25566692770806965,0.6190476190476191,0.6190476190476191,0.838896219423654,0.7,0.0
top_100__full_incl_covid,full_incl_covid,dense_jl,10,,14,0.7,50000,1000,,0.0002574199999685334,0.0002291199999717719,0.6987149939999995,0.16951007762752776,0.144725913113657,0.4102264501728517,0.9436826239469552,50000,0.10589651022864019,0.0,0.14211793020457283,0.0,0.4356769219455504,0.17964640782694133,0.14974281425234015,0.25502204800827727,0.6190476190476191,0.6190476190476191,0.8008576098339484,0.5,0.0
top_100__full_incl_covid,full_incl_covid,dense_jl,10,,15,0.7,50000,1000,,0.00019269000000576852,0.00040700000005244874,0.7235930439999834,0.22051454665126327,0.20450350168123121,0.4785126653428548,0.828854033112662,50000,0.0736462093862816,0.0,0.10445246690734057,0.0,0.08928451720823573,0.0766742814429821,0.057027796931244025,0.07432886519415395,0.42857142857142855,0.42857142857142855,0.7339457245811906,0.4,0.0
top_100__full_incl_covid,full_incl_covid,dense_jl,10,,16,0.7,50000,1000,,0.00021978000000899556,0.00030756000001019856,0.6623080900000105,0.1703046516622117,0.14720398807199148,0.4097086677388752,0.9870974111608141,50000,0.101323706377858,0.0,0.1489771359807461,0.0,0.49020183175976295,0.21456293396502374,0.17685332844073892,0.2938726980551752,0.6428571428571429,0.6428571428571429,0.8246724052555682,0.6,0.0
top_100__full_incl_covid,full_incl_covid,dense_jl,10,,17,0.7,50000,1000,,0.00019878000000517204,0.00036033999998608124,0.650686893999989,0.1822196638596847,0.15854153500815082,0.42872475845247354,0.9357983657627519,50000,0.08231046931407941,0.0,0.12262334536702768,0.0,0.10641894233771954,0.10977643998273785,0.11962795403874403,0.1119411121197338,0.38095238095238093,0.38095238095238093,0.7684298705513528,0.4,0.0
top_100__full_incl_covid,full_incl_covid,dense_jl,10,,18,0.7,50000,1000,,0.00030340999995814855,0.0008758200000329452,0.6585421620000034,0.1712487242603589,0.1450132033549995,0.41944903554672075,0.9888911404846635,50000,0.09723225030084236,0.0,0.13273164861612516,0.0,0.30087657588663774,0.18387414298775925,0.13501774139510764,0.20658948675650154,0.5714285714285714,0.5714285714285714,0.8229774903557578,0.6,0.0
top_100__full_incl_covid,full_incl_covid,dense_jl,10,,19,0.7,50000,1000,,0.0002290499999730855,0.00036599899999600893,0.6073491129999979,0.16086235069549132,0.13544819617421877,0.39680680878756247,0.9786175695254146,50000,0.10517448856799037,0.0,0.15800240673886884,0.0,0.4690067741053245,0.2705445159059227,0.18971944908452174,0.309756913031923,0.6904761904761905,0.6904761904761905,0.8382474496709413,0.7,0.0
top_100__full_incl_covid,full_incl_covid,dense_jl,10,,20,0.7,50000,1000,,0.0001849099999731152,0.0003931399999714813,0.6059486039999911,0.1659536957713401,0.14085104875153936,0.40617226432313,1.005740375768552,50000,0.11070998796630566,0.0,0.15788206979542718,0.0,0.5035855464106714,0.38945475149694264,0.20432682249398051,0.3657890401338649,0.7619047619047619,0.7619047619047619,0.8364419772954634,0.6,0.0
top_100__full_incl_covid,full_incl_covid,dense_jl,10,,21,0.7,50000,1000,,0.00022354999998697167,0.000713278999967315,0.6503360940000107,0.1857657420938847,0.16289889298723403,0.4351375771939913,0.9079339256492392,50000,0.08399518652226233,0.0,0.12418772563176897,0.0,0.14986697409418598,0.1341386411213252,0.12026681396565393,0.13475747639372168,0.5,0.5,0.77744516667057,0.6,0.0
top_100__full_incl_covid,full_incl_covid,dense_jl,10,,22,0.7,50000,1000,,0.0002113299999564333,0.00047585999999455453,0.6131860210000468,0.1935026250840792,0.1733096442046811,0.44117421428436504,0.8723016280729979,50000,0.08134777376654634,0.0,0.1154031287605295,0.0,0.14472402959625857,0.16059714133710204,0.10867155234952272,0.1379975744276278,0.4523809523809524,0.4523809523809524,0.8044445067133292,0.6,0.0
top_100__full_incl_covid,full_incl_covid,dense_jl,10,,23,0.7,50000,1000,,0.0002414999999587053,0.0005847589999916636,0.6107145010000181,0.16880295096803977,0.1449777289421902,0.410337667160888,0.9680619489700051,50000,0.10012033694344162,0.0,0.14175691937424792,0.0,0.41807675057534827,0.16898860637824223,0.1542829808157276,0.24711611258977273,0.5952380952380952,0.5952380952380952,0.8288926394274682,0.3,0.0
top_100__full_incl_covid,full_incl_covid,dense_jl,10,,24,0.7,50000,1000,,0.0003074300000207586,0.0006005200000345212,0.5750972669999896,0.17104675115886395,0.14453068366996824,0.42093799274029714,1.0139625265101602,50000,0.10661853188929,0.0,0.15427196149217812,0.0,0.31877115059266964,0.15526209560910578,0.1291289609000033,0.20105406903392628,0.7142857142857143,0.7142857142857143,0.8128643357099601,0.6,0.0
top_100__full_incl_covid,full_incl_covid,dense_jl,10,,25,0.7,50000,1000,,0.00018246000001909124,0.00046693000001596374,0.5974076069999796,0.17185602754109416,0.1449823654532471,0.4195564197361604,1.037477762449047,50000,0.11672683513838748,0.0,0.16522262334536705,0.0,0.43773345584076984,0.224031600817272,0.17710075019671762,0.27962193561825316,0.7380952380952381,0.7380952380952381,0.8375639464271971,0.7,0.0
top_100__full_incl_covid,full_incl_covid,dense_jl,10,,26,0.7,50000,1000,,0.00022032999999055392,0.0004916699999739649,0.6303862630000481,0.171295718590888,0.1460093038934508,0.4138840669836609,1.034392401424984,50000,0.11022864019253913,0.0,0.1512635379061372,0.0,0.38322982793106525,0.2519188492000808,0.14634736530904563,0.2604986808133973,0.7380952380952381,0.7380952380952381,0.8335109599743041,0.7,0.0
top_100__full_incl_covid,full_incl_covid,dense_jl,10,,27,0.7,50000,1000,,0.00021763999995982886,0.0004786599999988539,0.6538060940000037,0.18238308961291186,0.16031880517692687,0.4248202797549607,0.9200123501478914,50000,0.07990373044524669,0.0,0.12081829121540313,0.0,0.13786647288294254,0.16376012027412004,0.1446913120869436,0.1487726350813354,0.5238095238095238,0.5238095238095238,0.8031713914809472,0.4,0.0
top_100__full_incl_covid,full_incl_covid,dense_jl,10,,28,0.7,50000,1000,,0.0002510589999928925,0.0003115399999842339,0.6132827110000107,0.1665345848641501,0.14357493997572818,0.40017187098611257,0.9337833416556496,50000,0.08856799037304451,0.0,0.13670276774969917,0.0,0.16015180720034985,0.21292889467789142,0.13484181094516884,0.16930750427447006,0.6666666666666666,0.6666666666666666,0.8120734744030271,0.7,0.0
top_100__full_incl_covid,full_incl_covid,dense_jl,10,,29,0.7,50000,1000,,0.00021549999996750557,0.000463360000026114,0.664619067999979,0.1748523266754276,0.15345805963135656,0.4104676468441682,0.9382788064306866,50000,0.09723225030084236,0.0,0.13886883273164863,0.0,0.10327116494851657,0.12748696652223818,0.14599151308652558,0.12558321485242677,0.5714285714285714,0.5714285714285714,0.7995850173813832,0.6,0.0
top_100__full_incl_covid,full_incl_covid,dense_jl,10,,30,0.7,50000,1000,,0.00020646000001534048,0.0004211190000091847,0.6325885230000381,0.164471957238933,0.13825131657273265,0.4047662183544062,0.9626372472537008,50000,0.11143200962695547,0.0,0.15090252707581228,0.0,0.4749222315813928,0.21908313964012227,0.1705759986309221,0.2881937899508124,0.5714285714285714,0.5714285714285714,0.8247958022035378,0.7,0.0
top_100__full_incl_covid,full_incl_covid,dense_jl,10,,31,0.7,50000,1000,,0.0002081199999679484,0.0004098399999747926,0.6290937740000118,0.17610140093544513,0.15052769787473141,0.42308450713548945,0.9602088862314216,50000,0.08760529482551145,0.0,0.1296028880866426,0.0,0.41024466834450524,0.14524445241844025,0.1533411415559953,0.23627675410631363,0.5952380952380952,0.5952380952380952,0.788053205602192,0.7,0.0
top_100__full_incl_covid,full_incl_covid,dense_jl,10,,32,0.7,50000,1000,,0.00037469000000101005,0.0006464300000175172,0.6544082030000027,0.19053253930341044,0.16798365133696125,0.4452181506412497,0.9057784342183334,50000,0.07990373044524669,0.0,0.1161251504211793,0.0,0.11044608789215085,0.1381055270345232,0.12140004411032869,0.1233172196790009,0.5,0.5,0.7716239715875443,0.5,0.0
top_100__full_incl_covid,full_incl_covid,dense_jl,10,,33,0.7,50000,1000,,0.0004246800000373696,0.0006430889999933243,0.6640506690000052,0.1778879285497927,0.15617582915402545,0.41837215932573835,0.8973370349600366,50000,0.08279181708784597,0.0,0.12418772563176896,0.0,0.2622879489253546,0.1575923201544537,0.12686083257768452,0.18224703388583097,0.5238095238095238,0.5238095238095238,0.7955710721252128,0.5,0.0
top_100__full_incl_covid,full_incl_covid,dense_jl,10,,34,0.7,50000,1000,,0.00018904000000929955,0.0004739799999811112,0.5683233600000221,0.16936923355882122,0.14317698508535998,0.4176103264313668,0.9806622124447815,50000,0.0993983152827918,0.0,0.1421179302045728,0.0,0.43580614854187705,0.18800062967640077,0.14291199232678287,0.2555729235150202,0.6428571428571429,0.6428571428571429,0.8045056092183228,0.8,0.0
top_100__full_incl_covid,full_incl_covid,dense_jl,10,,35,0.7,50000,1000,,0.00021791000000348504,0.0003749190000235103,0.5698075590000258,0.17314020721755904,0.14774773057616408,0.4172640339887348,0.9378721351456123,50000,0.08279181708784597,0.0,0.1299638989169675,0.0,0.4918310645422506,0.2048522714030897,0.15563908928318362,0.2841074750761747,0.6666666666666666,0.6666666666666666,0.8284310248491885,0.7,0.0
top_100__full_incl_covid,full_incl_covid,dense_jl,10,,36,0.7,50000,1000,,0.00016448000002355911,0.0005355800000188538,0.6053555230000143,0.18428650472381217,0.16079538057151788,0.43344181868887965,0.9020226939785101,50000,0.0888086642599278,0.0,0.1252707581227437,0.0,0.2889600929638929,0.157575292657388,0.10889752554960831,0.18514430372362975,0.6428571428571429,0.6428571428571429,0.7984477412566121,0.6,0.0
top_100__full_incl_covid,full_incl_covid,dense_jl,10,,37,0.7,50000,1000,,0.00018446999996513114,0.0007435900000132278,0.5971141869999883,0.21077979678290237,0.1915741255186968,0.4711807898372696,0.8498043702617853,50000,0.0690734055354994,0.0,0.10300842358604091,0.0,0.07744862159620834,0.08354661244731544,0.07509107184818574,0.07869543529723651,0.5238095238095238,0.5238095238095238,0.7171194915736256,0.4,0.0
top_100__full_incl_covid,full_incl_covid,dense_jl,10,,38,0.7,50000,1000,,0.00017058999998198487,0.000535090000028049,0.6394910689999733,0.16446341847996623,0.13999201064006395,0.4011801512936506,0.9482745244397347,50000,0.09771359807460889,0.0,0.13935018050541517,0.0,0.3869672898043325,0.18344229968490564,0.14158251838593472,0.23733070262505762,0.7857142857142857,0.7857142857142857,0.8253696262417066,0.6,0.0
top_100__full_incl_covid,full_incl_covid,dense_jl,10,,39,0.7,50000,1000,,0.00021351999998842075,0.0004259899999965455,0.5949276480000094,0.19391396750495085,0.16752086153908313,0.4580710558484955,1.0816200077819729,50000,0.11913357400722022,0.0,0.17785800240673888,0.0,0.5610632127601433,0.2893801149481369,0.29340576603692864,0.38128303124840296,0.7619047619047619,0.7619047619047619,0.854516566683284,0.7,0.0
top_100__full_incl_covid,full_incl_covid,dense_jl,10,,40,0.7,50000,1000,,0.0002407200000220655,0.0005331889999524719,0.6256991649999577,0.1710780391662375,0.1454253323705414,0.41854699605146184,0.9637055741226753,50000,0.08640192539109508,0.0,0.12767749699157643,0.0,0.37836208328128207,0.21826028682733725,0.13772775427137204,0.24478337479333045,0.5714285714285714,0.5714285714285714,0.8295755362466248,0.5,0.0
top_100__full_incl_covid,full_incl_covid,dense_jl,10,,41,0.7,50000,1000,,0.00023236999999198815,0.000667349999957878,0.5732092169999987,0.19441752872028956,0.16969831883416447,0.4549740617887668,0.9092920821007197,50000,0.07099879663056559,0.0,0.10144404332129964,0.0,0.08687438668391963,0.09054854333148066,0.09044502274890706,0.08928931758810243,0.42857142857142855,0.42857142857142855,0.7515307620373188,0.4,0.0
top_100__full_incl_covid,full_incl_covid,dense_jl,10,,42,0.7,50000,1000,,0.00023873999998613726,0.00048757000001842243,0.5849730929999737,0.17388637742417645,0.1512179929826395,0.413445376942151,0.9331179238920271,50000,0.08279181708784597,0.0,0.12972322503008424,0.0,0.22347974940635784,0.1602149185688201,0.14390266354089365,0.17586577717202387,0.5714285714285714,0.5714285714285714,0.8008376814673299,0.6,0.0
top_100__full_incl_covid,full_incl_covid,dense_jl,10,,43,0.7,50000,1000,,0.0001796000000240383,0.00023755099999789309,0.5468882690000214,0.18051822384342667,0.15534533904958037,0.432485445366569,0.9576690069020715,50000,0.07749699157641396,0.0,0.12190132370637786,0.0,0.37512751317170484,0.23100897736348003,0.13102234035400206,0.24571961029639566,0.5714285714285714,0.5714285714285714,0.7910375255534774,0.5,0.0
top_100__full_incl_covid,full_incl_covid,dense_jl,10,,44,0.7,50000,1000,,0.00022848999998359432,0.0004170500000100219,0.5832582429999889,0.20894360980320983,0.1818567884879404,0.49294055257352826,1.1097239966645758,50000,0.12322503008423585,0.0,0.16967509025270758,0.0,0.5615674629788306,0.3111206675488299,0.23857041617836822,0.37041951556867625,0.6666666666666666,0.6666666666666666,0.8634729768839311,0.7,0.0
top_100__full_incl_covid,full_incl_covid,dense_jl,10,,45,0.7,50000,1000,,0.0002141690000030394,0.0006119399999988673,0.6127070509999726,0.17295995515458987,0.1450044171348801,0.4235656355298251,1.028941995158965,50000,0.10830324909747292,0.0,0.15090252707581228,0.0,0.4053672669469414,0.17337493656274128,0.16520507272530896,0.2479824254116639,0.6904761904761905,0.6904761904761905,0.8220025478197153,0.5,0.0
top_100__full_incl_covid,full_incl_covid,dense_jl,10,,46,0.7,50000,1000,,0.0002036189999898852,0.0003460400000108166,0.5510253269999907,0.16259260841112155,0.13918200171766448,0.39496225394735474,1.003675084639805,50000,0.10806257521058965,0.0,0.15559566787003612,0.0,0.38320584874070024,0.25958705760288386,0.17143848410517076,0.27141046348291825,0.7142857142857143,0.7142857142857143,0.8427468691762329,0.7,0.0
top_100__full_incl_covid,full_incl_covid,dense_jl,10,,47,0.7,50000,1000,,0.00023213000002897388,0.00034858899999790083,0.565792891000001,0.17372288956638418,0.1479917416146217,0.4212169783911344,1.0075678826176546,50000,0.11672683513838748,0.0,0.16462093862815885,0.0,0.4836994518075195,0.20302784941467145,0.22597376874814426,0.30423368999011174,0.6428571428571429,0.6428571428571429,0.8400177703315344,0.8,0.0
top_100__full_incl_covid,full_incl_covid,dense_jl,10,,48,0.7,50000,1000,,0.0003580800000122508,0.007016517000010936,0.5675079299999766,0.16414985041414049,0.13913027154220636,0.4026365271424356,0.9894501319449057,50000,0.10878459687123948,0.0,0.14717208182912153,0.0,0.42366547800210064,0.302853702313651,0.15316079857744083,0.29322665963106415,0.5952380952380952,0.5952380952380952,0.814836742136555,0.6,0.0
top_100__full_incl_covid,full_incl_covid,dense_jl,10,,49,0.7,50000,1000,,0.00018284999998741114,0.00023849999996627957,0.5577469539999811,0.16679501095169652,0.14210399841384835,0.40496812626935164,0.9716308708082984,50000,0.09723225030084237,0.0,0.13730445246690734,0.0,0.388055134526274,0.1346131321244484,0.1631770853896208,0.22861511734678108,0.6666666666666666,0.6666666666666666,0.8062359058561376,0.8,0.0
top_100__full_incl_covid,full_incl_covid,dense_jl,20,,0,0.7,50000,2000,,0.00021042000003035355,0.0005146290000084264,0.5926230990000363,0.1241739078720181,0.10591721046936986,0.30196770867826145,1.0082436829933081,50000,0.2055354993983153,0.0,0.2507821901323707,0.1,0.6792876992804514,0.33060407638374817,0.2968709058712429,0.4355875605118142,0.8333333333333334,0.8333333333333334,0.9065086296309925,0.8,0.0
top_100__full_incl_covid,full_incl_covid,dense_jl,20,,1,0.7,50000,2000,,0.00021157999998422383,0.0004093100000090999,0.5649622010000144,0.11969118365527344,0.10016948387458507,0.2986344480568455,1.0094809852771245,50000,0.19494584837545126,0.0,0.25511432009626955,0.1,0.6070160874804084,0.39829720745059366,0.2586108799167215,0.4213080582825745,0.7857142857142857,0.7857142857142857,0.8977531969031359,0.7,0.0
top_100__full_incl_covid,full_incl_covid,dense_jl,20,,2,0.7,50000,2000,,0.00034212000002753484,0.0006553990000384147,0.5641045520000034,0.13844082408475958,0.11991527816802688,0.32869423553838295,1.0653887341601025,50000,0.2170878459687124,0.0,0.27665463297232246,0.1,0.6456419298232449,0.4688688956088488,0.2996302604186156,0.4713803619502364,0.8809523809523809,0.8809523809523809,0.9182942196444761,0.7,0.0
top_100__full_incl_covid,full_incl_covid,dense_jl,20,,3,0.7,50000,2000,,0.00033469999999624633,0.0005210289999695306,0.5951463490000037,0.12560177734219627,0.10602176034162036,0.3087675998310002,1.0161363587245444,50000,0.2062575210589651,0.0,0.2607701564380265,0.1,0.6127223439129201,0.32968215535042444,0.24372912282843048,0.3953778740305917,0.7380952380952381,0.7380952380952381,0.8995285362499706,0.5,0.0
top_100__full_incl_covid,full_incl_covid,dense_jl,20,,4,0.7,50000,2000,,0.00019980999996960236,0.0005219299999907889,0.6174498389999599,0.13809862089721525,0.1218055968869301,0.3213264079943372,0.9394473417623509,50000,0.178820697954272,0.0,0.23200962695547533,0.1,0.33398601732215377,0.2267388776200069,0.13862319938589468,0.23311603144268514,0.5,0.5,0.8808082719659531,0.5,0.0
top_100__full_incl_covid,full_incl_covid,dense_jl,20,,5,0.7,50000,2000,,0.00021551000003228182,0.00039319999996223487,0.6754464050000024,0.11535625656576193,0.0979217421369698,0.2817050123914865,0.966948376737713,50000,0.19975932611311673,0.0,0.2584837545126354,0.1,0.557109662980881,0.25010471863061345,0.22410488390767166,0.3437730885063887,0.7142857142857143,0.7142857142857143,0.8978041783908752,0.7,0.0
top_100__full_incl_covid,full_incl_covid,dense_jl,20,,6,0.7,50000,2000,,0.0002821799999992436,0.0006367099999806669,0.5915674299999978,0.1366408305500225,0.11556295119439769,0.33452278269194463,1.0579320199999767,50000,0.21275571600481347,0.0,0.26835138387484964,0.1,0.5380643651222159,0.3635384736557835,0.21564712606204064,0.37241665494668,0.6904761904761905,0.6904761904761905,0.9114584553152905,0.9,0.0
top_100__full_incl_covid,full_incl_covid,dense_jl,20,,7,0.7,50000,2000,,0.0001926799999978357,0.0005374799999913193,0.6029189650000149,0.11945802145451397,0.10287883129686193,0.2875286275667437,1.0203547014218854,50000,0.21708784596871245,0.0,0.28267148014440435,0.1,0.5709879292003601,0.2493994802572047,0.25655889521318803,0.3589821015569176,0.7857142857142857,0.7857142857142857,0.907475814114553,0.7,0.0
top_100__full_incl_covid,full_incl_covid,dense_jl,20,,8,0.7,50000,2000,,0.00018728000003420675,0.0005196000000182721,0.6472760670000071,0.11844045664939627,0.09905660276274031,0.29128862166530933,0.9914165125101683,50000,0.19061371841155236,0.0,0.25198555956678703,0.1,0.5037061836586395,0.33130153590782857,0.21247479058876845,0.3491608367184122,0.7142857142857143,0.7142857142857143,0.8978174360870307,0.6,0.0
top_100__full_incl_covid,full_incl_covid,dense_jl,20,,9,0.7,50000,2000,,0.00028343999997559877,0.0007098100000462182,0.6558772920000138,0.13017514279936163,0.11228252745686085,0.31258290726505356,0.9635766827182066,50000,0.18002406738868834,0.0,0.2368231046931408,0.1,0.38483225483921757,0.2576668374754594,0.20372082354052695,0.28207330528506797,0.7142857142857143,0.7142857142857143,0.8663160208175105,0.7,0.0
top_100__full_incl_covid,full_incl_covid,dense_jl,20,,10,0.7,50000,2000,,0.00033974000001535387,0.0018503889999692547,0.6964997960000119,0.12819336669527157,0.11139816705787581,0.3040053042308821,0.9332048026856702,50000,0.19350180505415163,0.0,0.25511432009626955,0.1,0.49958631647572976,0.2671076514073882,0.1648480693210717,0.31051401240139653,0.7142857142857143,0.7142857142857143,0.8730073097165111,0.6,0.0
top_100__full_incl_covid,full_incl_covid,dense_jl,20,,11,0.7,50000,2000,,0.00018077999999377425,0.0010098989999960395,0.6401493100000266,0.11964195806594553,0.10102671662293933,0.29420271218348215,0.9972710042800097,50000,0.2120336943441637,0.0,0.2632972322503009,0.1,0.48225319960978724,0.3042452858703118,0.23452885537471996,0.3403424469516063,0.6428571428571429,0.6428571428571429,0.8988119096770307,0.7,0.0
top_100__full_incl_covid,full_incl_covid,dense_jl,20,,12,0.7,50000,2000,,0.00029767999996010985,0.0007901690000267081,0.6755168539999659,0.11970752442129975,0.10107479574208866,0.29425530775724984,0.9893496651876432,50000,0.202647412755716,0.0,0.2606498194945848,0.1,0.5456857950178517,0.3171776105995269,0.19679180419629974,0.35321840327122617,0.7380952380952381,0.7380952380952381,0.8867384143628108,0.7,0.0
top_100__full_incl_covid,full_incl_covid,dense_jl,20,,13,0.7,50000,2000,,0.00021119999996699335,0.00047284999999419597,0.6650794290000022,0.1205889788344739,0.10286763273249455,0.2929783827577253,1.0087644473472044,50000,0.20842358604091454,0.0,0.26979542719614924,0.1,0.5639358081053585,0.3935619551301241,0.3037657245408581,0.42042116259211354,0.8095238095238095,0.8095238095238095,0.9024511681828674,0.8,0.0
top_100__full_incl_covid,full_incl_covid,dense_jl,20,,14,0.7,50000,2000,,0.00021945999998251864,0.00046323999998776344,0.7098775699999464,0.11750346703839148,0.09855446586268868,0.2916702491448101,0.9515170545031609,50000,0.1927797833935018,0.0,0.242719614921781,0.1,0.555217347554434,0.3022029924172868,0.21849095761569798,0.3586370991958063,0.7619047619047619,0.7619047619047619,0.8972485889127182,0.7,0.0
top_100__full_incl_covid,full_incl_covid,dense_jl,20,,15,0.7,50000,2000,,0.00025227999998378436,0.0007676700000160963,0.6450907280000138,0.1322527221777434,0.11477326485829803,0.31347463483176147,0.9262860764755158,50000,0.18676293622141998,0.0,0.24524669073405536,0.1,0.5302135962336624,0.2571762833607584,0.21518746648061654,0.33419244869167913,0.6666666666666666,0.6666666666666666,0.8833475390035564,0.6,0.0
top_100__full_incl_covid,full_incl_covid,dense_jl,20,,16,0.7,50000,2000,,0.0002147300000387986,0.0006474090000097021,0.6302324440000007,0.12291489147010214,0.10445393431498062,0.300367798867609,0.9863406201668362,50000,0.20770156438026477,0.0,0.2634175691937425,0.1,0.38411743236833934,0.3473012270390766,0.23818987819013215,0.32320284586584935,0.7142857142857143,0.7142857142857143,0.9001387875857776,0.5,0.0
top_100__full_incl_covid,full_incl_covid,dense_jl,20,,17,0.7,50000,2000,,0.00016571000003295921,0.0003428499999813539,0.6146896100000276,0.12322407674733732,0.10460423821912224,0.2990061974583646,0.9719279328483474,50000,0.1963898916967509,0.0,0.24320096269554756,0.1,0.4819746184060481,0.26608349399956777,0.20001398589608219,0.3160240327672327,0.6904761904761905,0.6904761904761905,0.8824004710873485,0.9,0.0
top_100__full_incl_covid,full_incl_covid,dense_jl,20,,18,0.7,50000,2000,,0.00017146999999795298,0.00039149000002680623,0.6291840540000067,0.12313734653326185,0.10486135182535983,0.2991703539985982,1.0352343595255684,50000,0.2089049338146811,0.0,0.27280385078219016,0.1,0.5799514033868227,0.37563197078080174,0.32276005646526035,0.4261144768776283,0.7857142857142857,0.7857142857142857,0.9160498004235771,0.8,0.0
top_100__full_incl_covid,full_incl_covid,dense_jl,20,,19,0.7,50000,2000,,0.00020992999998270534,0.00033170999995491,0.6843020899999601,0.11972569998808281,0.10192020896072118,0.2909219357112034,0.9577799338242167,50000,0.2134777376654633,0.0,0.2619735258724429,0.1,0.5476795874824782,0.23981800398687025,0.2046871681696348,0.3307282532129944,0.7380952380952381,0.7380952380952381,0.8951784435715647,0.7,0.0
top_100__full_incl_covid,full_incl_covid,dense_jl,20,,20,0.7,50000,2000,,0.0004979599999614948,0.0007273089999557669,0.6370116610000309,0.12263080576915811,0.10399516891595117,0.301812407304604,1.0229542600523125,50000,0.20481347773766545,0.0,0.2647412755716005,0.1,0.5063793692362208,0.20803511493951074,0.2558122192269712,0.32340890113423426,0.7619047619047619,0.7619047619047619,0.9062937253038814,0.8,0.0
top_100__full_incl_covid,full_incl_covid,dense_jl,20,,21,0.7,50000,2000,,0.000203479999981937,0.00040233999999372827,0.6345556919999922,0.12010676164171931,0.10253639808909581,0.29153770378499533,0.9569272151876389,50000,0.19205776173285202,0.0,0.2558363417569194,0.1,0.5489169643506011,0.3103744923243477,0.22490482907180467,0.3613987619155845,0.7619047619047619,0.7619047619047619,0.9026791629165927,0.6,0.0
top_100__full_incl_covid,full_incl_covid,dense_jl,20,,22,0.7,50000,2000,,0.00021015100003296538,0.0004625199999850338,0.6261082060000263,0.13136982765019273,0.11262859369227618,0.31695970585619493,0.9911629482744613,50000,0.19398315282791817,0.0,0.24608904933814682,0.1,0.6130292055881965,0.35067515770504387,0.19381230588590329,0.3858388897263812,0.7142857142857143,0.7142857142857143,0.8877736438673326,0.8,0.0
top_100__full_incl_covid,full_incl_covid,dense_jl,20,,23,0.7,50000,2000,,0.00018890000001192675,0.00044037899999693764,0.63095124299997,0.1236202038737873,0.10676993976988158,0.2956079144450623,0.9505478385166386,50000,0.19518652226233452,0.0,0.25403128760529486,0.1,0.5416713783542126,0.29215296923848605,0.24076107007477388,0.35819513922249085,0.6190476190476191,0.6190476190476191,0.8982216285302275,0.8,0.0
top_100__full_incl_covid,full_incl_covid,dense_jl,20,,24,0.7,50000,2000,,0.0001942600000006678,0.00044105000000627115,0.7064111210000306,0.12268277924151966,0.10582975675510287,0.29440776659507517,0.9442001360638944,50000,0.18339350180505412,0.0,0.24512635379061373,0.1,0.4671303011275976,0.21932378537813296,0.2449743430064005,0.3104761431707104,0.6904761904761905,0.6904761904761905,0.9028890694686549,0.9,0.0
top_100__full_incl_covid,full_incl_covid,dense_jl,20,,25,0.7,50000,2000,,0.00021921000001157154,0.0006193700000380886,0.6968837549999876,0.1278323069070524,0.10975724721564073,0.30779618531100744,0.9804990061920901,50000,0.18892900120336945,0.0,0.24356197352587244,0.1,0.47814805292034784,0.21558756767324125,0.18994757981171226,0.29456106680176714,0.6904761904761905,0.6904761904761905,0.8790666623729017,0.6,0.0
top_100__full_incl_covid,full_incl_covid,dense_jl,20,,26,0.7,50000,2000,,0.0005844100000444996,0.000980529999992541,0.7115672390000327,0.13277162224732447,0.1124223499112526,0.3271073812711152,1.0416641268844795,50000,0.20361010830324908,0.0,0.2660649819494585,0.1,0.557567252676141,0.37226165094932595,0.261685159673771,0.3971713544330793,0.7380952380952381,0.7380952380952381,0.896931993455633,0.9,0.0
top_100__full_incl_covid,full_incl_covid,dense_jl,20,,27,0.7,50000,2000,,0.0003808989999924961,0.0009014500000148473,0.6685578569999961,0.11448717504538965,0.09681367495452065,0.2803220469668272,0.9877442734440111,50000,0.20722021660649817,0.0,0.26630565583634175,0.1,0.5980898642751118,0.24893765961764483,0.26854643777834997,0.3718579872237022,0.7142857142857143,0.7142857142857143,0.9039534073533789,0.6,0.0
top_100__full_incl_covid,full_incl_covid,dense_jl,20,,28,0.7,50000,2000,,0.0005185499999811327,0.0005929000000151063,0.6294096639999793,0.11447177839912386,0.0976409179865772,0.2775192256000082,0.992351925016776,50000,0.2091456077015644,0.0,0.27966305655836343,0.1,0.5941174714479749,0.3193729253920351,0.2478957240438764,0.3871287069612954,0.8333333333333334,0.8333333333333334,0.9100249512350985,0.8,0.0
top_100__full_incl_covid,full_incl_covid,dense_jl,20,,29,0.7,50000,2000,,0.0002475800000070194,0.0005724100000179533,0.7518071420000183,0.13151576209798363,0.11615308550375425,0.3051139945168343,0.9254511565722797,50000,0.18170878459687123,0.0,0.23104693140794225,0.1,0.46492624606934074,0.22792748571463162,0.1514871877650902,0.28144697318302087,0.6190476190476191,0.6190476190476191,0.9002177064269296,0.6,0.0
top_100__full_incl_covid,full_incl_covid,dense_jl,20,,30,0.7,50000,2000,,0.0002528900000129397,0.0009567989999936799,0.6532878330000358,0.12716271350181022,0.11068206931926006,0.30139374569387695,0.9533155684495828,50000,0.19783393501805055,0.0,0.24753309265944648,0.1,0.3963495007163162,0.21976644721650207,0.15321895605957506,0.2564449679974644,0.5952380952380952,0.5952380952380952,0.8941862074791808,0.7,0.0
top_100__full_incl_covid,full_incl_covid,dense_jl,20,,31,0.7,50000,2000,,0.00024538999997503197,0.0010675899999910143,0.6841963110000506,0.11856068843524699,0.1004754195807982,0.2907928544443426,0.9995332998603763,50000,0.19663056558363418,0.0,0.2605294825511432,0.1,0.5107134247737417,0.3949185050199536,0.2648337972002591,0.39015524233131815,0.6428571428571429,0.6428571428571429,0.892676921236738,0.7,0.0
top_100__full_incl_covid,full_incl_covid,dense_jl,20,,32,0.7,50000,2000,,0.00023325000000795626,0.0006524500000182343,0.7106313289999662,0.12425172281837177,0.10434911531200775,0.306409859965859,0.9953828040302131,50000,0.20505415162454874,0.0,0.2523465703971119,0.1,0.4422150603835055,0.2904843655594438,0.22727468895369368,0.3199913716322143,0.7380952380952381,0.7380952380952381,0.8872717961543479,0.6,0.0
top_100__full_incl_covid,full_incl_covid,dense_jl,20,,33,0.7,50000,2000,,0.0002018999999791049,0.0005791599999724895,0.6722773459999871,0.12069538883298757,0.10270834102877124,0.29552530637329133,0.9616320407668633,50000,0.19999999999999998,0.0,0.25667870036101087,0.1,0.45941548525641984,0.17768225796256412,0.2694759853980446,0.30219124287234284,0.7380952380952381,0.7380952380952381,0.8928189500573803,0.4,0.0
top_100__full_incl_covid,full_incl_covid,dense_jl,20,,34,0.7,50000,2000,,0.00021864999996523693,0.00046141000001398425,0.6278487550000023,0.12560327355435236,0.10733833866468645,0.30628483225589087,0.9766376821774172,50000,0.21323706377858004,0.0,0.2594464500601685,0.1,0.4339564963384308,0.3473819186563011,0.23644633639647059,0.33926158379706745,0.6904761904761905,0.6904761904761905,0.8987351237775315,0.7,0.0
top_100__full_incl_covid,full_incl_covid,dense_jl,20,,35,0.7,50000,2000,,0.000273049999975683,0.0005483500000309505,0.6430906680000135,0.1290076574637367,0.10952191738702965,0.31479020382483575,0.9508762224567832,50000,0.18411552346570398,0.0,0.2389891696750903,0.1,0.5138929668296671,0.26389460900723954,0.2372533748013822,0.3383469835460963,0.7619047619047619,0.7619047619047619,0.8912177173007496,0.8,0.0
top_100__full_incl_covid,full_incl_covid,dense_jl,20,,36,0.7,50000,2000,,0.0002424700000460689,0.00034155999998120024,0.6377767099999687,0.13162280157180323,0.11500990630388164,0.3100834302586504,0.9346761824785883,50000,0.18098676293622143,0.0,0.23995186522262335,0.1,0.4125842987498004,0.23320369267788213,0.18009323022167165,0.2752937405497847,0.6666666666666666,0.6666666666666666,0.8824913720419026,0.5,0.0
top_100__full_incl_covid,full_incl_covid,dense_jl,20,,37,0.7,50000,2000,,0.00024098000000094544,0.00028272900004822077,0.7195049850000146,0.12438400629781163,0.10643923172120529,0.30157826799892545,0.9861566898654154,50000,0.19422382671480146,0.0,0.25150421179302046,0.1,0.26477328732797706,0.1849408143267132,0.17331865062132856,0.2076775840920063,0.6190476190476191,0.6190476190476191,0.8867478662218994,0.6,0.0
top_100__full_incl_covid,full_incl_covid,dense_jl,20,,38,0.7,50000,2000,,0.0002266599999529717,0.0005061800000021321,0.6959655560000328,0.12005555111902554,0.10191833155986996,0.2943781838583931,0.949518810805041,50000,0.18387484957882072,0.0,0.23574007220216608,0.1,0.5829689873079857,0.3374752518975343,0.20791861792110722,0.37612095237554244,0.6904761904761905,0.6904761904761905,0.898054652656725,0.7,0.0
top_100__full_incl_covid,full_incl_covid,dense_jl,20,,39,0.7,50000,2000,,0.0001999300000079529,0.0004789799999684874,0.7012921029999575,0.13919287676527337,0.11873254069277162,0.33818875920376495,1.0624263418434898,50000,0.21492178098676293,0.0,0.2855595667870036,0.1,0.6241921973275437,0.3293608063801921,0.2730411005824927,0.40886470143007614,0.6904761904761905,0.6904761904761905,0.8948860423644034,0.8,0.0
top_100__full_incl_covid,full_incl_covid,dense_jl,20,,40,0.7,50000,2000,,0.0005972699999574616,0.0007483589999992546,0.5983053269999914,0.12477148103085636,0.10594292808335004,0.30448949870999364,0.9985445718499079,50000,0.20264741275571602,0.0,0.2523465703971119,0.1,0.4909563517958527,0.22861949926393635,0.18179877323283536,0.3004582080975415,0.6904761904761905,0.6904761904761905,0.8911230314203216,0.6,0.0
top_100__full_incl_covid,full_incl_covid,dense_jl,20,,41,0.7,50000,2000,,0.0002297510000062175,0.0006277699999941433,0.5900671400000306,0.11514408662493616,0.09671514878904724,0.28651122974168514,0.9927680216177018,50000,0.20216606498194944,0.0,0.25872442839951865,0.1,0.6124842901912311,0.3406144529201408,0.28962903704508985,0.41424259338548725,0.7142857142857143,0.7142857142857143,0.8972968101230246,0.9,0.0
top_100__full_incl_covid,full_incl_covid,dense_jl,20,,42,0.7,50000,2000,,0.00028079999998453786,0.0007819090000111828,0.6008219859999713,0.12025124409042721,0.10283662457050907,0.2889042937412061,0.9608920051520294,50000,0.1874849578820698,0.0,0.24993983152827917,0.1,0.5010284974804213,0.17822188498554695,0.2929979050576894,0.32408276250788587,0.6666666666666666,0.6666666666666666,0.8984935367685682,0.6,0.0
top_100__full_incl_covid,full_incl_covid,dense_jl,20,,43,0.7,50000,2000,,0.000354200000003857,0.0006240100000241,0.6321281419999991,0.12573260766975244,0.1070057516688655,0.30603398882214505,0.980549179674991,50000,0.19975932611311673,0.0,0.2495788206979543,0.1,0.42525804280636303,0.27549500238876107,0.20515326533187772,0.30196877017566726,0.6666666666666666,0.6666666666666666,0.8774794610265555,0.6,0.0
top_100__full_incl_covid,full_incl_covid,dense_jl,20,,44,0.7,50000,2000,,0.00025704900002665454,0.00046623999998018917,0.5886605910000071,0.1296428478824209,0.11165084142367299,0.31134570043250376,0.9450814761619553,50000,0.18363417569193746,0.0,0.2410348977135981,0.1,0.4637361164636769,0.21723000390614297,0.18109176445323127,0.2873526282743504,0.6190476190476191,0.6190476190476191,0.8853566445732944,0.7,0.0
top_100__full_incl_covid,full_incl_covid,dense_jl,20,,45,0.7,50000,2000,,0.0005271400000310678,0.0006103999999709231,0.5812394829999903,0.16020860184653604,0.1412167114979116,0.37106977500864113,0.9028875621416556,50000,0.1607701564380265,0.0,0.2019253910950662,0.0,0.11560044205581343,0.1049148577420172,0.13384714773077297,0.11812081584286786,0.5714285714285714,0.5714285714285714,0.829776534630608,0.4,0.0
top_100__full_incl_covid,full_incl_covid,dense_jl,20,,46,0.7,50000,2000,,0.0003822699999886936,0.0004725699999994504,0.6140109500000221,0.11665142002730636,0.09967838503006943,0.28399878834195214,0.9980965067266906,50000,0.20938628158844766,0.0,0.27545126353790617,0.1,0.47211762602061325,0.25817224414829315,0.34985108849233254,0.360046986220413,0.7142857142857143,0.7142857142857143,0.9299540079228326,0.8,0.0
top_100__full_incl_covid,full_incl_covid,dense_jl,20,,47,0.7,50000,2000,,0.0004570300000068528,0.005166497999994135,0.6287932839999826,0.11830154060113579,0.1002815181884964,0.28986132219314636,0.9593616923484006,50000,0.19133574007220217,0.0,0.24897713598074608,0.1,0.4830556121005053,0.2907947129675387,0.2382927898447082,0.33738103830425076,0.6904761904761905,0.6904761904761905,0.8978255078074029,0.6,0.0
top_100__full_incl_covid,full_incl_covid,dense_jl,20,,48,0.7,50000,2000,,0.00022745000001123117,0.0006194100000129765,0.559120503000031,0.13126921820488852,0.11494635924106705,0.3082455198415364,0.9261116965101669,50000,0.18507821901323707,0.0,0.23922984356197355,0.1,0.526655904846861,0.2653962293897247,0.15781763881804162,0.31662325768487576,0.7619047619047619,0.7619047619047619,0.8932062462568964,0.7,0.0
top_100__full_incl_covid,full_incl_covid,dense_jl,20,,49,0.7,50000,2000,,0.00023229000004221234,0.00047566000000642816,0.5846211319999952,0.13665540465164944,0.12099360083194816,0.31645216162288026,0.9342244455920274,50000,0.18050541516245489,0.0,0.22876052948255118,0.0,0.43137921096342585,0.21339181263533008,0.20079411907125364,0.28185504755666985,0.6190476190476191,0.6190476190476191,0.8619054947922765,0.6,0.0
top_100__full_incl_covid,full_incl_covid,dense_jl,30,,0,0.7,50000,3000,,0.00020848999997724604,0.0004219100000000253,0.6636141179999981,0.10855439165917109,0.09415918790376349,0.25750237860993597,1.022084851386857,50000,0.2702767749699158,0.0,0.3376654632972323,0.1,0.5898308649030968,0.5125426689857532,0.26810792149951995,0.4568271517961233,0.8095238095238095,0.8095238095238095,0.9338468773734203,0.8,0.0
top_100__full_incl_covid,full_incl_covid,dense_jl,30,,1,0.7,50000,3000,,0.00020306999999775144,0.0005510490000233403,0.6392682899999613,0.10175388552522088,0.08539106098987748,0.2521387035195226,0.9776120302259672,50000,0.2616125150421179,0.0,0.3277978339350181,0.1,0.4957966587237308,0.27069419899199904,0.2895723513316063,0.35202106968244545,0.7857142857142857,0.7857142857142857,0.9246220511036091,0.7,0.0
top_100__full_incl_covid,full_incl_covid,dense_jl,30,,2,0.7,50000,3000,,0.0002444500000251537,0.0006342699999777324,0.6930069870000466,0.10386892053943662,0.08818979349716305,0.2534477129911549,0.9858877522819953,50000,0.2584837545126354,0.0,0.3234657039711191,0.1,0.46989529511115224,0.2687268078169706,0.3126075410287178,0.35040988131894685,0.6904761904761905,0.6904761904761905,0.9224642669539584,0.7,0.0
top_100__full_incl_covid,full_incl_covid,dense_jl,30,,3,0.7,50000,3000,,0.0008485100000257262,0.00046078999997689607,0.7018887319999862,0.10413280391731478,0.08698021042890752,0.25814582256886465,1.0079105845495016,50000,0.2676293622141998,0.0,0.32755716004813484,0.1,0.5196780778978927,0.3545382483812469,0.2571103031965766,0.37710887649190533,0.6666666666666666,0.6666666666666666,0.9304164798600121,0.8,0.0
top_100__full_incl_covid,full_incl_covid,dense_jl,30,,4,0.7,50000,3000,,0.00019747999999708554,0.0005464200000346864,0.6773662929999773,0.12271346317509739,0.10835998203714142,0.28311962253766143,0.9238036818387886,50000,0.2483754512635379,0.0,0.3097472924187725,0.1,0.4096477690763869,0.28798836258137434,0.20824067769389468,0.301958936450552,0.6190476190476191,0.6190476190476191,0.9052039384976729,0.6,0.0
top_100__full_incl_covid,full_incl_covid,dense_jl,30,,5,0.7,50000,3000,,0.0002707499999701213,0.0006172600000127204,0.6478078659999937,0.09536109932668047,0.0803870481280109,0.2363918983225074,0.9891480291809482,50000,0.29193742478941037,0.0,0.34632972322503003,0.1,0.6409952155715711,0.2262312067439672,0.36990576691308674,0.4123773964095417,0.8095238095238095,0.8095238095238095,0.9347337419659196,0.5,0.0
top_100__full_incl_covid,full_incl_covid,dense_jl,30,,6,0.7,50000,3000,,0.00024889000002303874,0.0005685600000333579,0.6922265769999854,0.0927025070767201,0.07766053557436803,0.22827033508746397,0.9892242466334361,50000,0.28134777376654635,0.0,0.3503008423586041,0.1,0.6723831196342538,0.46794448437067593,0.27902253703234536,0.4731167136790917,0.7857142857142857,0.7857142857142857,0.9304298630233233,0.8,0.0
top_100__full_incl_covid,full_incl_covid,dense_jl,30,,7,0.7,50000,3000,,0.00022719999998344065,0.00037151999998741303,0.6714885260000187,0.0999607502096049,0.08681490409417902,0.2364090746159675,1.0224196029320534,50000,0.3018050541516245,0.0,0.36702767749699156,0.2,0.8235089099745182,0.5802094707559694,0.35909983971408177,0.5876060734815232,0.8571428571428571,0.8571428571428571,0.9421873483938531,0.7,0.0
top_100__full_incl_covid,full_incl_covid,dense_jl,30,,8,0.7,50000,3000,,0.0002594690000137234,0.0007237899999950059,0.723845353999991,0.09604011308139977,0.08164798217770447,0.23430651083667808,0.9802724165226749,50000,0.2555956678700361,0.0,0.32587244283995187,0.1,0.579959936065463,0.2899917006814393,0.2408545519347899,0.37026872956056406,0.7142857142857143,0.7142857142857143,0.9328687145137059,0.8,0.0
top_100__full_incl_covid,full_incl_covid,dense_jl,30,,9,0.7,50000,3000,,0.0002957500000206892,0.0010691789999555112,0.7241461440000307,0.09485756727657416,0.08000301910362229,0.23359209233947337,0.9999707995669411,50000,0.2996389891696751,0.0,0.35066185318892906,0.1,0.56600672363417,0.2576362728905677,0.2582809635368462,0.360641320020528,0.8333333333333334,0.8333333333333334,0.9340057606153579,0.6,0.0
top_100__full_incl_covid,full_incl_covid,dense_jl,30,,10,0.7,50000,3000,,0.00027425999996921746,0.0016596290000165936,0.6904199680000147,0.10412471787484426,0.08890133653503807,0.25374345250172015,1.0101921502572815,50000,0.26883273164861615,0.0,0.3329723225030084,0.1,0.5726624342942251,0.35850975016108455,0.27873426923849276,0.4033021512312675,0.7619047619047619,0.7619047619047619,0.9336419895075999,0.8,0.0
top_100__full_incl_covid,full_incl_covid,dense_jl,30,,11,0.7,50000,3000,,0.0002665299999762283,0.0007422799999972085,0.6507297350000272,0.10239286919024611,0.08802414762951671,0.24588485086516984,0.9793172797718225,50000,0.25463297232250304,0.0,0.31793020457280385,0.1,0.5285019477002245,0.26685230292031675,0.2348142566150859,0.34338950241187577,0.6904761904761905,0.6904761904761905,0.9213450580996576,0.7,0.0
top_100__full_incl_covid,full_incl_covid,dense_jl,30,,12,0.7,50000,3000,,0.0020134790000270186,0.0008481699999833836,0.666552557999978,0.1033699183099189,0.087799601434073,0.2511663489030106,0.9683302688003417,50000,0.2726835138387485,0.0,0.3303249097472924,0.1,0.5233062568547411,0.3115198458109699,0.2552414622521952,0.3633558549726354,0.6904761904761905,0.6904761904761905,0.9163161253734737,0.8,0.0
top_100__full_incl_covid,full_incl_covid,dense_jl,30,,13,0.7,50000,3000,,0.0010219490000054066,0.0007198299999799929,0.6730410549999988,0.10400446645712719,0.08765389925947265,0.2553448815836797,1.0298353424024254,50000,0.2784596871239471,0.0,0.34031287605294824,0.1,0.5229020943150445,0.2766529905165189,0.3157446968844204,0.3717665939053279,0.8095238095238095,0.8095238095238095,0.9327957135400808,1.0,0.0
top_100__full_incl_covid,full_incl_covid,dense_jl,30,,14,0.7,50000,3000,,0.00025181999995993465,0.0009698499999899468,0.6821248520000154,0.10323209631063204,0.08882931719324322,0.24667513885287165,0.9520808694990862,50000,0.26040914560770156,0.0,0.315884476534296,0.1,0.55789935131294,0.38285068436078806,0.25088659775253364,0.3972122111420872,0.7142857142857143,0.7142857142857143,0.925234226269142,0.7,0.0
top_100__full_incl_covid,full_incl_covid,dense_jl,30,,15,0.7,50000,3000,,0.0002046399999926507,0.0005672899999922265,0.6636417990000041,0.09623679706392001,0.08201427420658824,0.2338910135771037,0.9700698932440863,50000,0.29362214199759323,0.0,0.34560770156438025,0.2,0.6043014024898689,0.31723271799743125,0.33795693503962304,0.4198303518423077,0.7380952380952381,0.7380952380952381,0.9287462819899424,0.6,0.0
top_100__full_incl_covid,full_incl_covid,dense_jl,30,,16,0.7,50000,3000,,0.0002286600000047656,0.000572969999950601,0.6579716919999896,0.10571339238191244,0.0888080516296404,0.26092211147849337,1.0164980889539148,50000,0.26642599277978346,0.0,0.3267148014440433,0.1,0.5799851200925337,0.3336909958872618,0.25442567677902994,0.38936726425294177,0.7380952380952381,0.7380952380952381,0.926045413255354,1.0,0.0
top_100__full_incl_covid,full_incl_covid,dense_jl,30,,17,0.7,50000,3000,,0.00022611999997934618,0.0005814099999952305,0.6784214529999986,0.10838745605857829,0.09411013454405726,0.2558592070067759,1.0412646779554284,50000,0.30445246690734057,0.0,0.3582430806257521,0.2,0.6294278998863185,0.252510960252054,0.2841533703466672,0.38869741016167997,0.8333333333333334,0.8333333333333334,0.9362525218898364,0.7,0.0
top_100__full_incl_covid,full_incl_covid,dense_jl,30,,18,0.7,50000,3000,,0.00019948999999996886,0.0008451699999909579,0.6821509309999669,0.09961224024072415,0.08460012883347368,0.24324619714915444,0.9873649032583286,50000,0.2697954271961493,0.0,0.32755716004813484,0.1,0.5255639846142192,0.29976224024613174,0.24970496430447203,0.35834372972160766,0.6904761904761905,0.6904761904761905,0.9189018152588136,0.9,0.0
top_100__full_incl_covid,full_incl_covid,dense_jl,30,,19,0.7,50000,3000,,0.00026024900000720663,0.0005027599999607446,0.6358446010000307,0.11226580848138894,0.09762612132247889,0.2648447244143362,0.9598859430535797,50000,0.2835138387484958,0.0,0.3371841155234658,0.1,0.26659049984091016,0.22217014644236766,0.21494542189994323,0.234568689394407,0.6666666666666666,0.6666666666666666,0.9047785002827192,0.5,0.0
top_100__full_incl_covid,full_incl_covid,dense_jl,30,,20,0.7,50000,3000,,0.0002692699999897741,0.000828189999992901,0.6138226799999984,0.09324331017758475,0.07939022906994703,0.22626279508543184,0.9938919155054586,50000,0.28447653429602887,0.0,0.33983152827918167,0.1,0.6002454722136281,0.5040412563810377,0.3356118237955993,0.47996618413008835,0.7857142857142857,0.7857142857142857,0.9335231093772478,0.8,0.0
top_100__full_incl_covid,full_incl_covid,dense_jl,30,,21,0.7,50000,3000,,0.00023004000001947134,0.0004976999999826148,0.6389590590000012,0.09616360836364625,0.08175694784217835,0.2344075683832732,0.9919840935068701,50000,0.27653429602888085,0.0,0.3499398315282792,0.1,0.5994207411055289,0.4097191638303984,0.2980454537148469,0.4357284528835914,0.7142857142857143,0.7142857142857143,0.9327602481573055,0.9,0.0
top_100__full_incl_covid,full_incl_covid,dense_jl,30,,22,0.7,50000,3000,,0.00024225999999316628,0.000603038999997807,0.6679285169999503,0.10770102897097059,0.09323369079793475,0.2571556608382984,0.9413324120450505,50000,0.2666666666666667,0.0,0.3270758122743683,0.1,0.5854173232824788,0.22133813787967913,0.24523027851425033,0.3506619132254694,0.8571428571428571,0.8571428571428571,0.9147912393812964,0.8,0.0
top_100__full_incl_covid,full_incl_covid,dense_jl,30,,23,0.7,50000,3000,,0.00030787000002874265,0.001095309999982419,0.6924585369999932,0.1027274360768618,0.08804981448525856,0.24674020503814284,0.961321279046082,50000,0.27123947051744884,0.0,0.32286401925391095,0.1,0.5731155756529165,0.37295769552680047,0.28454456810901024,0.41020594642957575,0.6904761904761905,0.6904761904761905,0.9211154741152893,0.8,0.0
top_100__full_incl_covid,full_incl_covid,dense_jl,30,,24,0.7,50000,3000,,0.00030150999998568295,0.0006839700000114135,0.6860330989999852,0.09246468138464549,0.07726482412847313,0.23057753141503518,1.0022571233710298,50000,0.28471720818291213,0.0,0.35018050541516244,0.2,0.7027662664934651,0.23560358565123726,0.24409227769854214,0.3941540432810815,0.8095238095238095,0.8095238095238095,0.9352708250385601,0.8,0.0
top_100__full_incl_covid,full_incl_covid,dense_jl,30,,25,0.7,50000,3000,,0.00026602899998806606,0.0007432490000383041,0.636033671000007,0.10087654684264286,0.08407123343862971,0.251024796324576,1.017654929006857,50000,0.26594464500601683,0.0,0.3309265944645006,0.1,0.6362681702900705,0.4222048821146625,0.2517550941452218,0.4367427155166516,0.8095238095238095,0.8095238095238095,0.9319927237413971,0.6,0.0
top_100__full_incl_covid,full_incl_covid,dense_jl,30,,26,0.7,50000,3000,,0.00029503000001795954,0.001452229000051375,0.6426416080000195,0.09468533403188346,0.08000988947802667,0.2328208462305342,0.9812126032588983,50000,0.2738868832731649,0.0,0.3274368231046932,0.1,0.6123412220042008,0.26639416151988626,0.2675518774038716,0.38209575364265286,0.7380952380952381,0.7380952380952381,0.9374657474663999,0.8,0.0
top_100__full_incl_covid,full_incl_covid,dense_jl,30,,27,0.7,50000,3000,,0.0002937900000006266,0.0009563600000319639,0.6853609199999937,0.09808980219437559,0.0828688150607052,0.24142392427523404,0.9840556985209398,50000,0.2762936221419976,0.0,0.33886883273164864,0.1,0.5692573256598129,0.3397779919584177,0.2831298825174509,0.3973884000452272,0.8095238095238095,0.8095238095238095,0.936476710786495,0.8,0.0
top_100__full_incl_covid,full_incl_covid,dense_jl,30,,28,0.7,50000,3000,,0.00029169000004003465,0.0026003589999845644,0.6324399420000191,0.11459607095098535,0.09612532209975361,0.28513724146687097,1.0470149742712453,50000,0.290734055354994,0.0,0.34813477737665466,0.1,0.5931485619810705,0.28934094141093114,0.32361894625928644,0.40203614988376274,0.7857142857142857,0.7857142857142857,0.9280845682089646,0.8,0.0
top_100__full_incl_covid,full_incl_covid,dense_jl,30,,29,0.7,50000,3000,,0.0056023379999601275,0.0007643700000130593,0.674282914999992,0.09250488692600033,0.07773440310543345,0.22969625186056566,1.0041936788471792,50000,0.313598074608905,0.0,0.3631768953068592,0.2,0.5214879103205142,0.41602306756058305,0.31230393065803613,0.4166049695130445,0.7619047619047619,0.7619047619047619,0.9369994696921536,0.6,0.0
top_100__full_incl_covid,full_incl_covid,dense_jl,30,,30,0.7,50000,3000,,0.00021205000001600638,0.0004893500000093809,0.6204122169999664,0.10947562383018014,0.09297960655835791,0.2690013600767959,1.0319955263882326,50000,0.2782190132370638,0.0,0.3373044524669074,0.1,0.5496508062965368,0.41482598160365064,0.319342039509579,0.4279396091365888,0.7142857142857143,0.7142857142857143,0.9278004060117169,1.0,0.0
top_100__full_incl_covid,full_incl_covid,dense_jl,30,,31,0.7,50000,3000,,0.0002268300000309864,0.000655668999968384,0.6913469680000048,0.10696956760834048,0.09194742190927696,0.2586052507955651,0.9675914967950925,50000,0.24524669073405536,0.0,0.31215403128760527,0.1,0.2710536651503584,0.24543603916630283,0.1937654207781221,0.23675170836492776,0.6666666666666666,0.6666666666666666,0.9093015912581177,0.8,0.0
top_100__full_incl_covid,full_incl_covid,dense_jl,30,,32,0.7,50000,3000,,0.00023276000001715147,0.00040892000004078,0.7464088639999886,0.11035968820468259,0.09583013367111382,0.2606817928171682,0.949701065538818,50000,0.2712394705174489,0.0,0.3197352587244284,0.1,0.4049317921099318,0.17773058386312202,0.22560374605032532,0.2694220406744597,0.7380952380952381,0.7380952380952381,0.9095505390069023,0.7,0.0
top_100__full_incl_covid,full_incl_covid,dense_jl,30,,33,0.7,50000,3000,,0.00020595000000867003,0.000930750000009084,0.7326498099999981,0.10442405174435349,0.09051293576037583,0.24800076310943311,0.9445820727519726,50000,0.26979542719614924,0.0,0.32827918170878456,0.1,0.5287299480275479,0.3719919779941925,0.266897927655103,0.3892066178922811,0.7142857142857143,0.7142857142857143,0.9275211370335548,0.7,0.0
top_100__full_incl_covid,full_incl_covid,dense_jl,30,,34,0.7,50000,3000,,0.0003589289999581524,0.0005839000000378292,0.6433972880000169,0.09898526392409245,0.08435567802009258,0.23938961946016232,0.9896629149639172,50000,0.2782190132370638,0.0,0.3442839951865223,0.1,0.5301932250636884,0.24293562001393457,0.1980183204531362,0.3237157218435864,0.7619047619047619,0.7619047619047619,0.9245091933967471,0.8,0.0
top_100__full_incl_covid,full_incl_covid,dense_jl,30,,35,0.7,50000,3000,,0.0002353799999923467,0.0005710689999887109,0.6826181810000094,0.10994808845648273,0.09602546871046957,0.25991636066534546,0.9342975408708101,50000,0.26474127557160054,0.0,0.3217809867629362,0.1,0.6017565484044122,0.20776644220159193,0.21120408132261728,0.3402423573095405,0.7142857142857143,0.7142857142857143,0.9199671987031713,0.9,0.0
top_100__full_incl_covid,full_incl_covid,dense_jl,30,,36,0.7,50000,3000,,0.0006021400000122412,0.0008621389999916573,0.7305161510000175,0.10635802662585706,0.09134998568900987,0.2567496482176825,1.0275979208326762,50000,0.29338146811071,0.0,0.3422382671480144,0.2,0.5584358917150714,0.45951379180158336,0.34719533392938934,0.4550483391486813,0.8095238095238095,0.8095238095238095,0.9322061851962138,1.0,0.0
top_100__full_incl_covid,full_incl_covid,dense_jl,30,,37,0.7,50000,3000,,0.0007010190000187322,0.0007288699999890014,0.6658828989999961,0.09327401029563569,0.07901215444580834,0.22888401784771548,0.9672403004086787,50000,0.2784596871239471,0.0,0.34247894103489773,0.1,0.6469023523003751,0.40220212225921076,0.2692163824541674,0.4394402856712511,0.6904761904761905,0.6904761904761905,0.9345377204457931,0.8,0.0
top_100__full_incl_covid,full_incl_covid,dense_jl,30,,38,0.7,50000,3000,,0.00023800899998605018,0.0007728989999691294,0.6964313860000289,0.09869814619984366,0.08491086476438142,0.23830148446092556,1.0261252899892577,50000,0.29362214199759323,0.0,0.3617328519855596,0.2,0.657122136317487,0.279088101103728,0.3470010911118455,0.4277371095110201,0.7857142857142857,0.7857142857142857,0.9358282756128652,0.7,0.0
top_100__full_incl_covid,full_incl_covid,dense_jl,30,,39,0.7,50000,3000,,0.000217689999999493,0.0004583399999660287,0.6724334959999965,0.0949077243724159,0.07933149541123014,0.23473295405559744,0.9733111490506674,50000,0.2789410348977136,0.0,0.3407942238267148,0.1,0.6972059469999344,0.26836275380360725,0.23383775994960876,0.3998021535843835,0.8571428571428571,0.8571428571428571,0.9375913400896003,0.7,0.0
top_100__full_incl_covid,full_incl_covid,dense_jl,30,,40,0.7,50000,3000,,0.0002719800000363648,0.0006202600000051461,0.6787600330000032,0.1066004635331481,0.09240213635319394,0.2533102373426734,0.9648661026866556,50000,0.27966305655836343,0.0,0.32912154031287605,0.1,0.5699198742001873,0.27804709225812496,0.20753379278610667,0.35183358641480633,0.6904761904761905,0.6904761904761905,0.9149472368786448,0.7,0.0
top_100__full_incl_covid,full_incl_covid,dense_jl,30,,41,0.7,50000,3000,,0.00038492999999562016,0.0009717299999465467,0.6458338570000137,0.10749273906796285,0.09211753378160109,0.25859440155693547,0.9732750977328876,50000,0.2570397111913358,0.0,0.31371841155234653,0.1,0.5152400637254472,0.19773591327235565,0.23914318703904375,0.31737305467894883,0.6190476190476191,0.6190476190476191,0.9129484614380878,0.7,0.0
top_100__full_incl_covid,full_incl_covid,dense_jl,30,,42,0.7,50000,3000,,0.00030474999999796637,0.0007167300000219257,0.6425169679999954,0.09386714060746082,0.07939230517001372,0.2315251601438889,1.0046432701887045,50000,0.2794223826714801,0.0,0.34777376654632974,0.1,0.6241262089328676,0.31582119843411516,0.30541649777198454,0.4151213017129891,0.7857142857142857,0.7857142857142857,0.940023374531171,0.6,0.0
top_100__full_incl_covid,full_incl_covid,dense_jl,30,,43,0.7,50000,3000,,0.00027498000002879053,0.00076896000001625,0.6340059920000272,0.1080038745718708,0.0915616482129103,0.26451631009955456,1.0200891699469616,50000,0.27990373044524675,0.0,0.3365824308062575,0.1,0.6480357590875347,0.29370517067662316,0.28991824318437165,0.41055305764950983,0.7857142857142857,0.7857142857142857,0.9234799654045227,0.6,0.0
top_100__full_incl_covid,full_incl_covid,dense_jl,30,,44,0.7,50000,3000,,0.0005882099999894308,0.0006010399999922811,0.7323758699999985,0.11404131838004372,0.09924590820701651,0.26938919074850637,0.9387874539910801,50000,0.2548736462093863,0.0,0.31263537906137184,0.1,0.5048404499373702,0.1526417911892773,0.2150807448977685,0.2908543286748053,0.7142857142857143,0.7142857142857143,0.9129460148285449,0.8,0.0
top_100__full_incl_covid,full_incl_covid,dense_jl,30,,45,0.7,50000,3000,,0.00037874899999224,0.0007340999999883024,0.6537734230000183,0.09436572524036223,0.07748826254680968,0.2398423698808864,1.007227415858159,50000,0.29025270758122745,0.0,0.3534296028880866,0.1,0.6854582788207839,0.5088831859950903,0.3299449153938024,0.5080954600698923,0.8095238095238095,0.8095238095238095,0.9266469237126232,0.9,0.0
top_100__full_incl_covid,full_incl_covid,dense_jl,30,,46,0.7,50000,3000,,0.00046109900000601556,0.0009707899999966685,0.7078269610000234,0.11344903129881326,0.10009122184789992,0.2622718169564569,0.9312935469566834,50000,0.2717208182912154,0.0,0.32539109506618535,0.1,0.5554847547290653,0.35525674860509066,0.2089942888350273,0.3732452640563944,0.7142857142857143,0.7142857142857143,0.9173296072376147,0.6,0.0
top_100__full_incl_covid,full_incl_covid,dense_jl,30,,47,0.7,50000,3000,,0.00039466999999149266,0.0009377800000152092,0.6744285839999975,0.09313586945473726,0.07800550258523781,0.23199892813359527,1.0174878660092475,50000,0.29843561973525873,0.0,0.358604091456077,0.2,0.6763613253903082,0.5389400756540843,0.39017616783359466,0.5351591896259957,0.7619047619047619,0.7619047619047619,0.9395785516406083,0.7,0.0
top_100__full_incl_covid,full_incl_covid,dense_jl,30,,48,0.7,50000,3000,,0.00024583000003985944,0.0007230800000002091,0.6249898050000411,0.09459630265326896,0.07955221195003087,0.2335331554842982,0.9834346819508014,50000,0.274849578820698,0.0,0.33971119133574007,0.1,0.6370181151285386,0.23425538004626353,0.2966246469591391,0.3892993807113137,0.7857142857142857,0.7857142857142857,0.9356227604112646,0.9,0.0
top_100__full_incl_covid,full_incl_covid,dense_jl,30,,49,0.7,50000,3000,,0.00022114000000783562,0.0004947699999888755,0.6946688259999974,0.09552314469249681,0.08135332353235142,0.23342527280909733,0.9751545742445118,50000,0.28303249097472927,0.0,0.3374247894103489,0.1,0.6205297191952223,0.3430444700395867,0.2539007738277972,0.40582498768753544,0.7619047619047619,0.7619047619047619,0.924993392063115,0.7,0.0
top_100__full_incl_covid,full_incl_covid,dense_jl,50,,0,0.7,50000,5000,,0.00022649100003491185,0.0015451689999963492,0.969625098999984,0.08258415040347893,0.070644745371303,0.19904497109623603,0.9733273979363835,50000,0.37521058965102283,0.2,0.4323706377858003,0.2,0.5698324342220418,0.48079092389937367,0.41776742389849597,0.48946359400663714,0.7142857142857143,0.7142857142857143,0.9504854533379281,0.9,0.0
top_100__full_incl_covid,full_incl_covid,dense_jl,50,,1,0.7,50000,5000,,0.00024882000002435234,0.0008389600000100472,0.8711973709999938,0.07709084142489163,0.06510260894509967,0.19038795787219537,1.0163292926964091,50000,0.39446450060168475,0.2,0.4439229843561973,0.3,0.7190108847642441,0.5926687323347719,0.33695166666778265,0.5495437612555997,0.8095238095238095,0.8095238095238095,0.9601878703372222,0.9,0.0
top_100__full_incl_covid,full_incl_covid,dense_jl,50,,2,0.7,50000,5000,,0.0002882699999986471,0.0011065190000181246,0.7753892709999946,0.08303134727010845,0.07075343958612468,0.2020340837518242,1.0296423065553457,50000,0.3942238267148015,0.2,0.45463297232250294,0.2,0.6325272991066108,0.41385212359286055,0.2966717519271828,0.4476837248755514,0.8571428571428571,0.8571428571428571,0.956113533556609,0.9,0.0
top_100__full_incl_covid,full_incl_covid,dense_jl,50,,3,0.7,50000,5000,,0.0003642399999534973,0.0010276399999611385,0.8581256069999768,0.08628019077621478,0.07513337128911668,0.2036797896782501,0.97349322576735,50000,0.3749699157641396,0.2,0.42839951865222625,0.2,0.6844619735854693,0.3852062268445373,0.272486128205896,0.4473847762119676,0.7142857142857143,0.7142857142857143,0.94242786893199,0.8,0.0
top_100__full_incl_covid,full_incl_covid,dense_jl,50,,4,0.7,50000,5000,,0.0002846399999612004,0.0009041900000283931,0.8277778190000049,0.08099838007395332,0.0704380291860946,0.19297867750331466,0.9519308159627643,50000,0.3817087845968713,0.2,0.4371841155234657,0.2,0.6558357698295791,0.413560671928136,0.37773403820507784,0.4823768266542643,0.7857142857142857,0.7857142857142857,0.9565732661275481,0.8,0.0
top_100__full_incl_covid,full_incl_covid,dense_jl,50,,5,0.7,50000,5000,,0.0003766099999893413,0.0010120399999777874,0.9346465140000078,0.07953228985710876,0.06743723567703497,0.19242272506028824,1.0302390734882956,50000,0.3963898916967509,0.2,0.4558363417569194,0.2,0.7405298187518932,0.46245375887301476,0.4134873282967045,0.5388236353072041,0.7857142857142857,0.7857142857142857,0.9605114501326605,0.9,0.0
top_100__full_incl_covid,full_incl_covid,dense_jl,50,,6,0.7,50000,5000,,0.00036152999996375,0.001107110000020839,0.805898228999979,0.07811899746661125,0.06550283871292889,0.19316339375732558,1.0176730521920443,50000,0.3983152827918171,0.2,0.45403128760529476,0.2,0.7007602799182613,0.5544681119191491,0.4245495962722108,0.5599259960365404,0.8571428571428571,0.8571428571428571,0.9587918391143021,0.8,0.0
top_100__full_incl_covid,full_incl_covid,dense_jl,50,,7,0.7,50000,5000,,0.00027197000002843197,0.0009308890000170322,0.7581104589999654,0.11769122209604325,0.10044992864608765,0.2839744150281145,1.0768054507773077,50000,0.3951865222623346,0.2,0.4536702767749699,0.2,0.8388198985957293,0.48235880379332197,0.35446045963005335,0.5585463873397015,0.8333333333333334,0.8333333333333334,0.9474578263066148,0.7,0.0
top_100__full_incl_covid,full_incl_covid,dense_jl,50,,8,0.7,50000,5000,,0.00028494000002865505,0.0009146800000507938,0.8873395040000105,0.08087633942274587,0.06797601968612466,0.20017405371886499,1.0160911629994056,50000,0.38796630565583634,0.2,0.4310469314079422,0.2,0.5633393131800063,0.407278736080791,0.34503756573948124,0.4385518716667595,0.7857142857142857,0.7857142857142857,0.9564398527182877,1.0,0.0
top_100__full_incl_covid,full_incl_covid,dense_jl,50,,9,0.7,50000,5000,,0.00025574900001856804,0.001319579000039539,0.9358235340000078,0.0819643594404037,0.07037225353152221,0.19778667454277446,1.0254573850302957,50000,0.3896510228640193,0.2,0.4487364620938628,0.2,0.6439162677897927,0.5202727993673031,0.31188839527054485,0.4920258208092136,0.8333333333333334,0.8333333333333334,0.9580439921306998,0.8,0.0
top_100__full_incl_covid,full_incl_covid,dense_jl,50,,10,0.7,50000,5000,,0.0004444499999749496,0.001205710000022009,0.8281574799999589,0.08409241656028794,0.07154693673408186,0.20467034240522108,1.023224598108255,50000,0.3896510228640193,0.2,0.44259927797833937,0.2,0.6568740519942873,0.40685405615734455,0.3428269721466797,0.4688516934327705,0.8333333333333334,0.8333333333333334,0.9551675739336127,0.9,0.0
top_100__full_incl_covid,full_incl_covid,dense_jl,50,,11,0.7,50000,5000,,0.0011063290000379311,0.0011159090000205651,0.8058675389999621,0.07626698215003246,0.06424129451185157,0.18813427958424575,1.0017056850874861,50000,0.4002406738868833,0.2,0.4614921780986763,0.3,0.6876446017654555,0.4805572772459879,0.33363348149654803,0.5006117868359972,0.7857142857142857,0.7857142857142857,0.9533852502484249,0.9,0.0
top_100__full_incl_covid,full_incl_covid,dense_jl,50,,12,0.7,50000,5000,,0.00031796000001804714,0.0010085790000289307,0.9010607390000018,0.08564284828997629,0.07297060793454274,0.20879678347666097,0.9614025467549822,50000,0.38700361010830325,0.2,0.4380264741275572,0.2,0.5600263803735119,0.38792040442596276,0.3111579559911638,0.41970158026354615,0.6666666666666666,0.6666666666666666,0.9490824168654624,0.7,0.0
top_100__full_incl_covid,full_incl_covid,dense_jl,50,,13,0.7,50000,5000,,0.0004209900000091693,0.001467149999996309,0.8402374340000165,0.07460001803263558,0.06317109686816424,0.18339512449826834,1.0027874652100959,50000,0.39590854392298436,0.2,0.4567990373044525,0.2,0.5781364951560655,0.5765924509019462,0.3605069503065304,0.505078632121514,0.8333333333333334,0.8333333333333334,0.9581664062526138,0.8,0.0
top_100__full_incl_covid,full_incl_covid,dense_jl,50,,14,0.7,50000,5000,,0.0004500790000179222,0.001159260000008544,0.9262075980000191,0.07719664287913548,0.06540051269790703,0.18930596402650157,0.9855059424781959,50000,0.3898916967509025,0.2,0.44055354993983153,0.2,0.7287860482950379,0.3053633840071918,0.31383167829003833,0.44932703686408937,0.7857142857142857,0.7857142857142857,0.9534276163247825,0.8,0.0
top_100__full_incl_covid,full_incl_covid,dense_jl,50,,15,0.7,50000,5000,,0.000301379999996243,0.0007956300000273586,0.7526564109999754,0.08326822037748487,0.06975613070718023,0.20508815692750526,1.0281296805525553,50000,0.4007220216606498,0.2,0.45968712394705175,0.2,0.6441826720417344,0.2832944374701376,0.3749417579573605,0.4341396224897442,0.8571428571428571,0.8571428571428571,0.9594849196842911,0.8,0.0
top_100__full_incl_covid,full_incl_covid,dense_jl,50,,16,0.7,50000,5000,,0.0002517190000048686,0.0008159799999702955,0.7581510389999835,0.08729589353441278,0.07688605264548126,0.20333652250398537,0.9520343344168183,50000,0.3771359807460891,0.2,0.4315282791817087,0.2,0.6279288035439415,0.30597397409301036,0.3492511972473554,0.4277179916281025,0.7857142857142857,0.7857142857142857,0.9496279271487504,0.7,0.0
top_100__full_incl_covid,full_incl_covid,dense_jl,50,,17,0.7,50000,5000,,0.00032837999998491796,0.0008107500000278378,0.9242441790000271,0.08512806066837135,0.07317831456434576,0.20553959631552404,1.0284546401901162,50000,0.3843561973525872,0.2,0.44199759326113114,0.2,0.6044955354317294,0.5330829781885822,0.4646494231010171,0.5340759789071096,0.8809523809523809,0.8809523809523809,0.952825415798155,0.8,0.0
top_100__full_incl_covid,full_incl_covid,dense_jl,50,,18,0.7,50000,5000,,0.00040949899999986883,0.0006832700000245495,0.8979218899999637,0.07225688270788623,0.06038339092005235,0.1797536001282691,1.0057426655809139,50000,0.40457280385078226,0.2,0.4580024067388689,0.3,0.7298695297934279,0.46388914264938563,0.3277985455178449,0.5071857393202195,0.8571428571428571,0.8571428571428571,0.9559710865121133,0.7,0.0
top_100__full_incl_covid,full_incl_covid,dense_jl,50,,19,0.7,50000,5000,,0.00025873999999248554,0.000953938999998627,0.8930512619999718,0.07790233003150435,0.06700684749414643,0.18651619050566448,1.0207611297282433,50000,0.4012033694344163,0.2,0.46883273164861616,0.3,0.7832098480999733,0.49233874617821194,0.4045072461789569,0.560018613485714,0.8095238095238095,0.8095238095238095,0.9631791955380533,0.8,0.0
top_100__full_incl_covid,full_incl_covid,dense_jl,50,,20,0.7,50000,5000,,0.0002974800000288269,0.0016467899999952351,1.0259863659999837,0.0783766063086117,0.06662148610348906,0.1916130074402312,0.9967738518138547,50000,0.3651022864019254,0.2,0.41865222623345366,0.2,0.6828146108460745,0.2222619812035954,0.2917938305040173,0.39895680751789575,0.8333333333333334,0.8333333333333334,0.9524355266107473,0.7,0.0
top_100__full_incl_covid,full_incl_covid,dense_jl,50,,21,0.7,50000,5000,,0.000552349999964008,0.001439689000051203,1.0283207050000556,0.07127461996892441,0.058529262998199105,0.18087970937495504,0.9838840408300706,50000,0.38098676293622147,0.2,0.44837545126353784,0.2,0.7084563582658707,0.3609023317780992,0.3148161142176882,0.46139160142055274,0.8333333333333334,0.8333333333333334,0.9580468151417108,0.8,0.0
top_100__full_incl_covid,full_incl_covid,dense_jl,50,,22,0.7,50000,5000,,0.00037494999997989,0.0011307699999747456,0.9686696400000301,0.0778705949665299,0.06568952698915215,0.19174959166003058,1.0042174388629046,50000,0.3889290012033695,0.2,0.43935018050541513,0.2,0.5769376364881827,0.41992475875170626,0.34127908310608596,0.4460471594486583,0.8333333333333334,0.8333333333333334,0.9547520058016012,0.8,0.0
top_100__full_incl_covid,full_incl_covid,dense_jl,50,,23,0.7,50000,5000,,0.000302519999991091,0.0005750499999521708,0.9695983899999874,0.07381916469148406,0.0615698415600095,0.18539395828860852,0.9927272301418361,50000,0.3973525872442841,0.2,0.45306859205776173,0.2,0.7076332813372823,0.531058321671807,0.323815382383244,0.5208356617974444,0.8095238095238095,0.8095238095238095,0.9560204160156315,0.9,0.0
top_100__full_incl_covid,full_incl_covid,dense_jl,50,,24,0.7,50000,5000,,0.00029039999998303756,0.001147998999954325,1.010034012999995,0.10357858754233143,0.0894580869214075,0.24559912110685697,0.9341998674969398,50000,0.37135980746089053,0.2,0.42611311672683516,0.2,0.37525574302950215,0.21373402633692357,0.26585563012469965,0.2849484664970418,0.6666666666666666,0.6666666666666666,0.9239470796264757,0.9,0.0
top_100__full_incl_covid,full_incl_covid,dense_jl,50,,25,0.7,50000,5000,,0.0034283890000210704,0.0011762789999920642,0.9694231500000114,0.08865101227861087,0.07683291266714737,0.2128783110955495,0.991752612213196,50000,0.377135980746089,0.2,0.4376654632972323,0.2,0.34483640632821516,0.23968740000140507,0.2791530525715499,0.28789228630039004,0.6190476190476191,0.6190476190476191,0.9415708864338218,0.7,0.0
top_100__full_incl_covid,full_incl_covid,dense_jl,50,,26,0.7,50000,5000,,0.003731899000001704,0.0009883690000265233,1.2049506799999676,0.07351889104834025,0.06223383493646578,0.1814195280463942,1.001439612632832,50000,0.3939831528279181,0.2,0.45102286401925384,0.2,0.6739925856565931,0.249881940912411,0.36370265889947606,0.4291923951561601,0.8095238095238095,0.8095238095238095,0.9584410747683876,0.7,0.0
top_100__full_incl_covid,full_incl_covid,dense_jl,50,,27,0.7,50000,5000,,0.00028230999998868356,0.0008021589999884782,1.0257584860000293,0.07648531225732738,0.06431426634390325,0.18872614650293873,0.9963865280782261,50000,0.389410348977136,0.2,0.438748495788207,0.2,0.6890063546626417,0.3018046434988443,0.3768723704273114,0.45589445619626584,0.8571428571428571,0.8571428571428571,0.9548960002743548,0.9,0.0
top_100__full_incl_covid,full_incl_covid,dense_jl,50,,28,0.7,50000,5000,,0.00030239000000165106,0.0009088200000064717,0.87047362200002,0.07817503390529981,0.06624422471091673,0.19272629194040744,0.9795121161853376,50000,0.3843561973525872,0.2,0.4428399518652226,0.2,0.6180669167978907,0.334661562810099,0.4192081732345772,0.457312217614189,0.8333333333333334,0.8333333333333334,0.9536227177524315,0.9,0.0
top_100__full_incl_covid,full_incl_covid,dense_jl,50,,29,0.7,50000,5000,,0.0003274100000112412,0.0008140299999581657,1.1463613140000461,0.07999029410489432,0.0678704856888459,0.19571789891749347,1.0070437063291633,50000,0.3742478941034898,0.2,0.4348977135980746,0.2,0.649921828335258,0.4841697226553991,0.267153681895115,0.46708174429525734,0.7857142857142857,0.7857142857142857,0.9574372120528768,0.7,0.0
top_100__full_incl_covid,full_incl_covid,dense_jl,50,,30,0.7,50000,5000,,0.00023490000000947475,0.0005580700000109573,1.0370634909999694,0.07065600518565686,0.05942811934458475,0.1750745669586222,0.9820194088166471,50000,0.39903730445246693,0.2,0.4593261131167268,0.3,0.6672269062914584,0.5565190507228389,0.4456532401053506,0.5564663990398826,0.8571428571428571,0.8571428571428571,0.9642540517526923,0.9,0.0
top_100__full_incl_covid,full_incl_covid,dense_jl,50,,31,0.7,50000,5000,,0.00037817999998424057,0.0007409389999679661,1.1439340960000095,0.07630165190545805,0.0651497630637996,0.1848121500943547,0.9775343188229386,50000,0.3737665463297232,0.2,0.4322503008423586,0.2,0.7455727073128648,0.4615289382160368,0.37195206797036134,0.5263512378330877,0.7857142857142857,0.7857142857142857,0.9552481029366005,0.8,0.0
top_100__full_incl_covid,full_incl_covid,dense_jl,50,,32,0.7,50000,5000,,0.00022124899999198533,0.005858557000010478,1.1332245309999962,0.07872255200232309,0.06663478627895097,0.1922864705753398,1.0092821987947078,50000,0.39061371841155235,0.2,0.44669073405535503,0.2,0.5954312720272045,0.37275974586854027,0.341116692084008,0.4364359033265843,0.9285714285714286,0.9285714285714286,0.9560452166901429,0.7,0.0
top_100__full_incl_covid,full_incl_covid,dense_jl,50,,33,0.7,50000,5000,,0.00031329999995932667,0.001116868999986309,1.0065256750000344,0.0862897008739611,0.0758712454535318,0.20159149676430377,0.9558402092431068,50000,0.3819494584837545,0.2,0.43225030084235866,0.2,0.6796810667117872,0.4475035720862455,0.34513554847686145,0.49077339575829804,0.7619047619047619,0.7619047619047619,0.9479514559208786,0.7,0.0
top_100__full_incl_covid,full_incl_covid,dense_jl,50,,34,0.7,50000,5000,,0.0005656800000224393,0.0009040589999926851,0.8132587150000177,0.0758853468429096,0.06468196346778216,0.18420577905787683,0.9838430502289717,50000,0.3951865222623346,0.2,0.450661853188929,0.2,0.7169863154537205,0.28763979413320034,0.26141161955854786,0.42201257638182293,0.8809523809523809,0.8809523809523809,0.9519787006955898,0.8,0.0
top_100__full_incl_covid,full_incl_covid,dense_jl,50,,35,0.7,50000,5000,,0.0005998000000317916,0.004304708000006485,1.0969211760000235,0.07833226104264877,0.06668559208551078,0.1914293415087373,0.9831221551017592,50000,0.3773766546329724,0.2,0.43658243080625747,0.2,0.5936240137763599,0.37389715075600394,0.31138994801225234,0.42630370418153873,0.8095238095238095,0.8095238095238095,0.9520462647591197,0.7,0.0
top_100__full_incl_covid,full_incl_covid,dense_jl,50,,36,0.7,50000,5000,,0.0003540000000157306,0.0012207190000026458,0.9128538840000147,0.07338102757656183,0.06166258649770828,0.18150193733985587,0.9985297421952637,50000,0.392057761732852,0.2,0.4451263537906137,0.2,0.7357562582630057,0.5844819025519544,0.45630988798334465,0.5921826829327683,0.8095238095238095,0.8095238095238095,0.9622852211400448,0.9,0.0
top_100__full_incl_covid,full_incl_covid,dense_jl,50,,37,0.7,50000,5000,,0.0002649900000051275,0.0006421900000077585,0.9815040649999673,0.0740847725535404,0.06293067553846521,0.18053246342085555,0.9913204247506896,50000,0.3932611311672684,0.2,0.44007220216606496,0.2,0.7493604149552187,0.4786781200182555,0.34089101352307116,0.5229765161655151,0.8095238095238095,0.8095238095238095,0.9584515512759172,1.0,0.0
top_100__full_incl_covid,full_incl_covid,dense_jl,50,,38,0.7,50000,5000,,0.0008327390000317791,0.0012753490000250167,0.8741856199999916,0.07392107716287624,0.062325097111899486,0.18240367532879284,0.9901960289483787,50000,0.39181708784596875,0.2,0.44765342960288806,0.2,0.5663807229990009,0.47728377347993944,0.29590695057932515,0.44652381568608845,0.8809523809523809,0.8809523809523809,0.9548275161183473,0.8,0.0
top_100__full_incl_covid,full_incl_covid,dense_jl,50,,39,0.7,50000,5000,,0.0005647499999668071,0.0012580700000057732,1.1267548729999817,0.07790918479197043,0.06610151720814245,0.19051689725161214,0.9907819092385015,50000,0.39157641395908543,0.2,0.44115523465703965,0.2,0.6572848340780136,0.43048271531602805,0.2830094891738307,0.45692567952262414,0.7857142857142857,0.7857142857142857,0.9531838545517811,0.8,0.0
top_100__full_incl_covid,full_incl_covid,dense_jl,50,,40,0.7,50000,5000,,0.0002866199999971286,0.000769048999984534,0.9397263429999612,0.07760187828274215,0.06575709537155416,0.1894662502349169,0.9717501356580319,50000,0.3898916967509025,0.2,0.45126353790613716,0.2,0.6648085528478035,0.4135371831353145,0.35872862878568956,0.4790247882562692,0.7380952380952381,0.7380952380952381,0.9559008667271138,0.8,0.0
top_100__full_incl_covid,full_incl_covid,dense_jl,50,,41,0.7,50000,5000,,0.00045139999997445557,0.0010881990000370934,1.1935524240000177,0.07335764135287985,0.06185363746001027,0.18049823513787672,0.9858177278414287,50000,0.39133574007220223,0.2,0.45354993983152825,0.2,0.7375154283001052,0.43404157017611417,0.3728165725201587,0.514791190332126,0.8333333333333334,0.8333333333333334,0.9550398483687594,0.8,0.0
top_100__full_incl_covid,full_incl_covid,dense_jl,50,,42,0.7,50000,5000,,0.0009728099999506412,0.003674597999975049,0.9618382330000372,0.08734404525156993,0.07502524389954585,0.20885179765984674,0.960559318669346,50000,0.3802647412755716,0.2,0.4261131167268351,0.2,0.619159238422781,0.31651878010990236,0.2636392869225954,0.3997724351517596,0.7619047619047619,0.7619047619047619,0.9485630873954022,0.7,0.0
top_100__full_incl_covid,full_incl_covid,dense_jl,50,,43,0.7,50000,5000,,0.00042786000000205604,0.001086639999982708,0.9443900300000223,0.07104000747600552,0.059326213926709115,0.1765416186433717,0.9932372009776839,50000,0.4002406738868833,0.2,0.4718411552346571,0.3,0.7402025795377096,0.4985577340779978,0.41199134955599664,0.550250554390568,0.8571428571428571,0.8571428571428571,0.9611730175352897,0.7,0.0
top_100__full_incl_covid,full_incl_covid,dense_jl,50,,44,0.7,50000,5000,,0.000335640000002968,0.0009438690000251881,0.9447709909999844,0.07232397427691124,0.06108322130699273,0.1774980391148466,0.9970515931587586,50000,0.40601684717208186,0.2,0.4600481347773766,0.3,0.7470743391420986,0.42245589728261024,0.30903010331611575,0.4928534465802749,0.8095238095238095,0.8095238095238095,0.9545301380473294,0.7,0.0
top_100__full_incl_covid,full_incl_covid,dense_jl,50,,45,0.7,50000,5000,,0.00032707999997683146,0.0019084090000092147,0.9008358199999975,0.07836374190520433,0.06595367257934448,0.194707489831061,1.0278865828336654,50000,0.3925391095066186,0.2,0.4487364620938628,0.3,0.7259102369126282,0.2977366314624087,0.3682747590520649,0.463973875809034,0.8333333333333334,0.8333333333333334,0.9585351751354209,1.0,0.0
top_100__full_incl_covid,full_incl_covid,dense_jl,50,,46,0.7,50000,5000,,0.0002520500000287029,0.000990709000006973,1.006763363999994,0.0766474075275696,0.06521943497583449,0.18715529695797217,0.9735892163588259,50000,0.4014440433212997,0.2,0.4528279181708784,0.3,0.6574503514177716,0.2838380447074579,0.4019186841589783,0.44773569342806924,0.8333333333333334,0.8333333333333334,0.9540077973655242,0.8,0.0
top_100__full_incl_covid,full_incl_covid,dense_jl,50,,47,0.7,50000,5000,,0.00023021100003006723,0.002276148000021294,1.1827366100000063,0.07931453074174495,0.0683632647010034,0.1903897828261236,0.9694098524275616,50000,0.3703971119133574,0.2,0.4310469314079423,0.2,0.6843385904779304,0.2856885499825235,0.33321424487526324,0.43441379511190575,0.7857142857142857,0.7857142857142857,0.9524211815325727,0.9,0.0
top_100__full_incl_covid,full_incl_covid,dense_jl,50,,48,0.7,50000,5000,,0.0002772200000435987,0.001086429999986649,0.9152223020000179,0.0795736719459787,0.067702100083319,0.1933074102343178,0.9990557191110194,50000,0.3824308062575211,0.2,0.4445246690734055,0.2,0.6428439341564565,0.47431841688405896,0.30700954703187416,0.4747239660241298,0.6904761904761905,0.6904761904761905,0.9492725623404475,0.9,0.0
top_100__full_incl_covid,full_incl_covid,dense_jl,50,,49,0.7,50000,5000,,0.0003571299999975963,0.001492229000007228,1.0619104110000421,0.08109334216303726,0.06922518014601986,0.1962800030044563,1.0238533418013116,50000,0.38868832731648617,0.2,0.44380264741275566,0.2,0.6344576615351016,0.27763629859107775,0.2879551848125694,0.4000163816462496,0.7619047619047619,0.7619047619047619,0.956097808339718,0.9,0.0
top_100__full_incl_covid,full_incl_covid,dense_jl,100,,0,0.7,50000,10000,,0.0006193099999904916,0.0019468790000018998,1.1059350620000146,0.053129226964369045,0.04548483274721016,0.12850629784444534,0.9963157898347861,50000,0.5547533092659447,0.4,0.5995186522262334,0.4,0.7380201597998491,0.5078217667609313,0.4547819921708898,0.5668746395772234,0.8333333333333334,0.8333333333333334,0.9767230404539569,0.8,0.0
top_100__full_incl_covid,full_incl_covid,dense_jl,100,,1,0.7,50000,10000,,0.00034844999998995263,0.001021799000000101,1.2649807349999946,0.06629730367583143,0.05691810882567766,0.16012818507511614,1.0291622143777124,50000,0.5285198555956679,0.2,0.5891696750902528,0.4,0.7955989325922547,0.4433756254969916,0.41589184135871077,0.551622133149319,0.9285714285714286,0.9285714285714286,0.9732491058374012,0.9,0.0
top_100__full_incl_covid,full_incl_covid,dense_jl,100,,2,0.7,50000,10000,,0.00035175900001149785,0.0013818089999517724,1.0879417989999638,0.05469233791273766,0.04542265955008706,0.13713951241316555,1.0205119184953904,50000,0.5439229843561973,0.4,0.5838748495788206,0.4,0.7079235960521849,0.5932571537765141,0.34939607955232227,0.5501922764603405,0.8333333333333334,0.8333333333333334,0.9790048488873572,0.8,0.0
top_100__full_incl_covid,full_incl_covid,dense_jl,100,,3,0.7,50000,10000,,0.00037880999997241815,0.00494968800001061,1.1359420879999789,0.056012302698191935,0.04721147338149578,0.13813669734287648,1.012574776514991,50000,0.5386281588447653,0.2,0.5819494584837546,0.4,0.7555124171540112,0.5846050345335724,0.35975869757382145,0.566625383087135,0.7857142857142857,0.7857142857142857,0.976623712288755,0.7,0.0
top_100__full_incl_covid,full_incl_covid,dense_jl,100,,4,0.7,50000,10000,,0.000587839000047552,0.0022100190000173825,1.039430330000016,0.051123422004692776,0.043083922528407426,0.12573885306286617,1.0042008908078675,50000,0.5451263537906137,0.2,0.592057761732852,0.4,0.7444999427349799,0.6138745017938008,0.4496273277409156,0.602667257423232,0.8095238095238095,0.8095238095238095,0.9795455077739449,0.8,0.0
top_100__full_incl_covid,full_incl_covid,dense_jl,100,,5,0.7,50000,10000,,0.0004230900000266047,0.0016981890000238309,1.1119076389999805,0.05250202276164945,0.04407396918263051,0.1293589494745989,1.0023163602434062,50000,0.53309265944645,0.2,0.5885679903730445,0.4,0.7161124833990276,0.3028260847966684,0.5198002805198538,0.51291294957185,0.9047619047619048,0.9047619047619048,0.976364267121248,0.8,0.0
top_100__full_incl_covid,full_incl_covid,dense_jl,100,,6,0.7,50000,10000,,0.0004784500000027947,0.0014882390000252599,1.0357385310000495,0.053282194977995044,0.045488994466104604,0.1304197088419036,0.9924088135222175,50000,0.527797833935018,0.2,0.5742478941034896,0.4,0.7678505104116162,0.5250463618298707,0.4347297681782,0.5758755468065623,0.8095238095238095,0.8095238095238095,0.9783818208128263,0.8,0.0
top_100__full_incl_covid,full_incl_covid,dense_jl,100,,7,0.7,50000,10000,,0.00048370999996905084,0.0020179100000063954,1.1150560080000105,0.05897525366339795,0.04982130356034864,0.1437935560307857,0.974813254354464,50000,0.5128760529482552,0.2,0.5647412755716006,0.4,0.734664327615349,0.5868086574300462,0.3943134294116575,0.5719288048190175,0.9047619047619048,0.9047619047619048,0.9737638766674585,0.8,0.0
top_100__full_incl_covid,full_incl_covid,dense_jl,100,,8,0.7,50000,10000,,0.0004157899999768233,0.002567919000000529,1.12638933300002,0.05397753352119716,0.04608641860598034,0.131177952675568,0.981640278474359,50000,0.5169675090252708,0.2,0.5673886883273165,0.4,0.6467257033384511,0.31315027988944055,0.3770633484833793,0.445646443903757,0.8333333333333334,0.8333333333333334,0.9776842861587978,0.9,0.0
top_100__full_incl_covid,full_incl_covid,dense_jl,100,,9,0.7,50000,10000,,0.0004686400000082358,0.0031800689999954557,1.2107765569999742,0.054489499623898825,0.04656457565962879,0.1320128033669381,0.9906173037585421,50000,0.529482551143201,0.2,0.578459687123947,0.4,0.6663188746322646,0.5119070526665721,0.32612329005858964,0.501449739119142,0.8333333333333334,0.8333333333333334,0.9756712911072224,0.7,0.0
top_100__full_incl_covid,full_incl_covid,dense_jl,100,,10,0.7,50000,10000,,0.0003791400000068279,0.003235308000000714,1.1847359889999893,0.07495862607293813,0.06404046837818811,0.18095364286282623,1.0468930010033946,50000,0.5441636582430807,0.2,0.5912154031287604,0.4,0.8301199138161424,0.37845787430130984,0.35741232865838307,0.5219967055919451,0.8809523809523809,0.8809523809523809,0.9740743033227048,0.8,0.0
top_100__full_incl_covid,full_incl_covid,dense_jl,100,,11,0.7,50000,10000,,0.0005982000000130938,0.0014812989999768433,1.1139380089999804,0.05316331055570436,0.04448251077708765,0.13215052519810352,1.0094585412283894,50000,0.5290012033694345,0.2,0.5879663056558363,0.4,0.701943198150083,0.5498406097980731,0.42014464975615956,0.5573094859014386,0.8095238095238095,0.8095238095238095,0.9795001304858422,0.9,0.0
top_100__full_incl_covid,full_incl_covid,dense_jl,100,,12,0.7,50000,10000,,0.0004295699999943281,0.001362710000023526,1.041974348999986,0.05455565321944419,0.04608434109701903,0.13531526940243438,1.0031968997693859,50000,0.5263537906137183,0.2,0.5832731648616126,0.4,0.8464038659026036,0.5118990549160415,0.44356471757834626,0.6006225461323305,0.8333333333333334,0.8333333333333334,0.9765453998721908,0.9,0.0
top_100__full_incl_covid,full_incl_covid,dense_jl,100,,13,0.7,50000,10000,,0.00034647900002937604,0.007702655999992203,1.0121568619999834,0.053189583224993106,0.044720208720590904,0.1310747234601854,1.0032112042992005,50000,0.5359807460890493,0.2,0.5877256317689531,0.4,0.6411484437858574,0.4456868281199349,0.40288661625640276,0.49657396272073173,0.8809523809523809,0.8809523809523809,0.9779757463622889,0.9,0.0
top_100__full_incl_covid,full_incl_covid,dense_jl,100,,14,0.7,50000,10000,,0.002436818999967727,0.001748189999943861,1.1134096380000074,0.05677195055543787,0.048714367209123255,0.1378174757477534,0.9818477673312394,50000,0.5217809867629363,0.2,0.5766546329723224,0.4,0.6962019810777137,0.6060960967495121,0.2961684646991244,0.5328221808421167,0.8095238095238095,0.8095238095238095,0.9759333292626211,0.9,0.0
top_100__full_incl_covid,full_incl_covid,dense_jl,100,,15,0.7,50000,10000,,0.0009273000000007414,0.0013061999999877116,1.0671691580000129,0.05550605795624033,0.047442333193579156,0.13437161781110551,1.0097417701753488,50000,0.5441636582430806,0.2,0.5853188929001203,0.4,0.8405504684698227,0.6758452073586735,0.28181112386923435,0.5994022665659102,0.9047619047619048,0.9047619047619048,0.9784249396921202,0.8,0.0
top_100__full_incl_covid,full_incl_covid,dense_jl,100,,16,0.7,50000,10000,,0.0005610399999795845,0.0020100090000028104,1.1430724269999928,0.053945188918320584,0.04582882848727726,0.13183323081769666,0.9908460059947743,50000,0.5422382671480144,0.2,0.5855595667870036,0.4,0.657394940868892,0.6575331270733331,0.4301017881234481,0.5816766186885578,0.8333333333333334,0.8333333333333334,0.97539678988099,0.8,0.0
top_100__full_incl_covid,full_incl_covid,dense_jl,100,,17,0.7,50000,10000,,0.0005311390000315441,0.001830919999974867,1.0397604989999536,0.06288920234963943,0.0549126946390468,0.14859606665560401,0.9684885001003888,50000,0.5186522262334536,0.2,0.5693140794223827,0.4,0.6736317298705089,0.42777055666344954,0.43023958288889486,0.5105472898076178,0.8333333333333334,0.8333333333333334,0.9711938701766242,0.8,0.0
top_100__full_incl_covid,full_incl_covid,dense_jl,100,,18,0.7,50000,10000,,0.00043609900001229107,0.0021505900000420297,1.1026920439999799,0.052864513494975944,0.04428983228567546,0.13165862567692957,1.008884698386559,50000,0.5432009626955475,0.2,0.5872442839951865,0.4,0.6001260613897399,0.47242242776842397,0.4419293831177874,0.5048259574253171,0.8571428571428571,0.8571428571428571,0.9793807693980587,0.9,0.0
top_100__full_incl_covid,full_incl_covid,dense_jl,100,,19,0.7,50000,10000,,0.00041032000001450797,0.0017738290000011148,1.0068771929999798,0.057646835415424674,0.0495000663075752,0.1384238056433745,0.9853675304106776,50000,0.5160048134777377,0.2,0.5677496991576414,0.4,0.8443002076351522,0.39993051620885683,0.3572330370495172,0.5338212536311754,0.8095238095238095,0.8095238095238095,0.9728290208877721,0.8,0.0
top_100__full_incl_covid,full_incl_covid,dense_jl,100,,20,0.7,50000,10000,,0.0004955199999585602,0.001440169000034075,1.055813143000023,0.0553121020611085,0.047129915960060775,0.13351753636748945,0.9848279670900463,50000,0.5273164861612515,0.2,0.5736462093862815,0.4,0.6815003800956025,0.6592426302635901,0.3430094608784621,0.561250823745885,0.8333333333333334,0.8333333333333334,0.9754878163027003,1.0,0.0
top_100__full_incl_covid,full_incl_covid,dense_jl,100,,21,0.7,50000,10000,,0.0014307689999668582,0.0008382089999940945,1.1162741379999943,0.053335809607756315,0.04575082057432123,0.12831741722737294,1.0081948597866295,50000,0.5340553549939832,0.2,0.5901323706377858,0.4,0.819665645470595,0.43993297124874636,0.4713531232101413,0.5769839133098276,0.8809523809523809,0.8809523809523809,0.980604513304537,0.8,0.0
top_100__full_incl_covid,full_incl_covid,dense_jl,100,,22,0.7,50000,10000,,0.0005790899999738031,0.002217559000030178,1.2318085580000115,0.07141429184986253,0.062037418068976946,0.16834309721724763,0.950079234320533,50000,0.5102286401925391,0.2,0.5551143200962695,0.4,0.6583700209466449,0.34382532012185935,0.3199395588393158,0.44071163330260665,0.7619047619047619,0.7619047619047619,0.9692881286322741,0.8,0.0
top_100__full_incl_covid,full_incl_covid,dense_jl,100,,23,0.7,50000,10000,,0.0005000299999551316,0.002650259000006372,1.0896037289999754,0.050078268984672776,0.04195337897518203,0.12306469201843082,1.001299243303208,50000,0.5229843561973526,0.2,0.579783393501805,0.4,0.747347365827595,0.6196182840941962,0.49605291376739036,0.6210061878963938,0.8095238095238095,0.8095238095238095,0.9814259467751594,0.8,0.0
top_100__full_incl_covid,full_incl_covid,dense_jl,100,,24,0.7,50000,10000,,0.000983658999984982,0.0008981899999866982,1.0931056569999669,0.054794601218530276,0.04640745241073507,0.13409134248749816,0.9890949532767204,50000,0.525150421179302,0.2,0.5777376654632972,0.4,0.6956154046887056,0.5796312465925224,0.517607755644565,0.5976181356419311,0.8333333333333334,0.8333333333333334,0.9758523611245872,0.8,0.0
top_100__full_incl_covid,full_incl_covid,dense_jl,100,,25,0.7,50000,10000,,0.0004933699999583041,0.0011567789999844535,0.9803618159999701,0.05060169939400851,0.04267036432769067,0.12471739951245987,0.9934889024821452,50000,0.5277978339350181,0.2,0.5859205776173285,0.4,0.7573443123383304,0.6278205038039799,0.36982429537135947,0.5849963705045566,0.9285714285714286,0.9285714285714286,0.9779047319519677,0.8,0.0
top_100__full_incl_covid,full_incl_covid,dense_jl,100,,26,0.7,50000,10000,,0.000710650000030455,0.0015511490000221784,1.0163888310000289,0.058410662709207174,0.05042022817070102,0.13959297348044458,1.0156929951813103,50000,0.5436823104693141,0.2,0.5895306859205776,0.4,0.7955186302531223,0.6256280265069336,0.32785339984874634,0.5830000188696007,0.8571428571428571,0.8571428571428571,0.9779989786973496,0.9,0.0
top_100__full_incl_covid,full_incl_covid,dense_jl,100,,27,0.7,50000,10000,,0.0005279389999941486,0.003312688999983493,1.2066779790000055,0.0540817989206224,0.045413202915796924,0.13500756495196514,1.0013896501967483,50000,0.5225030084235861,0.2,0.5689530685920577,0.4,0.7092031555179891,0.45695569160882016,0.3902909644220755,0.5188166038496282,0.8333333333333334,0.8333333333333334,0.9767807344345446,0.9,0.0
top_100__full_incl_covid,full_incl_covid,dense_jl,100,,28,0.7,50000,10000,,0.00045152900003131435,0.0014965489999667625,0.9948979890000373,0.04910153586697056,0.0409418415853815,0.12176864977504714,0.9831927721063286,50000,0.5335740072202165,0.2,0.5844765342960289,0.4,0.8017919475247568,0.562083155943181,0.3776342812336581,0.5805031282338654,0.8571428571428571,0.8571428571428571,0.9813151592763723,1.0,0.0
top_100__full_incl_covid,full_incl_covid,dense_jl,100,,29,0.7,50000,10000,,0.00039287999999260137,0.0011048000000073444,1.0345386519999806,0.06128080696546759,0.052382850284340754,0.14816900713479123,1.022848639539487,50000,0.5367027677496992,0.2,0.5847172081829122,0.4,0.7772306527334777,0.39673363222881075,0.40748151029097224,0.5271485984177535,0.9285714285714286,0.9285714285714286,0.9745553443989788,0.9,0.0
top_100__full_incl_covid,full_incl_covid,dense_jl,100,,30,0.7,50000,10000,,0.0004713099999662518,0.0013975090000144519,1.0000444969999762,0.05251686884196682,0.044437463895775076,0.1280566495399185,0.9812837803627766,50000,0.5407942238267148,0.2,0.5848375451263538,0.4,0.8204338660604769,0.6120636977143001,0.40712699301783484,0.6132081855975372,0.8571428571428571,0.8571428571428571,0.9770964307103448,0.8,0.0
top_100__full_incl_covid,full_incl_covid,dense_jl,100,,31,0.7,50000,10000,,0.0008851399999798559,0.0017255489999570273,1.0371783810000466,0.060571100735326844,0.051660283812740626,0.1469496958941383,0.9900488665016279,50000,0.5167268351383875,0.2,0.5541516245487365,0.4,0.5164409996283731,0.4395749478815537,0.39753376897961573,0.4511832388298475,0.8095238095238095,0.8095238095238095,0.9714917501162662,0.8,0.0
top_100__full_incl_covid,full_incl_covid,dense_jl,100,,32,0.7,50000,10000,,0.0009738489999904232,0.002227918999949452,1.1341024399999924,0.056243736254650456,0.047946387724810746,0.13764608750510235,0.9791397525941433,50000,0.5143200962695548,0.2,0.5729241877256317,0.4,0.701535125768988,0.49653187218730166,0.4611651216979855,0.5530773732180917,0.8333333333333334,0.8333333333333334,0.9747632016541589,0.8,0.0
top_100__full_incl_covid,full_incl_covid,dense_jl,100,,33,0.7,50000,10000,,0.0004604899999662848,0.0013162490000127036,1.134239100000002,0.05288717298390939,0.04442504428284999,0.1311029802854875,0.9823597399796591,50000,0.5314079422382672,0.2,0.5838748495788206,0.4,0.7944369047168311,0.3752733162073933,0.4920265214974043,0.5539122474738762,0.8571428571428571,0.8571428571428571,0.9785307085046656,0.8,0.0
top_100__full_incl_covid,full_incl_covid,dense_jl,100,,34,0.7,50000,10000,,0.0006246500000202104,0.001189390000035928,1.122696015000031,0.053765965043779396,0.04567855484357741,0.13151693469289485,1.0012681727838582,50000,0.5304452466907341,0.2,0.5832731648616126,0.4,0.7451462501052071,0.55728641228272,0.4269732410503389,0.576468634479422,0.8571428571428571,0.8571428571428571,0.9789460257023651,0.8,0.0
top_100__full_incl_covid,full_incl_covid,dense_jl,100,,35,0.7,50000,10000,,0.0005336199999987912,0.002730108000037035,1.0437496389999978,0.05943691596008763,0.05032284488033045,0.14522779634820623,0.9989412517107826,50000,0.5107099879663056,0.2,0.5567990373044526,0.4,0.7110463270429233,0.434234063601189,0.33583825429117165,0.4937062149784279,0.8809523809523809,0.8809523809523809,0.9712790414643856,1.0,0.0
top_100__full_incl_covid,full_incl_covid,dense_jl,100,,36,0.7,50000,10000,,0.0007582900000215886,0.0011309100000289618,1.0245181360000402,0.05402045499022733,0.045428914383415786,0.13365945895871265,0.9887650439634064,50000,0.5335740072202165,0.2,0.582791817087846,0.4,0.7911153803209766,0.41020024816105277,0.4142871193687253,0.5385342492835848,0.7857142857142857,0.7857142857142857,0.9788611053489157,0.8,0.0
top_100__full_incl_covid,full_incl_covid,dense_jl,100,,37,0.7,50000,10000,,0.0005366400000070826,0.0013523090000262528,1.072009775999959,0.05415123239313912,0.04525702643293572,0.13491549293722213,0.9953762902769465,50000,0.5217809867629363,0.2,0.5803850782190132,0.4,0.7192191461565773,0.3554116476319947,0.38589208400383185,0.48684095926413457,0.9047619047619048,0.9047619047619048,0.9773738385923588,0.9,0.0
top_100__full_incl_covid,full_incl_covid,dense_jl,100,,38,0.7,50000,10000,,0.00039212899997664863,0.002446779000024435,1.057529273,0.05649018955755627,0.047863685171522174,0.1387457871059248,0.9968284400133944,50000,0.5400722021660649,0.2,0.5772563176895307,0.4,0.6678318423919488,0.5914608462790341,0.5218223636246507,0.5937050174318778,0.8095238095238095,0.8095238095238095,0.9750853176661101,0.9,0.0
top_100__full_incl_covid,full_incl_covid,dense_jl,100,,39,0.7,50000,10000,,0.00042421000000558706,0.0018098389999749998,1.0222923869999931,0.05608412465326215,0.04795777845815696,0.13520125217760873,0.9973570891143418,50000,0.5359807460890493,0.2,0.5819494584837546,0.4,0.7845371071850203,0.5783153846640293,0.3557905260834664,0.5728810059775054,0.8095238095238095,0.8095238095238095,0.974380317716297,0.8,0.0
top_100__full_incl_covid,full_incl_covid,dense_jl,100,,40,0.7,50000,10000,,0.0004909500000280786,0.0017657490000146936,0.9789033060000065,0.05212965082445051,0.04376767660310632,0.12880646254586287,0.9974988764188377,50000,0.5256317689530685,0.2,0.5718411552346571,0.4,0.7240172625014057,0.3177949699379253,0.4466135575181717,0.4961419299858343,0.9285714285714286,0.9285714285714286,0.9788952951489378,0.9,0.0
top_100__full_incl_covid,full_incl_covid,dense_jl,100,,41,0.7,50000,10000,,0.00044224999999187276,0.0017309199999999691,1.0655277189999879,0.05148073493903756,0.042957023306881004,0.12859629207094445,0.9955869230744403,50000,0.5299638989169675,0.2,0.5896510228640193,0.4,0.838404052396637,0.5502735419343955,0.4316399639284927,0.6067725194198417,0.9047619047619048,0.9047619047619048,0.9777380279239701,0.8,0.0
top_100__full_incl_covid,full_incl_covid,dense_jl,100,,42,0.7,50000,10000,,0.0003996000000370259,0.0014197790000025634,0.9758559480000031,0.051897737119264375,0.04361454711366991,0.1274993993629789,1.011090826505175,50000,0.5458483754512635,0.2,0.5950661853188929,0.4,0.7372660949386864,0.724087024014714,0.4040862054119826,0.6218131081217942,0.9047619047619048,0.9047619047619048,0.9781326848633076,0.9,0.0
top_100__full_incl_covid,full_incl_covid,dense_jl,100,,43,0.7,50000,10000,,0.00045526000002382716,0.0015158299999598057,1.103317073000028,0.05519121299189981,0.04764461393187691,0.1329107871529647,1.0042876719140073,50000,0.5494584837545126,0.2,0.58676293622142,0.4,0.8204530082850567,0.44624988165787677,0.28037582601376193,0.5156929053188984,0.8571428571428571,0.8571428571428571,0.9784866695328941,0.6,0.0
top_100__full_incl_covid,full_incl_covid,dense_jl,100,,44,0.7,50000,10000,,0.00048616999998785104,0.001425988999983474,1.2158908950000296,0.05475873890567664,0.0464984043296941,0.13381737156325177,1.005821107165891,50000,0.518892900120337,0.2,0.5714801444043321,0.4,0.842060317873215,0.47552371500185586,0.36288489582542655,0.5601563095668324,0.8333333333333334,0.8333333333333334,0.9763289690280141,0.8,0.0
top_100__full_incl_covid,full_incl_covid,dense_jl,100,,45,0.7,50000,10000,,0.000545369999997547,0.0016010090000122545,1.057687532999978,0.056681807848860524,0.0483306254874053,0.13796658848188098,1.013180719011054,50000,0.5415162454873647,0.2,0.5910950661853188,0.4,0.7367837564524694,0.552823807195382,0.35769665232477826,0.5491014053242099,0.9285714285714286,0.9285714285714286,0.9770108830211152,0.9,0.0
top_100__full_incl_covid,full_incl_covid,dense_jl,100,,46,0.7,50000,10000,,0.0007003200000212928,0.0015634799999588722,0.9036450870000294,0.051228396434408005,0.04317307279533372,0.12667332861185784,0.9866262670035932,50000,0.5311672683513838,0.2,0.5801444043321299,0.4,0.833470532414709,0.49272783378654966,0.4312386750924992,0.5858123470979193,0.8809523809523809,0.8809523809523809,0.9781809688071921,0.9,0.0
top_100__full_incl_covid,full_incl_covid,dense_jl,100,,47,0.7,50000,10000,,0.00036442900000110967,0.0013170300000524549,0.9527460169999813,0.05068376781152233,0.04263146748644525,0.12523847774696292,1.0077587311207958,50000,0.548977135980746,0.2,0.5888086642599278,0.4,0.8311409200625076,0.7013605602034032,0.3872418381373369,0.6399144394677493,0.8809523809523809,0.8809523809523809,0.9798012934827339,0.8,0.0
top_100__full_incl_covid,full_incl_covid,dense_jl,100,,48,0.7,50000,10000,,0.00045536999999740146,0.0018010690000096474,1.0440792580000107,0.05049044122555218,0.042254766599090055,0.12532338941928245,1.0017984889264624,50000,0.5415162454873645,0.2,0.5913357400722022,0.4,0.8146108206341169,0.5962331192135305,0.5160677283982406,0.642303889415296,0.8809523809523809,0.8809523809523809,0.9792800401829478,0.8,0.0
top_100__full_incl_covid,full_incl_covid,dense_jl,100,,49,0.7,50000,10000,,0.000532649999968271,0.0013859090000210017,0.9910439509999946,0.059015473681903234,0.05042304146348486,0.14297391411724214,1.0255639799276066,50000,0.5164861612515042,0.2,0.5675090252707582,0.4,0.7317573798737161,0.6043856954663313,0.5595342691836698,0.6318924481745724,0.8333333333333334,0.8333333333333334,0.9778112170983293,0.9,0.0
top_100__full_incl_covid,full_incl_covid,pca,5,,0,0.7,50000,-1,0.5531047454687639,0.01338182400002097,0.0006170689999862589,0.6474058659999855,0.41548222467597173,0.4101140364403034,0.7093798984559905,0.5845177753240284,50000,0.15186522262334537,0.0,0.21058965102286403,0.0,0.95684588215315,0.725403691385618,0.6455117003913335,0.7759204246433672,0.8095238095238095,0.8095238095238095,0.797632581143792,0.7,1.0
top_100__full_incl_covid,full_incl_covid,pca,10,,0,0.7,50000,-1,0.623519957109555,0.018081782000024305,0.0007741300000247975,0.650101124999992,0.3421870891388928,0.33636064630124424,0.5874532259641694,0.6578129108611073,50000,0.25006016847172086,0.0,0.3191335740072202,0.1,0.9567532041814525,0.7518092536344577,0.7557222964412013,0.8214282514190372,0.8095238095238095,0.8095238095238095,0.8557698371938183,0.8,1.0
top_100__full_incl_covid,full_incl_covid,pca,20,,0,0.7,50000,-1,0.7108824326056714,0.038034754000022986,0.0008005990000015117,0.5477277190000223,0.25802382551847125,0.2522743059399811,0.4443061582034308,0.7419761744815287,50000,0.3735258724428399,0.2,0.4523465703971119,0.2,0.971985775682962,0.7672863944909127,0.7150799840010611,0.8181173847249786,0.8095238095238095,0.8095238095238095,0.9231154414938285,0.8,1.0
top_100__full_incl_covid,full_incl_covid,pca,30,,0,0.7,50000,-1,0.7765577626511803,0.02567162900004405,0.0007316499999774351,0.7003292730000226,0.2039930991556633,0.19786379885700656,0.3553164462431096,0.7960069008443368,50000,0.48495788206979545,0.2,0.5490974729241876,0.3,0.9768979760526176,0.8088778175803211,0.676652498635265,0.8208094307560678,0.8571428571428571,0.8571428571428571,0.9518366718749476,0.8,1.0
top_100__full_incl_covid,full_incl_covid,pca,50,,0,0.7,50000,-1,0.8753040928131038,0.059178866000024755,0.0009569700000042758,0.6996032339999942,0.11878237117975145,0.113202427090274,0.2147440671823718,0.8812176288202485,50000,0.6558363417569194,0.4,0.7050541516245488,0.5,0.9881916677260147,0.8056536446165591,0.7849608459764262,0.859602052773,0.8809523809523809,0.8809523809523809,0.9824572240642657,0.8,1.0
top_100__full_incl_covid,full_incl_covid,pca,100,,0,0.7,50000,-1,0.9999241602029773,0.19073126000000684,0.001777759999981754,0.769519693999996,2.6869646519801914e-05,1.0140990156004559e-05,0.00010802225577071208,0.9999731303534802,50000,0.9992779783393503,1.0,0.9993983152827918,1.0,1.0,1.0,0.9048191671281305,0.9682730557093769,1.0,1.0,0.9999997699768804,1.0,1.0
top_100__full_incl_covid,full_incl_covid,raw,5,,0,0.7,50000,-1,,0.0,2.7000004365618224e-07,0.8465389920000348,0.0,0.0,0.0,1.0,50000,1.0,1.0,1.0,1.0,1.0,1.0,1.0,1.0,1.0,1.0,0.9999999999999999,1.0,
top_100__full_incl_covid,full_incl_covid,raw,10,,0,0.7,50000,-1,,0.0,4.899999908047903e-07,0.887174195,0.0,0.0,0.0,1.0,50000,1.0,1.0,1.0,1.0,1.0,1.0,1.0,1.0,1.0,1.0,0.9999999999999999,1.0,
top_100__full_incl_covid,full_incl_covid,raw,20,,0,0.7,50000,-1,,0.0,4.800000397153781e-07,0.900446779000049,0.0,0.0,0.0,1.0,50000,1.0,1.0,1.0,1.0,1.0,1.0,1.0,1.0,1.0,1.0,0.9999999999999999,1.0,
top_100__full_incl_covid,full_incl_covid,raw,30,,0,0.7,50000,-1,,0.0,6.100000291553442e-07,0.8218218019999881,0.0,0.0,0.0,1.0,50000,1.0,1.0,1.0,1.0,1.0,1.0,1.0,1.0,1.0,1.0,0.9999999999999999,1.0,
top_100__full_incl_covid,full_incl_covid,raw,50,,0,0.7,50000,-1,,0.0,3.9999997625272954e-07,0.9300720069999784,0.0,0.0,0.0,1.0,50000,1.0,1.0,1.0,1.0,1.0,1.0,1.0,1.0,1.0,1.0,0.9999999999999999,1.0,
top_100__full_incl_covid,full_incl_covid,raw,100,,0,0.7,50000,-1,,0.0,4.500000159168849e-07,0.8367619059999925,0.0,0.0,0.0,1.0,50000,1.0,1.0,1.0,1.0,1.0,1.0,1.0,1.0,1.0,1.0,0.9999999999999999,1.0,
top_100__full_incl_covid,full_incl_covid,sparse_jl,5,1.0,0,0.7,50000,100,,0.0063886970000339716,0.0006749800000420692,0.7735268530000212,0.22168758921132162,0.1889425227251812,0.5409525058608672,0.9554985197386655,50000,0.05198555956678701,0.0,0.08267148014440434,0.0,0.15625117178235512,0.15900537631998715,0.14959560119753917,0.1549507164332938,0.6904761904761905,0.6904761904761905,0.7394386139392336,0.6,0.8
top_100__full_incl_covid,full_incl_covid,sparse_jl,5,1.0,1,0.7,50000,100,,0.010112595000009605,0.0036456889999954,0.8885455440000101,0.24831838662021172,0.21980574821946808,0.5745996752868843,0.8767757860069996,50000,0.0296028880866426,0.0,0.05258724428399519,0.0,0.08141655241269742,0.07031321467855249,0.05670416878381684,0.06947797862502225,0.40476190476190477,0.40476190476190477,0.6532865075966181,0.3,0.8
top_100__full_incl_covid,full_incl_covid,sparse_jl,5,1.0,2,0.7,50000,100,,0.014831554000011238,0.00031750999994528684,0.8843549460000304,0.24823013170440253,0.2209951829709763,0.5699030654769689,0.8862188449174245,50000,0.03634175691937425,0.0,0.057160048134777375,0.0,0.07046582643921168,0.06548750214369575,0.07190496649158061,0.06928609835816268,0.40476190476190477,0.40476190476190477,0.6551157350869737,0.3,0.8
top_100__full_incl_covid,full_incl_covid,sparse_jl,5,1.0,3,0.7,50000,100,,0.00437307800001463,0.0006411399999706191,0.7172733670000184,0.25654789733686784,0.22593194055674304,0.5936883976923981,0.9322365000339078,50000,0.027436823104693142,0.0,0.05222623345367027,0.0,0.04390046734196291,0.058986344115196654,0.05668961915341372,0.05319214353685776,0.40476190476190477,0.40476190476190477,0.6164856524124824,0.3,0.8
top_100__full_incl_covid,full_incl_covid,sparse_jl,5,1.0,4,0.7,50000,100,,0.003054647999988447,0.00013604000002942485,0.7346087389999525,0.2643580560464758,0.23347803336266704,0.6098373553641476,0.894576953304843,50000,0.032972322503008425,0.0,0.050541516245487354,0.0,0.02955225985160882,0.04622005662775799,0.04987219261294077,0.041881503030769186,0.23809523809523808,0.23809523809523808,0.5834077423272651,0.2,0.8
top_100__full_incl_covid,full_incl_covid,sparse_jl,5,1.0,5,0.7,50000,100,,0.006373426999971343,0.0006159300000376788,0.7252484329999902,0.2633490170210859,0.22792172612310707,0.6245340420553678,0.9976206065530504,50000,0.03850782190132371,0.0,0.0645006016847172,0.0,0.21500755445817943,0.1569493252288648,0.12733579222469485,0.16643089063724636,0.5,0.5,0.6988912467420362,0.3,0.8
top_100__full_incl_covid,full_incl_covid,sparse_jl,5,1.0,6,0.7,50000,100,,0.008909525999968082,0.0007949900000312482,0.7060370710000257,0.2535335065818343,0.22121098844709158,0.5949755383581253,1.05210717936352,50000,0.05391095066185318,0.0,0.08592057761732853,0.0,0.4810702581977609,0.21754479216421213,0.18415689258975265,0.2942573143172419,0.6666666666666666,0.6666666666666666,0.762125898763061,0.7,0.8
top_100__full_incl_covid,full_incl_covid,sparse_jl,5,1.0,7,0.7,50000,100,,0.006394187000012153,0.0003165499999795429,0.7432501559999878,0.2469504343980804,0.21276168966274966,0.5905586590328381,0.9721455314973344,50000,0.03537906137184116,0.0,0.0569193742478941,0.0,0.12547149325227966,0.10148974714039771,0.0932740833691496,0.10674510792060898,0.47619047619047616,0.47619047619047616,0.6629802882733377,0.4,0.8
top_100__full_incl_covid,full_incl_covid,sparse_jl,5,1.0,8,0.7,50000,100,,0.012039114999993217,0.0009442100000001119,0.7768798810000135,0.46394880802424404,0.3791327938707974,1.151005341528839,1.350259590972846,50000,0.07870036101083033,0.0,0.1125150421179302,0.0,0.5943759215688057,0.3146947054053578,0.22951313097993395,0.3795279193180325,0.7380952380952381,0.7380952380952381,0.7588905817661091,0.5,0.8
top_100__full_incl_covid,full_incl_covid,sparse_jl,5,1.0,9,0.7,50000,100,,0.019128980999994383,0.0004492200000072444,0.6873171689999822,0.2347537563104232,0.20217015875368766,0.5628964186344406,0.9366566320061698,50000,0.03922984356197353,0.0,0.06498194945848375,0.0,0.3725437909205399,0.1695345640015427,0.1447053518270902,0.22892790224972429,0.6190476190476191,0.6190476190476191,0.7301616978884713,0.6,0.8
top_100__full_incl_covid,full_incl_covid,sparse_jl,5,1.0,10,0.7,50000,100,,0.006734437000034177,0.0005119299999591931,0.7720553030000019,0.2353997692150927,0.20663940384055257,0.5519446107927813,0.8825176659276754,50000,0.038026474127557164,0.0,0.06462093862815885,0.0,0.16260052140205186,0.09426247690889124,0.09293535239995082,0.11659945023696465,0.5714285714285714,0.5714285714285714,0.7064282260951609,0.5,0.8
top_100__full_incl_covid,full_incl_covid,sparse_jl,5,1.0,11,0.7,50000,100,,0.005617916999995032,0.00025023099999543774,0.7326319590000026,0.23099297202806135,0.1975653500521244,0.5582949344552903,0.9468827527545054,50000,0.04596871239470518,0.0,0.07617328519855596,0.0,0.47935791895653757,0.205009262177734,0.13226208461958855,0.2722097552512867,0.5952380952380952,0.5952380952380952,0.7435672570872214,0.8,0.8
top_100__full_incl_covid,full_incl_covid,sparse_jl,5,1.0,12,0.7,50000,100,,0.005618878000007044,0.00063166000001047,0.7314191599999731,0.24792370994787857,0.21875555585397205,0.5753663024509108,0.9007119296659961,50000,0.03369434416365824,0.0,0.06040914560770157,0.0,0.0609758426481323,0.0760086910689924,0.09424318758081028,0.07707590709931167,0.40476190476190477,0.40476190476190477,0.6598609447509559,0.5,0.8
top_100__full_incl_covid,full_incl_covid,sparse_jl,5,1.0,13,0.7,50000,100,,0.009379175999981726,0.0003876499999933003,0.681445081999982,0.2563055314498612,0.2240134523559668,0.5999359268936681,0.946372861463587,50000,0.0332129963898917,0.0,0.06004813477737665,0.0,0.18849637527564755,0.10939505550887771,0.0897316366533395,0.12920768914595493,0.5476190476190477,0.5476190476190477,0.6321976534296029,0.4,0.8
top_100__full_incl_covid,full_incl_covid,sparse_jl,5,1.0,14,0.7,50000,100,,0.006901006999953552,0.00045624000000543674,0.8061688189999927,0.25038758629150004,0.2193535879541197,0.5843925824521932,0.9007879358845382,50000,0.030565583634175695,0.0,0.050661853188929004,0.0,0.08762199620493123,0.0910289744996743,0.06882796402420822,0.08249297824293793,0.40476190476190477,0.40476190476190477,0.6544134117698228,0.5,0.8
top_100__full_incl_covid,full_incl_covid,sparse_jl,5,1.0,15,0.7,50000,100,,0.006238467000002856,0.00039333099999794285,0.7873236660000202,0.2411690563091369,0.2113266212858561,0.5640523151509842,0.8895066765780293,50000,0.03249097472924188,0.0,0.05703971119133574,0.0,0.14984071674674346,0.11467253097846626,0.07260412354898857,0.11237245709139942,0.40476190476190477,0.40476190476190477,0.6559618228537588,0.6,0.8
top_100__full_incl_covid,full_incl_covid,sparse_jl,5,1.0,16,0.7,50000,100,,0.006566157000008843,0.0003280399999994188,0.7533148610000353,0.28689741613994746,0.24260064774174017,0.7070627901490006,1.0541743917002249,50000,0.04957882069795427,0.0,0.0779783393501805,0.0,0.2984561618256784,0.13245672068840342,0.11539010208446945,0.18210099486618378,0.5714285714285714,0.5714285714285714,0.6898058981273608,0.4,0.8
top_100__full_incl_covid,full_incl_covid,sparse_jl,5,1.0,17,0.7,50000,100,,0.007622746999970786,0.00029125999998314,0.8350498770000172,0.23731372288694721,0.2045407530045587,0.5658735692866979,0.9761158784055873,50000,0.038267148014440436,0.0,0.07003610108303249,0.0,0.3415646145181086,0.1601016084576312,0.11460990421937058,0.20542537573170347,0.6428571428571429,0.6428571428571429,0.726956681209704,0.6,0.8
top_100__full_incl_covid,full_incl_covid,sparse_jl,5,1.0,18,0.7,50000,100,,0.013091493999979775,0.0008790500000372958,0.8096589369999947,0.25878428671669024,0.22366519855796124,0.6182646870693657,1.0672615424503873,50000,0.059927797833935016,0.0,0.094705174488568,0.0,0.357960577511082,0.1875492020854787,0.15844541413433502,0.2346517312436319,0.6666666666666666,0.6666666666666666,0.7546604984224595,0.9,0.8
top_100__full_incl_covid,full_incl_covid,sparse_jl,5,1.0,19,0.7,50000,100,,0.006926297000006798,0.0005250489999752972,0.7882037070000365,0.2576797032886722,0.23173143522338563,0.5863338977168359,0.839823211855841,50000,0.030565583634175695,0.0,0.048736462093862815,0.0,0.062202297384827666,0.04517835752742992,0.04514013043403494,0.050840261782097516,0.47619047619047616,0.47619047619047616,0.6576517399785199,0.3,0.8
top_100__full_incl_covid,full_incl_covid,sparse_jl,5,1.0,20,0.7,50000,100,,0.005931857999996737,0.0007761089999576143,0.8276499699999817,0.2256364153972506,0.19517777249024687,0.5381553373639457,0.916229819314689,50000,0.04115523465703971,0.0,0.06750902527075811,0.0,0.15419974278463325,0.1312371430575355,0.10870244477341441,0.13137977687186106,0.5476190476190477,0.5476190476190477,0.7080167239354529,0.6,0.8
top_100__full_incl_covid,full_incl_covid,sparse_jl,5,1.0,21,0.7,50000,100,,0.00962822599996116,0.0005180890000247018,0.7020369929999788,0.2594815117194105,0.23411454259754477,0.5847396778423286,0.8353297160238919,50000,0.031528279181708786,0.0,0.0516245487364621,0.0,0.09930256124312363,0.08908541267432646,0.06377559411923789,0.084054522678896,0.5,0.5,0.664469959817052,0.5,0.8
top_100__full_incl_covid,full_incl_covid,sparse_jl,5,1.0,22,0.7,50000,100,,0.005825887000014518,0.00032292000003053545,0.6302282539999737,0.23166780426340378,0.19957984687830915,0.5550228679724359,0.9126523618931868,50000,0.04115523465703971,0.0,0.06293622141997593,0.0,0.2006007172278317,0.1062083936267191,0.07827164697048491,0.12836025260834524,0.5476190476190477,0.5476190476190477,0.6943680512106742,0.5,0.8
top_100__full_incl_covid,full_incl_covid,sparse_jl,5,1.0,23,0.7,50000,100,,0.006139217999987068,0.00021535999997013278,0.6649546589999886,0.26630459831162284,0.22136024709234492,0.6590063070662553,1.0344798577457872,50000,0.045487364620938636,0.0,0.07352587244283995,0.0,0.15625565226958898,0.1482173867260312,0.11308758940448443,0.1391868761333682,0.5476190476190477,0.5476190476190477,0.7085203700110075,0.3,0.8
top_100__full_incl_covid,full_incl_covid,sparse_jl,5,1.0,24,0.7,50000,100,,0.01046621599999753,0.00043211000001974753,0.7402623070000232,0.23645836007783655,0.20972835281577085,0.5524278467218265,0.8621109787859195,50000,0.0394705174488568,0.0,0.061371841155234655,0.0,0.18223615847020047,0.12234902816061825,0.09514872533504477,0.1332446373219545,0.5714285714285714,0.5714285714285714,0.7058764424540706,0.5,0.8
top_100__full_incl_covid,full_incl_covid,sparse_jl,5,1.0,25,0.7,50000,100,,0.009657406000030733,0.0002561300000252231,0.6833697510000434,0.2254759180274192,0.19392121343159835,0.5441147571070938,0.8858203504918459,50000,0.04765342960288809,0.0,0.07509025270758123,0.0,0.41511980222954353,0.16278426489674655,0.11220821565234326,0.2300374275928778,0.6904761904761905,0.6904761904761905,0.7301790750895835,0.6,0.8
top_100__full_incl_covid,full_incl_covid,sparse_jl,5,1.0,26,0.7,50000,100,,0.009418345999961275,0.000309689999994589,0.6739242749999903,0.26164435036547135,0.2263557064438394,0.6216374311694233,1.032040965626391,50000,0.05054151624548736,0.0,0.08086642599277978,0.0,0.41051488199086333,0.20632890020650468,0.1677542843369481,0.26153268884477204,0.7142857142857143,0.7142857142857143,0.7512694975960492,0.6,0.8
top_100__full_incl_covid,full_incl_covid,sparse_jl,5,1.0,27,0.7,50000,100,,0.008472357000016473,0.0003800499999897511,0.7440410450000172,0.24747171773492568,0.21007736300896873,0.6059445954556307,1.031217921419911,50000,0.05078219013237064,0.0,0.0842358604091456,0.0,0.33501186164934393,0.1495732034540807,0.12018017003162441,0.20158841171168304,0.5238095238095238,0.5238095238095238,0.7355327168156099,0.7,0.8
top_100__full_incl_covid,full_incl_covid,sparse_jl,5,1.0,28,0.7,50000,100,,0.007122316999982559,0.0004388499999663509,0.6895742079999536,0.3156008560087635,0.27419054965820544,0.7482995431118015,1.1475560544140904,50000,0.059927797833935016,0.0,0.09614921780986764,0.0,0.6080050585561777,0.1985612139048167,0.2228404645026362,0.3431355789878769,0.6904761904761905,0.6904761904761905,0.7814270759795638,0.4,0.8
top_100__full_incl_covid,full_incl_covid,sparse_jl,5,1.0,29,0.7,50000,100,,0.004259998000009091,0.0003746300000102565,0.7354542990000255,0.2532271482520498,0.22295062375195862,0.58854488497126,0.892213399246292,50000,0.02984356197352588,0.0,0.053790613718411553,0.0,0.05091084077272829,0.04866448885469982,0.05618066278862598,0.0519186641386847,0.40476190476190477,0.40476190476190477,0.6087097417718638,0.3,0.8
top_100__full_incl_covid,full_incl_covid,sparse_jl,5,1.0,30,0.7,50000,100,,0.008891226000002916,0.0011650100000224484,0.674579413999993,0.2456711334758339,0.21669936558822445,0.5703879593323314,0.8664801183700798,50000,0.037785800240673885,0.0,0.061371841155234655,0.0,0.25139551327487025,0.11028875240280295,0.07978712484428671,0.14715713017398666,0.5238095238095238,0.5238095238095238,0.6935609209958412,0.3,0.8
top_100__full_incl_covid,full_incl_covid,sparse_jl,5,1.0,31,0.7,50000,100,,0.00612267700000757,0.00024058999997578212,0.7110127689999786,0.2551960720302127,0.22485235029741968,0.5946852310796787,0.9056998458253088,50000,0.0332129963898917,0.0,0.05342960288808664,0.0,0.08435446684956259,0.06690022774512489,0.06790124008809957,0.07305197822759568,0.30952380952380953,0.30952380952380953,0.6361934477705321,0.6,0.8
top_100__full_incl_covid,full_incl_covid,sparse_jl,5,1.0,32,0.7,50000,100,,0.006665816999998242,0.00044611999999233376,0.7126884290000248,0.26405435824969414,0.23337309600024186,0.6132651194119734,0.9057394825243495,50000,0.028880866425992784,0.0,0.05102286401925392,0.0,0.02670523507157475,0.1074734840040905,0.07812986761359246,0.07076952889641924,0.38095238095238093,0.38095238095238093,0.5722212161615079,0.1,0.8
top_100__full_incl_covid,full_incl_covid,sparse_jl,5,1.0,33,0.7,50000,100,,0.005940387999999075,0.0002035100000057355,0.687903939000023,0.23972445059550165,0.20930756613040458,0.5666538588695014,0.8883904994982066,50000,0.034416365824308064,0.0,0.05415162454873646,0.0,0.09194728626778108,0.08215424192684422,0.06935567847189959,0.08115240222217496,0.5476190476190477,0.5476190476190477,0.6844023413844211,0.6,0.8
top_100__full_incl_covid,full_incl_covid,sparse_jl,5,1.0,34,0.7,50000,100,,0.007368016999976135,0.0003495600000178456,0.574187166999991,0.2447662631472252,0.21202589522292858,0.577966624908097,1.0458608065617554,50000,0.05752105896510228,0.0,0.09410348977135981,0.0,0.493759471683608,0.21299156070172098,0.19524161617896635,0.3006642161880984,0.7142857142857143,0.7142857142857143,0.7567315220337054,0.7,0.8
top_100__full_incl_covid,full_incl_covid,sparse_jl,5,1.0,35,0.7,50000,100,,0.007392236999976376,0.00037201999998615065,0.5939123279999876,0.251104935283577,0.22091893335149815,0.5821862399051152,0.8892598264696588,50000,0.03922984356197353,0.0,0.05836341756919374,0.0,0.039406067725640564,0.06912716188524523,0.05773447714123165,0.05542256891737248,0.42857142857142855,0.42857142857142855,0.6329304443544798,0.3,0.8
top_100__full_incl_covid,full_incl_covid,sparse_jl,5,1.0,36,0.7,50000,100,,0.004437288000019635,0.00020276999998714018,0.6561236919999942,0.22348772056414168,0.19126760534822135,0.5421913808472743,0.9651416910284059,50000,0.05246690734055356,0.0,0.08856799037304451,0.0,0.4052728239086524,0.25773552028111063,0.14810854132658674,0.2703722951721166,0.5714285714285714,0.5714285714285714,0.7449368356514087,0.7,0.8
top_100__full_incl_covid,full_incl_covid,sparse_jl,5,1.0,37,0.7,50000,100,,0.005784477000020161,0.0004764099999761129,0.5861936320000041,0.23633734158542968,0.20194681529513275,0.5655350887779435,0.9367960012561893,50000,0.0421179302045728,0.0,0.07015643802647413,0.0,0.29114287910261094,0.1435890669209469,0.12483104015134158,0.18652099539163314,0.5,0.5,0.7199819201828139,0.5,0.8
top_100__full_incl_covid,full_incl_covid,sparse_jl,5,1.0,38,0.7,50000,100,,0.006762256999991223,0.0010589390000177445,0.6346008710000319,0.30183231275616007,0.25547764046834637,0.7380618255186101,1.135726295924087,50000,0.059687123947051744,0.0,0.09494584837545127,0.0,0.4548449266272196,0.30447557308825385,0.18173178325961478,0.3136840943250294,0.6190476190476191,0.6190476190476191,0.7655402573916883,0.7,0.8
top_100__full_incl_covid,full_incl_covid,sparse_jl,5,1.0,39,0.7,50000,100,,0.007293667000055848,0.00039135999998052284,0.6335107419999986,0.25933362719153263,0.23310631268823512,0.5893711388068771,0.8737969132723522,50000,0.03345367027677497,0.0,0.04657039711191336,0.0,0.03963735650573238,0.08359896816625687,0.07681782267020017,0.0666847157807298,0.2619047619047619,0.2619047619047619,0.6386446995981705,0.2,0.8
top_100__full_incl_covid,full_incl_covid,sparse_jl,5,1.0,40,0.7,50000,100,,0.006395367000038732,0.0014867290000211142,0.5628630320000525,0.2679258580053358,0.23017108589652574,0.6412561398167917,1.0826421454840038,50000,0.05102286401925392,0.0,0.08868832731648617,0.0,0.36668370487926416,0.20901935000219743,0.15862937365539154,0.24477747617895104,0.6428571428571429,0.6428571428571429,0.7369210318084334,0.8,0.8
top_100__full_incl_covid,full_incl_covid,sparse_jl,5,1.0,41,0.7,50000,100,,0.008886667000012949,0.0004442700000026889,0.5207532389999869,0.25232478564508226,0.21868293756881368,0.6022450916294609,1.021881046424228,50000,0.04741275571600482,0.0,0.08411552346570397,0.0,0.2012483622820203,0.16024054763505127,0.15089735224192996,0.17079542071966722,0.5952380952380952,0.5952380952380952,0.7366814731851593,0.7,0.8
top_100__full_incl_covid,full_incl_covid,sparse_jl,5,1.0,42,0.7,50000,100,,0.005746697000006407,0.0004065989999730846,0.5225001389999875,0.22936813636637074,0.19552662580547808,0.5533682143325082,1.0087828933343255,50000,0.05198555956678701,0.0,0.07930204572803852,0.0,0.35816450890159734,0.19094329981828956,0.11803682655296385,0.22238154509095023,0.6190476190476191,0.6190476190476191,0.7591014293218417,0.6,0.8
top_100__full_incl_covid,full_incl_covid,sparse_jl,5,1.0,43,0.7,50000,100,,0.006129396999995151,0.0004131100000108745,0.5584634140000162,0.22428027644776924,0.19266123302624294,0.541562951907048,0.9127802273096645,50000,0.04235860409145608,0.0,0.06558363417569193,0.0,0.23271799640075594,0.1329091015414726,0.11077011320279512,0.15879907038167454,0.5714285714285714,0.5714285714285714,0.7356076834413465,0.7,0.8
top_100__full_incl_covid,full_incl_covid,sparse_jl,5,1.0,44,0.7,50000,100,,0.007259526999973787,0.0003602500000283726,0.5582379740000079,0.25426342089483955,0.22848351546179058,0.5778525197030823,0.846204905084563,50000,0.031287605294825514,0.0,0.053188929001203374,0.0,0.1140014649009799,0.0650292695706447,0.052753164617791656,0.0772612996964721,0.4523809523809524,0.4523809523809524,0.6566967467202884,0.2,0.8
top_100__full_incl_covid,full_incl_covid,sparse_jl,5,1.0,45,0.7,50000,100,,0.005975106999983382,0.0003780899999696885,0.564414682000006,0.22893468257940766,0.19559408559798452,0.5519857553402098,0.9638745218898263,50000,0.04259927797833936,0.0,0.06666666666666667,0.0,0.22234472154760435,0.14510222158248826,0.10895638630912574,0.1588011098130728,0.5,0.5,0.7463626235015038,0.5,0.8
top_100__full_incl_covid,full_incl_covid,sparse_jl,5,1.0,46,0.7,50000,100,,0.0063343269999904805,0.000322129999972276,0.490614383000036,0.23452387367218508,0.20436513985336568,0.5533581542576409,0.8926330125409971,50000,0.039711191335740074,0.0,0.06714801444043321,0.0,0.1064994700408951,0.11476925507424562,0.10058336093034201,0.10728402868182758,0.5,0.5,0.717769432353128,0.4,0.8
top_100__full_incl_covid,full_incl_covid,sparse_jl,5,1.0,47,0.7,50000,100,,0.007871516000022893,0.00045297000002619825,0.5216708289999588,0.2335524501537365,0.2011273949815573,0.5618400338058165,0.9838786353696215,50000,0.04741275571600482,0.0,0.07809867629362215,0.0,0.3564165215108133,0.20555329974619707,0.13232999681038315,0.23143327268913116,0.6904761904761905,0.6904761904761905,0.7501779751608489,0.7,0.8
top_100__full_incl_covid,full_incl_covid,sparse_jl,5,1.0,48,0.7,50000,100,,0.005791687999987971,0.00020276000003605077,0.5829761030000213,0.23087570994125312,0.19969476652786639,0.5514688589273686,0.9224506242802726,50000,0.039951865222623346,0.0,0.06690734055354994,0.0,0.13295360273901807,0.09802135615939327,0.08431619109942592,0.10509704999927909,0.5,0.5,0.6993308000120448,0.6,0.8
top_100__full_incl_covid,full_incl_covid,sparse_jl,5,1.0,49,0.7,50000,100,,0.0057317170000033,0.00021797900001274684,0.5622135919999778,0.22887602505060803,0.1976156361418433,0.5505311659346713,0.9583385978903126,50000,0.046690734055354996,0.0,0.0779783393501805,0.0,0.41154152822142653,0.171649691491056,0.1479756799570432,0.24372229988984193,0.7142857142857143,0.7142857142857143,0.7446940567044629,0.7,0.8
top_100__full_incl_covid,full_incl_covid,sparse_jl,5,3.0,0,0.7,50000,300,,0.009186125999974593,0.0003819800000428586,0.5926331190000269,0.24223413024950752,0.21262850469338845,0.5635290178116883,0.8834336100347806,50000,0.03176895306859206,0.0,0.06064981949458484,0.0,0.14198164746834743,0.08095445931322633,0.06201912002285872,0.0949850756014775,0.47619047619047616,0.47619047619047616,0.6729620788067571,0.5,0.4
top_100__full_incl_covid,full_incl_covid,sparse_jl,5,3.0,1,0.7,50000,300,,0.006389227999989089,0.00038348999999016087,0.6005550349999567,0.22620199228012322,0.19600615588703663,0.5389410135399074,1.0144607551182294,50000,0.05078219013237064,0.0,0.0874849578820698,0.0,0.480170316689203,0.24991314928686503,0.1650574735298569,0.2983803131686416,0.6904761904761905,0.6904761904761905,0.7605091917238517,0.8,0.4
top_100__full_incl_covid,full_incl_covid,sparse_jl,5,3.0,2,0.7,50000,300,,0.005805548000012095,0.0005876189999867165,0.5629321320000145,0.24299540107627557,0.20954658522742797,0.5824333629675338,0.9750389970118362,50000,0.04091456077015644,0.0,0.0654632972322503,0.0,0.2990557896336275,0.14310109841451193,0.11849695859924957,0.1868846155491297,0.5,0.5,0.7305889344659949,0.6,0.4
top_100__full_incl_covid,full_incl_covid,sparse_jl,5,3.0,3,0.7,50000,300,,0.006400756999994428,0.000549239999998008,0.5587304140000242,0.23025733909463353,0.19795172753059664,0.5522056668014241,0.9416517817842223,50000,0.043802647412755726,0.0,0.07087845968712396,0.0,0.14723033517103845,0.14117845363026602,0.12124805696770179,0.1365522819230021,0.5476190476190477,0.5476190476190477,0.7338358780860738,0.6,0.4
top_100__full_incl_covid,full_incl_covid,sparse_jl,5,3.0,4,0.7,50000,300,,0.00823325700002897,0.0005969000000050073,0.5365837030000193,0.22291646438066465,0.1898215217036609,0.5406495120785942,0.9439823049946902,50000,0.04596871239470518,0.0,0.07424789410348977,0.0,0.3179937288344816,0.17615505980084648,0.13518375377004582,0.20977751413512466,0.6428571428571429,0.6428571428571429,0.7236149680644265,0.8,0.4
top_100__full_incl_covid,full_incl_covid,sparse_jl,5,3.0,5,0.7,50000,300,,0.006085917000007157,0.0004045000000019172,0.5431727799999635,0.2511745171859203,0.21682488172789982,0.6010744111687512,1.0448739503828917,50000,0.04789410348977136,0.0,0.07677496991576414,0.0,0.43032980549801575,0.2176062184026637,0.18375475335344169,0.27723025908470705,0.6904761904761905,0.6904761904761905,0.7601724587882214,0.6,0.4
top_100__full_incl_covid,full_incl_covid,sparse_jl,5,3.0,6,0.7,50000,300,,0.006231276999983493,0.000494580000008682,0.5587565029999837,0.24289670185964213,0.20798692623410558,0.5840874477919966,0.9735516200807932,50000,0.04259927797833936,0.0,0.07111913357400722,0.0,0.12171438636858307,0.12251579207762356,0.10573397131532303,0.11665471658717656,0.6190476190476191,0.6190476190476191,0.6858382502517708,0.6,0.4
top_100__full_incl_covid,full_incl_covid,sparse_jl,5,3.0,7,0.7,50000,300,,0.010409325000011904,0.0004906290000121771,0.5872241819999999,0.2228585224446525,0.19111330863432685,0.5368017235893977,0.9346882922831693,50000,0.03898916967509025,0.0,0.06859205776173286,0.0,0.19232245578128693,0.1332401173265179,0.11829069722043949,0.14795109010941476,0.5952380952380952,0.5952380952380952,0.7255645812910068,0.7,0.4
top_100__full_incl_covid,full_incl_covid,sparse_jl,5,3.0,8,0.7,50000,300,,0.007677637000028881,0.0019990490000054706,0.6029227340000034,0.24293794678399375,0.20900781330865842,0.5814266887569665,0.9868042478411994,50000,0.039711191335740074,0.0,0.06558363417569193,0.0,0.163582692868779,0.09484880320589117,0.08909319808906456,0.11584156472124492,0.4523809523809524,0.4523809523809524,0.6653594801310212,0.7,0.4
top_100__full_incl_covid,full_incl_covid,sparse_jl,5,3.0,9,0.7,50000,300,,0.006193657999972402,0.0005358999999884873,0.6083162719999677,0.237335130777544,0.20486444515522295,0.5652851334693387,0.9389973745837328,50000,0.04259927797833936,0.0,0.06425992779783393,0.0,0.061953400830741925,0.08355293518435242,0.0832876484178243,0.07626466147763954,0.3333333333333333,0.3333333333333333,0.7017828046426193,0.5,0.4
top_100__full_incl_covid,full_incl_covid,sparse_jl,5,3.0,10,0.7,50000,300,,0.007791956999994909,0.00037026000001105785,0.530798845999982,0.3156750907722149,0.2761576430766006,0.7422558096065166,1.161578476134856,50000,0.06377858002406739,0.0,0.09975932611311673,0.0,0.6680952260646812,0.36679714813769126,0.20998818726517246,0.4149601871558483,0.7380952380952381,0.7380952380952381,0.7974985613099439,0.6,0.4
top_100__full_incl_covid,full_incl_covid,sparse_jl,5,3.0,11,0.7,50000,300,,0.00697065700001076,0.0003702710000084153,0.5304386160000263,0.2389217739535798,0.208890428911785,0.5606885757852138,0.9129998850086581,50000,0.038267148014440436,0.0,0.06040914560770157,0.0,0.09976199253308539,0.07305875416195405,0.057434803273452184,0.0767518499894972,0.5238095238095238,0.5238095238095238,0.6695353407520668,0.4,0.4
top_100__full_incl_covid,full_incl_covid,sparse_jl,5,3.0,12,0.7,50000,300,,0.005976347999990139,0.0005198590000077274,0.6081206230000475,0.24096289473188467,0.20877974715891817,0.5738709000036721,1.0139242071666843,50000,0.04909747292418773,0.0,0.08026474127557158,0.0,0.38165056803808795,0.180115071446749,0.16423933090598702,0.24200165679694133,0.6904761904761905,0.6904761904761905,0.7521637647507553,0.5,0.4
top_100__full_incl_covid,full_incl_covid,sparse_jl,5,3.0,13,0.7,50000,300,,0.005081437999990612,0.0008140799999978299,0.5425733800000216,0.2364274534088006,0.205738678261765,0.5593304614882567,0.9107295773461918,50000,0.03610108303249098,0.0,0.06474127557160048,0.0,0.24066945138267554,0.10396671453992584,0.06712987371789798,0.1372553465468331,0.5476190476190477,0.5476190476190477,0.7107478093434554,0.7,0.4
top_100__full_incl_covid,full_incl_covid,sparse_jl,5,3.0,14,0.7,50000,300,,0.006809156999963761,0.00025617000000011103,0.5930552490000309,0.23673224841869545,0.20509903716399258,0.5599669680024597,0.8975772432945683,50000,0.04115523465703971,0.0,0.0641395908543923,0.0,0.24498338048250312,0.10681462707852707,0.0996315226812955,0.15047651008077523,0.6428571428571429,0.6428571428571429,0.7173084660218212,0.6,0.4
top_100__full_incl_covid,full_incl_covid,sparse_jl,5,3.0,15,0.7,50000,300,,0.006005076999997527,0.0005035500000190041,0.5589995629999862,0.2435143071228598,0.2091647284196888,0.5821040252562312,1.035296933860553,50000,0.05150421179302046,0.0,0.08580024067388688,0.0,0.4218754891481309,0.23881457646976967,0.16137991007539856,0.2740233252310997,0.7142857142857143,0.7142857142857143,0.7626159107409922,0.5,0.4
top_100__full_incl_covid,full_incl_covid,sparse_jl,5,3.0,16,0.7,50000,300,,0.007590966999998727,0.00020098999999618172,0.5330328439999903,0.2230581325300529,0.1920012171072934,0.5370790602391663,0.9134099829041261,50000,0.04043321299638989,0.0,0.07063778580024067,0.0,0.15621612998555817,0.14093051114668206,0.10261772100651785,0.13325478737958601,0.6190476190476191,0.6190476190476191,0.7386306681878861,0.8,0.4
top_100__full_incl_covid,full_incl_covid,sparse_jl,5,3.0,17,0.7,50000,300,,0.0073278680000044005,0.0005288589999850046,0.5940416789999858,0.26702727594296777,0.24454268214873803,0.5887795209844664,0.8063023469546685,50000,0.03273164861612515,0.0,0.049578820697954266,0.0,0.07963929652139899,0.06977919855833492,0.07165224121837033,0.07369024543270142,0.5,0.5,0.6800340768795817,0.2,0.4
top_100__full_incl_covid,full_incl_covid,sparse_jl,5,3.0,18,0.7,50000,300,,0.00697966699999597,0.0003357499999765423,0.5516137170000093,0.2389647337944615,0.20600416127130422,0.5729198753211444,0.9512324953495513,50000,0.036582430806257525,0.0,0.06474127557160048,0.0,0.09467868514863291,0.11886694524355923,0.09410343355874058,0.10254968798364424,0.4523809523809524,0.4523809523809524,0.696128836367408,0.3,0.4
top_100__full_incl_covid,full_incl_covid,sparse_jl,5,3.0,19,0.7,50000,300,,0.007975947000034012,0.0006831389999888415,0.556297193999967,0.25067980566619974,0.22169859613172171,0.5839030447162846,0.8865652033666371,50000,0.032490974729241874,0.0,0.054632972322503005,0.0,0.0476357419880854,0.07140601016540307,0.060083103320215214,0.05970828515790123,0.3333333333333333,0.3333333333333333,0.6594419262721533,0.2,0.4
top_100__full_incl_covid,full_incl_covid,sparse_jl,5,3.0,20,0.7,50000,300,,0.012595184000019799,0.00043349999998554267,0.5572273839999866,0.24626427256721067,0.21154989591405432,0.5933954383155736,1.0407560886720666,50000,0.05439229843561974,0.0,0.0861612515042118,0.0,0.3492756918840738,0.18292589914026053,0.15801710666567334,0.23007289923000254,0.6190476190476191,0.6190476190476191,0.7702987665742111,0.5,0.4
top_100__full_incl_covid,full_incl_covid,sparse_jl,5,3.0,21,0.7,50000,300,,0.006645316999993156,0.0005304000000023734,0.5279408470000249,0.2287114707305379,0.19583531985330727,0.5515176203532736,0.9424150638721053,50000,0.04019253910950662,0.0,0.06438026474127558,0.0,0.3644101643667147,0.14482400855892613,0.09679285623369703,0.2020090097197793,0.5952380952380952,0.5952380952380952,0.7250570457336147,0.9,0.4
top_100__full_incl_covid,full_incl_covid,sparse_jl,5,3.0,22,0.7,50000,300,,0.005982407000033163,0.0002505699999915123,0.5358768529999907,0.2553642947537828,0.2252234819615092,0.5957138864328473,1.076111118823714,50000,0.058002406738868834,0.0,0.09891696750902527,0.0,0.46628953441086785,0.2822983922715195,0.19366343258187152,0.31408378642141965,0.7857142857142857,0.7857142857142857,0.7616463214702742,0.7,0.4
top_100__full_incl_covid,full_incl_covid,sparse_jl,5,3.0,23,0.7,50000,300,,0.012445795000019189,0.0002222200000119301,0.5385863019999988,0.222784784004416,0.1906122584628841,0.5418503973901795,0.9622664005061801,50000,0.0421179302045728,0.0,0.0713598074608905,0.0,0.38016084986291476,0.17946218155654442,0.12374208569159927,0.22778837237035285,0.6190476190476191,0.6190476190476191,0.7543007840860804,0.8,0.4
top_100__full_incl_covid,full_incl_covid,sparse_jl,5,3.0,24,0.7,50000,300,,0.005780746999960229,0.0002276799999663126,0.5702428190000433,0.25362678138178935,0.21953700126634867,0.5992678893091645,1.0194567953787768,50000,0.051263537906137184,0.0,0.07954271961492178,0.0,0.44975828501982246,0.2044102320437271,0.14310169385957275,0.26575673697437413,0.6666666666666666,0.6666666666666666,0.7579005622601486,0.5,0.4
top_100__full_incl_covid,full_incl_covid,sparse_jl,5,3.0,25,0.7,50000,300,,0.006903926999996202,0.0006382099999768798,0.5281162759999916,0.23090052915703524,0.19924235689985564,0.5526501057969841,0.9282554960308107,50000,0.04163658243080626,0.0,0.06835138387484957,0.0,0.2845737453647001,0.12869430733944368,0.09152330333604866,0.1682637853467308,0.5714285714285714,0.5714285714285714,0.7076081192306019,0.5,0.4
top_100__full_incl_covid,full_incl_covid,sparse_jl,5,3.0,26,0.7,50000,300,,0.006757157000038205,0.0007175300000312745,0.5343007039999748,0.23781718788936126,0.20527997417606286,0.5687201793334679,0.999885942775588,50000,0.05535499398315283,0.0,0.08604091456077016,0.0,0.35814555014817007,0.2482755966684786,0.19655905879348504,0.26766006853671126,0.6428571428571429,0.6428571428571429,0.7707558434236809,0.7,0.4
top_100__full_incl_covid,full_incl_covid,sparse_jl,5,3.0,27,0.7,50000,300,,0.005846277999978611,0.0003251900000122987,0.5241959289999727,0.2503633959978673,0.21682639291161632,0.597862493314665,1.0566996804516784,50000,0.058243080625752106,0.0,0.08820697954271961,0.0,0.3825870780854719,0.2374582398563897,0.16773991515633452,0.26259507769939866,0.6428571428571429,0.6428571428571429,0.7799172251349189,0.7,0.4
top_100__full_incl_covid,full_incl_covid,sparse_jl,5,3.0,28,0.7,50000,300,,0.0053899069999943094,0.00033080000002883025,0.5747530170000346,0.2484226608170364,0.21722021618211368,0.5836520014189127,1.0437102838749726,50000,0.05559566787003611,0.0,0.09314079422382672,0.0,0.4208627734793721,0.18253921144142934,0.16048488554498325,0.2546289568219282,0.7380952380952381,0.7380952380952381,0.7621274461913189,0.6,0.4
top_100__full_incl_covid,full_incl_covid,sparse_jl,5,3.0,29,0.7,50000,300,,0.006629566999947656,0.0004173300000047675,0.5864099120000219,0.23892852721415625,0.2049943840964632,0.5747416739366652,0.9693866835071069,50000,0.04091456077015645,0.0,0.06787003610108304,0.0,0.23935761236345374,0.15867705027576307,0.08768087964480409,0.1619051807613403,0.5952380952380952,0.5952380952380952,0.7168511800604249,0.5,0.4
top_100__full_incl_covid,full_incl_covid,sparse_jl,5,3.0,30,0.7,50000,300,,0.005863927000007152,0.0004656500000237429,0.5285663870000121,0.2269941621879684,0.19502742063101153,0.5485293053791035,0.9714960598191629,50000,0.05102286401925392,0.0,0.07918170878459686,0.0,0.36763122550345756,0.2521801184561514,0.14236354272429488,0.2540582955613013,0.6666666666666666,0.6666666666666666,0.7537221713847893,0.5,0.4
top_100__full_incl_covid,full_incl_covid,sparse_jl,5,3.0,31,0.7,50000,300,,0.008619687000020804,0.00018901000004234447,0.5535859149999851,0.25669189516314855,0.21970241298024268,0.6197814540130693,1.0401857135595514,50000,0.04741275571600481,0.0,0.07184115523465705,0.0,0.2420589311584142,0.1337731647001041,0.13596575326582666,0.1705992830414483,0.5,0.5,0.7443130338627489,0.3,0.4
top_100__full_incl_covid,full_incl_covid,sparse_jl,5,3.0,32,0.7,50000,300,,0.006093538000015997,0.00021380900000167458,0.5371937630000048,0.2396452259575381,0.20473181415385872,0.5777358217512665,0.9856738844911201,50000,0.03850782190132371,0.0,0.06534296028880866,0.0,0.27251435632338444,0.1357288806393406,0.09696495742153062,0.16840273146141857,0.5714285714285714,0.5714285714285714,0.7170405518212811,0.7,0.4
top_100__full_incl_covid,full_incl_covid,sparse_jl,5,3.0,33,0.7,50000,300,,0.006475787999988825,0.00033023899999307105,0.5723416869999483,0.27180454451499275,0.23858486595984574,0.6361873882886159,1.101298149412038,50000,0.05607701564380265,0.0,0.08856799037304454,0.0,0.4925917965941146,0.256392286825541,0.18854809031018552,0.3125107245766137,0.7142857142857143,0.7142857142857143,0.7595382641368026,0.7,0.4
top_100__full_incl_covid,full_incl_covid,sparse_jl,5,3.0,34,0.7,50000,300,,0.00848976700001458,0.0005487990000005993,0.5177057519999835,0.25241353627090984,0.21879578723812598,0.6038422670234549,1.0068158719979547,50000,0.0421179302045728,0.0,0.07123947051744886,0.0,0.3485709584409157,0.17946971224016184,0.14798843148202098,0.22534303405436618,0.5714285714285714,0.5714285714285714,0.7218985355473545,0.7,0.4
top_100__full_incl_covid,full_incl_covid,sparse_jl,5,3.0,35,0.7,50000,300,,0.0063261480000278425,0.00022125000003825335,0.5468351789999701,0.2241014613753953,0.19117018470380143,0.543579746785684,0.9664639331677147,50000,0.05703971119133574,0.0,0.08134777376654634,0.0,0.3511925114438457,0.15647775800500388,0.12390865474285744,0.21052630806390235,0.5476190476190477,0.5476190476190477,0.7552025165365711,0.6,0.4
top_100__full_incl_covid,full_incl_covid,sparse_jl,5,3.0,36,0.7,50000,300,,0.0056043280000039886,0.00046549000001050445,0.5621338530000344,0.26552604161991156,0.2277792918243864,0.6379094307455964,1.0757075332068198,50000,0.054873646209386284,0.0,0.08856799037304451,0.0,0.4321596763406255,0.23728812750052658,0.16809057668959992,0.27917946017691736,0.6190476190476191,0.6190476190476191,0.7319051267552854,0.4,0.4
top_100__full_incl_covid,full_incl_covid,sparse_jl,5,3.0,37,0.7,50000,300,,0.00660063700001956,0.00019069000001081804,0.529649237000001,0.23712188323399452,0.20531585364952476,0.562678592233119,0.9153275129946211,50000,0.035138387484957886,0.0,0.0631768953068592,0.0,0.187748989711544,0.07596999844013048,0.10905213726197299,0.12425704180454916,0.40476190476190477,0.40476190476190477,0.6786930420933942,0.6,0.4
top_100__full_incl_covid,full_incl_covid,sparse_jl,5,3.0,38,0.7,50000,300,,0.0076228959999866674,0.0003291689999969094,0.5839763129999938,0.2744246915649228,0.2385223947374433,0.6491399473566166,1.1223176794691374,50000,0.06353790613718412,0.0,0.09290012033694345,0.0,0.4784548701709915,0.28015695066476476,0.16918062979674295,0.30926415021083303,0.7380952380952381,0.7380952380952381,0.7874286719217887,0.6,0.4
top_100__full_incl_covid,full_incl_covid,sparse_jl,5,3.0,39,0.7,50000,300,,0.0034667379999859804,0.000468500000010863,0.5401193019999937,0.2258704568134858,0.19282377797325223,0.5461031346744725,0.9336895773350398,50000,0.04741275571600482,0.0,0.07099879663056559,0.0,0.3495227319530064,0.13485172778328638,0.1104913087788083,0.1982885895050337,0.6904761904761905,0.6904761904761905,0.722237505980601,0.6,0.4
top_100__full_incl_covid,full_incl_covid,sparse_jl,5,3.0,40,0.7,50000,300,,0.007733436999956211,0.0002883699999642886,0.5230261979999682,0.23093844171887631,0.19799606237618217,0.5523218832460949,1.0208344843813806,50000,0.053670276774969924,0.0,0.0838748495788207,0.0,0.45508866578104973,0.2002208903857727,0.152990042630285,0.26943319959903583,0.6666666666666666,0.6666666666666666,0.7702375176908689,0.8,0.4
top_100__full_incl_covid,full_incl_covid,sparse_jl,5,3.0,41,0.7,50000,300,,0.007209837000004882,0.0003356689999804985,0.5073368949999804,0.265163219312728,0.2311193737721749,0.6240900741740901,1.0563134796137825,50000,0.05872442839951865,0.0,0.09169675090252707,0.0,0.45767851123113484,0.22289604440180177,0.17957707031385767,0.2867172086489314,0.6666666666666666,0.6666666666666666,0.7556806927794487,0.5,0.4
top_100__full_incl_covid,full_incl_covid,sparse_jl,5,3.0,42,0.7,50000,300,,0.006274297000004481,0.0004314990000011676,0.5742347069999596,0.22264981807393092,0.1905755680522928,0.5349449137390951,0.8868851141557265,50000,0.04404332129963899,0.0,0.07388688327316487,0.0,0.25962664168930544,0.13713309072388272,0.11689472506340387,0.17121815249219732,0.5476190476190477,0.5476190476190477,0.738822695670212,0.5,0.4
top_100__full_incl_covid,full_incl_covid,sparse_jl,5,3.0,43,0.7,50000,300,,0.0072652069999890045,0.0003338099999723454,0.5226274089999947,0.24146129467718783,0.2091567635244692,0.57335412456463,0.9526815689985214,50000,0.04139590854392299,0.0,0.06726835138387485,0.0,0.08714101857925237,0.10385617341027287,0.09312357010870097,0.09470692069940874,0.40476190476190477,0.40476190476190477,0.6780358660412268,0.5,0.4
top_100__full_incl_covid,full_incl_covid,sparse_jl,5,3.0,44,0.7,50000,300,,0.005633527000043159,0.00030362000001105116,0.5424051210000016,0.2436803710266225,0.21111666552083846,0.5784144314698203,1.0005993194464853,50000,0.04909747292418773,0.0,0.07882069795427196,0.0,0.37848333885741176,0.20840428585579976,0.1685540376740507,0.2518138874624207,0.6190476190476191,0.6190476190476191,0.7494085269152143,0.7,0.4
top_100__full_incl_covid,full_incl_covid,sparse_jl,5,3.0,45,0.7,50000,300,,0.006458068000029016,0.00021880000002738598,0.5396819409999694,0.22742037449171312,0.1949713007057095,0.5514350046330644,0.9612215559189615,50000,0.044524669073405534,0.0,0.07244283995186522,0.0,0.334766036850382,0.13240689245143392,0.09552730443121826,0.18756674457767805,0.5714285714285714,0.5714285714285714,0.7235704690464161,0.4,0.4
top_100__full_incl_covid,full_incl_covid,sparse_jl,5,3.0,46,0.7,50000,300,,0.006263227000033567,0.00020033999999213847,0.5434918800000332,0.25131219429916274,0.22214027345258908,0.5800577670165089,0.8838053755106459,50000,0.03176895306859206,0.0,0.054512635379061376,0.0,0.0859513625466761,0.08657381646242283,0.05762178574796058,0.07671565491901983,0.42857142857142855,0.42857142857142855,0.6464928165870926,0.3,0.4
top_100__full_incl_covid,full_incl_covid,sparse_jl,5,3.0,47,0.7,50000,300,,0.005827807000002849,0.000440289000039229,0.5330088040000192,0.2532407094329622,0.22629544580293687,0.5783861211238344,0.8496811216398158,50000,0.0296028880866426,0.0,0.05559566787003609,0.0,0.0658100063795156,0.07684419751141501,0.06385622702903941,0.06883681030665667,0.4523809523809524,0.4523809523809524,0.6658741882275003,0.2,0.4
top_100__full_incl_covid,full_incl_covid,sparse_jl,5,3.0,48,0.7,50000,300,,0.006049977000031959,0.0003200599999786391,0.5353696430000241,0.23276642625440344,0.2019301265551311,0.5544591098422138,0.9487193961042018,50000,0.03898916967509026,0.0,0.06558363417569193,0.0,0.1451829241763784,0.09731249557183534,0.08104026684765397,0.10784522886528924,0.5238095238095238,0.5238095238095238,0.6973994840790543,0.5,0.4
top_100__full_incl_covid,full_incl_covid,sparse_jl,5,3.0,49,0.7,50000,300,,0.006098296999994091,0.00020964000003687033,0.5236580179999919,0.23849517682531118,0.20750600657749557,0.564197898960292,0.9296222108416823,50000,0.03898916967509026,0.0,0.06401925391095066,0.0,0.22589038981122245,0.1396124974124326,0.0912639642327317,0.1522556171521289,0.5476190476190477,0.5476190476190477,0.7073904128036722,0.2,0.4
top_100__full_incl_covid,full_incl_covid,sparse_jl,5,5.0,0,0.7,50000,500,,0.004522409000003336,0.0003374290000124347,0.5469291690000091,0.23875787800663148,0.2035329185545982,0.5785050243889437,1.0041236369631585,50000,0.052226233453670286,0.0,0.08327316486161251,0.0,0.27941166311872084,0.19426977777052348,0.15013731523837776,0.207939585375874,0.6190476190476191,0.6190476190476191,0.7484289002720127,0.4,0.0
top_100__full_incl_covid,full_incl_covid,sparse_jl,5,5.0,1,0.7,50000,500,,0.004862618000004204,0.0005234289999975772,0.6029107049999993,0.2367866568855431,0.20789421781177597,0.5539367639610329,0.9033603034846303,50000,0.034416365824308064,0.0,0.06389891696750903,0.0,0.0928919502565421,0.08047699938437015,0.0631330703806427,0.07883400667385165,0.47619047619047616,0.47619047619047616,0.6442951129706271,0.3,0.0
top_100__full_incl_covid,full_incl_covid,sparse_jl,5,5.0,2,0.7,50000,500,,0.010549234999984947,0.0003710589999741387,0.5544220849999988,0.257668350428033,0.2279566564152466,0.59485648341848,0.8973582028708691,50000,0.027436823104693142,0.0,0.048856799037304444,0.0,0.06057319931243132,0.052892736189456835,0.054739785254926725,0.056068573585604964,0.3333333333333333,0.3333333333333333,0.6318443588293747,0.3,0.0
top_100__full_incl_covid,full_incl_covid,sparse_jl,5,5.0,3,0.7,50000,500,,0.005883446999973785,0.0004260889999727624,0.5596536240000205,0.23965611092357575,0.20748050538934104,0.5701089204108083,0.9129105791938876,50000,0.03874849578820698,0.0,0.06630565583634175,0.0,0.08769735256412112,0.08957994312686074,0.07636342774356374,0.08454690781151519,0.5714285714285714,0.5714285714285714,0.6826726302600014,0.3,0.0
top_100__full_incl_covid,full_incl_covid,sparse_jl,5,5.0,4,0.7,50000,500,,0.007108307000009972,0.0002393500000152926,0.5541184759999851,0.23641655188319965,0.2046623615177831,0.5651632619113903,0.9737581844246015,50000,0.045006016847172085,0.0,0.06919374247894103,0.0,0.0986577879837872,0.13609432071499275,0.08958365972956311,0.10811192280944769,0.4523809523809524,0.4523809523809524,0.6853853138184507,0.3,0.0
top_100__full_incl_covid,full_incl_covid,sparse_jl,5,5.0,5,0.7,50000,500,,0.007043247000012798,0.0005551599999762402,0.5841844830000014,0.2367988884039873,0.20497949519226472,0.5626295241693647,0.9269861836862822,50000,0.04693140794223827,0.0,0.0681107099879663,0.0,0.24166981864776596,0.1011278393280543,0.07906147114626191,0.14061970970736073,0.5238095238095238,0.5238095238095238,0.6940981922692157,0.5,0.0
top_100__full_incl_covid,full_incl_covid,sparse_jl,5,5.0,6,0.7,50000,500,,0.002727498000012929,0.0001922289999924942,0.5214724900000078,0.24202397173609866,0.20914631392792105,0.5811147077307376,0.9888369687087247,50000,0.051504211793020456,0.0,0.08435619735258723,0.0,0.26116099038410845,0.15411222223913246,0.14029772618441777,0.1851903129358862,0.5,0.5,0.7216948605307092,0.6,0.0
top_100__full_incl_covid,full_incl_covid,sparse_jl,5,5.0,7,0.7,50000,500,,0.0132263039999998,0.00022038000003021807,0.565605741000013,0.24665073956776368,0.21865481372468637,0.572663123919463,0.8977247042400683,50000,0.03778580024067389,0.0,0.06474127557160048,0.0,0.09040207023963326,0.08828862463717384,0.07675025359941623,0.08514698282540778,0.38095238095238093,0.38095238095238093,0.6615454040544293,0.4,0.0
top_100__full_incl_covid,full_incl_covid,sparse_jl,5,5.0,8,0.7,50000,500,,0.0058937469999591485,0.0003660899999999856,0.6189941580000209,0.23493575658302404,0.20207187764279827,0.5613186273593822,0.9595262639709407,50000,0.0421179302045728,0.0,0.07388688327316487,0.0,0.31874660627374574,0.14084946719142336,0.1222488912127886,0.1939483215593192,0.6190476190476191,0.6190476190476191,0.7198740811621939,0.5,0.0
top_100__full_incl_covid,full_incl_covid,sparse_jl,5,5.0,9,0.7,50000,500,,0.005398726999999326,0.0002622800000153802,0.6657285590000015,0.2409123166224468,0.21268775566869197,0.5600570908620113,0.8717710467733513,50000,0.03513838748495788,0.0,0.05776173285198556,0.0,0.08745054126945406,0.13361771004144166,0.09917229300015151,0.1067468481036824,0.35714285714285715,0.35714285714285715,0.7268418996731162,0.4,0.0
top_100__full_incl_covid,full_incl_covid,sparse_jl,5,5.0,10,0.7,50000,500,,0.007349656999963372,0.0004204599999866332,0.6034003839999968,0.25864315130254684,0.2242362642938186,0.6138588254208585,1.098071182815699,50000,0.06401925391095066,0.0,0.10312876052948255,0.0,0.4941863895789877,0.27764976251485773,0.20267417416659744,0.3248367754201476,0.6904761904761905,0.6904761904761905,0.7844392287282983,0.7,0.0
top_100__full_incl_covid,full_incl_covid,sparse_jl,5,5.0,11,0.7,50000,500,,0.007539826000027006,0.00047018000003618,0.589514381000015,0.2344004223609886,0.20488275243112458,0.5495401770981597,0.9121852337828974,50000,0.041877256317689536,0.0,0.06534296028880866,0.0,0.2654311674941034,0.16803125541642633,0.12480160613581723,0.18608800968211567,0.5,0.5,0.7160293074547565,0.9,0.0
top_100__full_incl_covid,full_incl_covid,sparse_jl,5,5.0,12,0.7,50000,500,,0.006037647000027846,0.00022157000000788685,0.6427323480000382,0.22044096558966852,0.1860797651337991,0.5418624712318757,0.9741521350081963,50000,0.04765342960288809,0.0,0.07918170878459689,0.0,0.317989928920784,0.153521556298139,0.1356363649312224,0.2023826167167151,0.6190476190476191,0.6190476190476191,0.7653069512150238,0.7,0.0
top_100__full_incl_covid,full_incl_covid,sparse_jl,5,5.0,13,0.7,50000,500,,0.006782257999986996,0.0002525390000300831,0.6983710539999493,0.24036085837496823,0.21127570127577922,0.5594192884032197,0.8921124532857606,50000,0.04332129963898917,0.0,0.06738868832731648,0.0,0.06940460401597269,0.12527740796823988,0.09043262697956192,0.09503821298792485,0.42857142857142855,0.42857142857142855,0.6704175003262146,0.3,0.0
top_100__full_incl_covid,full_incl_covid,sparse_jl,5,5.0,14,0.7,50000,500,,0.008412737000014658,0.0005147400000282687,0.6790769830000158,0.2249632036278923,0.19438806041779638,0.5444645925202406,0.9154319841863685,50000,0.041877256317689536,0.0,0.07099879663056559,0.0,0.3507328987844298,0.19377659214140688,0.13330117457628188,0.22593688850070617,0.6904761904761905,0.6904761904761905,0.7392499740701209,0.5,0.0
top_100__full_incl_covid,full_incl_covid,sparse_jl,5,5.0,15,0.7,50000,500,,0.011705814999970698,0.0003322700000012446,0.6393463990000328,0.23539635390560223,0.20224876480277376,0.5631057496533156,0.965858044510717,50000,0.046450060168471724,0.0,0.08014440433212995,0.0,0.3254482198852924,0.16832053644277228,0.15549586515203703,0.21642154049336723,0.5714285714285714,0.5714285714285714,0.7236440973558214,0.7,0.0
top_100__full_incl_covid,full_incl_covid,sparse_jl,5,5.0,16,0.7,50000,500,,0.006000328000027366,0.0005567400000359157,0.5763547459999927,0.23938822656842035,0.20658600066068272,0.573108165527826,0.9523376828306186,50000,0.03706377858002407,0.0,0.06762936221419977,0.0,0.14085509703961696,0.11658015095887869,0.09919245275606332,0.11887590025151966,0.5238095238095238,0.5238095238095238,0.6870397237380512,0.5,0.0
top_100__full_incl_covid,full_incl_covid,sparse_jl,5,5.0,17,0.7,50000,500,,0.006067887000028804,0.0003965399999970032,0.5973670770000012,0.23187684346916326,0.19714267936538854,0.5613410877179523,1.0144023111082998,50000,0.04981949458483755,0.0,0.07918170878459689,0.0,0.3990822762827402,0.15718366507452392,0.11899010383455728,0.22508534839727382,0.6190476190476191,0.6190476190476191,0.7700655440423175,0.5,0.0
top_100__full_incl_covid,full_incl_covid,sparse_jl,5,5.0,18,0.7,50000,500,,0.00668815699998504,0.0007693299999687042,0.6392367290000038,0.2454631309326296,0.21467110910728127,0.5787915657625844,0.914955208401645,50000,0.034416365824308064,0.0,0.053790613718411553,0.0,0.07662413285518244,0.07916357908618375,0.05341061979306526,0.06973277724481049,0.42857142857142855,0.42857142857142855,0.6581753771542711,0.4,0.0
top_100__full_incl_covid,full_incl_covid,sparse_jl,5,5.0,19,0.7,50000,500,,0.006306218000020181,0.00040088999998033614,0.6045951450000189,0.24223500366838155,0.20594516401022733,0.5847909419174346,1.0195123818284022,50000,0.05391095066185318,0.0,0.07906137184115523,0.0,0.11473096656946531,0.14932854224707928,0.1107533470703814,0.12493761862897534,0.5714285714285714,0.5714285714285714,0.724511765473446,0.6,0.0
top_100__full_incl_covid,full_incl_covid,sparse_jl,5,5.0,20,0.7,50000,500,,0.007347836999997526,0.0005993799999828298,0.5632807810000031,0.2577841207328283,0.22091288576634543,0.6164721589950412,0.9947351748963398,50000,0.04476534296028881,0.0,0.06847172081829123,0.0,0.2475048505417546,0.12347432029981875,0.10487381626066113,0.1586176623674115,0.5238095238095238,0.5238095238095238,0.6886324874616487,0.3,0.0
top_100__full_incl_covid,full_incl_covid,sparse_jl,5,5.0,21,0.7,50000,500,,0.010328485999991699,0.0004854599999930542,0.6331140319999804,0.22498276855223662,0.19052549245217887,0.546959336559354,0.9510855624719192,50000,0.048134777376654635,0.0,0.07906137184115523,0.0,0.15246021202756588,0.12627202271148222,0.12312044278772999,0.13395089250892603,0.5952380952380952,0.5952380952380952,0.7177885033608469,0.6,0.0
top_100__full_incl_covid,full_incl_covid,sparse_jl,5,5.0,22,0.7,50000,500,,0.005717107999998916,0.0004000999999789201,0.5785717560000307,0.23829109988997774,0.20836552013991294,0.5592633947213552,0.9076561802526995,50000,0.03537906137184116,0.0,0.05728038507821902,0.0,0.08522154927226519,0.08452601601019819,0.08248863795019797,0.0840787344108871,0.42857142857142855,0.42857142857142855,0.6952685499007972,0.4,0.0
top_100__full_incl_covid,full_incl_covid,sparse_jl,5,5.0,23,0.7,50000,500,,0.006902836999984174,0.0003125999999724627,0.6314386329999593,0.23361241729199897,0.20171503838846105,0.5571517679761541,0.9817521063239736,50000,0.05367027677496991,0.0,0.07882069795427196,0.0,0.35448429699292605,0.20951264308622042,0.1463954707507535,0.23679747027663334,0.6666666666666666,0.6666666666666666,0.7360918611965217,0.6,0.0
top_100__full_incl_covid,full_incl_covid,sparse_jl,5,5.0,24,0.7,50000,500,,0.005711067999982333,0.0003069399999731104,0.5717370780000124,0.23175508989837662,0.1983633591940513,0.5602834109636516,0.9362511347405165,50000,0.04115523465703971,0.0,0.07051744885679904,0.0,0.3658625074991311,0.13962369542789535,0.11626953938365683,0.20725191410356106,0.5952380952380952,0.5952380952380952,0.7248199964534617,0.4,0.0
top_100__full_incl_covid,full_incl_covid,sparse_jl,5,5.0,25,0.7,50000,500,,0.005990836999956173,0.0003347999999618878,0.5580774439999914,0.2497373677240638,0.22084992463178532,0.5755338826761534,0.861822883657295,50000,0.03561973525872443,0.0,0.05776173285198556,0.0,0.1113733903281116,0.07287340238220494,0.05782898275697662,0.08069192515576439,0.42857142857142855,0.42857142857142855,0.677173593011312,0.3,0.0
top_100__full_incl_covid,full_incl_covid,sparse_jl,5,5.0,26,0.7,50000,500,,0.006127706999961902,0.0003093390000117324,0.5733399279999958,0.2345775087169241,0.20012967925073877,0.566212678663899,1.0089300763711386,50000,0.05342960288808664,0.0,0.09049338146811071,0.0,0.4139868130866549,0.16919471214318832,0.10596112053173412,0.22971421525385913,0.6190476190476191,0.6190476190476191,0.7463194000662466,0.8,0.0
top_100__full_incl_covid,full_incl_covid,sparse_jl,5,5.0,27,0.7,50000,500,,0.006743237000023328,0.00028286999997817475,0.6122477709999998,0.23425162738475797,0.19962782362158338,0.5699344419980105,1.015939667820859,50000,0.042839951865222624,0.0,0.07809867629362213,0.0,0.2728788883649347,0.15394609521669772,0.1240094988395537,0.18361149414039538,0.5,0.5,0.7443591221314025,0.6,0.0
top_100__full_incl_covid,full_incl_covid,sparse_jl,5,5.0,28,0.7,50000,500,,0.006707046999963495,0.00018154999997932464,0.572816927999952,0.2418542683307381,0.2083751938318349,0.5785716772839519,1.0359681306536936,50000,0.05487364620938628,0.0,0.09398315282791816,0.0,0.3525169442309076,0.15931343655651936,0.17541298333438424,0.22908112137393707,0.6190476190476191,0.6190476190476191,0.7668474369569361,0.7,0.0
top_100__full_incl_covid,full_incl_covid,sparse_jl,5,5.0,29,0.7,50000,500,,0.006194477000008192,0.00025255999997852996,0.5897985600000197,0.23633766665781358,0.20252731335999374,0.568282253724749,0.9467819316728189,50000,0.039951865222623346,0.0,0.06726835138387484,0.0,0.30758076676553836,0.1477339662358375,0.11748920514209846,0.19093464604782476,0.5952380952380952,0.5952380952380952,0.7233689269714235,0.6,0.0
top_100__full_incl_covid,full_incl_covid,sparse_jl,5,5.0,30,0.7,50000,500,,0.0069451470000103654,0.00041172999999616877,0.5268109369999934,0.2517773388843167,0.21651096552913845,0.6068464548611184,1.002612877446761,50000,0.042839951865222624,0.0,0.0730445246690734,0.0,0.2855662364422557,0.18271441095332933,0.13294922842795032,0.20040995860784513,0.5,0.5,0.7103238767343741,0.5,0.0
top_100__full_incl_covid,full_incl_covid,sparse_jl,5,5.0,31,0.7,50000,500,,0.01219862400000693,0.0004573100000015984,0.5690630490000217,0.26651683355982075,0.23923182699458828,0.6024251057712716,0.8593563747368177,50000,0.032490974729241874,0.0,0.04993983152827918,0.0,0.0524188523934313,0.06459979876555955,0.05319127749896818,0.056736642885986344,0.35714285714285715,0.35714285714285715,0.6380399897284221,0.3,0.0
top_100__full_incl_covid,full_incl_covid,sparse_jl,5,5.0,32,0.7,50000,500,,0.006324387999995906,0.0004224690000000919,0.5842768130000309,0.24202578930579544,0.21232852562292442,0.5682146485654973,0.9004214130758762,50000,0.03369434416365824,0.0,0.05499398315282792,0.0,0.12877891928428897,0.1055197085569149,0.06388511969077723,0.09939458251066036,0.38095238095238093,0.38095238095238093,0.676655350923271,0.3,0.0
top_100__full_incl_covid,full_incl_covid,sparse_jl,5,5.0,33,0.7,50000,500,,0.01088127500003111,0.0003685199999949873,0.658002721999992,0.26903912558185716,0.24403444853721906,0.6034786734853391,0.8392740278529248,50000,0.030806257521058967,0.0,0.050661853188929,0.0,0.028689821972293156,0.055622583754004314,0.04018900261035233,0.041500469445549935,0.2857142857142857,0.2857142857142857,0.6017147596216579,0.3,0.0
top_100__full_incl_covid,full_incl_covid,sparse_jl,5,5.0,34,0.7,50000,500,,0.006404236999969726,0.0002438599999550206,0.5093308749999892,0.2987214453870853,0.2595223390917403,0.7038743769924518,1.1314047796701967,50000,0.056558363417569195,0.0,0.09217809867629362,0.0,0.4955830534616224,0.21296306720101443,0.18952882925256592,0.2993583166384009,0.7857142857142857,0.7857142857142857,0.759619274097222,0.6,0.0
top_100__full_incl_covid,full_incl_covid,sparse_jl,5,5.0,35,0.7,50000,500,,0.006514796999965711,0.00044422000001986817,0.574314577999985,0.24842769584755744,0.2147058718938088,0.595340457273845,1.0120521522115808,50000,0.04620938628158845,0.0,0.07509025270758124,0.0,0.3166604124423494,0.1947349954837508,0.12393574901160266,0.2117770523125676,0.4523809523809524,0.4523809523809524,0.7318312266003753,0.5,0.0
top_100__full_incl_covid,full_incl_covid,sparse_jl,5,5.0,36,0.7,50000,500,,0.00807163600001104,0.00024130999997851177,0.5608888030000116,0.24137682687293271,0.2079536093654224,0.579501491583291,1.0253596112414975,50000,0.05270758122743682,0.0,0.07689530685920577,0.0,0.3741955303977446,0.16101569417168315,0.12693331908782438,0.22071484788575071,0.5238095238095238,0.5238095238095238,0.7700482295747834,0.6,0.0
top_100__full_incl_covid,full_incl_covid,sparse_jl,5,5.0,37,0.7,50000,500,,0.008350687000017842,0.00026855999999497726,0.5571573650000232,0.23647317983050165,0.20596520493741605,0.5587500922985025,0.9163789495604162,50000,0.0358604091456077,0.0,0.0645006016847172,0.0,0.15904719122960914,0.09658134423642191,0.0858533786026175,0.1138273046895495,0.5476190476190477,0.5476190476190477,0.709708502156362,0.3,0.0
top_100__full_incl_covid,full_incl_covid,sparse_jl,5,5.0,38,0.7,50000,500,,0.007129366000015125,0.0007021799999620271,0.5391280620000316,0.2729838891188243,0.23719408023764282,0.6453410083080171,1.089939137927285,50000,0.05944645006016847,0.0,0.09290012033694343,0.0,0.4940136532919051,0.23041043613994186,0.17790017480755976,0.3007747547464689,0.6428571428571429,0.6428571428571429,0.7683369830334946,0.6,0.0
top_100__full_incl_covid,full_incl_covid,sparse_jl,5,5.0,39,0.7,50000,500,,0.005734388000007584,0.001030898999999863,0.5487197479999963,0.2386537377290862,0.2071566887405405,0.5630920515652056,0.9139428036279214,50000,0.04524669073405536,0.0,0.0700361010830325,0.0,0.22040000071738608,0.10649668777535862,0.1052546190809059,0.14405043585788352,0.5238095238095238,0.5238095238095238,0.7112878827166482,0.4,0.0
top_100__full_incl_covid,full_incl_covid,sparse_jl,5,5.0,40,0.7,50000,500,,0.006038707000016075,0.0002885099999616614,0.541006072000016,0.27120531170621043,0.24559117265142266,0.6058408754185529,0.8083656159745383,50000,0.02262334536702768,0.0,0.03838748495788207,0.0,0.024654605793455683,0.025212064662087818,0.01719431940324076,0.022353663286261417,0.5,0.5,0.5996927100236547,0.3,0.0
top_100__full_incl_covid,full_incl_covid,sparse_jl,5,5.0,41,0.7,50000,500,,0.005532598000002054,0.00033297999999604144,0.5309719850000079,0.26008283336144633,0.23248137838870903,0.5928328396994785,0.8549638408774058,50000,0.030565583634175695,0.0,0.048616125150421186,0.0,0.0826956794022335,0.0651401847130957,0.047120350679723755,0.06498540493168432,0.42857142857142855,0.42857142857142855,0.6108317677820417,0.4,0.0
top_100__full_incl_covid,full_incl_covid,sparse_jl,5,5.0,42,0.7,50000,500,,0.006710947000044598,0.00030488900000591457,0.5420674810000037,0.22929231177223372,0.195950768316681,0.5510575474515594,0.9271478688102615,50000,0.04091456077015644,0.0,0.07087845968712395,0.0,0.09307742184725068,0.14913831996623259,0.10391107682204803,0.11537560621184377,0.5714285714285714,0.5714285714285714,0.7085757846715939,0.5,0.0
top_100__full_incl_covid,full_incl_covid,sparse_jl,5,5.0,43,0.7,50000,500,,0.00644414699996787,0.0003514299999665127,0.5213366199999996,0.23679409954411668,0.2061114304104268,0.5605375641396206,0.9003041018426144,50000,0.02984356197352588,0.0,0.05439229843561974,0.0,0.07397935043622149,0.08082920349637776,0.05987349548463328,0.0715606831390775,0.5714285714285714,0.5714285714285714,0.6878671587209709,0.5,0.0
top_100__full_incl_covid,full_incl_covid,sparse_jl,5,5.0,44,0.7,50000,500,,0.012899894999975459,0.0003402389999678235,0.5573623949999842,0.23942274247542136,0.2082937836821483,0.5701127411917387,0.9914283393372182,50000,0.04235860409145608,0.0,0.07749699157641396,0.0,0.3582482192060931,0.21425277953229607,0.12769393140998342,0.23339831004945755,0.6428571428571429,0.6428571428571429,0.7111233325414961,0.5,0.0
top_100__full_incl_covid,full_incl_covid,sparse_jl,5,5.0,45,0.7,50000,500,,0.006307297999967432,0.0004815690000441464,0.5437742199999889,0.2396972864174031,0.20733934718831531,0.5715116674745829,0.921168981910168,50000,0.03537906137184115,0.0,0.061010830324909754,0.0,0.3093215877342445,0.0970997539838227,0.10012359261818124,0.16884831144541615,0.5238095238095238,0.5238095238095238,0.698174055566894,0.4,0.0
top_100__full_incl_covid,full_incl_covid,sparse_jl,5,5.0,46,0.7,50000,500,,0.007896496999990177,0.0005059599999981401,0.6014256149999824,0.25012874619701886,0.21816752204557788,0.5850605976830348,0.9074296642328104,50000,0.03273164861612515,0.0,0.057400722021660654,0.0,0.21074272538987493,0.09378295996809909,0.08384784614972901,0.129457843835901,0.47619047619047616,0.47619047619047616,0.6712455626449144,0.4,0.0
top_100__full_incl_covid,full_incl_covid,sparse_jl,5,5.0,47,0.7,50000,500,,0.006281037000007927,0.00041305000002012093,0.5506279069999778,0.235662968979641,0.20227762203622957,0.5703948496892484,1.0181269059089786,50000,0.05559566787003611,0.0,0.08447653429602887,0.0,0.29915150841733934,0.1839844548156452,0.1508340613399481,0.2113233415243109,0.6190476190476191,0.6190476190476191,0.7439641724353676,0.6,0.0
top_100__full_incl_covid,full_incl_covid,sparse_jl,5,5.0,48,0.7,50000,500,,0.004484829000034551,0.00030762000000095213,0.5932235790000391,0.2379025889734347,0.20918974646989485,0.557501991984284,0.8893768029521993,50000,0.03369434416365824,0.0,0.05944645006016847,0.0,0.14210084008199134,0.11013387561978386,0.10322103981904675,0.11848525184027398,0.42857142857142855,0.42857142857142855,0.6999948140242168,0.3,0.0
top_100__full_incl_covid,full_incl_covid,sparse_jl,5,5.0,49,0.7,50000,500,,0.00690862700002981,0.0003939100000138751,0.5534380760000204,0.24319534598298284,0.2100242205644519,0.5816953713095303,1.007413925043187,50000,0.05054151624548736,0.0,0.08315282791817087,0.0,0.3351061930991995,0.18276245540202485,0.14428128767221762,0.2207166453911473,0.6428571428571429,0.6428571428571429,0.7581465824419589,0.7,0.0
top_100__full_incl_covid,full_incl_covid,sparse_jl,10,1.0,0,0.7,50000,100,,0.00596204700002545,0.0006139899999766385,0.558806992999962,0.17140748124320512,0.14761969001846403,0.4120589276565393,0.9577455708009471,50000,0.09723225030084236,0.0,0.13598074608904936,0.0,0.13560074496869381,0.14717736406166462,0.15892789115646846,0.14723533339560899,0.6428571428571429,0.6428571428571429,0.8223296825179082,0.7,0.9
top_100__full_incl_covid,full_incl_covid,sparse_jl,10,1.0,1,0.7,50000,100,,0.00639717799998607,0.00048732900000914015,0.5970490880000057,0.20285182066318289,0.1803222567875853,0.46896970415752504,0.8753177991788882,50000,0.06714801444043321,0.0,0.09891696750902529,0.0,0.07837110054857889,0.07994095433014389,0.06746707527511382,0.07525971005127886,0.42857142857142855,0.42857142857142855,0.7274257192613832,0.5,0.9
top_100__full_incl_covid,full_incl_covid,sparse_jl,10,1.0,2,0.7,50000,100,,0.005744477999996889,0.0004710600000521481,0.5579356540000049,0.17287431905839895,0.15073672868209326,0.4096706217367018,0.9238193829092552,50000,0.0835138387484958,0.0,0.12202166064981951,0.0,0.12009398733346238,0.14579002270982278,0.12042186437642452,0.1287686248065699,0.5714285714285714,0.5714285714285714,0.8131915540529235,0.6,0.9
top_100__full_incl_covid,full_incl_covid,sparse_jl,10,1.0,3,0.7,50000,100,,0.006861246999960713,0.0005314200000157143,0.5541408949999891,0.17249901274925744,0.148216258450032,0.41579663237217424,0.9682025916154677,50000,0.10300842358604091,0.0,0.14320096269554755,0.0,0.16402101489321894,0.1448806417895313,0.15160041107317077,0.1535006892519737,0.6190476190476191,0.6190476190476191,0.798079160574539,0.5,0.9
top_100__full_incl_covid,full_incl_covid,sparse_jl,10,1.0,4,0.7,50000,100,,0.007570896999993693,0.00032205000002250017,0.5705206989999851,0.2000547619630228,0.1760327930632301,0.46441590007876865,0.8989005872228422,50000,0.06690734055354994,0.0,0.09578820697954271,0.0,0.035776496974317486,0.05139807996756082,0.07838911072685842,0.055187895889578904,0.3333333333333333,0.3333333333333333,0.7299295418274039,0.3,0.9
top_100__full_incl_covid,full_incl_covid,sparse_jl,10,1.0,5,0.7,50000,100,,0.006237236999993456,0.0005347800000095049,0.5351322230000051,0.16966604624344847,0.14400347563396798,0.4157290965960273,0.9860809612654401,50000,0.09843561973525872,0.0,0.14067388688327317,0.0,0.3461779520468142,0.20569384946360872,0.15286838474635592,0.23491339541892628,0.6190476190476191,0.6190476190476191,0.8461994743762609,0.4,0.9
top_100__full_incl_covid,full_incl_covid,sparse_jl,10,1.0,6,0.7,50000,100,,0.006903606999969725,0.0002524699999639779,0.531461854999975,0.17022404998794013,0.14612844141210424,0.4102680522885902,1.0117882704467518,50000,0.10830324909747292,0.0,0.15559566787003612,0.0,0.5314977602001363,0.3207786217957326,0.22926481543534252,0.36051373247707047,0.6904761904761905,0.6904761904761905,0.834158956012888,0.8,0.9
top_100__full_incl_covid,full_incl_covid,sparse_jl,10,1.0,7,0.7,50000,100,,0.004982298000015817,0.0002179699999942386,0.5651536610000107,0.18036842977431744,0.15637679467544607,0.42483841937577754,0.9220614798315365,50000,0.08038507821901325,0.0,0.11371841155234659,0.0,0.13090549011166727,0.09785540389422859,0.09252478989322387,0.10709522796637323,0.5952380952380952,0.5952380952380952,0.7707514938956045,0.4,0.9
top_100__full_incl_covid,full_incl_covid,sparse_jl,10,1.0,8,0.7,50000,100,,0.005640196999991076,0.00043563899998844136,0.5552139549999993,0.2933756168885792,0.24278554576956546,0.7332020679930665,1.2070238041345691,50000,0.12707581227436823,0.0,0.18026474127557163,0.0,0.6654945479378735,0.32760639875152553,0.24050259163681817,0.4112011794420724,0.7380952380952381,0.7380952380952381,0.8344375767440771,0.5,0.9
top_100__full_incl_covid,full_incl_covid,sparse_jl,10,1.0,9,0.7,50000,100,,0.008106986999962373,0.00038843000004362693,0.6201773579999781,0.15774661227114853,0.13435796020187207,0.3845024280966732,0.9582098825041815,50000,0.09482551143200962,0.0,0.14681107099879662,0.0,0.3772083932796224,0.17648939215243029,0.2143056425991357,0.2560011426770628,0.5952380952380952,0.5952380952380952,0.852165960425986,0.6,0.9
top_100__full_incl_covid,full_incl_covid,sparse_jl,10,1.0,10,0.7,50000,100,,0.006075716999987435,0.00035228999996661514,0.6188299280000251,0.1692264924817474,0.14538860181507918,0.4098696342403106,0.9626683091629376,50000,0.09193742478941036,0.0,0.133453670276775,0.0,0.3270510568246808,0.20800886427135354,0.16081287126683158,0.2319575974542886,0.6428571428571429,0.6428571428571429,0.8209857828983247,0.4,0.9
top_100__full_incl_covid,full_incl_covid,sparse_jl,10,1.0,11,0.7,50000,100,,0.005977287999996861,0.00031828999999561347,0.6566224919999968,0.15938798089361297,0.13569215667126977,0.3882186022487407,0.9628128425682825,50000,0.09819494584837545,0.0,0.1371841155234657,0.0,0.47996728399240385,0.1883515627522902,0.16415801008686212,0.27749228561051875,0.5714285714285714,0.5714285714285714,0.8520001555792734,0.6,0.9
top_100__full_incl_covid,full_incl_covid,sparse_jl,10,1.0,12,0.7,50000,100,,0.00789221700000553,0.0004085990000248785,0.6710567260000175,0.16839943697976528,0.14470722949778847,0.4076031936519258,1.024303422072478,50000,0.11624548736462093,0.0,0.16570397111913357,0.0,0.46032357790650746,0.23706305199865993,0.25657679845775916,0.3179878094543089,0.7380952380952381,0.7380952380952381,0.8519756685726522,0.5,0.9
top_100__full_incl_covid,full_incl_covid,sparse_jl,10,1.0,13,0.7,50000,100,,0.006061537999983102,0.0004001400000106514,0.6717504759999997,0.18827473238815792,0.16287045928365207,0.44775346385299836,0.9169585748584467,50000,0.07460890493381468,0.0,0.11347773766546329,0.0,0.17611705824278953,0.13716704834656696,0.10521638497647139,0.13950016385527594,0.5476190476190477,0.5476190476190477,0.747906455034244,0.5,0.9
top_100__full_incl_covid,full_incl_covid,sparse_jl,10,1.0,14,0.7,50000,100,,0.005534908000015548,0.00035837000001492925,0.6518695439999647,0.18287116935671205,0.15904655853044558,0.43601117183804283,0.9101801629804782,50000,0.07340553549939831,0.0,0.11143200962695549,0.0,0.1141820503598172,0.12579986292766013,0.08614028500570817,0.10870739943106182,0.47619047619047616,0.47619047619047616,0.76192843437064,0.5,0.9
top_100__full_incl_covid,full_incl_covid,sparse_jl,10,1.0,15,0.7,50000,100,,0.00564468800001805,0.0004364600000030805,0.6602507609999861,0.17901686987270973,0.15747353460187113,0.42011021961844075,0.9088541066841571,50000,0.08038507821901324,0.0,0.11961492178098677,0.0,0.12004250489919754,0.10859095762102419,0.08359792304481035,0.10407712852167737,0.47619047619047616,0.47619047619047616,0.7785343261409982,0.5,0.9
top_100__full_incl_covid,full_incl_covid,sparse_jl,10,1.0,16,0.7,50000,100,,0.006496927000000596,0.000361590000011347,0.6012844360000145,0.18197483637141162,0.15359478855933667,0.44620727049838016,1.0181012170559223,50000,0.11407942238267148,0.0,0.15270758122743683,0.0,0.4088592077184445,0.21769009519401913,0.18555646561790196,0.2707019228434552,0.6904761904761905,0.6904761904761905,0.8285483784624751,0.5,0.9
top_100__full_incl_covid,full_incl_covid,sparse_jl,10,1.0,17,0.7,50000,100,,0.005493358000023818,0.0003932399999939662,0.7017745929999819,0.16509541563513863,0.13951188485102617,0.4052341195402619,0.9426746758463505,50000,0.07605294825511431,0.0,0.1269554753309266,0.0,0.4303693924760865,0.16961785818751313,0.14889538979815756,0.24962754682058574,0.7619047619047619,0.7619047619047619,0.8199653376070235,0.7,0.9
top_100__full_incl_covid,full_incl_covid,sparse_jl,10,1.0,18,0.7,50000,100,,0.01124824499999022,0.000587910000035663,0.6964513860000352,0.19996668823152827,0.1721709115190192,0.48217178121372894,1.0913728230751318,50000,0.13140794223826716,0.0,0.1700361010830325,0.0,0.5144846623536085,0.27520375189614293,0.2464978112168801,0.3453954084888771,0.7857142857142857,0.7857142857142857,0.8464024175011625,0.9,0.9
top_100__full_incl_covid,full_incl_covid,sparse_jl,10,1.0,19,0.7,50000,100,,0.006418956999993952,0.000524209999980485,0.6687136779999605,0.18887064169566467,0.16480697698678443,0.445319024234506,0.9058756565201403,50000,0.07725631768953069,0.0,0.11732851985559567,0.0,0.11285079397485548,0.09668661185038083,0.08406369100816309,0.0978670322777998,0.5714285714285714,0.5714285714285714,0.7557148407570854,0.3,0.9
top_100__full_incl_covid,full_incl_covid,sparse_jl,10,1.0,20,0.7,50000,100,,0.004784236999967106,0.0004397399999902518,0.6642294289999882,0.16491876462099342,0.14343010696916403,0.39380027742300144,0.9427079708233588,50000,0.08760529482551142,0.0,0.137424789410349,0.0,0.16291658610500784,0.14287137818728984,0.11418536306116951,0.1399911091178224,0.5952380952380952,0.5952380952380952,0.7993410674076478,0.5,0.9
top_100__full_incl_covid,full_incl_covid,sparse_jl,10,1.0,21,0.7,50000,100,,0.006377877999966586,0.00041330900000957627,0.6759032440000396,0.18485503424636107,0.16336569238590387,0.42815507614798826,0.8883975105487941,50000,0.08086642599277977,0.0,0.12226233453670277,0.0,0.2672093174311262,0.14192946795568392,0.10876352105650508,0.17263410214777175,0.6666666666666666,0.6666666666666666,0.7890116073848294,0.4,0.9
top_100__full_incl_covid,full_incl_covid,sparse_jl,10,1.0,22,0.7,50000,100,,0.005859226999973544,0.00025828999997656865,0.6779245430000174,0.15325528569216,0.12891897700327698,0.37792039376435116,0.9755541480837034,50000,0.09987966305655836,0.0,0.14981949458483754,0.0,0.2753332856889459,0.2598803779999827,0.2066245268706134,0.24727939685318068,0.6190476190476191,0.6190476190476191,0.8342303886470624,0.5,0.9
top_100__full_incl_covid,full_incl_covid,sparse_jl,10,1.0,23,0.7,50000,100,,0.006182757000033234,0.0003406000000154563,0.6243265960000031,0.17994494375295986,0.14809666834847934,0.455392558590135,1.0254047254175531,50000,0.09963898916967509,0.0,0.1460890493381468,0.0,0.12204580916391171,0.22670283273099676,0.1814743700368415,0.17674100397724998,0.6428571428571429,0.6428571428571429,0.83123498576366,0.5,0.9
top_100__full_incl_covid,full_incl_covid,sparse_jl,10,1.0,24,0.7,50000,100,,0.006008488000020407,0.00034999899997956163,0.66950665600001,0.16244690884979757,0.13899024249876413,0.39217007749237465,0.9256938922352997,50000,0.09891696750902526,0.0,0.13634175691937425,0.0,0.3771594562127516,0.1899752074110723,0.1788571424169951,0.24866393534693967,0.6190476190476191,0.6190476190476191,0.8291902475216054,0.8,0.9
top_100__full_incl_covid,full_incl_covid,sparse_jl,10,1.0,25,0.7,50000,100,,0.006047056999989309,0.00024211999999579348,0.6627047199999652,0.16699751140412128,0.14449436616208472,0.40270171968267005,0.9271799554276039,50000,0.08977135980746088,0.0,0.12972322503008424,0.0,0.370465895430872,0.1726362042721884,0.14144861495905936,0.22818357155403993,0.7380952380952381,0.7380952380952381,0.8127753376739392,0.6,0.9
top_100__full_incl_covid,full_incl_covid,sparse_jl,10,1.0,26,0.7,50000,100,,0.007086477000029845,0.00025384899998925903,0.6558259829999997,0.17292342646188946,0.14700511754597778,0.42050056982208317,1.0098702346640938,50000,0.1022864019253911,0.0,0.14332129963898918,0.0,0.42637869463376915,0.2529120323762931,0.20707464374726486,0.2954551235857757,0.7619047619047619,0.7619047619047619,0.8351814506010712,0.6,0.9
top_100__full_incl_covid,full_incl_covid,sparse_jl,10,1.0,27,0.7,50000,100,,0.0064893379999944045,0.0007223289999842564,0.6784107830000039,0.16328776566065814,0.13778339363883363,0.4000101346287599,0.9783967728799852,50000,0.10276774969915765,0.0,0.15306859205776174,0.0,0.30353784226778574,0.2104948492672128,0.1538078277090948,0.22261350641469776,0.5952380952380952,0.5952380952380952,0.8169792192931682,0.9,0.9
top_100__full_incl_covid,full_incl_covid,sparse_jl,10,1.0,28,0.7,50000,100,,0.008526136000000406,0.0005905300000108582,0.6568358320000129,0.19455379979032073,0.1677337532732754,0.46562372555844017,1.0553557059391647,50000,0.10445246690734054,0.0,0.15547533092659446,0.0,0.5569973356145921,0.3264478238070679,0.1975222433340576,0.36032246758523917,0.7380952380952381,0.7380952380952381,0.8428697015220001,0.6,0.9
top_100__full_incl_covid,full_incl_covid,sparse_jl,10,1.0,29,0.7,50000,100,,0.012565595000012308,0.003665227999988474,0.6593008110000369,0.1704867643256642,0.14661775215116946,0.4101097036320068,0.9458697270983607,50000,0.09386281588447654,0.0,0.12948255114320098,0.0,0.2887041409479005,0.1280451041390812,0.10696954143923625,0.17457292884207265,0.5714285714285714,0.5714285714285714,0.8033532770348263,0.4,0.9
top_100__full_incl_covid,full_incl_covid,sparse_jl,10,1.0,30,0.7,50000,100,,0.009346996000033414,0.0008271600000284707,0.5529767660000289,0.16900201135892323,0.14466828399641074,0.4113165489926029,0.9365003337179019,50000,0.0914560770156438,0.0,0.13574007220216608,0.0,0.35079408349692126,0.22084633114958102,0.1358306752453793,0.2358236966306272,0.7142857142857143,0.7142857142857143,0.8155853001007083,0.5,0.9
top_100__full_incl_covid,full_incl_covid,sparse_jl,10,1.0,31,0.7,50000,100,,0.0059381680000001325,0.0033202689999711765,0.5936754690000043,0.1702988586790907,0.1429905577304078,0.4224167843367993,0.980358205596889,50000,0.09121540312876054,0.0,0.13032490974729244,0.0,0.42151716284163465,0.23058013228244673,0.15831956786586834,0.2701389543299832,0.6666666666666666,0.6666666666666666,0.8361075445910272,0.6,0.9
top_100__full_incl_covid,full_incl_covid,sparse_jl,10,1.0,32,0.7,50000,100,,0.005302977999974701,0.00057350999998107,0.6047852339999622,0.1826171177098029,0.15660388571053224,0.4401036797791569,0.9936295051716317,50000,0.09819494584837545,0.0,0.1404332129963899,0.0,0.1017489091062016,0.23150590613096583,0.1359741115881467,0.1564096422751047,0.47619047619047616,0.47619047619047616,0.7774829531957321,0.4,0.9
top_100__full_incl_covid,full_incl_covid,sparse_jl,10,1.0,33,0.7,50000,100,,0.009479355999985728,0.0005443289999789158,0.6018159159999641,0.18130653187631796,0.1579032390993364,0.42662718489809626,0.9146686871333815,50000,0.08399518652226234,0.0,0.1222623345367028,0.0,0.13004797384865316,0.12804167955600976,0.10705263804946641,0.12171409715137645,0.5238095238095238,0.5238095238095238,0.7743983431643819,0.6,0.9
top_100__full_incl_covid,full_incl_covid,sparse_jl,10,1.0,34,0.7,50000,100,,0.0064646470000297995,0.000529540000002271,0.5396252119999758,0.16983479851806527,0.1450520498302209,0.4132564351929281,0.9906959544286288,50000,0.10012033694344163,0.0,0.14356197352587247,0.0,0.41109684857837786,0.2767747528243979,0.18031187252493064,0.28939449130923545,0.6904761904761905,0.6904761904761905,0.8368931780997915,0.7,0.9
top_100__full_incl_covid,full_incl_covid,sparse_jl,10,1.0,35,0.7,50000,100,,0.009853166000027613,0.0005115299999829404,0.5545720449999862,0.1880887592642889,0.16381289867672866,0.44341188680167576,0.899453099121441,50000,0.07749699157641396,0.0,0.10962695547533093,0.0,0.054268773688551625,0.14582040173518607,0.07107479818703624,0.09038799120359131,0.5476190476190477,0.5476190476190477,0.7569465518279727,0.4,0.9
top_100__full_incl_covid,full_incl_covid,sparse_jl,10,1.0,36,0.7,50000,100,,0.00751824700000725,0.0002858400000036454,0.5851878220000231,0.16198677122189029,0.13800694178885842,0.39538492889931826,0.9542350439564328,50000,0.1022864019253911,0.0,0.14693140794223827,0.0,0.15380732489365737,0.15304361587749504,0.20237148301291477,0.16974080792802237,0.5714285714285714,0.5714285714285714,0.8193178643482567,0.5,0.9
top_100__full_incl_covid,full_incl_covid,sparse_jl,10,1.0,37,0.7,50000,100,,0.006113168000013047,0.0005309090000196193,0.5674347099999864,0.17429621475018184,0.14998750309581066,0.42187977243895525,0.9405368326096536,50000,0.0888086642599278,0.0,0.12767749699157643,0.0,0.356604799744574,0.1503943980226167,0.13783162800977908,0.21494360859232328,0.6904761904761905,0.6904761904761905,0.8093482232177808,0.6,0.9
top_100__full_incl_covid,full_incl_covid,sparse_jl,10,1.0,38,0.7,50000,100,,0.005517096999994919,0.00027147999998078376,0.5969891569999959,0.17634824311174768,0.15078692227813656,0.42811715688876706,1.0512786498344475,50000,0.11119133574007221,0.0,0.1592057761732852,0.0,0.4641267549598147,0.32166115112148225,0.21099120377567016,0.3322597032856557,0.7142857142857143,0.7142857142857143,0.8551887151494063,0.7,0.9
top_100__full_incl_covid,full_incl_covid,sparse_jl,10,1.0,39,0.7,50000,100,,0.019176032000018495,0.0028175189999615213,0.570754997999984,0.16619864813625937,0.1420228638097456,0.4027481513649097,1.0350721460726247,50000,0.1155234657039711,0.0,0.1643802647412756,0.0,0.4889696819594649,0.3210593788447761,0.2505660238387802,0.35353169488100705,0.6666666666666666,0.6666666666666666,0.8623231540435554,0.6,0.9
top_100__full_incl_covid,full_incl_covid,sparse_jl,10,1.0,40,0.7,50000,100,,0.013239924000004066,0.0033899790000191388,0.5214251799999943,0.17880699502569006,0.15318947321819282,0.4327741194238238,1.049966719310355,50000,0.1049338146811071,0.0,0.15318892900120337,0.0,0.49809982264838326,0.3092742439212396,0.18607408145590806,0.33114938267517696,0.7619047619047619,0.7619047619047619,0.8304652865837132,0.8,0.9
top_100__full_incl_covid,full_incl_covid,sparse_jl,10,1.0,41,0.7,50000,100,,0.006702567000047566,0.000809118999995917,0.5743325469999832,0.1638807188194667,0.13956389144995218,0.3990092487536819,0.9864949884417437,50000,0.09723225030084236,0.0,0.15054151624548737,0.0,0.40471435383634735,0.2537179737029037,0.2349829895804209,0.2978051057065573,0.6904761904761905,0.6904761904761905,0.8402964119739161,0.9,0.9
top_100__full_incl_covid,full_incl_covid,sparse_jl,10,1.0,42,0.7,50000,100,,0.0057071479999990515,0.00043204999997215054,0.5581140840000103,0.1659541447489104,0.14020592760597905,0.4051070055225645,1.0025740535434338,50000,0.11143200962695547,0.0,0.1483754512635379,0.0,0.4406384661093485,0.2530040009393795,0.20226800318877056,0.29863682341249953,0.6666666666666666,0.6666666666666666,0.8498315603430104,0.6,0.9
top_100__full_incl_covid,full_incl_covid,sparse_jl,10,1.0,43,0.7,50000,100,,0.006082697000010739,0.0003721100000007027,0.5033717869999919,0.17773379774506062,0.15609561899351299,0.41810888955665104,0.8933350283751649,50000,0.07677496991576413,0.0,0.11419975932611312,0.0,0.33956810363807033,0.14707687990752474,0.12119024753134804,0.20261174369231436,0.5952380952380952,0.5952380952380952,0.8090705434902619,0.7,0.9
top_100__full_incl_covid,full_incl_covid,sparse_jl,10,1.0,44,0.7,50000,100,,0.006000966999977209,0.00034691999996994127,0.5736143969999716,0.18549414166623354,0.16329723899251214,0.4329821336312437,0.9029576151107448,50000,0.07966305655836342,0.0,0.12430806257521058,0.0,0.12099323127810725,0.09764457984876784,0.10612208859300287,0.10825329990662598,0.5476190476190477,0.5476190476190477,0.7706589409568292,0.4,0.9
top_100__full_incl_covid,full_incl_covid,sparse_jl,10,1.0,45,0.7,50000,100,,0.006437286999982916,0.0004328499999814994,0.5342161739999938,0.1652254987692653,0.1400392650308852,0.4026172599368961,0.9910334145814211,50000,0.09651022864019254,0.0,0.13622141997593262,0.0,0.43321954765504156,0.24049174052783362,0.16052231855183496,0.27807786891157005,0.6428571428571429,0.6428571428571429,0.8352838945339814,0.5,0.9
top_100__full_incl_covid,full_incl_covid,sparse_jl,10,1.0,46,0.7,50000,100,,0.006498466999971697,0.000423200000000179,0.5517289470000151,0.18109674722283112,0.1579257978781084,0.4253921056434391,0.8998839403560092,50000,0.08640192539109506,0.0,0.12515042117930206,0.0,0.15092511746114076,0.1477442627466434,0.1021400271758958,0.13360313579455999,0.6190476190476191,0.6190476190476191,0.8085010480689767,0.5,0.9
top_100__full_incl_covid,full_incl_covid,sparse_jl,10,1.0,47,0.7,50000,100,,0.006345296999995753,0.0002652599999919403,0.5565287049999483,0.16227769584298815,0.1372723667270001,0.39993150469987354,0.9621708160823815,50000,0.09530685920577618,0.0,0.13537906137184116,0.0,0.4145251672315268,0.18750914621787543,0.1484045939714198,0.25014630247360736,0.7142857142857143,0.7142857142857143,0.8246214446790215,0.7,0.9
top_100__full_incl_covid,full_incl_covid,sparse_jl,10,1.0,48,0.7,50000,100,,0.006564057000048251,0.000401410999984364,0.561615622999966,0.1799512257877741,0.15715551038151587,0.422192284633634,0.9097362483901634,50000,0.08255114320096268,0.0,0.12238267148014442,0.0,0.1214202245355796,0.12110510472304437,0.08903744882095349,0.11052092602652581,0.47619047619047616,0.47619047619047616,0.7973218617318482,0.6,0.9
top_100__full_incl_covid,full_incl_covid,sparse_jl,10,1.0,49,0.7,50000,100,,0.005587946999980886,0.000901409999983116,0.5615292530000033,0.16202223370735117,0.1391159430145522,0.39163352874484214,0.931858443036879,50000,0.10517448856799037,0.0,0.14019253910950663,0.0,0.40289272023842787,0.14306796998972143,0.13771918541474215,0.22789329188096383,0.6428571428571429,0.6428571428571429,0.8309027696456471,0.6,0.9
top_100__full_incl_covid,full_incl_covid,sparse_jl,10,3.0,0,0.7,50000,300,,0.006259677999992164,0.0005664299999921241,0.5234797289999733,0.1865196650454695,0.1641602025192816,0.4319394631375789,0.8939747319007078,50000,0.08134777376654632,0.0,0.12418772563176896,0.0,0.08927664739535797,0.1354403443053171,0.11392805808290479,0.11288168326119329,0.5,0.5,0.7688860691307301,0.5,0.7
top_100__full_incl_covid,full_incl_covid,sparse_jl,10,3.0,1,0.7,50000,300,,0.0057340579999731744,0.0006951600000206781,0.5360206329999642,0.16213872615910457,0.13802754884807356,0.3951891074846051,0.9867085572114671,50000,0.098676293622142,0.0,0.14705174488567993,0.0,0.42112339534158477,0.15866436463250316,0.15112235042613034,0.2436367034667394,0.6904761904761905,0.6904761904761905,0.832150038643884,0.7,0.7
top_100__full_incl_covid,full_incl_covid,sparse_jl,10,3.0,2,0.7,50000,300,,0.005817997999997715,0.0003813400000467482,0.5183107510000013,0.17007641120041028,0.14519452636251584,0.4126052954999735,0.9940220467933435,50000,0.0914560770156438,0.0,0.1391095066185319,0.0,0.41749619789085457,0.24751832188941922,0.15727876505887142,0.2740977616130484,0.6428571428571429,0.6428571428571429,0.8471780554598287,0.7,0.7
top_100__full_incl_covid,full_incl_covid,sparse_jl,10,3.0,3,0.7,50000,300,,0.006627627000000302,0.0004846400000246831,0.5389741810000146,0.1698898922792295,0.14837846551729544,0.4014572468792342,0.918564392175804,50000,0.0941034897713598,0.0,0.12743682310469315,0.0,0.12483231970438588,0.16657196690191547,0.11306557486652649,0.13482328715760927,0.6904761904761905,0.6904761904761905,0.8009185450494005,0.5,0.7
top_100__full_incl_covid,full_incl_covid,sparse_jl,10,3.0,4,0.7,50000,300,,0.006418956999993952,0.0003035600000202976,0.5481521680000014,0.17434007171401875,0.14872664448742823,0.4209177970891321,0.9647606031008565,50000,0.08929001203369434,0.0,0.12406738868832731,0.0,0.12346515684700028,0.12313750000365795,0.1268898382766793,0.12449749837577917,0.6190476190476191,0.6190476190476191,0.8032167687690499,0.7,0.7
top_100__full_incl_covid,full_incl_covid,sparse_jl,10,3.0,5,0.7,50000,300,,0.006625837000001411,0.0003883100000052764,0.5313927750000289,0.18748408586082507,0.15905734686578005,0.461028266368621,1.0307085529398337,50000,0.0914560770156438,0.0,0.1351383874849579,0.0,0.4275412868321903,0.2138722903089374,0.1713443367969026,0.2709193046460101,0.6904761904761905,0.6904761904761905,0.8354840355590649,0.9,0.7
top_100__full_incl_covid,full_incl_covid,sparse_jl,10,3.0,6,0.7,50000,300,,0.004504449000023669,0.00028363999996372513,0.5154484109999657,0.17998502239093367,0.15129849145882218,0.44643475362247553,1.031758410482265,50000,0.10854392298435618,0.0,0.1545126353790614,0.0,0.34271310741774696,0.17139895263160732,0.134830541092774,0.21631420038070945,0.6428571428571429,0.6428571428571429,0.812146182619955,0.4,0.7
top_100__full_incl_covid,full_incl_covid,sparse_jl,10,3.0,7,0.7,50000,300,,0.005715747000010651,0.00037226000000600834,0.4966207599999848,0.1749166419934195,0.1534708730472512,0.4130259216290997,0.9239869105904513,50000,0.08784596871239471,0.0,0.12178098676293622,0.0,0.1372213326976679,0.1549120306666851,0.11676252621949812,0.13629862986128372,0.5476190476190477,0.5476190476190477,0.810644926275499,0.5,0.7
top_100__full_incl_covid,full_incl_covid,sparse_jl,10,3.0,8,0.7,50000,300,,0.005800898000018151,0.00033717100001240397,0.5962892670000315,0.16606131055590315,0.1416268380539234,0.40624802382573105,0.9818504845694673,50000,0.11191335740072202,0.0,0.15439229843561975,0.0,0.3773298659469226,0.16234236454428935,0.13454099398865477,0.22473774149328887,0.5,0.5,0.8048538433099238,0.5,0.7
top_100__full_incl_covid,full_incl_covid,sparse_jl,10,3.0,9,0.7,50000,300,,0.005899016999990181,0.0002058000000033644,0.6129432199999769,0.16694107790812793,0.14192194378946826,0.4078658777607913,0.9827586369840714,50000,0.1022864019253911,0.0,0.14344163658243084,0.0,0.2939778682784234,0.17657586874426565,0.13494162285431577,0.20183178662566828,0.6666666666666666,0.6666666666666666,0.8109860505615909,0.8,0.7
top_100__full_incl_covid,full_incl_covid,sparse_jl,10,3.0,10,0.7,50000,300,,0.006273136999993767,0.0003606799999715804,0.6132379009999909,0.18573369453401958,0.1594193227520444,0.44541353100812225,1.0528503793764352,50000,0.10373044524669071,0.0,0.15162454873646208,0.0,0.5489262468193626,0.32624358010537596,0.22614081614324225,0.36710354768932696,0.7380952380952381,0.7380952380952381,0.8663983481830683,0.7,0.7
top_100__full_incl_covid,full_incl_covid,sparse_jl,10,3.0,11,0.7,50000,300,,0.009875035999982629,0.0005784599999856255,0.661975649999988,0.16057419508226453,0.13564109003571978,0.3954101223475614,1.0077921791694182,50000,0.10661853188929002,0.0,0.15138387484957883,0.0,0.48012902056010215,0.1676590376209783,0.15288762854404964,0.2668918955750434,0.6904761904761905,0.6904761904761905,0.8424952238835931,0.8,0.7
top_100__full_incl_covid,full_incl_covid,sparse_jl,10,3.0,12,0.7,50000,300,,0.006460597000000234,0.0002582799999686358,0.6270092339999565,0.16880081223108306,0.14333729801550577,0.4143689617867377,0.983219494671901,50000,0.09554753309265944,0.0,0.14669073405535502,0.0,0.41467546679490014,0.22127329509915816,0.1540961758368257,0.2633483125769613,0.7380952380952381,0.7380952380952381,0.8240920360140923,0.8,0.7
top_100__full_incl_covid,full_incl_covid,sparse_jl,10,3.0,13,0.7,50000,300,,0.006394417000024077,0.00024948999998741783,0.6706510660000049,0.17358897316578314,0.14942751964881656,0.4165632195934813,0.9064944761232385,50000,0.08784596871239471,0.0,0.12539109506618532,0.0,0.34340811653333425,0.16707282861412326,0.12095477121447476,0.21047857212064405,0.7380952380952381,0.7380952380952381,0.7960927018264671,0.8,0.7
top_100__full_incl_covid,full_incl_covid,sparse_jl,10,3.0,14,0.7,50000,300,,0.00639863700001797,0.00045129000000088126,0.644337476999965,0.1761014873171066,0.15395219681464067,0.41289531446011585,0.9150162916680766,50000,0.08856799037304451,0.0,0.12358604091456077,0.0,0.11433617158130623,0.15849120313966014,0.11784074338442452,0.13022270603513028,0.5,0.5,0.826105658401448,0.5,0.7
top_100__full_incl_covid,full_incl_covid,sparse_jl,10,3.0,15,0.7,50000,300,,0.006581588000017291,0.0003497789999755696,0.679879681999978,0.16476946809795118,0.13996680594817923,0.4016905590076307,0.9868414384021249,50000,0.1022864019253911,0.0,0.15138387484957883,0.0,0.43901547484433806,0.15750038986526158,0.1554391951956694,0.2506516866350897,0.6666666666666666,0.6666666666666666,0.8283805452300733,0.6,0.7
top_100__full_incl_covid,full_incl_covid,sparse_jl,10,3.0,16,0.7,50000,300,,0.0059706769999934295,0.0002947699999822362,0.68108249200003,0.16533905870035745,0.14327439041489276,0.39529504964741685,0.9194840589992065,50000,0.09362214199759326,0.0,0.13802647412755717,0.0,0.38445830677501364,0.21975976376406933,0.13180726001967705,0.24534177685292,0.6428571428571429,0.6428571428571429,0.8405634897267491,0.6,0.7
top_100__full_incl_covid,full_incl_covid,sparse_jl,10,3.0,17,0.7,50000,300,,0.00678682700004174,0.00030755000000226573,0.6365631010000357,0.205709409390498,0.1876520042600145,0.4588228499617355,0.8531894966166322,50000,0.07581227436823104,0.0,0.10433212996389891,0.0,0.08127805795255047,0.08446782949133622,0.0789994061993194,0.08158176454773536,0.5,0.5,0.7688510847053862,0.3,0.7
top_100__full_incl_covid,full_incl_covid,sparse_jl,10,3.0,18,0.7,50000,300,,0.00582107799999676,0.00044488899999350906,0.6159458700000187,0.16057377026584715,0.13500291349370486,0.3965101539216388,0.9748564789801801,50000,0.098676293622142,0.0,0.148014440433213,0.0,0.3413117590361098,0.13264259321375438,0.18508925202267879,0.219681201424181,0.6904761904761905,0.6904761904761905,0.8238243309254791,0.5,0.7
top_100__full_incl_covid,full_incl_covid,sparse_jl,10,3.0,19,0.7,50000,300,,0.0057563180000101966,0.0002431800000408657,0.6214541869999834,0.1699403169519541,0.14371099039908042,0.4166670943051903,0.9805582021553451,50000,0.09602888086642598,0.0,0.13513838748495788,0.0,0.39934090012081563,0.18653503978891464,0.1547330893886106,0.24686967643278032,0.7142857142857143,0.7142857142857143,0.834363676589167,0.4,0.7
top_100__full_incl_covid,full_incl_covid,sparse_jl,10,3.0,20,0.7,50000,300,,0.006173047000004317,0.0004259199999978591,0.6206854380000095,0.1593128328720268,0.1343980453366811,0.39306935152520567,0.9991447604354733,50000,0.10252707581227435,0.0,0.15294825511432011,0.0,0.4208677788306669,0.25090565557527617,0.17792072142000712,0.2832313852753167,0.5952380952380952,0.5952380952380952,0.8462751310713555,0.8,0.7
top_100__full_incl_covid,full_incl_covid,sparse_jl,10,3.0,21,0.7,50000,300,,0.006274386999962189,0.00032482000000300104,0.589832801,0.1789691823869328,0.1529066882337784,0.43420279205023643,1.0308255077827333,50000,0.09963898916967509,0.0,0.14296028880866427,0.0,0.4541513256470286,0.3066308582802535,0.21505601992564136,0.3252794012843078,0.6190476190476191,0.6190476190476191,0.8385253594215796,0.8,0.7
top_100__full_incl_covid,full_incl_covid,sparse_jl,10,3.0,22,0.7,50000,300,,0.006201777999990554,0.00045701900000949536,0.5770588249999946,0.17535150008543446,0.15084559979279172,0.4194364883364373,1.0314887332182687,50000,0.11576413959085438,0.0,0.15740072202166067,0.0,0.5913089323055428,0.2855019712113339,0.20983063096614793,0.3622138448276749,0.7380952380952381,0.7380952380952381,0.8610757595781625,0.8,0.7
top_100__full_incl_covid,full_incl_covid,sparse_jl,10,3.0,23,0.7,50000,300,,0.0065507579999461996,0.00044640899994874417,0.6016600959999892,0.17191679958789347,0.14873047723178517,0.4091503313135059,0.9172196416041968,50000,0.08086642599277977,0.0,0.1282791817087846,0.0,0.27175030200429234,0.1781204808984315,0.12594261338974191,0.19193779876415526,0.5238095238095238,0.5238095238095238,0.799974781101635,0.5,0.7
top_100__full_incl_covid,full_incl_covid,sparse_jl,10,3.0,24,0.7,50000,300,,0.007874346999983572,0.0007834799999955067,0.5910793099999978,0.15844795889330496,0.13290373158756585,0.3925470844427532,0.9974096694152182,50000,0.10685920577617328,0.0,0.15318892900120337,0.0,0.49117014609481024,0.2504677160312699,0.2105074427508773,0.3173817682923192,0.7380952380952381,0.7380952380952381,0.8427809962426769,0.6,0.7
top_100__full_incl_covid,full_incl_covid,sparse_jl,10,3.0,25,0.7,50000,300,,0.014615623999986838,0.00020571999999674517,0.5385245019999729,0.1672058853172972,0.14234522524463866,0.4082465696658158,0.9710968223528482,50000,0.09001203369434416,0.0,0.1305655836341757,0.0,0.35636745667750924,0.2412099499759314,0.16893528876191288,0.25550423180511783,0.6190476190476191,0.6190476190476191,0.8106469755723811,0.7,0.7
top_100__full_incl_covid,full_incl_covid,sparse_jl,10,3.0,26,0.7,50000,300,,0.010690894999981992,0.0003582599999845115,0.5679231999999956,0.16068115543116646,0.1360004156362416,0.3914914733088401,0.9957727856548813,50000,0.11359807460890495,0.0,0.16137184115523467,0.0,0.28592765763502775,0.2749207481916727,0.24146126038778656,0.267436555404829,0.6904761904761905,0.6904761904761905,0.8456558879226987,0.5,0.7
top_100__full_incl_covid,full_incl_covid,sparse_jl,10,3.0,27,0.7,50000,300,,0.0067650469999875895,0.0002601600000389226,0.5943316579999873,0.170627067481181,0.14671208235665711,0.40998171421713275,0.9615982985120624,50000,0.08640192539109508,0.0,0.13369434416365825,0.0,0.21808795778804188,0.18073907101378922,0.13149611254148677,0.1767743804477726,0.5952380952380952,0.5952380952380952,0.8182996983769567,0.6,0.7
top_100__full_incl_covid,full_incl_covid,sparse_jl,10,3.0,28,0.7,50000,300,,0.00593928699998969,0.0005081200000063291,0.5565703949999943,0.17964413800834006,0.1545310298539398,0.4324317124344113,1.0065895664525606,50000,0.08904933814681107,0.0,0.13044524669073407,0.0,0.42163175265807523,0.21071698624224786,0.15162451859302625,0.26132441916444976,0.7380952380952381,0.7380952380952381,0.8229207373788404,0.7,0.7
top_100__full_incl_covid,full_incl_covid,sparse_jl,10,3.0,29,0.7,50000,300,,0.005645048000019415,0.0003834590000337812,0.553901264999979,0.17217681627956086,0.14652266985861712,0.42021116980154444,1.0347320783375709,50000,0.11624548736462093,0.0,0.15691937424789412,0.0,0.35426874940953784,0.2632931606102102,0.21820373094610873,0.2785885469886189,0.7380952380952381,0.7380952380952381,0.8507834796559187,0.8,0.7
top_100__full_incl_covid,full_incl_covid,sparse_jl,10,3.0,30,0.7,50000,300,,0.005842088000008516,0.00042891900000086025,0.6411295890000019,0.15815669440298208,0.13531552585583867,0.38368462503134415,0.9697313116104223,50000,0.09915764139590855,0.0,0.1478941034897714,0.0,0.39257134168162267,0.16681965651216302,0.1667599084934757,0.2420503022290871,0.6190476190476191,0.6190476190476191,0.8431333707504274,0.6,0.7
top_100__full_incl_covid,full_incl_covid,sparse_jl,10,3.0,31,0.7,50000,300,,0.005640287000005628,0.0007428099999629012,0.6391317100000151,0.17372708800145517,0.15177152550332162,0.4125496280016113,0.9502257673613155,50000,0.08206979542719614,0.0,0.12755716004813478,0.0,0.13687218112797184,0.14377483135616173,0.11348016668292857,0.13137572638902073,0.5952380952380952,0.5952380952380952,0.799808871698959,0.6,0.7
top_100__full_incl_covid,full_incl_covid,sparse_jl,10,3.0,32,0.7,50000,300,,0.007272537000005741,0.00038477999999031454,0.6472223450000456,0.18636974896862485,0.16087177652451407,0.44782771368306523,1.0788555205391333,50000,0.13020457280385078,0.0,0.17870036101083034,0.0,0.5227209550921287,0.33630470626165376,0.18916876021225168,0.3493981405220114,0.7380952380952381,0.7380952380952381,0.8576367466533726,0.8,0.7
top_100__full_incl_covid,full_incl_covid,sparse_jl,10,3.0,33,0.7,50000,300,,0.006628876999968725,0.0006336700000133533,0.6306150629999934,0.16625653428690085,0.1433660655779272,0.39664114940811657,1.035140491193554,50000,0.10854392298435618,0.0,0.15078219013237068,0.0,0.5374700302736326,0.21767473166084358,0.18841575122161058,0.31452017105202895,0.7380952380952381,0.7380952380952381,0.8578053535999035,0.7,0.7
top_100__full_incl_covid,full_incl_covid,sparse_jl,10,3.0,34,0.7,50000,300,,0.005846827000027588,0.00026229000002331304,0.6067743230000247,0.16926638180075124,0.1435217262451619,0.41240101781203153,0.9654119479453407,50000,0.10373044524669071,0.0,0.13959085439229846,0.0,0.14906363520139876,0.20866719127439437,0.13728204301837774,0.1650042898313903,0.5238095238095238,0.5238095238095238,0.82089331360432,0.7,0.7
top_100__full_incl_covid,full_incl_covid,sparse_jl,10,3.0,35,0.7,50000,300,,0.007328297000015027,0.0005743199999983517,0.5769443760000286,0.2004966247237653,0.17262851110040878,0.48444598503152064,1.073812753094128,50000,0.11528279181708784,0.0,0.1701564380264741,0.0,0.5881281621836211,0.3539840471833489,0.22755020699512538,0.38988747212069846,0.7142857142857143,0.7142857142857143,0.838351022808256,0.8,0.7
top_100__full_incl_covid,full_incl_covid,sparse_jl,10,3.0,36,0.7,50000,300,,0.006282386999998835,0.00048357000002852146,0.6185151779999956,0.16476763003771072,0.1397904814207649,0.40384015319745586,1.0083534373633463,50000,0.11215403128760529,0.0,0.15511432009626955,0.0,0.4589438890781798,0.200508792393864,0.18908600304286685,0.2828462281716369,0.6904761904761905,0.6904761904761905,0.8324814392253824,0.7,0.7
top_100__full_incl_covid,full_incl_covid,sparse_jl,10,3.0,37,0.7,50000,300,,0.011624475000019174,0.00025834900003474104,0.6185388379999495,0.1685502324821871,0.14619994881318804,0.40079840487455504,0.9243877594668849,50000,0.07894103489771359,0.0,0.12635379061371843,0.0,0.26599340234228225,0.13674981335364716,0.13028956908323658,0.17767759492638868,0.6428571428571429,0.6428571428571429,0.8236739585389601,0.6,0.7
top_100__full_incl_covid,full_incl_covid,sparse_jl,10,3.0,38,0.7,50000,300,,0.005604857999969681,0.0002521499999943444,0.56789643999997,0.1872825466187115,0.15681180349214058,0.46201636166436344,1.078994706071945,50000,0.12202166064981951,0.0,0.1654632972322503,0.0,0.45208074829810324,0.22567787670865538,0.20224500471250328,0.293334543239754,0.7857142857142857,0.7857142857142857,0.8432482986653639,0.4,0.7
top_100__full_incl_covid,full_incl_covid,sparse_jl,10,3.0,39,0.7,50000,300,,0.008860256000048139,0.0005784500000345361,0.6055274839999925,0.18919759847981066,0.1642516880604163,0.4467707917216048,1.0820009342521335,50000,0.11985559566787003,0.0,0.17569193742478942,0.0,0.5581123137681627,0.21247869701509595,0.23687458513855164,0.33582186530727015,0.7857142857142857,0.7857142857142857,0.8556484058979601,0.8,0.7
top_100__full_incl_covid,full_incl_covid,sparse_jl,10,3.0,40,0.7,50000,300,,0.006538516999967214,0.00036449999998922067,0.59168631,0.17226501363056726,0.14811901354533302,0.41254272965010347,0.9480485035637513,50000,0.09025270758122744,0.0,0.12611311672683514,0.0,0.14506899676828663,0.13099836052943065,0.09638476949643758,0.12415070893138495,0.5476190476190477,0.5476190476190477,0.8011817124092037,0.6,0.7
top_100__full_incl_covid,full_incl_covid,sparse_jl,10,3.0,41,0.7,50000,300,,0.006834066999999777,0.0007265899999993053,0.6268198850000317,0.1858119505349125,0.1617096579835402,0.43940011189403183,1.065344217504449,50000,0.12418772563176896,0.0,0.17557160048134782,0.0,0.5846858683468116,0.32941486434864786,0.19039101200112374,0.3681639148988611,0.7380952380952381,0.7380952380952381,0.8584737798737297,0.5,0.7
top_100__full_incl_covid,full_incl_covid,sparse_jl,10,3.0,42,0.7,50000,300,,0.006901867000010498,0.00028043999998317304,0.6260608750000074,0.15384693086003165,0.13029300895056223,0.3792722073398906,0.96542548869212,50000,0.10902527075812274,0.0,0.14608904933814681,0.0,0.43129207781298795,0.2774616723897671,0.2075372439948732,0.3054303313992094,0.7142857142857143,0.7142857142857143,0.857835988497171,0.6,0.7
top_100__full_incl_covid,full_incl_covid,sparse_jl,10,3.0,43,0.7,50000,300,,0.006616797000049246,0.0004283800000166593,0.5981895969999869,0.18266807047416828,0.15889824431610855,0.43491664807968594,0.9636502565225044,50000,0.09121540312876054,0.0,0.12912154031287607,0.0,0.11539394111937687,0.18183136786707027,0.1562096805441283,0.15114499651019184,0.5238095238095238,0.5238095238095238,0.7800656946029048,0.5,0.7
top_100__full_incl_covid,full_incl_covid,sparse_jl,10,3.0,44,0.7,50000,300,,0.007728816999986066,0.0005131499999606604,0.6149928300000056,0.21411470885727046,0.18632721416852105,0.508061828154836,1.0956209575453675,50000,0.11167268351383876,0.0,0.1567990373044525,0.0,0.5831412835193717,0.37444939457579907,0.24815923087690198,0.40191663632402425,0.7142857142857143,0.7142857142857143,0.829993697366528,0.8,0.7
top_100__full_incl_covid,full_incl_covid,sparse_jl,10,3.0,45,0.7,50000,300,,0.006847027999981492,0.0007031989999859434,0.598022517000004,0.16146127239917843,0.13673762187141514,0.39527251161494603,0.954259982983785,50000,0.08977135980746088,0.0,0.13140794223826716,0.0,0.42314502851324126,0.19481268014141742,0.17937004178100135,0.26577591681188667,0.6666666666666666,0.6666666666666666,0.8414222287651019,0.6,0.7
top_100__full_incl_covid,full_incl_covid,sparse_jl,10,3.0,46,0.7,50000,300,,0.005959128000029068,0.0003118299999869123,0.5863787719999891,0.17454109129615528,0.14935771194630315,0.42081069307659186,0.9807087731336217,50000,0.0943441636582431,0.0,0.13995186522262337,0.0,0.25198448542824486,0.16033400497885106,0.1528265233969714,0.1883816712680224,0.5238095238095238,0.5238095238095238,0.8107741783574174,0.3,0.7
top_100__full_incl_covid,full_incl_covid,sparse_jl,10,3.0,47,0.7,50000,300,,0.009096327000008841,0.000508749000005082,0.6428273189999913,0.1777305281466553,0.15338899724870952,0.4237456397667901,0.9415952008312356,50000,0.08038507821901324,0.0,0.11359807460890495,0.0,0.1584426232176583,0.11689327911448064,0.1065565030715238,0.1272974684678876,0.5714285714285714,0.5714285714285714,0.7981559882964236,0.3,0.7
top_100__full_incl_covid,full_incl_covid,sparse_jl,10,3.0,48,0.7,50000,300,,0.006357166999976016,0.00035804999998845233,0.5898524610000209,0.15967867847460362,0.13557964112578824,0.3892927152162965,0.9778259424773027,50000,0.10180505415162455,0.0,0.15174488567990374,0.0,0.38560620284578934,0.2585735794910854,0.21129223463471034,0.28515733899052836,0.5952380952380952,0.5952380952380952,0.8449960979714469,0.7,0.7
top_100__full_incl_covid,full_incl_covid,sparse_jl,10,3.0,49,0.7,50000,300,,0.005608987000016441,0.0002473289999898043,0.5612667929999589,0.17780478373213385,0.15366497958416997,0.4237210667037201,0.930102810796378,50000,0.08616125150421179,0.0,0.1292418772563177,0.0,0.30300238009929836,0.14834994107779284,0.1401618208418455,0.1971713806729789,0.5714285714285714,0.5714285714285714,0.7853166832840943,0.6,0.7
top_100__full_incl_covid,full_incl_covid,sparse_jl,10,5.0,0,0.7,50000,500,,0.00590181699999448,0.0005233599999883154,0.6480866560000322,0.18151688617759174,0.15916371159974413,0.4253876004189115,0.9340104782244711,50000,0.08592057761732853,0.0,0.12382671480144405,0.0,0.19043184652068978,0.1099132094746353,0.11476098863997339,0.1383686815450995,0.6190476190476191,0.6190476190476191,0.7726445423460016,0.5,0.5
top_100__full_incl_covid,full_incl_covid,sparse_jl,10,5.0,1,0.7,50000,500,,0.0062531279999689104,0.0011513089999652948,0.6381740799999989,0.16269232736268605,0.13778051717330486,0.3968786893891501,0.964364921173634,50000,0.0931407942238267,0.0,0.1381468110709988,0.0,0.41551835547092525,0.23574472746623937,0.15850062729454484,0.26992123674390317,0.5952380952380952,0.5952380952380952,0.8369147375394383,0.7,0.5
top_100__full_incl_covid,full_incl_covid,sparse_jl,10,5.0,2,0.7,50000,500,,0.006582437000020036,0.0007629099999917344,0.6145279899999991,0.17720640044062286,0.15397721178603413,0.42078215530976554,0.9494404118347031,50000,0.08447653429602889,0.0,0.12731648616125152,0.0,0.12659124859409784,0.13289344701661915,0.12227368775897843,0.12725279445656512,0.47619047619047616,0.47619047619047616,0.7766068787786524,0.4,0.5
top_100__full_incl_covid,full_incl_covid,sparse_jl,10,5.0,3,0.7,50000,500,,0.005755618000023333,0.00034370000003036694,0.6195178180000198,0.19180859885911458,0.16633385160696124,0.45775097354100563,1.0767182165294367,50000,0.11504211793020457,0.0,0.16594464500601686,0.0,0.602115144706365,0.3971468591208924,0.27151234127961815,0.4235914483689585,0.7857142857142857,0.7857142857142857,0.8411634736669532,0.7,0.5
top_100__full_incl_covid,full_incl_covid,sparse_jl,10,5.0,4,0.7,50000,500,,0.008862286000010045,0.00037573999998130603,0.6385158300000171,0.17757671112660034,0.15305749922945389,0.4263368521883626,0.9424605880717705,50000,0.08062575210589651,0.0,0.12370637785800243,0.0,0.18449776310596985,0.16112502501249976,0.10820950096325571,0.15127742969390842,0.5238095238095238,0.5238095238095238,0.8010064975257877,0.4,0.5
top_100__full_incl_covid,full_incl_covid,sparse_jl,10,5.0,5,0.7,50000,500,,0.005810107999991487,0.0005415899999547946,0.5981653380000012,0.17564706989658235,0.15292026618190757,0.4159428774705943,0.9353401515163582,50000,0.08567990373044525,0.0,0.12779783393501806,0.0,0.12462022423681107,0.14647367095631372,0.13854551937988024,0.136546471524335,0.6190476190476191,0.6190476190476191,0.7998272944597049,0.6,0.5
top_100__full_incl_covid,full_incl_covid,sparse_jl,10,5.0,6,0.7,50000,500,,0.006422857000018212,0.00023088000000370812,0.5591970940000124,0.16412743599728682,0.14072517132893386,0.395369925300335,0.9498688272450801,50000,0.08929001203369433,0.0,0.12984356197352587,0.0,0.30754664404193666,0.2007101898881507,0.13892165742335214,0.21572616378447984,0.5,0.5,0.8320672512320874,0.6,0.5
top_100__full_incl_covid,full_incl_covid,sparse_jl,10,5.0,7,0.7,50000,500,,0.006236978000004001,0.0005989400000316891,0.5404079609999712,0.156414765102285,0.1325654316714136,0.38410752205614973,0.9709401779089769,50000,0.10806257521058966,0.0,0.15138387484957883,0.0,0.36123442914866766,0.22788114435639426,0.1477341451934181,0.24561657289949335,0.7142857142857143,0.7142857142857143,0.8367745070813662,0.7,0.5
top_100__full_incl_covid,full_incl_covid,sparse_jl,10,5.0,8,0.7,50000,500,,0.011813055000004624,0.00038097999998853993,0.6146059399999899,0.19837579713144224,0.17930562707569037,0.44383319479075933,0.8743442075929405,50000,0.0707581227436823,0.0,0.10300842358604091,0.0,0.07311396177744561,0.05928862216832039,0.07536921596648999,0.06925726663741867,0.5,0.5,0.7575308314624786,0.5,0.5
top_100__full_incl_covid,full_incl_covid,sparse_jl,10,5.0,9,0.7,50000,500,,0.004482638000013139,0.0003251599999885002,0.6042063649999818,0.17941988393504799,0.1565142122944384,0.4237116087926969,0.9102193985490673,50000,0.07244283995186522,0.0,0.11407942238267148,0.0,0.25186815888212877,0.11637934816312671,0.0853653492491501,0.15120428543146855,0.5476190476190477,0.5476190476190477,0.7870629978954975,0.5,0.5
top_100__full_incl_covid,full_incl_covid,sparse_jl,10,5.0,10,0.7,50000,500,,0.0063508379999461795,0.00047545000001036897,0.5848338630000285,0.16010439841460702,0.13749436712112484,0.386794254272955,0.9562158702184813,50000,0.09290012033694343,0.0,0.14283995186522264,0.0,0.3973127386289964,0.22451054537790738,0.17197086303285725,0.2645980490132537,0.6666666666666666,0.6666666666666666,0.8286577649113531,0.6,0.5
top_100__full_incl_covid,full_incl_covid,sparse_jl,10,5.0,11,0.7,50000,500,,0.006152057000008426,0.0009014199999910488,0.5937342189999981,0.16753208102712647,0.1430915861960932,0.4049892003920158,1.0364532967587254,50000,0.12707581227436823,0.0,0.17701564380264745,0.0,0.5627420522936797,0.2564116764936747,0.26238365606484576,0.3605124616174,0.6428571428571429,0.6428571428571429,0.858831047600566,0.6,0.5
top_100__full_incl_covid,full_incl_covid,sparse_jl,10,5.0,12,0.7,50000,500,,0.0070986479999533,0.00039350999998077896,0.5902004309999711,0.18539216814957454,0.16046716186509558,0.44031029745219,1.0633388253770444,50000,0.11865222623345366,0.0,0.16895306859205778,0.0,0.5202716055629943,0.26214294422478585,0.2277724405191694,0.3367289967689832,0.6428571428571429,0.6428571428571429,0.8499479938638195,0.8,0.5
top_100__full_incl_covid,full_incl_covid,sparse_jl,10,5.0,13,0.7,50000,500,,0.0072741870000072595,0.0004969599999640195,0.5686176090000004,0.161562500120056,0.13787537962653518,0.3924568157827957,0.9556963245705543,50000,0.098676293622142,0.0,0.13766546329723225,0.0,0.1644109785062385,0.17761588995496005,0.13315943601280364,0.15839543482466742,0.6190476190476191,0.6190476190476191,0.8134456877774914,0.7,0.5
top_100__full_incl_covid,full_incl_covid,sparse_jl,10,5.0,14,0.7,50000,500,,0.006271738000009464,0.0005613390000007712,0.5734493580000048,0.18494998180811065,0.16106894680726558,0.43547024776266086,0.9059259906295424,50000,0.07557160048134778,0.0,0.11817087845968713,0.0,0.09833219580562978,0.12414812497991091,0.08920574522810022,0.1038953553378803,0.6428571428571429,0.6428571428571429,0.7767005609218323,0.5,0.5
top_100__full_incl_covid,full_incl_covid,sparse_jl,10,5.0,15,0.7,50000,500,,0.006766518000006272,0.0002638689999798771,0.6099576520000483,0.20734603970888382,0.17634369913006787,0.5033736520383255,1.0964076167331183,50000,0.10974729241877255,0.0,0.16305655836341756,0.0,0.5176124579561568,0.3248066806594924,0.22069885873247522,0.35437266578270815,0.6904761904761905,0.6904761904761905,0.8379710455261756,0.8,0.5
top_100__full_incl_covid,full_incl_covid,sparse_jl,10,5.0,16,0.7,50000,500,,0.0070436469999890505,0.0002509600000166756,0.5813783739999963,0.1701974541816669,0.1445115732475275,0.41429314241740306,1.0037229881749425,50000,0.09891696750902526,0.0,0.14705174488567993,0.0,0.37913780957303905,0.2328543201019735,0.15500934118245016,0.2556671569524876,0.6904761904761905,0.6904761904761905,0.8376941186015932,0.7,0.5
top_100__full_incl_covid,full_incl_covid,sparse_jl,10,5.0,17,0.7,50000,500,,0.005824536999966767,0.00041921999996930026,0.572669416999986,0.1631674797420867,0.1398533880740329,0.39668121912568066,1.008361496642229,50000,0.09602888086642598,0.0,0.1416365824308063,0.0,0.5213149761703223,0.30294660595080886,0.20879136460987124,0.3443509822436675,0.7142857142857143,0.7142857142857143,0.8690584400919422,0.6,0.5
top_100__full_incl_covid,full_incl_covid,sparse_jl,10,5.0,18,0.7,50000,500,,0.0043200189999765826,0.0005597499999794309,0.6187888580000163,0.15962702434647735,0.13427971210210027,0.39282606224372374,0.9923981924108656,50000,0.09795427196149219,0.0,0.15282791817087849,0.0,0.16097146891083505,0.20429724810682393,0.20115381969615,0.18880751223793632,0.5714285714285714,0.5714285714285714,0.8346220134634621,0.8,0.5
top_100__full_incl_covid,full_incl_covid,sparse_jl,10,5.0,19,0.7,50000,500,,0.00540904799998998,0.0002837300000351206,0.6196613980000052,0.16403109219962492,0.1412261608701635,0.3940134915155263,0.9572145929575305,50000,0.09193742478941033,0.0,0.13694344163658245,0.0,0.1551416196288542,0.251643225478774,0.14817883316818747,0.1849878927586052,0.5238095238095238,0.5238095238095238,0.810819367444786,0.6,0.5
top_100__full_incl_covid,full_incl_covid,sparse_jl,10,5.0,20,0.7,50000,500,,0.00718782699999565,0.0006974089999971511,0.5672102700000323,0.18736365122175008,0.16601441693119784,0.4327180000769479,0.8971179940664489,50000,0.08231046931407943,0.0,0.11432009626955475,0.0,0.11390931254808957,0.09509743250650085,0.09901918823130952,0.10267531109529998,0.4523809523809524,0.4523809523809524,0.7789897091838611,0.5,0.5
top_100__full_incl_covid,full_incl_covid,sparse_jl,10,5.0,21,0.7,50000,500,,0.006247327999972185,0.0003761889999509549,0.5685419099999649,0.16835783290421993,0.1448549030071094,0.40533363124659844,1.0346135054694119,50000,0.11985559566787003,0.0,0.16991576413959086,0.0,0.4498828167651615,0.25533027922949814,0.17523754449138082,0.29348354682868016,0.7142857142857143,0.7142857142857143,0.8558998211674802,0.9,0.5
top_100__full_incl_covid,full_incl_covid,sparse_jl,10,5.0,22,0.7,50000,500,,0.005637336999996023,0.0003863800000090123,0.5712560190000318,0.1800742140081783,0.15818106175104413,0.42019884578849864,0.929264881196715,50000,0.08014440433212998,0.0,0.11708784596871241,0.0,0.08909367052669916,0.1034749037032026,0.09350709175767728,0.09535855532919302,0.5,0.5,0.7747147922431185,0.7,0.5
top_100__full_incl_covid,full_incl_covid,sparse_jl,10,5.0,23,0.7,50000,500,,0.006394548000002942,0.00030639900001006026,0.5642239409999661,0.16795771971952567,0.14461243856721484,0.40358237534063585,0.9685519373539418,50000,0.09362214199759326,0.0,0.1407942238267148,0.0,0.10428327965398516,0.18392713009486342,0.15412005615609148,0.14744348863498002,0.5714285714285714,0.5714285714285714,0.8208838408340386,0.5,0.5
top_100__full_incl_covid,full_incl_covid,sparse_jl,10,5.0,24,0.7,50000,500,,0.00619576799999777,0.0004144490000044243,0.5822274739999784,0.19389041113385397,0.1659871448597881,0.4645298410487765,1.0773498287083585,50000,0.11600481347773767,0.0,0.15836341756919373,0.0,0.6000249809883258,0.2152237065130013,0.22945918897048695,0.34823595882393804,0.7380952380952381,0.7380952380952381,0.8626128577068618,0.6,0.5
top_100__full_incl_covid,full_incl_covid,sparse_jl,10,5.0,25,0.7,50000,500,,0.006696427000008498,0.0003879999999867323,0.5923181999999656,0.17947770089084508,0.1530220562342861,0.4388618470827096,1.0599115043037688,50000,0.11407942238267148,0.0,0.15740072202166067,0.0,0.4921929032161078,0.24972857298104828,0.2502102519685529,0.3307105760552363,0.6428571428571429,0.6428571428571429,0.8409948667204222,0.7,0.5
top_100__full_incl_covid,full_incl_covid,sparse_jl,10,5.0,26,0.7,50000,500,,0.006618398000000525,0.0003678790000094523,0.6328711529999964,0.17323103595558992,0.14947468088006122,0.4160870515838298,0.9531503887120164,50000,0.09434416365824307,0.0,0.1252707581227437,0.0,0.1000012423295912,0.13485673513097077,0.1134985256449159,0.11611883436849263,0.6666666666666666,0.6666666666666666,0.7972671580518128,0.5,0.5
top_100__full_incl_covid,full_incl_covid,sparse_jl,10,5.0,27,0.7,50000,500,,0.005730948000007174,0.0002706789999820103,0.6384720809999749,0.19198546991092516,0.1635296501734509,0.4674393812622424,1.0537331836673454,50000,0.11480144404332131,0.0,0.16064981949458484,0.0,0.517215764195157,0.27622779118058927,0.20320440709477963,0.3322159874901753,0.7857142857142857,0.7857142857142857,0.8261502410642291,0.7,0.5
top_100__full_incl_covid,full_incl_covid,sparse_jl,10,5.0,28,0.7,50000,500,,0.005452918000003137,0.00030776900001683316,0.5963347079999721,0.15455716755900156,0.13011024621547113,0.3813645957950354,0.9663166240196284,50000,0.103971119133574,0.0,0.1496991576413959,0.0,0.46694810873907516,0.2677725728218454,0.20844715468449118,0.3143892787484706,0.7857142857142857,0.7857142857142857,0.8458261468534509,0.7,0.5
top_100__full_incl_covid,full_incl_covid,sparse_jl,10,5.0,29,0.7,50000,500,,0.007489387000020997,0.0004110389999709696,0.6285733240000013,0.15921353754160208,0.13471706306795184,0.39015217728265683,0.9771299389608576,50000,0.11311672683513839,0.0,0.15487364620938626,0.0,0.4563376492730918,0.24162881267349492,0.1963990312869082,0.29812183107783163,0.7142857142857143,0.7142857142857143,0.8393983598933361,0.7,0.5
top_100__full_incl_covid,full_incl_covid,sparse_jl,10,5.0,30,0.7,50000,500,,0.0046564780000153405,0.00048638999999184307,0.6018184960000212,0.18155886177890782,0.15319692048339828,0.4487796451072728,1.0400624362197202,50000,0.1095066185318893,0.0,0.14837545126353793,0.0,0.313442996484089,0.23196234794598852,0.18727715960774402,0.2442275013459405,0.6904761904761905,0.6904761904761905,0.8380929996018508,0.8,0.5
top_100__full_incl_covid,full_incl_covid,sparse_jl,10,5.0,31,0.7,50000,500,,0.013089933999992809,0.000395779000029961,0.6293550240000059,0.17080687582685386,0.14744954815211342,0.40858196900319466,0.9460528667070817,50000,0.08351383874849577,0.0,0.11865222623345366,0.0,0.31496013271664275,0.13132393347830126,0.11841062644399307,0.188231564212979,0.5,0.5,0.8134836415921948,0.8,0.5
top_100__full_incl_covid,full_incl_covid,sparse_jl,10,5.0,32,0.7,50000,500,,0.011886204999996153,0.0005134900000030029,0.6395258289999788,0.16018757218298185,0.13533253665439415,0.3920259578562356,0.9925825693445797,50000,0.10589651022864019,0.0,0.15078219013237065,0.0,0.4820153735719879,0.15198616376150076,0.16854443084166099,0.2675153227250499,0.6666666666666666,0.6666666666666666,0.834675337004781,0.6,0.5
top_100__full_incl_covid,full_incl_covid,sparse_jl,10,5.0,33,0.7,50000,500,,0.006889967000006436,0.0006609700000126395,0.6311181830000123,0.16479427790358972,0.14017632025543925,0.40412579521422853,0.939254374500454,50000,0.09121540312876054,0.0,0.1282791817087846,0.0,0.33763569156786666,0.13537666397060494,0.14960855779271973,0.20754030444373042,0.6904761904761905,0.6904761904761905,0.7963442843855286,0.5,0.5
top_100__full_incl_covid,full_incl_covid,sparse_jl,10,5.0,34,0.7,50000,500,,0.005106947000001583,0.00021496900001238828,0.6001474259999782,0.16788199364113057,0.1435966216612523,0.40676947089394055,0.9973272406329362,50000,0.10084235860409144,0.0,0.15306859205776172,0.0,0.3968349963982177,0.21079592267931777,0.17487912944908005,0.2608366828422051,0.7380952380952381,0.7380952380952381,0.8342547920089132,0.6,0.5
top_100__full_incl_covid,full_incl_covid,sparse_jl,10,5.0,35,0.7,50000,500,,0.01360728399998834,0.002466728999991119,0.5912347099999806,0.1625161205169437,0.13774476036093897,0.3982362940754858,1.0119871264080884,50000,0.10541516245487365,0.0,0.153309265944645,0.0,0.44892632591711445,0.2041356239283057,0.15510887897420744,0.2693902762732092,0.6904761904761905,0.6904761904761905,0.8453971119133573,0.6,0.5
top_100__full_incl_covid,full_incl_covid,sparse_jl,10,5.0,36,0.7,50000,500,,0.009853006000014375,0.0006312099999945531,0.6205985269999701,0.1809856533442371,0.15850705260141817,0.42388011112843305,0.9157114032187531,50000,0.08399518652226234,0.0,0.11829121540312877,0.0,0.2903456977658154,0.10998038027242969,0.0903906307978379,0.16357223627869433,0.5714285714285714,0.5714285714285714,0.7823617435585162,0.5,0.5
top_100__full_incl_covid,full_incl_covid,sparse_jl,10,5.0,37,0.7,50000,500,,0.006129987000008441,0.0006798000000003412,0.5598504629999752,0.17318478680334237,0.14789265655377748,0.420754789182875,0.9747921131854244,50000,0.10036101083032492,0.0,0.14404332129963898,0.0,0.27350721292343916,0.16629257542200607,0.13818362686214147,0.19266113840252888,0.6190476190476191,0.6190476190476191,0.8106168007213523,0.5,0.5
top_100__full_incl_covid,full_incl_covid,sparse_jl,10,5.0,38,0.7,50000,500,,0.008558836000020165,0.0006021599999712635,0.6646803090000049,0.1732911051472052,0.14857178788251668,0.4199655923997772,1.0463888046961578,50000,0.1229843561973526,0.0,0.16606498194945848,0.0,0.4994831390398396,0.22795524821717114,0.2589695507740321,0.32880264601034764,0.6428571428571429,0.6428571428571429,0.85763672574218,0.8,0.5
top_100__full_incl_covid,full_incl_covid,sparse_jl,10,5.0,39,0.7,50000,500,,0.009865416000025107,0.0006575890000135587,0.6624061799999481,0.17082782404012342,0.14763991864735537,0.40420558579286947,0.9454279412232364,50000,0.0969915764139591,0.0,0.1368231046931408,0.0,0.09903616002992459,0.17032460483060707,0.15120247152851274,0.1401877454630148,0.4523809523809524,0.4523809523809524,0.803532862357511,0.5,0.5
top_100__full_incl_covid,full_incl_covid,sparse_jl,10,5.0,40,0.7,50000,500,,0.007490836999977546,0.00038857999999208914,0.5477773190000335,0.19591215510769264,0.16677492606282357,0.4743557233364222,1.0669764875915535,50000,0.1157641395908544,0.0,0.16425992779783394,0.0,0.5367582719307014,0.3226379975008717,0.26937548464920646,0.37625725136025984,0.7619047619047619,0.7619047619047619,0.8589124548736462,0.8,0.5
top_100__full_incl_covid,full_incl_covid,sparse_jl,10,5.0,41,0.7,50000,500,,0.0058689969999932146,0.00040640999998231564,0.5524840960000006,0.16740228840995122,0.14342252475943995,0.40276356922925766,0.969087529127741,50000,0.08640192539109506,0.0,0.1391095066185319,0.0,0.46927781714842637,0.19412372687307514,0.17941272562555907,0.2809380898823535,0.7142857142857143,0.7142857142857143,0.8435161292211333,0.8,0.5
top_100__full_incl_covid,full_incl_covid,sparse_jl,10,5.0,42,0.7,50000,500,,0.006367696999973305,0.0003073899999890273,0.5409061309999856,0.1633291235636135,0.13845774876557404,0.40031496286275503,1.0253089393233357,50000,0.10709987966305656,0.0,0.15643802647412755,0.0,0.46798934948478504,0.2364703475021786,0.18108651403692128,0.295182070341295,0.7619047619047619,0.7619047619047619,0.8521342381466995,0.9,0.5
top_100__full_incl_covid,full_incl_covid,sparse_jl,10,5.0,43,0.7,50000,500,,0.006407127999978002,0.0003808200000321449,0.5427803210000093,0.18188051979673553,0.16298256350170998,0.4153988570956615,0.890870514753891,50000,0.09217809867629362,0.0,0.13008423586040915,0.0,0.1386426539378037,0.22329567053035929,0.16121345754958757,0.1743839273392502,0.5,0.5,0.8134119162013229,0.5,0.5
top_100__full_incl_covid,full_incl_covid,sparse_jl,10,5.0,44,0.7,50000,500,,0.006515088000014657,0.00040138000002798435,0.558302384000001,0.1795783033774169,0.15233248854024667,0.43990438118279585,1.0023517827513397,50000,0.0993983152827918,0.0,0.14055354993983155,0.0,0.28205269176483827,0.21476038549849483,0.17321725451326866,0.22334344392553393,0.6666666666666666,0.6666666666666666,0.8103999725645151,0.6,0.5
top_100__full_incl_covid,full_incl_covid,sparse_jl,10,5.0,45,0.7,50000,500,,0.007940765999990163,0.0010909000000083324,0.604953413999965,0.20982005012397242,0.18851480959304567,0.4761754413222051,0.8603162970798486,50000,0.0645006016847172,0.0,0.09542719614921782,0.0,0.06793718016658039,0.06639663492129755,0.053509743577922084,0.06261451955526669,0.4523809523809524,0.4523809523809524,0.7040234807600297,0.4,0.5
top_100__full_incl_covid,full_incl_covid,sparse_jl,10,5.0,46,0.7,50000,500,,0.006469176999985393,0.00031606999999667096,0.5491320880000217,0.16334915085655297,0.1392278148153976,0.3985537361336605,0.9910905543175679,50000,0.10685920577617328,0.0,0.1503008423586041,0.0,0.4410502017495409,0.28191935211356267,0.15805765877821518,0.29367573754710624,0.5952380952380952,0.5952380952380952,0.8359801745164495,0.4,0.5
top_100__full_incl_covid,full_incl_covid,sparse_jl,10,5.0,47,0.7,50000,500,,0.0064342570000235355,0.0005566199999975652,0.5306088560000148,0.16239211228359104,0.13703197736821027,0.39765168732501344,1.0047921746429893,50000,0.1049338146811071,0.0,0.14741275571600482,0.0,0.4990219698768162,0.33470302194823415,0.19668958341957826,0.34347152508154283,0.7142857142857143,0.7142857142857143,0.852170519065989,0.5,0.5
top_100__full_incl_covid,full_incl_covid,sparse_jl,10,5.0,48,0.7,50000,500,,0.007371856999952797,0.0006389490000060505,0.5129759429999581,0.16833416398736095,0.1425569183773388,0.4133529477794237,0.9871858436909462,50000,0.0871239470517449,0.0,0.13032490974729244,0.0,0.3845757675215303,0.1902503523650995,0.1435370544250847,0.23945439143723815,0.6190476190476191,0.6190476190476191,0.8358711644690396,0.7,0.5
top_100__full_incl_covid,full_incl_covid,sparse_jl,10,5.0,49,0.7,50000,500,,0.006556347000014284,0.0004097700000329496,0.555979404000027,0.18148166672782473,0.15908925610410263,0.42354871259356697,0.9311078869277457,50000,0.0753309265944645,0.0,0.1157641395908544,0.0,0.09593112978171173,0.132582343448394,0.1028007164672715,0.11043806323245908,0.42857142857142855,0.42857142857142855,0.7800915826594352,0.5,0.5
top_100__full_incl_covid,full_incl_covid,sparse_jl,20,1.0,0,0.7,50000,100,,0.0064278170000307,0.0006689100000016879,0.5549312050000026,0.11367177699874353,0.09618375304001009,0.2789201005123954,0.9730566306293474,50000,0.19542719614921777,0.0,0.25078219013237063,0.1,0.5316600653398156,0.373681550276382,0.29626477900655507,0.4005354648742509,0.8095238095238095,0.8095238095238095,0.911576854488211,0.8,0.95
top_100__full_incl_covid,full_incl_covid,sparse_jl,20,1.0,1,0.7,50000,100,,0.007663616999991518,0.0007027900000480258,0.5797558239999603,0.11915065202854125,0.10230546739918439,0.2873955925614254,0.9488697995504197,50000,0.18435619735258724,0.0,0.24681107099879662,0.1,0.4862331338559422,0.3427102013606195,0.18706978898830587,0.3386710414016225,0.6904761904761905,0.6904761904761905,0.8946981134758416,0.8,0.95
top_100__full_incl_covid,full_incl_covid,sparse_jl,20,1.0,2,0.7,50000,100,,0.00604178700001512,0.0005410599999891019,0.5353668629999788,0.11278694249819012,0.09490870697331866,0.27991327111345193,0.9991756542569246,50000,0.19326113116726834,0.0,0.25643802647412756,0.1,0.6228476762346238,0.4667130129176037,0.2592233234777205,0.44959467087664934,0.8095238095238095,0.8095238095238095,0.9139555026548849,0.7,0.95
top_100__full_incl_covid,full_incl_covid,sparse_jl,20,1.0,3,0.7,50000,100,,0.004270947999998498,0.00031006000000388667,0.5577499740000462,0.1156964848761928,0.09701777898922254,0.2861391670077354,0.9963102654796818,50000,0.20842358604091454,0.0,0.2749699157641396,0.1,0.5504969414909155,0.3058276048093009,0.2654294135255739,0.3739179866085968,0.6904761904761905,0.6904761904761905,0.9058390950639547,0.7,0.95
top_100__full_incl_covid,full_incl_covid,sparse_jl,20,1.0,4,0.7,50000,100,,0.005741526999997859,0.00042160999998941406,0.5599756429999729,0.15048040466848775,0.13050833781495164,0.3580756582833186,0.919116646214934,50000,0.15980746089049339,0.0,0.20998796630565583,0.0,0.11479712339801632,0.15034621551291832,0.12987864911926872,0.1316739960100678,0.5238095238095238,0.5238095238095238,0.8327138043983765,0.5,0.95
top_100__full_incl_covid,full_incl_covid,sparse_jl,20,1.0,5,0.7,50000,100,,0.0041854380000359015,0.00043606000002682777,0.5892818710000256,0.12395784137477989,0.10470413157048314,0.3058029042256546,0.9664220589404178,50000,0.17135980746089047,0.0,0.22587244283995186,0.1,0.44907030549384097,0.21779110315591751,0.22709037517293046,0.2979839279408963,0.6904761904761905,0.6904761904761905,0.8891980515787112,0.5,0.95
top_100__full_incl_covid,full_incl_covid,sparse_jl,20,1.0,6,0.7,50000,100,,0.00504102799999373,0.0005499600000007376,0.5499321369999848,0.10784823848709184,0.090787968124798,0.26590046498459574,0.9953876994107188,50000,0.21949458483754516,0.0,0.28447653429602887,0.1,0.56343589240686,0.3862882664171334,0.24950395855445814,0.3997427057928171,0.7619047619047619,0.7619047619047619,0.9116199942786976,0.8,0.95
top_100__full_incl_covid,full_incl_covid,sparse_jl,20,1.0,7,0.7,50000,100,,0.0061572780000460625,0.005465547999961018,0.5458896800000161,0.12294306270062433,0.10640496797674914,0.29495659388296896,0.9428239173641748,50000,0.19398315282791817,0.0,0.24849578820697957,0.1,0.4956415345877587,0.22001345071898515,0.1677863177924429,0.2944804343663956,0.6904761904761905,0.6904761904761905,0.8894847022078873,0.6,0.95
top_100__full_incl_covid,full_incl_covid,sparse_jl,20,1.0,8,0.7,50000,100,,0.006442846999959784,0.000581180000040149,0.5404244210000115,0.19009729612131174,0.1622123536042942,0.45908757191479044,1.1385829455445464,50000,0.22815884476534298,0.0,0.302647412755716,0.1,0.7571483948696314,0.3215027694492122,0.2564896949065866,0.44504695307514347,0.7857142857142857,0.7857142857142857,0.91252314869029,0.6,0.95
top_100__full_incl_covid,full_incl_covid,sparse_jl,20,1.0,9,0.7,50000,100,,0.006368697000027623,0.0005539089999615499,0.5768383060000133,0.12802184611543804,0.1087092965378258,0.31299690393204344,0.9563803925244145,50000,0.17448856799037304,0.0,0.22900120336943444,0.0,0.3318507693798269,0.21669079143453915,0.23838216077794375,0.2623079071974366,0.6428571428571429,0.6428571428571429,0.8893867332702093,0.7,0.95
top_100__full_incl_covid,full_incl_covid,sparse_jl,20,1.0,10,0.7,50000,100,,0.006398417000013978,0.0006184100000155013,0.5330020539999509,0.11601733436875522,0.0980854775869352,0.28373026374675037,0.997982791002809,50000,0.19759326113116726,0.0,0.2716004813477738,0.1,0.5724297331336422,0.3988932718173516,0.23531860144670974,0.4022138687992345,0.7380952380952381,0.7380952380952381,0.8961071305494123,0.6,0.95
top_100__full_incl_covid,full_incl_covid,sparse_jl,20,1.0,11,0.7,50000,100,,0.005930057999989913,0.0005122690000121111,0.506592425000008,0.12639760091525767,0.1095633667192783,0.30223930130126986,1.0470105133196563,50000,0.21973525872442842,0.0,0.2762936221419976,0.1,0.6770971104904596,0.21355609957149818,0.26817340933741185,0.38627553979978985,0.7619047619047619,0.7619047619047619,0.9251298794176984,0.8,0.95
top_100__full_incl_covid,full_incl_covid,sparse_jl,20,1.0,12,0.7,50000,100,,0.005724498000006406,0.0004233799999724397,0.537325601999953,0.12386454905490493,0.10659187719835628,0.2978540125270367,0.9989312494978225,50000,0.19326113116726834,0.0,0.2490974729241877,0.1,0.4334381072267606,0.24774413157882555,0.25282443845397706,0.31133555908652105,0.7142857142857143,0.7142857142857143,0.9037828556659293,0.5,0.95
top_100__full_incl_covid,full_incl_covid,sparse_jl,20,1.0,13,0.7,50000,100,,0.006179316999975981,0.0003573299999857227,0.5584329239999875,0.11312636207985335,0.09569882250205236,0.27816012685438996,0.9716452861074452,50000,0.2009626955475331,0.0,0.2616125150421179,0.1,0.5839650237668651,0.25733731984963876,0.23503416864032928,0.3587788374189444,0.7619047619047619,0.7619047619047619,0.909084407611005,0.6,0.95
top_100__full_incl_covid,full_incl_covid,sparse_jl,20,1.0,14,0.7,50000,100,,0.0048685279999745035,0.0003120300000318821,0.5886971310000035,0.13899158237374534,0.11925737541809095,0.33620485381345255,0.939674347190102,50000,0.15812274368231044,0.0,0.2064981949458484,0.0,0.12627402062733728,0.15866083694320038,0.15004983993251178,0.14499489916768316,0.5238095238095238,0.5238095238095238,0.8474184714420023,0.4,0.95
top_100__full_incl_covid,full_incl_covid,sparse_jl,20,1.0,15,0.7,50000,100,,0.00494281799996088,0.0006044890000111991,0.609919772000012,0.11454285591416158,0.09661902641624726,0.2810225439247514,0.9825150545346499,50000,0.20120336943441636,0.0,0.2618531889290012,0.1,0.4215175888426429,0.21528401698934113,0.1684620885961537,0.2684212314760459,0.7142857142857143,0.7142857142857143,0.9017476111053487,0.8,0.95
top_100__full_incl_covid,full_incl_covid,sparse_jl,20,1.0,16,0.7,50000,100,,0.0042960279999988416,0.00036779999999225765,0.5328717749999896,0.11780677889691765,0.10027613387228762,0.2884042888625407,0.975589109453595,50000,0.1901323706377858,0.0,0.24392298435619733,0.0,0.4815972328988544,0.2098376539032011,0.2323807867840552,0.3079385578620369,0.7380952380952381,0.7380952380952381,0.9034086707842198,0.7,0.95
top_100__full_incl_covid,full_incl_covid,sparse_jl,20,1.0,17,0.7,50000,100,,0.006490278000001126,0.0004749299999957657,0.5479914389999863,0.11174543937509351,0.09306854489203231,0.2781358686942968,1.003795177903342,50000,0.21997593261131168,0.0,0.2744885679903731,0.1,0.7014795830909715,0.25159680238165044,0.27558626051680896,0.40955421532981023,0.8571428571428571,0.8571428571428571,0.9098142500577149,0.9,0.95
top_100__full_incl_covid,full_incl_covid,sparse_jl,20,1.0,18,0.7,50000,100,,0.00922395600002801,0.000499020000006567,0.5965177269999913,0.15316956646568466,0.12893458732098823,0.3759215619095695,1.063400849352586,50000,0.2187725631768953,0.0,0.2688327316486161,0.1,0.5130857465352607,0.3217804256767111,0.27179139546681513,0.36888585589292905,0.7619047619047619,0.7619047619047619,0.8946296502310267,0.8,0.95
top_100__full_incl_covid,full_incl_covid,sparse_jl,20,1.0,19,0.7,50000,100,,0.005987918000016634,0.00044938900003899107,0.5549229260000175,0.12108176876601716,0.10188878464310458,0.2989835724610104,0.9564256550710895,50000,0.19542719614921783,0.0,0.2516245487364621,0.1,0.4311328275287071,0.25583867390084386,0.18799282516316096,0.29165477553090396,0.7857142857142857,0.7857142857142857,0.8934051326104194,0.6,0.95
top_100__full_incl_covid,full_incl_covid,sparse_jl,20,1.0,20,0.7,50000,100,,0.006060607999984313,0.0006541190000461938,0.6079699029999688,0.11616867474204037,0.09828307586358026,0.28532637160698104,0.9822201111412572,50000,0.197352587244284,0.0,0.26582430806257523,0.1,0.3787735774937175,0.34045891592863886,0.18739999543351793,0.3022108296186248,0.7619047619047619,0.7619047619047619,0.8917084820816171,0.8,0.95
top_100__full_incl_covid,full_incl_covid,sparse_jl,20,1.0,21,0.7,50000,100,,0.00476883800001815,0.00032806999996637387,0.5304047559999958,0.12187562037213441,0.10328694491955531,0.2972499258794706,0.9362721801055284,50000,0.19205776173285202,0.0,0.25102286401925394,0.1,0.5296393342806548,0.21486481128278614,0.2080932527455938,0.31753246610301156,0.7380952380952381,0.7380952380952381,0.8851508784373817,0.8,0.95
top_100__full_incl_covid,full_incl_covid,sparse_jl,20,1.0,22,0.7,50000,100,,0.006514406999997391,0.0003361999999924592,0.5551954649999971,0.10704805927300169,0.08916048915888508,0.26622400232268173,0.9915674322892755,50000,0.21492178098676296,0.0,0.27605294825511434,0.1,0.5354055033636766,0.2904977728529154,0.23508672472989334,0.35366333364882846,0.6904761904761905,0.6904761904761905,0.9108962369890559,0.8,0.95
top_100__full_incl_covid,full_incl_covid,sparse_jl,20,1.0,23,0.7,50000,100,,0.00699816799999553,0.000751379000007546,0.5399320519999833,0.12563347767626176,0.10422125055475823,0.3151269501444257,1.0254041366987094,50000,0.20649819494584837,0.0,0.2713598074608905,0.1,0.3633250200076762,0.34884629579144205,0.28101011397030184,0.3310604765898067,0.7857142857142857,0.7857142857142857,0.8998912827092874,0.9,0.95
top_100__full_incl_covid,full_incl_covid,sparse_jl,20,1.0,24,0.7,50000,100,,0.005251946999976553,0.00032363100001475686,0.5578765839999846,0.1224085402181704,0.10354267447480942,0.29955533243680615,1.0057956650996234,50000,0.20216606498194944,0.0,0.2534296028880867,0.1,0.5881533510345952,0.21779574818794595,0.30762976108162493,0.37119295343472203,0.7857142857142857,0.7857142857142857,0.9011059093357601,0.7,0.95
top_100__full_incl_covid,full_incl_covid,sparse_jl,20,1.0,25,0.7,50000,100,,0.006524716999990687,0.0005193099999587503,0.5133191730000135,0.11784401442141776,0.10092932815282807,0.2854300957463609,0.94895755018884,50000,0.19542719614921786,0.0,0.2584837545126354,0.1,0.5639519474987514,0.21345078829811484,0.21602627992050374,0.3311430052391233,0.7619047619047619,0.7619047619047619,0.8942440687493098,0.6,0.95
top_100__full_incl_covid,full_incl_covid,sparse_jl,20,1.0,26,0.7,50000,100,,0.006187437999983558,0.000509710000017094,0.5384119130000045,0.12122483775179395,0.10082733099521429,0.3006099072598964,0.9955044860466644,50000,0.19061371841155236,0.0,0.24404332129963902,0.1,0.573759278064401,0.2486340221320394,0.26239696229519816,0.36159675416387954,0.8095238095238095,0.8095238095238095,0.9026164293385706,0.7,0.95
top_100__full_incl_covid,full_incl_covid,sparse_jl,20,1.0,27,0.7,50000,100,,0.005351557999972556,0.0011832790000312343,0.5470259090000127,0.11953159976368237,0.1008356998828569,0.29087737077086345,0.9685944541051132,50000,0.1963898916967509,0.0,0.2503008423586041,0.1,0.3916336503574871,0.20220819660436962,0.19793898201165466,0.2639269429911704,0.6190476190476191,0.6190476190476191,0.8922648452739032,0.9,0.95
top_100__full_incl_covid,full_incl_covid,sparse_jl,20,1.0,28,0.7,50000,100,,0.006127837000008185,0.0005218399999762369,0.5984407970000234,0.14006149347391791,0.12002678664460975,0.33731813381476633,1.041090054096005,50000,0.19614921780986763,0.0,0.2571600481347774,0.1,0.6649304898281775,0.37938325013504065,0.2741001728382604,0.43947130426715947,0.7619047619047619,0.7619047619047619,0.904813798375953,0.6,0.95
top_100__full_incl_covid,full_incl_covid,sparse_jl,20,1.0,29,0.7,50000,100,,0.004685568000013518,0.0002992400000039197,0.5885997310000448,0.11381581239065895,0.0962611698753103,0.2791586731501195,0.9876280324266251,50000,0.19759326113116726,0.0,0.25463297232250304,0.1,0.46712188354003814,0.22218907278496608,0.20217893287691183,0.29716329640063865,0.7142857142857143,0.7142857142857143,0.9093809701455083,0.6,0.95
top_100__full_incl_covid,full_incl_covid,sparse_jl,20,1.0,30,0.7,50000,100,,0.012654964999967433,0.003607527999974991,0.5999377360000153,0.12516272951111673,0.10681488443348736,0.3035268797177031,0.9316069948829476,50000,0.1819494584837545,0.0,0.23754512635379063,0.1,0.4874382649924326,0.2920012749554939,0.20395269329296795,0.32779741108029814,0.7380952380952381,0.7380952380952381,0.8975039145752685,0.8,0.95
top_100__full_incl_covid,full_incl_covid,sparse_jl,20,1.0,31,0.7,50000,100,,0.012566305000007105,0.0035648790000095687,0.6558565229999544,0.11772203115814452,0.09799301721037929,0.2955036938417182,0.9966862934530353,50000,0.19253910950661854,0.0,0.2517448856799038,0.1,0.5279875886598446,0.3443067855907863,0.2575896469633191,0.37662800707131666,0.7619047619047619,0.7619047619047619,0.9078035761485262,0.7,0.95
top_100__full_incl_covid,full_incl_covid,sparse_jl,20,1.0,32,0.7,50000,100,,0.006856276999997135,0.0005706300000269948,0.6026290849999896,0.1311626619795775,0.11296733084988753,0.31299843382149917,0.9584037509439071,50000,0.1874849578820698,0.0,0.23501805054151625,0.1,0.18849285732053853,0.2696119765275177,0.1918440049210307,0.21664961292302898,0.6190476190476191,0.6190476190476191,0.8747509895176372,0.6,0.95
top_100__full_incl_covid,full_incl_covid,sparse_jl,20,1.0,33,0.7,50000,100,,0.005720737999979519,0.0010001690000080998,0.6383735900000147,0.12302244654009177,0.10336188031947446,0.30357967522142787,1.0171989962296164,50000,0.2182912154031288,0.0,0.2682310469314079,0.1,0.5743434644295773,0.25133480326843494,0.2786750680472601,0.3681177785817575,0.7142857142857143,0.7142857142857143,0.899068908234995,0.7,0.95
top_100__full_incl_covid,full_incl_covid,sparse_jl,20,1.0,34,0.7,50000,100,,0.005772487000001547,0.0005636799999706454,0.5545528349999813,0.12032055595760469,0.10172728755146826,0.295427462467406,0.976798696499868,50000,0.19951865222623347,0.0,0.2523465703971119,0.1,0.4406797201131685,0.2435313066428745,0.2702069117115997,0.3181393128225476,0.6190476190476191,0.6190476190476191,0.901083262514094,0.8,0.95
top_100__full_incl_covid,full_incl_covid,sparse_jl,20,1.0,35,0.7,50000,100,,0.005859327999985453,0.0003843799999572184,0.5626557109999908,0.12835835073136148,0.11077472696796276,0.3055651889970895,0.9331584702109303,50000,0.18772563176895307,0.0,0.24127557160048135,0.1,0.3605461696105963,0.21136758748479612,0.15893684720347528,0.2436168680996226,0.6190476190476191,0.6190476190476191,0.8786574303322705,0.7,0.95
top_100__full_incl_covid,full_incl_covid,sparse_jl,20,1.0,36,0.7,50000,100,,0.011577715000044009,0.0005107299999735915,0.6281797839999967,0.11666241534227867,0.09987325553670001,0.28273426134897683,0.949328665686836,50000,0.20144404332129964,0.0,0.26089049338146814,0.1,0.5641522397264602,0.29662795396872105,0.22571056158765407,0.36216358509427843,0.7142857142857143,0.7142857142857143,0.899877836812398,0.8,0.95
top_100__full_incl_covid,full_incl_covid,sparse_jl,20,1.0,37,0.7,50000,100,,0.006445437000024867,0.0003321190000065144,0.5902251100000058,0.1220403544566123,0.10273850321597511,0.30196274213462704,0.9774096711092054,50000,0.1793020457280385,0.0,0.2364620938628159,0.0,0.5364780241001676,0.35949058263614003,0.24018868093480247,0.37871909589037006,0.7380952380952381,0.7380952380952381,0.8970858789225216,0.8,0.95
top_100__full_incl_covid,full_incl_covid,sparse_jl,20,1.0,38,0.7,50000,100,,0.005804327000021203,0.0003035290000070745,0.6034102050000456,0.16037087961208468,0.13805665952682866,0.382424681509591,1.0977664101030444,50000,0.2170878459687124,0.0,0.27773766546329726,0.1,0.5967227672599115,0.4813946182033659,0.30595867889659356,0.46135868811995695,0.8095238095238095,0.8095238095238095,0.9074358319141603,0.8,0.95
top_100__full_incl_covid,full_incl_covid,sparse_jl,20,1.0,39,0.7,50000,100,,0.008932587000003878,0.0007067590000247037,0.6100789419999728,0.11300089152106373,0.09465276688969715,0.27906801185329355,0.9790588370026598,50000,0.19614921780986763,0.0,0.25908543922984356,0.1,0.5009646659445062,0.2228267982263944,0.2317764062270729,0.3185226234659912,0.6428571428571429,0.6428571428571429,0.9055121276553031,0.7,0.95
top_100__full_incl_covid,full_incl_covid,sparse_jl,20,1.0,40,0.7,50000,100,,0.006230257000026995,0.0003854799999771785,0.5802651239999932,0.11263730822120514,0.09418293530689559,0.2806380289344504,0.9988372906145682,50000,0.19037304452466905,0.0,0.25703971119133573,0.1,0.5605478499937202,0.36206772411788973,0.27188041345888064,0.3981653291901635,0.8571428571428571,0.8571428571428571,0.8986606381092266,0.8,0.95
top_100__full_incl_covid,full_incl_covid,sparse_jl,20,1.0,41,0.7,50000,100,,0.006495327999971323,0.00044520000000147775,0.6611356110000202,0.11723361865694114,0.0977886813232488,0.29229835583868463,0.9814446158347048,50000,0.1783393501805054,0.0,0.24416365824308067,0.1,0.5136722507037927,0.2991498877307513,0.26842584390329166,0.3604159941126119,0.8095238095238095,0.8095238095238095,0.9075266074015584,1.0,0.95
top_100__full_incl_covid,full_incl_covid,sparse_jl,20,1.0,42,0.7,50000,100,,0.0067789770000104,0.00048346900001661197,0.6994284849999985,0.12138156451806517,0.10356792106601187,0.2933245069707774,1.008742496254943,50000,0.19085439229843562,0.0,0.26028880866425996,0.1,0.5251029321345024,0.35186829967957606,0.22923224934583966,0.36873449371997274,0.7619047619047619,0.7619047619047619,0.9074090655875374,0.6,0.95
top_100__full_incl_covid,full_incl_covid,sparse_jl,20,1.0,43,0.7,50000,100,,0.006422947000032764,0.000539469999978337,0.6225841560000163,0.10774007762550383,0.0901302942612438,0.2690957382177339,0.9630009519648681,50000,0.20409145607701565,0.0,0.2594464500601685,0.1,0.6377281037409914,0.4251791775496036,0.26623723474509603,0.44304817201189706,0.8095238095238095,0.8095238095238095,0.9176385073757958,0.9,0.95
top_100__full_incl_covid,full_incl_covid,sparse_jl,20,1.0,44,0.7,50000,100,,0.006048827000029178,0.00032699999997021223,0.6093291619999945,0.1275525102332683,0.11033928295199852,0.30369436276851364,0.9497385108118384,50000,0.1858002406738869,0.0,0.24488567990373045,0.1,0.5336417888325665,0.17658921971569883,0.2058034755968767,0.3053448280483807,0.6666666666666666,0.6666666666666666,0.8794552341551711,0.7,0.95
top_100__full_incl_covid,full_incl_covid,sparse_jl,20,1.0,45,0.7,50000,100,,0.005756447000010212,0.00034314999999196516,0.6358414809999999,0.11529885262621414,0.0979627485770751,0.2805676633077605,0.9636245858092553,50000,0.19663056558363418,0.0,0.2509025270758123,0.1,0.5364405134834157,0.33115682855513046,0.19998271654956376,0.35586001952936996,0.7619047619047619,0.7619047619047619,0.90356217984964,0.8,0.95
top_100__full_incl_covid,full_incl_covid,sparse_jl,20,1.0,46,0.7,50000,100,,0.006443446999981006,0.0005517200000326739,0.6049208340000405,0.12005494503378836,0.10190809045547083,0.293831744655281,0.9551097617254409,50000,0.189410348977136,0.0,0.24163658243080627,0.1,0.44344219826432135,0.20071788298398646,0.19800062736457688,0.2807202362042949,0.6904761904761905,0.6904761904761905,0.9007525310907611,0.5,0.95
top_100__full_incl_covid,full_incl_covid,sparse_jl,20,1.0,47,0.7,50000,100,,0.006482256999959191,0.00030306000002155997,0.5161366709999697,0.12429266989323452,0.10778070117555216,0.2967785414162218,0.9601873410623896,50000,0.19951865222623347,0.0,0.23935018050541518,0.1,0.256501958562284,0.22657741347933413,0.21203309971005577,0.23170415725055796,0.6904761904761905,0.6904761904761905,0.8882162083490863,0.8,0.95
top_100__full_incl_covid,full_incl_covid,sparse_jl,20,1.0,48,0.7,50000,100,,0.007394596999972691,0.0004289399999493071,0.6608588799999779,0.14803508962617562,0.12973317387685485,0.3463190162507962,0.9082095114677181,50000,0.17184115523465707,0.0,0.22238267148014443,0.0,0.12683943366524408,0.14831652796110928,0.12087395103587877,0.1320099708874107,0.47619047619047616,0.47619047619047616,0.854348670717304,0.5,0.95
top_100__full_incl_covid,full_incl_covid,sparse_jl,20,1.0,49,0.7,50000,100,,0.010790696000015032,0.0002746500000512242,0.743808104999971,0.1151011829940307,0.09747641620915592,0.2813555588761828,0.9884954323439507,50000,0.20770156438026477,0.0,0.26678700361010826,0.1,0.5178292517993883,0.2835315244691638,0.22999671465070562,0.34378583030641924,0.7380952380952381,0.7380952380952381,0.9070617306772213,0.6,0.95
top_100__full_incl_covid,full_incl_covid,sparse_jl,20,3.0,0,0.7,50000,300,,0.007018276999986028,0.000672809999969104,0.6245208759999628,0.11468023849626295,0.09689904435223234,0.28210095233234644,0.97561607484919,50000,0.1886883273164862,0.0,0.2539109506618532,0.1,0.48087054501560406,0.24054644817585688,0.26898802833199836,0.3301350071744864,0.7380952380952381,0.7380952380952381,0.9112010176222802,0.8,0.85
top_100__full_incl_covid,full_incl_covid,sparse_jl,20,3.0,1,0.7,50000,300,,0.008777155999950992,0.0009122799999659037,0.704429091999998,0.11869335000613697,0.09936012960419627,0.29424217047269136,1.0124918880088503,50000,0.19566787003610112,0.0,0.25198555956678703,0.1,0.6017735353948221,0.2464718037005332,0.19398944759591333,0.3474115955637562,0.7380952380952381,0.7380952380952381,0.9001420288206421,0.7,0.85
top_100__full_incl_covid,full_incl_covid,sparse_jl,20,3.0,2,0.7,50000,300,,0.008601577000035832,0.0013001490000306148,0.6965461750000372,0.11682951720934416,0.09981221139841329,0.2841059490362355,0.98814845355541,50000,0.20577617328519857,0.0,0.2619735258724428,0.1,0.49153147280362636,0.29860015597960626,0.21261312307154773,0.3342482506182601,0.6904761904761905,0.6904761904761905,0.9091771278393217,0.8,0.85
top_100__full_incl_covid,full_incl_covid,sparse_jl,20,3.0,3,0.7,50000,300,,0.005809847000023183,0.00035748999999896114,0.6063304030000154,0.1158615043370484,0.09761100296421799,0.28569032324557697,1.00118198132531,50000,0.2219013237063779,0.0,0.27412755716004816,0.1,0.5603962807675125,0.32954535371826493,0.33548084069682155,0.4084741583941996,0.7380952380952381,0.7380952380952381,0.9093500843139288,0.5,0.85
top_100__full_incl_covid,full_incl_covid,sparse_jl,20,3.0,4,0.7,50000,300,,0.005887867000012648,0.0005929300000389048,0.6807536619999723,0.13704467889915467,0.11933844958030437,0.32360096645395164,0.9543130801411477,50000,0.17713598074608902,0.0,0.23068592057761736,0.1,0.12513288737115352,0.15011751788365696,0.16596919418240752,0.147073199812406,0.5,0.5,0.8590252080245446,0.6,0.85
top_100__full_incl_covid,full_incl_covid,sparse_jl,20,3.0,5,0.7,50000,300,,0.006675827999970352,0.0004900000000134241,0.7072418710000079,0.11677449405416665,0.09882921477338125,0.2853434495363756,1.0171635692442855,50000,0.21371841155234655,0.0,0.2651022864019254,0.1,0.6112617964147181,0.28920073463422524,0.2785149641270105,0.3929924983919846,0.8333333333333334,0.8333333333333334,0.9163861569577392,0.8,0.85
top_100__full_incl_covid,full_incl_covid,sparse_jl,20,3.0,6,0.7,50000,300,,0.00695095699995818,0.000596568999981173,0.7126561890000289,0.12022261842550969,0.10289592680670989,0.29260158290011407,0.9979433432435719,50000,0.19855595667870035,0.0,0.2564380264741276,0.1,0.42917979714400906,0.260470037819526,0.15750681525350427,0.28238555007234645,0.7380952380952381,0.7380952380952381,0.8984831439058092,0.8,0.85
top_100__full_incl_covid,full_incl_covid,sparse_jl,20,3.0,7,0.7,50000,300,,0.006353917000012643,0.0005955299999982344,0.7053979020000156,0.11264523471205892,0.09565136733490204,0.27587601896774283,0.9657325741173365,50000,0.2045728038507822,0.0,0.27015643802647415,0.1,0.550400244126215,0.1762870015281681,0.24900290323379098,0.3252300496293914,0.7380952380952381,0.7380952380952381,0.9105172634442239,0.7,0.85
top_100__full_incl_covid,full_incl_covid,sparse_jl,20,3.0,8,0.7,50000,300,,0.010551315999975941,0.0006591800000137482,0.751199032000045,0.11826668824962458,0.10126638576065394,0.2863720424870033,0.9754634503747409,50000,0.19494584837545126,0.0,0.249338146811071,0.1,0.5832286187507362,0.19228835984575818,0.16653783565902772,0.31401827141850736,0.7380952380952381,0.7380952380952381,0.8955624985362165,0.7,0.85
top_100__full_incl_covid,full_incl_covid,sparse_jl,20,3.0,9,0.7,50000,300,,0.005408567000017683,0.0005021300000294104,0.7104180889999725,0.12266889633732503,0.10459167668219982,0.29748422303625904,0.9720003355355629,50000,0.19638989169675092,0.0,0.2450060168471721,0.1,0.3878184606940976,0.17584681530690582,0.1571924742405049,0.24028591674716945,0.7380952380952381,0.7380952380952381,0.8838735391440796,0.7,0.85
top_100__full_incl_covid,full_incl_covid,sparse_jl,20,3.0,10,0.7,50000,300,,0.007048736999990979,0.0007722299999954885,0.8033840600000417,0.13743594333774262,0.11939678186891067,0.3244940749097025,1.0567056367260017,50000,0.2168471720818291,0.0,0.2779783393501805,0.1,0.6562543147780696,0.3356556300029273,0.32393706566364405,0.4386156701482136,0.8333333333333334,0.8333333333333334,0.9246756674016252,0.9,0.85
top_100__full_incl_covid,full_incl_covid,sparse_jl,20,3.0,11,0.7,50000,300,,0.005983367999988332,0.00039266000004545276,0.7933733439999742,0.12546195543031233,0.10528011398050596,0.30955346798945543,1.0173521121324305,50000,0.20144404332129964,0.0,0.2683513838748496,0.1,0.5156602455684338,0.23962213430290671,0.28248627608795096,0.34592288531976384,0.7380952380952381,0.7380952380952381,0.8889594966926857,0.9,0.85
top_100__full_incl_covid,full_incl_covid,sparse_jl,20,3.0,12,0.7,50000,300,,0.0064511369999991075,0.00047945000000026994,0.8227372819999914,0.11480419460198456,0.09693644215828967,0.2845745372679704,0.9969730993428676,50000,0.20962695547533092,0.0,0.26762936221419975,0.1,0.5739855458969693,0.2741963382238502,0.2015188410956737,0.34990024173883105,0.7619047619047619,0.7619047619047619,0.9017885761317973,0.8,0.85
top_100__full_incl_covid,full_incl_covid,sparse_jl,20,3.0,13,0.7,50000,300,,0.006734467000001132,0.0003070000000207074,0.7860252570000057,0.14300496757714182,0.12403044513284911,0.3394386271246472,0.926374924556708,50000,0.17376654632972324,0.0,0.22081829121540314,0.1,0.13915604494462655,0.13759078107601305,0.12089873730982957,0.1325485211101564,0.5476190476190477,0.5476190476190477,0.8512707522676097,0.5,0.85
top_100__full_incl_covid,full_incl_covid,sparse_jl,20,3.0,14,0.7,50000,300,,0.009586256000034155,0.0010967889999733416,0.7882697269999994,0.11840749506947273,0.10063806254202695,0.2875603869429734,0.9735760758554093,50000,0.19350180505415163,0.0,0.2471720818291215,0.1,0.48926829123504434,0.2608556693126799,0.20581435300474435,0.31864610451748954,0.7619047619047619,0.7619047619047619,0.9140403811859489,0.7,0.85
top_100__full_incl_covid,full_incl_covid,sparse_jl,20,3.0,15,0.7,50000,300,,0.00614459700000225,0.0007227600000305756,0.8273526000000402,0.11691947867766177,0.0990925937515163,0.2858258469728031,0.9882144686411006,50000,0.19903730445246687,0.0,0.26016847172081825,0.1,0.5463754634944828,0.3167882874216314,0.24019378719782447,0.36778584603797954,0.7380952380952381,0.7380952380952381,0.8969549121228039,0.8,0.85
top_100__full_incl_covid,full_incl_covid,sparse_jl,20,3.0,16,0.7,50000,300,,0.006631846999994195,0.0004476099999806138,0.7759552809999946,0.11825068680660988,0.10158998321580792,0.2859421157236199,0.96396083456657,50000,0.20938628158844766,0.0,0.26173285198555957,0.1,0.3332158794846606,0.247196488310809,0.23461177129683186,0.2716747130307671,0.7380952380952381,0.7380952380952381,0.8928444198900571,0.7,0.85
top_100__full_incl_covid,full_incl_covid,sparse_jl,20,3.0,17,0.7,50000,300,,0.006531547000008686,0.0005200899999522335,0.7855550969999854,0.13703834567489284,0.11926695739224757,0.32574647465293083,0.9273970603774311,50000,0.1730445246690734,0.0,0.2252707581227437,0.0,0.40583236667600736,0.21250740839909413,0.16425195334721104,0.26086390947410415,0.6428571428571429,0.6428571428571429,0.8755134534249187,0.6,0.85
top_100__full_incl_covid,full_incl_covid,sparse_jl,20,3.0,18,0.7,50000,300,,0.008907066000006125,0.0004364700000110133,0.7640241070000116,0.11642666359094744,0.09726640734316738,0.28978858964058096,1.0291062677198437,50000,0.21492178098676293,0.0,0.27665463297232246,0.1,0.61566581193109,0.40463069329697,0.2810578519958267,0.43378478574129553,0.8095238095238095,0.8095238095238095,0.9145592296985776,0.6,0.85
top_100__full_incl_covid,full_incl_covid,sparse_jl,20,3.0,19,0.7,50000,300,,0.0060939570000186905,0.0003573999999844091,0.7578259389999857,0.12877882041281133,0.11186839036621038,0.3038956515719355,0.9330968060112101,50000,0.1901323706377858,0.0,0.24332129963898916,0.1,0.4566956602012185,0.2604248498724452,0.17081027214871045,0.29597692740745807,0.6904761904761905,0.6904761904761905,0.8889545407400219,0.5,0.85
top_100__full_incl_covid,full_incl_covid,sparse_jl,20,3.0,20,0.7,50000,300,,0.008361035999996602,0.0006207499999959509,0.7352812589999758,0.13335294596836833,0.11234018898713988,0.32878438835836976,1.0716894343390613,50000,0.22671480144404332,0.0,0.2896510228640192,0.1,0.5539886413945709,0.4631668963829503,0.3268379605922976,0.4479978327899396,0.7142857142857143,0.7142857142857143,0.9228526923578791,0.8,0.85
top_100__full_incl_covid,full_incl_covid,sparse_jl,20,3.0,21,0.7,50000,300,,0.005867717999990418,0.0004940900000178772,0.7009831330000225,0.1339936639792523,0.11501790699864783,0.32617813323483125,1.0348562494269147,50000,0.19759326113116726,0.0,0.24945848375451266,0.1,0.5795119946426746,0.27194391569219123,0.25051301522273817,0.367322975185868,0.6428571428571429,0.6428571428571429,0.9098531030537033,0.8,0.85
top_100__full_incl_covid,full_incl_covid,sparse_jl,20,3.0,22,0.7,50000,300,,0.007607457000005979,0.0004063199999677636,0.8002805309999985,0.11512104151003424,0.09644133533539423,0.2863312715578044,1.0078819593343222,50000,0.20072202166064984,0.0,0.2629362214199759,0.1,0.5866265701837924,0.2778777431912663,0.24102670217228547,0.36851033851578135,0.6666666666666666,0.6666666666666666,0.9156026145682423,0.9,0.85
top_100__full_incl_covid,full_incl_covid,sparse_jl,20,3.0,23,0.7,50000,300,,0.00650496700001213,0.000577920000012,0.7748350519999576,0.12115904766151583,0.10366080761828184,0.29256999828175423,1.002750273091291,50000,0.20577617328519857,0.0,0.2606498194945849,0.1,0.5747751925085095,0.35735599574840343,0.24768157531112323,0.3932709211893454,0.7619047619047619,0.7619047619047619,0.9000160597959737,0.7,0.85
top_100__full_incl_covid,full_incl_covid,sparse_jl,20,3.0,24,0.7,50000,300,,0.009094735999951808,0.0004379700000072262,0.753877870999986,0.13087374894463225,0.112480228225731,0.3139930083210781,1.0415941488879834,50000,0.215884476534296,0.0,0.2728038507821901,0.1,0.5669582901704857,0.4296337034759027,0.302254625640731,0.4329488730957065,0.7619047619047619,0.7619047619047619,0.908286812900031,0.7,0.85
top_100__full_incl_covid,full_incl_covid,sparse_jl,20,3.0,25,0.7,50000,300,,0.007615896999993765,0.000726629000041612,0.6714335159999791,0.13102476839203245,0.11048041264687936,0.3221056049332271,1.0207909474267773,50000,0.18989169675090253,0.0,0.25078219013237063,0.1,0.4394001624842215,0.31617237122337316,0.30212531180037117,0.3525659485026553,0.6428571428571429,0.6428571428571429,0.8943275880528501,0.8,0.85
top_100__full_incl_covid,full_incl_covid,sparse_jl,20,3.0,26,0.7,50000,300,,0.007133126999974593,0.0003805099999567574,0.7624306469999738,0.11302530563943729,0.09536824160868135,0.27892612150557694,1.0100035961808638,50000,0.21732851985559565,0.0,0.2782190132370638,0.1,0.6127596061521532,0.2668721966728012,0.2763703581597848,0.3853340536615797,0.7857142857142857,0.7857142857142857,0.9090090645838004,0.6,0.85
top_100__full_incl_covid,full_incl_covid,sparse_jl,20,3.0,27,0.7,50000,300,,0.00642276700000366,0.00037374000004319896,0.821511012999963,0.12457585673934723,0.10411247073097413,0.3107154428266742,1.014095825440103,50000,0.19253910950661854,0.0,0.2545126353790614,0.1,0.2507543388274929,0.3290834395782468,0.22189565906346256,0.26724447915640076,0.6190476190476191,0.6190476190476191,0.9010787875188618,0.8,0.85
top_100__full_incl_covid,full_incl_covid,sparse_jl,20,3.0,28,0.7,50000,300,,0.008584476999999424,0.0003700290000097084,0.8040639789999773,0.11829445414987245,0.10054324060627834,0.288647730755852,0.9850958097267487,50000,0.1987966305655836,0.0,0.2637785800240674,0.1,0.5414872732465623,0.3281894006764519,0.2179535554228579,0.36254340978195737,0.7619047619047619,0.7619047619047619,0.9061609183192084,0.8,0.85
top_100__full_incl_covid,full_incl_covid,sparse_jl,20,3.0,29,0.7,50000,300,,0.006982236999988345,0.000377420000006623,0.8505784810000137,0.1273693765302505,0.11143168771652445,0.30091767048168677,0.9389294669034676,50000,0.1829121540312876,0.0,0.2332129963898917,0.1,0.3156763998626895,0.19833315005272467,0.18772713764448798,0.2339122291866341,0.6666666666666666,0.6666666666666666,0.885333642261353,0.7,0.85
top_100__full_incl_covid,full_incl_covid,sparse_jl,20,3.0,30,0.7,50000,300,,0.005197817000009763,0.0013068200000247998,0.8123874359999945,0.11367339803549924,0.09645964607613738,0.2759935590353665,0.9621379666652645,50000,0.19205776173285202,0.0,0.2563176895306859,0.1,0.4861026121592105,0.38580089076688345,0.23465124660638736,0.36885158317749384,0.7142857142857143,0.7142857142857143,0.9059141244232692,0.6,0.85
top_100__full_incl_covid,full_incl_covid,sparse_jl,20,3.0,31,0.7,50000,300,,0.006059427000025153,0.0007165399999848887,0.8733229900000197,0.11863513712844002,0.10115522415847034,0.28781318014342755,0.9823892308703243,50000,0.19807460890493384,0.0,0.26498194945848375,0.1,0.47494601111539675,0.2496707444259308,0.19461331579409666,0.30641002377847476,0.7857142857142857,0.7857142857142857,0.899295501918811,0.6,0.85
top_100__full_incl_covid,full_incl_covid,sparse_jl,20,3.0,32,0.7,50000,300,,0.008929745999978422,0.000423129000012068,0.7403688469999565,0.14024670164905825,0.12112842871451851,0.33455102883634535,1.0504845335643755,50000,0.22310469314079423,0.0,0.2749699157641396,0.1,0.6598670658650785,0.3117825285707966,0.23822423551090108,0.4032912766489254,0.7857142857142857,0.7857142857142857,0.8999067151694811,0.7,0.85
top_100__full_incl_covid,full_incl_covid,sparse_jl,20,3.0,33,0.7,50000,300,,0.004705437999973583,0.0005638089999706608,0.7028326329999572,0.11328371269704864,0.09614650936199798,0.2769111786270808,0.9965219237541345,50000,0.21299638989169675,0.0,0.2746089049338147,0.1,0.6288237617553388,0.2247455638541491,0.27299116254341044,0.3755201627176328,0.7380952380952381,0.7380952380952381,0.9167313589264026,0.8,0.85
top_100__full_incl_covid,full_incl_covid,sparse_jl,20,3.0,34,0.7,50000,300,,0.010476834999963103,0.0008008700000345925,0.8039474000000268,0.12677249363803153,0.11054681775427933,0.2986282923980622,0.9304782864678686,50000,0.19663056558363415,0.0,0.25018050541516246,0.1,0.42190799338411045,0.20813698945802253,0.1742286584101574,0.26809121375076345,0.7142857142857143,0.7142857142857143,0.9000041195049566,0.9,0.85
top_100__full_incl_covid,full_incl_covid,sparse_jl,20,3.0,35,0.7,50000,300,,0.01080615600000101,0.0004328300000224772,0.8134971449999853,0.1198649045684383,0.10212096286273686,0.28991599674703,1.0046684356371,50000,0.2127557160048135,0.0,0.2764139590854392,0.1,0.5664418193284901,0.23932009427288278,0.2642549020513887,0.3566722718842539,0.7857142857142857,0.7857142857142857,0.9060292405389399,0.7,0.85
top_100__full_incl_covid,full_incl_covid,sparse_jl,20,3.0,36,0.7,50000,300,,0.005774556999995184,0.0005438700000013341,0.7639270370000304,0.1386561128323115,0.12053134095849793,0.3276754062402138,1.0712020260667774,50000,0.22984356197352587,0.0,0.3004813477737665,0.1,0.5859826460115642,0.43998519276090464,0.3971549294477752,0.4743742560734147,0.8095238095238095,0.8095238095238095,0.9227682947842467,0.7,0.85
top_100__full_incl_covid,full_incl_covid,sparse_jl,20,3.0,37,0.7,50000,300,,0.00564448799997308,0.0005998899999895002,0.6713802760000362,0.11268884330706977,0.09465117573971865,0.2787433617839045,0.9859180746727676,50000,0.1956678700361011,0.0,0.25908543922984356,0.1,0.5200567327274072,0.31178946133200286,0.25372819527184776,0.3618581297770859,0.7380952380952381,0.7380952380952381,0.9097208397600398,0.8,0.85
top_100__full_incl_covid,full_incl_covid,sparse_jl,20,3.0,38,0.7,50000,300,,0.013763353999991068,0.00406420900003468,0.7946565729999975,0.13090754910287042,0.11045924152453501,0.3217689593695291,1.041526080782685,50000,0.2144404332129964,0.0,0.27376654632972325,0.1,0.530492742241611,0.25502084484815885,0.21732181415924184,0.3342784670830039,0.7380952380952381,0.7380952380952381,0.9030760364423536,0.6,0.85
top_100__full_incl_covid,full_incl_covid,sparse_jl,20,3.0,39,0.7,50000,300,,0.010869894999984808,0.00033337000002120476,0.7777724809999995,0.12795965781509955,0.11108740649790616,0.3011871451194247,1.056242745049987,50000,0.2450060168471721,0.0,0.305294825511432,0.1,0.6977161732474977,0.3115711364092862,0.2548886744946698,0.42139199471715116,0.8333333333333334,0.8333333333333334,0.9198550310656677,0.8,0.85
top_100__full_incl_covid,full_incl_covid,sparse_jl,20,3.0,40,0.7,50000,300,,0.017592893000028198,0.0005357800000069801,0.7263522829999829,0.12547432242105924,0.10661733579919491,0.30548670199543027,1.000365572068988,50000,0.19614921780986763,0.0,0.2563176895306859,0.1,0.5275317347443735,0.2909572534462846,0.23117773916987613,0.34988890912017806,0.6428571428571429,0.6428571428571429,0.9024601390845246,0.7,0.85
top_100__full_incl_covid,full_incl_covid,sparse_jl,20,3.0,41,0.7,50000,300,,0.007096347000015157,0.0004036500000097476,0.6892190780000078,0.11658490185271563,0.09826975209112221,0.28449263502081257,0.9755974192132507,50000,0.2055354993983153,0.0,0.26257521058965105,0.1,0.5506049690435862,0.23875435519859275,0.23016424977837763,0.33984119134018553,0.7857142857142857,0.7857142857142857,0.9054998946075888,0.9,0.85
top_100__full_incl_covid,full_incl_covid,sparse_jl,20,3.0,42,0.7,50000,300,,0.00820280699997511,0.0005284599999981765,0.7114361490000078,0.11498070824317852,0.09834381432080863,0.2802657845066817,0.950327043843329,50000,0.20120336943441636,0.0,0.24729241877256317,0.1,0.5890544381956748,0.3427947212580842,0.2473928240353093,0.3930806611630228,0.7142857142857143,0.7142857142857143,0.9030828953135507,0.7,0.85
top_100__full_incl_covid,full_incl_covid,sparse_jl,20,3.0,43,0.7,50000,300,,0.006519878000005974,0.0003872990000104437,0.7286481720000211,0.12680251576539095,0.10747276037257114,0.30866493641766474,1.0155958331363577,50000,0.2064981949458484,0.0,0.2580024067388688,0.1,0.33204239496103194,0.2456188919011959,0.24563134348828886,0.2744308767835056,0.6428571428571429,0.6428571428571429,0.8861029023062535,0.4,0.85
top_100__full_incl_covid,full_incl_covid,sparse_jl,20,3.0,44,0.7,50000,300,,0.005995307999967281,0.0004071390000035535,0.6764664739999944,0.12688152345015255,0.10840837134360315,0.30807584944687244,1.030721728649034,50000,0.20673886883273165,0.0,0.26341756919374243,0.1,0.6479137839309284,0.33484979940330567,0.23130959231620035,0.4046910585501448,0.7857142857142857,0.7857142857142857,0.897258354439697,1.0,0.85
top_100__full_incl_covid,full_incl_covid,sparse_jl,20,3.0,45,0.7,50000,300,,0.007967347000032987,0.0005304200000182391,0.695297045000018,0.11318045028199478,0.09459324187825613,0.2821651516316772,0.9979473877793383,50000,0.20986762936221423,0.0,0.26714801444043323,0.1,0.4471370488292393,0.22714997640521678,0.2488952803495088,0.307727435194655,0.7619047619047619,0.7619047619047619,0.9063273714128939,0.7,0.85
top_100__full_incl_covid,full_incl_covid,sparse_jl,20,3.0,46,0.7,50000,300,,0.00821389699996189,0.0003663600000436418,0.6657155989999524,0.12048233893386259,0.10012646537228764,0.30032319140472796,1.020754220307351,50000,0.2187725631768953,0.0,0.2713598074608905,0.1,0.5173642023423515,0.2174167850648933,0.22349182076437335,0.31942426939053936,0.8095238095238095,0.8095238095238095,0.9010883857562992,0.7,0.85
top_100__full_incl_covid,full_incl_covid,sparse_jl,20,3.0,47,0.7,50000,300,,0.00525300800001105,0.0004505200000153309,0.6616768000000093,0.12254451224701539,0.1028230140308693,0.30170779815560445,1.0079131050146297,50000,0.20312876052948256,0.0,0.2542719614921781,0.1,0.378375950680031,0.22367060368164332,0.2238334343603699,0.27529332957401476,0.7142857142857143,0.7142857142857143,0.8995454534048438,0.5,0.85
top_100__full_incl_covid,full_incl_covid,sparse_jl,20,3.0,48,0.7,50000,300,,0.006319398000016463,0.00033143000001700784,0.6431815379999648,0.11542113862770961,0.09738541299175446,0.28362368929264364,1.0058871251453114,50000,0.2243080625752106,0.0,0.2865222623345367,0.1,0.47446462750309826,0.28497499995347897,0.2931746901989714,0.3508714392185162,0.6428571428571429,0.6428571428571429,0.9092602289190084,0.8,0.85
top_100__full_incl_covid,full_incl_covid,sparse_jl,20,3.0,49,0.7,50000,300,,0.012727455000003829,0.0008049900000060006,0.6506484340000043,0.11108119163188022,0.09325474500994146,0.2762340181893206,0.9811143601570086,50000,0.20722021660649817,0.0,0.2620938628158845,0.1,0.5530408104804961,0.3061055938785637,0.26573718214901504,0.37496119550269164,0.7857142857142857,0.7857142857142857,0.9102928236132533,0.6,0.85
top_100__full_incl_covid,full_incl_covid,sparse_jl,20,5.0,0,0.7,50000,500,,0.0076295860000072935,0.0006055499999888525,0.6668723480000267,0.11274895550309472,0.09562478265758567,0.27697239994373013,0.9748134003244656,50000,0.20601684717208185,0.0,0.25860409145607705,0.1,0.5576251454379499,0.21524123388607766,0.2117173426339061,0.3281945739859779,0.8809523809523809,0.8809523809523809,0.9041466058624945,0.9,0.75
top_100__full_incl_covid,full_incl_covid,sparse_jl,20,5.0,1,0.7,50000,500,,0.004739177999965705,0.0005470200000559089,0.6557131320000167,0.11580545748062439,0.09931409615325337,0.2795432841136051,1.0055106396176263,50000,0.21395908543922987,0.0,0.27749699157641394,0.1,0.529923427023847,0.2673646120778086,0.3384669769534734,0.37858500535170964,0.7619047619047619,0.7619047619047619,0.9163572786006564,0.9,0.75
top_100__full_incl_covid,full_incl_covid,sparse_jl,20,5.0,2,0.7,50000,500,,0.009313586000018859,0.00046613000000661486,0.6295653230000084,0.12479677553839674,0.10776437964523733,0.2977748652028003,0.9678478047082248,50000,0.19807460890493384,0.0,0.2575210589651023,0.1,0.39666945017742633,0.1863472654047193,0.16158070656159143,0.24819914071457902,0.6904761904761905,0.6904761904761905,0.8751988863535227,0.8,0.75
top_100__full_incl_covid,full_incl_covid,sparse_jl,20,5.0,3,0.7,50000,500,,0.007517907000021751,0.0007032389999608313,0.6322840130000031,0.12269309925450156,0.10442538313020922,0.2980165682226261,0.9682550198898101,50000,0.19037304452466905,0.0,0.25078219013237063,0.1,0.4266184297081378,0.30195346288666897,0.22935139403997878,0.3193077622115952,0.6904761904761905,0.6904761904761905,0.8813474252466683,0.6,0.75
top_100__full_incl_covid,full_incl_covid,sparse_jl,20,5.0,4,0.7,50000,500,,0.010294564999981048,0.0005861299999878611,0.6688038070000175,0.10986974366637843,0.09223419927222165,0.27309861696823173,0.9920472247811971,50000,0.21756919374247896,0.0,0.2807460890493382,0.1,0.5390949739369593,0.37310672182360644,0.2696019829581212,0.39393455957289564,0.7380952380952381,0.7380952380952381,0.9086877222859779,0.8,0.75
top_100__full_incl_covid,full_incl_covid,sparse_jl,20,5.0,5,0.7,50000,500,,0.0069939069999804815,0.00039864000001443856,0.6757430449999902,0.12266775516097794,0.10571246846680821,0.2946153826784843,0.9503126182597372,50000,0.18411552346570398,0.0,0.23670276774969917,0.1,0.4759089234890275,0.2033837915203863,0.20049995377603116,0.29326422292848164,0.6904761904761905,0.6904761904761905,0.8848161529762482,0.7,0.75
top_100__full_incl_covid,full_incl_covid,sparse_jl,20,5.0,6,0.7,50000,500,,0.008944155999984105,0.00039624000004323534,0.614459810000028,0.13066054132449423,0.11355723448237448,0.31017702716481593,0.9421917395093906,50000,0.18483754512635378,0.0,0.2377858002406739,0.1,0.2760721340174296,0.18888839831126727,0.14576121715822604,0.20357391649564094,0.6666666666666666,0.6666666666666666,0.8757145981872505,0.6,0.75
top_100__full_incl_covid,full_incl_covid,sparse_jl,20,5.0,7,0.7,50000,500,,0.007117596999989928,0.0005392590000496966,0.67742074399996,0.13014970719119143,0.11234160689014094,0.31159825972919997,0.9452734368257719,50000,0.1667870036101083,0.0,0.22539109506618532,0.1,0.36350124024868957,0.1688612180742358,0.15546116126680948,0.22927453986324497,0.7619047619047619,0.7619047619047619,0.880193148322253,0.6,0.75
top_100__full_incl_covid,full_incl_covid,sparse_jl,20,5.0,8,0.7,50000,500,,0.0065208369999822935,0.0007984790000250541,0.632625193000024,0.1391580222424374,0.12104957228977392,0.32940078776536946,0.9494832508799876,50000,0.18387484957882072,0.0,0.23188929001203368,0.1,0.09393456910016586,0.15694021684560946,0.18449033818364544,0.14512170804314026,0.47619047619047616,0.47619047619047616,0.8629049661573257,0.5,0.75
top_100__full_incl_covid,full_incl_covid,sparse_jl,20,5.0,9,0.7,50000,500,,0.005931027000031008,0.000925168999970083,0.7738569329999905,0.12102405169777326,0.10296963858277025,0.2956404584863404,1.0145523634625013,50000,0.19807460890493384,0.0,0.2643802647412756,0.1,0.5732673175501131,0.3401422146551759,0.23905980138450103,0.38415644452993,0.7380952380952381,0.7380952380952381,0.9126905218764533,0.5,0.75
top_100__full_incl_covid,full_incl_covid,sparse_jl,20,5.0,10,0.7,50000,500,,0.005870116999972197,0.0004325900000026195,0.6466898560000232,0.12193057182486523,0.10321571949384206,0.2977329291259629,0.9929532238940317,50000,0.20794223826714803,0.0,0.2649819494584838,0.1,0.43913976422717615,0.3022358275264289,0.19918722970603853,0.3135209404865479,0.6190476190476191,0.6190476190476191,0.897704306534664,0.6,0.75
top_100__full_incl_covid,full_incl_covid,sparse_jl,20,5.0,11,0.7,50000,500,,0.006985586999974203,0.0005544690000078845,0.642496006999977,0.11619921033005501,0.09881240916105838,0.2834752528723395,1.0164145459560257,50000,0.2125150421179302,0.0,0.2730445246690734,0.1,0.6065027900578378,0.3758030651050569,0.2395405665176812,0.407282140560192,0.7142857142857143,0.7142857142857143,0.9077230471455385,0.7,0.75
top_100__full_incl_covid,full_incl_covid,sparse_jl,20,5.0,12,0.7,50000,500,,0.00677258799998981,0.00066689900000938,0.7553954800000042,0.14840420171184254,0.12610059802258855,0.3606740604971391,1.0728039383093808,50000,0.2214199759326113,0.0,0.27833935018050543,0.1,0.695887287682707,0.46657038412306784,0.3271925042641615,0.49655005868997876,0.8571428571428571,0.8571428571428571,0.9128528972875672,0.6,0.75
top_100__full_incl_covid,full_incl_covid,sparse_jl,20,5.0,13,0.7,50000,500,,0.006532418000006146,0.0006457189999764523,0.6805318219999776,0.12022902135352989,0.10340066566251094,0.2889226925865123,0.9673152274959123,50000,0.1956678700361011,0.0,0.2516245487364621,0.1,0.18183970461116897,0.2828144739369578,0.17920273192561598,0.21461897015791423,0.6904761904761905,0.6904761904761905,0.8924612850178831,0.8,0.75
top_100__full_incl_covid,full_incl_covid,sparse_jl,20,5.0,14,0.7,50000,500,,0.006098447999988821,0.0006079099999851678,0.6409926890000293,0.1403204628298995,0.12105692973980042,0.3357673452957534,1.0647365165848703,50000,0.21419975932611313,0.0,0.28267148014440435,0.1,0.6188963587718576,0.3400082453598779,0.2769856860199436,0.4119634300505597,0.8095238095238095,0.8095238095238095,0.9093184456794129,0.7,0.75
top_100__full_incl_covid,full_incl_covid,sparse_jl,20,5.0,15,0.7,50000,500,,0.016280483000002732,0.0005990199999814649,0.7448030449999692,0.11848447304431922,0.10020871699314382,0.2911765921145622,1.022490227971949,50000,0.20072202166064984,0.0,0.2687123947051745,0.1,0.5482644557710851,0.33180976565456816,0.25014193777694577,0.37673871973419965,0.7619047619047619,0.7619047619047619,0.9092316851410083,0.7,0.75
top_100__full_incl_covid,full_incl_covid,sparse_jl,20,5.0,16,0.7,50000,500,,0.004162139000015941,0.0005495199999927536,0.7055874810000091,0.12478375015907975,0.1088942145901951,0.29677931635253735,1.0497440954445147,50000,0.20770156438026474,0.0,0.2723225030084236,0.1,0.5748611233762764,0.2929209101245335,0.3570395036306589,0.4082738457104896,0.7857142857142857,0.7857142857142857,0.9179835211437251,0.9,0.75
top_100__full_incl_covid,full_incl_covid,sparse_jl,20,5.0,17,0.7,50000,500,,0.003777059000015015,0.0005860900000129732,0.7114871779999703,0.1199030572298503,0.1015917922470736,0.29129947299757236,1.0205289824739634,50000,0.215884476534296,0.0,0.26787003610108306,0.1,0.6315977905375264,0.2918194143373425,0.2419212136407773,0.3884461395052154,0.7857142857142857,0.7857142857142857,0.918885044482289,0.8,0.75
top_100__full_incl_covid,full_incl_covid,sparse_jl,20,5.0,18,0.7,50000,500,,0.009081616000003123,0.0015517090000116696,0.725957062999953,0.11810639514949631,0.10114219691841508,0.284905397770994,0.9955887058345668,50000,0.202647412755716,0.0,0.26462093862815883,0.1,0.575563758502979,0.23120651334798817,0.2565495749762962,0.3544399489424211,0.7619047619047619,0.7619047619047619,0.8993547224164639,0.7,0.75
top_100__full_incl_covid,full_incl_covid,sparse_jl,20,5.0,19,0.7,50000,500,,0.008955705999994734,0.0005125700000121469,0.681762961000004,0.12092135960939927,0.10389265514041535,0.29142536913781225,0.9527628178896925,50000,0.19518652226233452,0.0,0.24404332129963902,0.1,0.48013097765064583,0.2829355461661931,0.21415070649124016,0.3257390767693597,0.7380952380952381,0.7380952380952381,0.8965897399651368,0.7,0.75
top_100__full_incl_covid,full_incl_covid,sparse_jl,20,5.0,20,0.7,50000,500,,0.005903617000001304,0.0005060889999981555,0.7756690119999803,0.12368777823275495,0.1047530985995852,0.30170990174940904,0.9603923246547267,50000,0.1776173285198556,0.0,0.23453670276774974,0.1,0.4797103392434432,0.3422534714486404,0.18862651232357594,0.3368634410052198,0.6428571428571429,0.6428571428571429,0.8834697231023511,0.8,0.75
top_100__full_incl_covid,full_incl_covid,sparse_jl,20,5.0,21,0.7,50000,500,,0.005352828000013687,0.0006353889999672901,0.6794869429999721,0.12296726575892403,0.10487989774234108,0.300755514416565,1.0180509413774155,50000,0.20890493381468106,0.0,0.26582430806257523,0.1,0.5913603017763784,0.35004925095532696,0.27730372134086334,0.4062377580241896,0.7619047619047619,0.7619047619047619,0.9143806062907558,0.8,0.75
top_100__full_incl_covid,full_incl_covid,sparse_jl,20,5.0,22,0.7,50000,500,,0.007856885999956376,0.0003635990000248057,0.6383945200000198,0.1229874295597731,0.10510263794570551,0.2993907891185772,1.0400602912100005,50000,0.21780986762936225,0.0,0.27966305655836343,0.1,0.6225972117260518,0.20564460131719128,0.2452741154063839,0.3578386428165423,0.8571428571428571,0.8571428571428571,0.9086532397292586,0.8,0.75
top_100__full_incl_covid,full_incl_covid,sparse_jl,20,5.0,23,0.7,50000,500,,0.007543497000028765,0.000986780000005183,0.6566718119999564,0.13112230204859218,0.1118000551746896,0.31897814898084437,1.0523394509340425,50000,0.22286401925391094,0.0,0.28026474127557155,0.1,0.5850935191907187,0.4334388931597798,0.2761553350972824,0.4315625824825937,0.8333333333333334,0.8333333333333334,0.9026597155074059,0.8,0.75
top_100__full_incl_covid,full_incl_covid,sparse_jl,20,5.0,24,0.7,50000,500,,0.006693767000001571,0.0003820200000177465,0.6949592660000121,0.1212003136329667,0.10268625926263159,0.2971549746478809,0.9830644790796531,50000,0.19518652226233452,0.0,0.25066185318892903,0.1,0.409238663472029,0.22936542611431396,0.21713559926636652,0.28524656295090317,0.6428571428571429,0.6428571428571429,0.8946536144578312,0.8,0.75
top_100__full_incl_covid,full_incl_covid,sparse_jl,20,5.0,25,0.7,50000,500,,0.006611117000034028,0.0004765500000303291,0.6435772180000185,0.12111388024699851,0.1031723913753943,0.2953444599372384,0.988922879961278,50000,0.197352587244284,0.0,0.25114320096269555,0.1,0.5064399934267597,0.17031798009518617,0.190482544361259,0.28908017262773494,0.7619047619047619,0.7619047619047619,0.8851752817992323,0.8,0.75
top_100__full_incl_covid,full_incl_covid,sparse_jl,20,5.0,26,0.7,50000,500,,0.00782448700005034,0.0005286100000034821,0.7162467270000548,0.11540517943587215,0.09669397862913498,0.28416122216937406,1.0001469740976536,50000,0.21251504211793024,0.0,0.2687123947051745,0.1,0.5228627323576296,0.23177667092906395,0.21448735101758373,0.3230422514347591,0.6904761904761905,0.6904761904761905,0.9117555615408035,0.7,0.75
top_100__full_incl_covid,full_incl_covid,sparse_jl,20,5.0,27,0.7,50000,500,,0.014922414000011486,0.0004964799999811476,0.7308191609999994,0.12207992149890647,0.10380752529633153,0.29843363642775583,1.0028936828416568,50000,0.19975932611311673,0.0,0.26450060168471723,0.1,0.48099769954232263,0.25680510267699974,0.2708708989855134,0.33622456706827863,0.7857142857142857,0.7857142857142857,0.8942107153969947,0.6,0.75
top_100__full_incl_covid,full_incl_covid,sparse_jl,20,5.0,28,0.7,50000,500,,0.01009521600002472,0.00039314899998998953,0.7266525430000002,0.11304539873922316,0.09522567513829838,0.27932242662029205,0.9788543524148297,50000,0.2009626955475331,0.0,0.253309265944645,0.1,0.4687970617958685,0.4086765257159225,0.19811464495722017,0.3585294108230037,0.7380952380952381,0.7380952380952381,0.9127871315866073,0.6,0.75
top_100__full_incl_covid,full_incl_covid,sparse_jl,20,5.0,29,0.7,50000,500,,0.015221323999980996,0.00059383899997556,0.7084118310000349,0.11776023351327329,0.09988123482122091,0.28795261807731315,1.0080230429743933,50000,0.2038507821901324,0.0,0.2726835138387485,0.1,0.6160599983677678,0.375113786170282,0.26151595744905415,0.41756324732903466,0.7857142857142857,0.7857142857142857,0.9079911913691979,0.7,0.75
top_100__full_incl_covid,full_incl_covid,sparse_jl,20,5.0,30,0.7,50000,500,,0.0047833479999894735,0.0005208100000118066,0.66795259700001,0.11881684673420483,0.10079483632798852,0.2910725709120085,0.9734242803371801,50000,0.19085439229843562,0.0,0.25150421179302046,0.1,0.46921948754275467,0.3730658791905444,0.2339963274782727,0.35876056473719053,0.7380952380952381,0.7380952380952381,0.9011963502440753,0.6,0.75
top_100__full_incl_covid,full_incl_covid,sparse_jl,20,5.0,31,0.7,50000,500,,0.007161945999996533,0.0010347799999976814,0.6847283799999673,0.11709002882207455,0.09908135014173447,0.2875799351852294,0.9992155804419864,50000,0.20048134777376653,0.0,0.2571600481347774,0.1,0.5871121381848728,0.23263504117875597,0.21199056937674196,0.3439125829134569,0.7619047619047619,0.7619047619047619,0.9072976507529701,0.8,0.75
top_100__full_incl_covid,full_incl_covid,sparse_jl,20,5.0,32,0.7,50000,500,,0.010553555000001325,0.0007749200000262135,0.642143198000042,0.11949365243526318,0.1018292496248957,0.2902826488835909,0.9958645614851523,50000,0.20336943441636582,0.0,0.2637785800240674,0.1,0.5218710773758308,0.22301016714861394,0.24176224695610316,0.32888116382684934,0.6904761904761905,0.6904761904761905,0.8970665569804905,0.5,0.75
top_100__full_incl_covid,full_incl_covid,sparse_jl,20,5.0,33,0.7,50000,500,,0.012674613999990925,0.0008345499999791173,0.6687415869999995,0.11635468543623194,0.09850134703711028,0.2858800325685863,0.9816130956911664,50000,0.20120336943441636,0.0,0.2552346570397112,0.1,0.4632959337549948,0.20215065791465758,0.21199852334339925,0.2924817050043505,0.7380952380952381,0.7380952380952381,0.9089303757657677,0.8,0.75
top_100__full_incl_covid,full_incl_covid,sparse_jl,20,5.0,34,0.7,50000,500,,0.007935166999970988,0.0003749900000116213,0.6104559709999648,0.12294838605649479,0.10559281221705841,0.2977480793652548,1.0342844132489317,50000,0.22166064981949457,0.0,0.2812274368231047,0.1,0.642747008512634,0.3734843663903439,0.34340046099683513,0.45321061196660434,0.7857142857142857,0.7857142857142857,0.9178451936041861,0.8,0.75
top_100__full_incl_covid,full_incl_covid,sparse_jl,20,5.0,35,0.7,50000,500,,0.006584737000025598,0.0003965800000287345,0.5929396490000158,0.1191916488194582,0.10109007685435278,0.29032832582883644,1.0234034057480037,50000,0.2190132370637786,0.0,0.27484957882069794,0.1,0.580989618850047,0.3637642647434131,0.22746005027011643,0.39073797795452553,0.7142857142857143,0.7142857142857143,0.9130376476748426,0.7,0.75
top_100__full_incl_covid,full_incl_covid,sparse_jl,20,5.0,36,0.7,50000,500,,0.009191176000001633,0.000591430000042692,0.6656981780000137,0.11387064303493825,0.09549209529174801,0.2816628981737708,0.9837501518630508,50000,0.20818291215403129,0.0,0.2651022864019254,0.1,0.4995317797602192,0.27851748374636015,0.2244046735972844,0.33415131236795453,0.7380952380952381,0.7380952380952381,0.9087078806757157,0.7,0.75
top_100__full_incl_covid,full_incl_covid,sparse_jl,20,5.0,37,0.7,50000,500,,0.005864168000016434,0.0005925990000150705,0.6506166739999912,0.11957421529096966,0.10097820875896568,0.29490360287540296,1.0196490400698839,50000,0.21901323706377862,0.0,0.2825511432009627,0.1,0.5613192723719356,0.22662569572003116,0.25946799312918145,0.34913765374038275,0.7857142857142857,0.7857142857142857,0.9093762023935786,0.8,0.75
top_100__full_incl_covid,full_incl_covid,sparse_jl,20,5.0,38,0.7,50000,500,,0.006409817000019302,0.00041157999999086314,0.6505696149999949,0.11965061044708797,0.10245074508281421,0.28955666188495227,0.9705951069738281,50000,0.1910950661853189,0.0,0.2476534296028881,0.1,0.2623410595261667,0.30423934209102715,0.22859625566264338,0.26505888575994574,0.7380952380952381,0.7380952380952381,0.9019187273950007,0.7,0.75
top_100__full_incl_covid,full_incl_covid,sparse_jl,20,5.0,39,0.7,50000,500,,0.006807957000035003,0.00035555100004103224,0.6310010330000182,0.12925976339956946,0.11239359782838365,0.3057464416463454,0.9492108439856263,50000,0.20264741275571602,0.0,0.24693140794223828,0.1,0.15536239140591188,0.19844421165382353,0.18623939588964944,0.1800153329831283,0.6190476190476191,0.6190476190476191,0.8807828648668541,0.5,0.75
top_100__full_incl_covid,full_incl_covid,sparse_jl,20,5.0,40,0.7,50000,500,,0.006808777000003374,0.0009941499999968073,0.5613823020000268,0.12391439628293224,0.10754527172200584,0.29576898772991583,0.9759638287471066,50000,0.1891696750902527,0.0,0.24813477737665465,0.1,0.185261802511293,0.2656147665885815,0.20141730289740986,0.21743129066576147,0.5476190476190477,0.5476190476190477,0.895874326241372,0.7,0.75
top_100__full_incl_covid,full_incl_covid,sparse_jl,20,5.0,41,0.7,50000,500,,0.006425577000015892,0.0005387799999994058,0.620281317999968,0.13651189995389898,0.11783849019685577,0.3266037643420316,1.0532235510545698,50000,0.2173285198555957,0.0,0.2818291215403129,0.1,0.6375389064387186,0.24682188038265765,0.33429113885191697,0.40621730855776433,0.7142857142857143,0.7142857142857143,0.9109581759417563,0.7,0.75
top_100__full_incl_covid,full_incl_covid,sparse_jl,20,5.0,42,0.7,50000,500,,0.005707706999999118,0.0005159789999993336,0.5915119500000401,0.11438563843163167,0.09732598119351138,0.27893351341574557,0.9821491750155807,50000,0.19879663056558367,0.0,0.2588447653429603,0.1,0.48385306424931257,0.34812977610441537,0.3563596841295311,0.396114174827753,0.6904761904761905,0.6904761904761905,0.9022470122087906,0.9,0.75
top_100__full_incl_covid,full_incl_covid,sparse_jl,20,5.0,43,0.7,50000,500,,0.00638926800002082,0.0005235100000504644,0.5761009859999717,0.12401330889813855,0.10799528535083053,0.2930363162365223,0.9319349395053788,50000,0.18604091456077018,0.0,0.24091456077015647,0.1,0.4405133385193694,0.31012629888872706,0.176111974311224,0.3089172039064401,0.5952380952380952,0.5952380952380952,0.9053075325461801,0.6,0.75
top_100__full_incl_covid,full_incl_covid,sparse_jl,20,5.0,44,0.7,50000,500,,0.009137436000003163,0.0004861099999970975,0.6056609340000136,0.119538437849212,0.10028903371077413,0.29724186301190514,1.028308487237203,50000,0.21419975932611313,0.0,0.27472924187725634,0.1,0.47563036776016826,0.47326968640424266,0.28389170043166967,0.41093058486536016,0.8095238095238095,0.8095238095238095,0.9209825207522675,0.8,0.75
top_100__full_incl_covid,full_incl_covid,sparse_jl,20,5.0,45,0.7,50000,500,,0.0068854479999913565,0.0008257690000164075,0.6012485159999983,0.11548571513741088,0.0972230231699363,0.2846766805403563,1.0002381243925176,50000,0.2062575210589651,0.0,0.26450060168471723,0.1,0.6054561482806973,0.4205668988492686,0.2674737790965169,0.4311656087421609,0.8333333333333334,0.8333333333333334,0.9147671705985285,0.6,0.75
top_100__full_incl_covid,full_incl_covid,sparse_jl,20,5.0,46,0.7,50000,500,,0.006311758000038026,0.00042551000001367356,0.5693982889999916,0.12009697163301787,0.10423518868059833,0.2862866997040178,1.0005954868690317,50000,0.2019253910950662,0.0,0.26486161251504214,0.1,0.5914649565285288,0.32195972394904304,0.25828163532870163,0.3905687719354245,0.8095238095238095,0.8095238095238095,0.9137565744789766,0.7,0.75
top_100__full_incl_covid,full_incl_covid,sparse_jl,20,5.0,47,0.7,50000,500,,0.006372306999992361,0.0004766900000277019,0.5627571620000253,0.12432041599445422,0.10695991139811628,0.2961469761391859,0.9440113821895744,50000,0.19590854392298437,0.0,0.2456077015643803,0.1,0.49715367046975034,0.18871378747179876,0.20030614265565322,0.29539120019906745,0.7380952380952381,0.7380952380952381,0.8837117074239751,0.3,0.75
top_100__full_incl_covid,full_incl_covid,sparse_jl,20,5.0,48,0.7,50000,500,,0.006615237000005436,0.0005461399999830974,0.583809232999954,0.11408985729850422,0.09765256919318932,0.2750342340978899,0.9597011744880286,50000,0.19951865222623347,0.0,0.2580024067388688,0.1,0.5838258983301078,0.33503879379684937,0.2213040761636225,0.3800562560968599,0.7857142857142857,0.7857142857142857,0.9012600039145753,0.7,0.75
top_100__full_incl_covid,full_incl_covid,sparse_jl,20,5.0,49,0.7,50000,500,,0.005996037999977943,0.00033343899997362314,0.5588605140000027,0.12380294108888686,0.10621544122961268,0.2982567668053658,0.9672774455095863,50000,0.1833935018050542,0.0,0.23826714801444043,0.1,0.4091111686923105,0.22014036902532919,0.16248403762373365,0.26391185844712445,0.6666666666666666,0.6666666666666666,0.8994369034036729,0.7,0.75
top_100__full_incl_covid,full_incl_covid,sparse_jl,30,1.0,0,0.7,50000,100,,0.00639417700000422,0.0015744500000209882,0.689982327999985,0.09525689477745251,0.08051394625798192,0.23556771026041778,0.9699551704727073,50000,0.27509025270758125,0.0,0.3285198555956679,0.1,0.5073313309622085,0.2918358390542755,0.31070076955058373,0.36995597985568923,0.8095238095238095,0.8095238095238095,0.936604561818504,0.8,0.9666666666666667
top_100__full_incl_covid,full_incl_covid,sparse_jl,30,1.0,1,0.7,50000,100,,0.005938048000018625,0.000614240000004429,0.6815095020000399,0.10254225346451323,0.08667037762149876,0.2520636708643029,1.0279638445482306,50000,0.29915764139590856,0.0,0.3673886883273164,0.2,0.594717007519244,0.3506924874891932,0.29219582520031084,0.41253510673624927,0.8095238095238095,0.8095238095238095,0.9366747397811184,0.7,0.9666666666666667
top_100__full_incl_covid,full_incl_covid,sparse_jl,30,1.0,2,0.7,50000,100,,0.006648966999989625,0.0006867889999853105,0.7046359720000055,0.0970972466783815,0.08184871571988389,0.2414608066072998,0.9777462831930185,50000,0.2478941034897714,0.0,0.3115523465703971,0.1,0.5904326106097304,0.4400661859158715,0.2737281142121729,0.4347423035792583,0.8095238095238095,0.8095238095238095,0.9278594383086357,0.7,0.9666666666666667
top_100__full_incl_covid,full_incl_covid,sparse_jl,30,1.0,3,0.7,50000,100,,0.00698674700004176,0.000573159999987638,0.6319223429999852,0.09822536500424749,0.08224534691338431,0.24430209922175977,1.0215934449249624,50000,0.2890493381468111,0.0,0.3571600481347773,0.2,0.6622938922273083,0.3862898333012882,0.324008558171901,0.4575307612334992,0.7619047619047619,0.7619047619047619,0.9363879218624009,0.8,0.9666666666666667
top_100__full_incl_covid,full_incl_covid,sparse_jl,30,1.0,4,0.7,50000,100,,0.005574108000018896,0.000506280000024617,0.6600449809999986,0.10537801685839406,0.09066244133648971,0.2527967457638279,0.9573409769826287,50000,0.26618531889290015,0.0,0.3232250300842358,0.1,0.5254016248422309,0.36085367649077754,0.2090108914511646,0.36508873092805766,0.6666666666666666,0.6666666666666666,0.9162456128317769,0.8,0.9666666666666667
top_100__full_incl_covid,full_incl_covid,sparse_jl,30,1.0,5,0.7,50000,100,,0.006468337000001156,0.0006233899999870118,0.6986385149999705,0.09695985637075802,0.08069566122346122,0.24399560312154048,0.9818251726658351,50000,0.25294825511432006,0.0,0.30601684717208183,0.1,0.6303289209805616,0.4131069120200776,0.3259867594857432,0.45647419749546075,0.7380952380952381,0.7380952380952381,0.9298233338798124,0.6,0.9666666666666667
top_100__full_incl_covid,full_incl_covid,sparse_jl,30,1.0,6,0.7,50000,100,,0.007228586999985964,0.0010168399999770372,0.6443060869999613,0.0918804976256639,0.07780809755077889,0.22542895260426832,0.9835806576226671,50000,0.27966305655836343,0.0,0.3412755716004814,0.1,0.5961941203894617,0.3717922654621779,0.4086026876406342,0.4588630244974246,0.7142857142857143,0.7142857142857143,0.9349708539796507,0.9,0.9666666666666667
top_100__full_incl_covid,full_incl_covid,sparse_jl,30,1.0,7,0.7,50000,100,,0.007806057000038891,0.0005629600000247592,0.6825010809999981,0.09816433130284176,0.08438585159173212,0.23722824692280708,0.9666266385932794,50000,0.2529482551143201,0.0,0.3184115523465704,0.1,0.5455968160272474,0.28732864246957984,0.23023172692563917,0.35438572847415545,0.7857142857142857,0.7857142857142857,0.9330777637068685,0.9,0.9666666666666667
top_100__full_incl_covid,full_incl_covid,sparse_jl,30,1.0,8,0.7,50000,100,,0.012936115000002246,0.00038331000001790017,0.6795767429999842,0.14123836685172253,0.11895618948701414,0.3471078007966118,1.0955944381865685,50000,0.309265944645006,0.0,0.3689530685920578,0.2,0.6932310663529836,0.41083204551680613,0.3291326732416516,0.4777319283704804,0.8095238095238095,0.8095238095238095,0.9392766358407804,0.6,0.9666666666666667
top_100__full_incl_covid,full_incl_covid,sparse_jl,30,1.0,9,0.7,50000,100,,0.006013776999964193,0.0008129400000029818,0.6682081969999558,0.09630651496459629,0.08121508121831722,0.23737890911999876,1.0303629917490411,50000,0.31191335740072207,0.0,0.37978339350180507,0.2,0.508664060552329,0.41212716652242976,0.3429374209883075,0.4212428826876888,0.7619047619047619,0.7619047619047619,0.9434307069990597,1.0,0.9666666666666667
top_100__full_incl_covid,full_incl_covid,sparse_jl,30,1.0,10,0.7,50000,100,,0.007958395999992263,0.0009879099999920982,0.6420043880000321,0.10069301045403142,0.08589316654031887,0.24447977675546573,0.9881992989044116,50000,0.2695547533092659,0.0,0.3345367027677497,0.1,0.5187323356264899,0.39370141980445983,0.25694171870675847,0.3897918247125694,0.8095238095238095,0.8095238095238095,0.923598761890104,0.4,0.9666666666666667
top_100__full_incl_covid,full_incl_covid,sparse_jl,30,1.0,11,0.7,50000,100,,0.007517876000008528,0.0009681689999752052,0.6661259079999695,0.09398929705749132,0.07857699600471213,0.23257500099995468,1.0225637013386404,50000,0.31287605294825516,0.0,0.3651022864019254,0.2,0.7404410351845795,0.35751219818403934,0.3219615429475189,0.47330492543871255,0.7857142857142857,0.7857142857142857,0.9463205501818436,0.7,0.9666666666666667
top_100__full_incl_covid,full_incl_covid,sparse_jl,30,1.0,12,0.7,50000,100,,0.006071856999994907,0.0012496690000034505,0.7225685550000094,0.09843733604835966,0.08305558439444855,0.24195184594242206,0.9893085723837215,50000,0.26305655836341757,0.0,0.32767749699157633,0.1,0.5149709887318757,0.2417260318199821,0.30989910707235774,0.3555320425414052,0.7619047619047619,0.7619047619047619,0.9325935650405007,0.8,0.9666666666666667
top_100__full_incl_covid,full_incl_covid,sparse_jl,30,1.0,13,0.7,50000,100,,0.005964097999992646,0.00074442900000804,0.690273827999988,0.1071283487093376,0.09205083118819757,0.2556820079891902,0.9460582450182516,50000,0.2666666666666667,0.0,0.3249097472924188,0.1,0.522774098465718,0.261649720642907,0.22573885372573263,0.33672089094478586,0.6904761904761905,0.6904761904761905,0.9201559222170548,0.5,0.9666666666666667
top_100__full_incl_covid,full_incl_covid,sparse_jl,30,1.0,14,0.7,50000,100,,0.004980167999974583,0.0006901699999843913,0.6944865059999756,0.10318344928755491,0.08784300895907976,0.2519554319512595,1.0296289529809695,50000,0.2654632972322503,0.0,0.3274368231046932,0.1,0.6804583168064475,0.4465226847045911,0.2826164524353466,0.4698658179821284,0.7142857142857143,0.7142857142857143,0.9311874546227119,0.7,0.9666666666666667
top_100__full_incl_covid,full_incl_covid,sparse_jl,30,1.0,15,0.7,50000,100,,0.006843686999957299,0.0004061399999955029,0.6191132079999875,0.0894146273427524,0.07460619781178784,0.2225617824944636,0.9956625858803181,50000,0.2996389891696751,0.0,0.3569193742478941,0.2,0.5869247044209305,0.2979022935014107,0.29211533676154156,0.39231411156129425,0.8095238095238095,0.8095238095238095,0.9406106653774218,0.9,0.9666666666666667
top_100__full_incl_covid,full_incl_covid,sparse_jl,30,1.0,16,0.7,50000,100,,0.006255557999963912,0.0005183199999692079,0.6881679480000003,0.09361234318425043,0.07962718684470654,0.22801429545468208,1.0015402640858826,50000,0.269554753309266,0.0,0.33983152827918167,0.1,0.6549382474555948,0.40073000819127597,0.2985834919314316,0.4514172491927675,0.8571428571428571,0.8571428571428571,0.938445457754372,0.7,0.9666666666666667
top_100__full_incl_covid,full_incl_covid,sparse_jl,30,1.0,17,0.7,50000,100,,0.006102257000009104,0.00046247999995330247,0.6468292459999816,0.09331484304432071,0.07856501477824152,0.22990395766677568,0.970798193656579,50000,0.2789410348977136,0.0,0.32912154031287605,0.1,0.6791487065904563,0.22465854126222495,0.33839483826750033,0.41406736204006056,0.8095238095238095,0.8095238095238095,0.9369930290448102,0.8,0.9666666666666667
top_100__full_incl_covid,full_incl_covid,sparse_jl,30,1.0,18,0.7,50000,100,,0.006430267000041567,0.0005052600000112761,0.6685697069999605,0.11794758141240064,0.10006074360757905,0.28977424737670465,1.0398044651905916,50000,0.2734055354993983,0.0,0.334777376654633,0.1,0.531314983787685,0.378314247725923,0.2902198456706908,0.3999496923947663,0.8333333333333334,0.8333333333333334,0.9288657894560746,0.8,0.9666666666666667
top_100__full_incl_covid,full_incl_covid,sparse_jl,30,1.0,19,0.7,50000,100,,0.0064594469999974535,0.0006122399999526351,0.6661050580000278,0.09041410144689192,0.07528851481843668,0.22775576253924237,0.9990342583484498,50000,0.301323706377858,0.0,0.3611311672683513,0.1,0.5325017572635027,0.41269461447494876,0.333463979717629,0.42622011715202685,0.8095238095238095,0.8095238095238095,0.9353360052261251,0.7,0.9666666666666667
top_100__full_incl_covid,full_incl_covid,sparse_jl,30,1.0,20,0.7,50000,100,,0.009680024999966008,0.0005665190000172515,0.6633984889999738,0.10216778837671178,0.08712621910229423,0.24709442587336206,0.9634408902109484,50000,0.2430806257521059,0.0,0.3064981949458484,0.1,0.4642666543831062,0.3898711013185379,0.20684827784585322,0.35366201118249907,0.7619047619047619,0.7619047619047619,0.9188459823743738,0.8,0.9666666666666667
top_100__full_incl_covid,full_incl_covid,sparse_jl,30,1.0,21,0.7,50000,100,,0.01095711499999652,0.0005774800000040159,0.701223352999989,0.0968742257873394,0.08084987147170358,0.24170365851896802,0.9922183951190623,50000,0.2683513838748496,0.0,0.33273164861612514,0.1,0.6429483151403338,0.4485279565005037,0.2972318486609751,0.46290270676727086,0.8095238095238095,0.8095238095238095,0.9295463442216518,0.7,0.9666666666666667
top_100__full_incl_covid,full_incl_covid,sparse_jl,30,1.0,22,0.7,50000,100,,0.007491186999970978,0.0006085100000063903,0.6414589190000015,0.09042739036672677,0.07530531589519568,0.22636934639353873,1.0052150593455218,50000,0.29193742478941037,0.0,0.3535499398315282,0.1,0.6476606475798753,0.33549400517898936,0.4158384659880365,0.4663310395823004,0.7142857142857143,0.7142857142857143,0.9349295125517342,0.9,0.9666666666666667
top_100__full_incl_covid,full_incl_covid,sparse_jl,30,1.0,23,0.7,50000,100,,0.006273537999959444,0.0008014389999857485,0.6800576920000481,0.09724348749523322,0.08248120145841764,0.23835685421592775,0.9729104424568494,50000,0.29290012033694346,0.0,0.34608904933814677,0.1,0.3960410737253561,0.2300312222573212,0.3037881302029131,0.30995347539519674,0.7380952380952381,0.7380952380952381,0.9266227085515066,0.7,0.9666666666666667
top_100__full_incl_covid,full_incl_covid,sparse_jl,30,1.0,24,0.7,50000,100,,0.0077213470000288,0.0005290400000035334,0.7273453320000272,0.10178268654227599,0.08528423668035573,0.2520521922804495,1.0083750496670996,50000,0.27148014440433216,0.0,0.32876052948255113,0.1,0.5858027646363921,0.29272176563956837,0.27655124209162424,0.38502525745586164,0.7857142857142857,0.7857142857142857,0.9247445070479083,0.8,0.9666666666666667
top_100__full_incl_covid,full_incl_covid,sparse_jl,30,1.0,25,0.7,50000,100,,0.006925517000013315,0.0004852290000485482,0.6347357120000083,0.09334507324468935,0.07818982875015668,0.23207510873951678,1.002014734173975,50000,0.30637785800240674,0.0,0.37364620938628157,0.2,0.6475146750107661,0.27000204804042566,0.320563890408714,0.4126935378199686,0.8095238095238095,0.8095238095238095,0.9288258072556819,0.8,0.9666666666666667
top_100__full_incl_covid,full_incl_covid,sparse_jl,30,1.0,26,0.7,50000,100,,0.007102126999996017,0.0010328399999934845,0.6435976170000117,0.09532160996576435,0.07972720014678991,0.23686773804899633,0.970020549965425,50000,0.2782190132370638,0.0,0.3359807460890493,0.1,0.5765520114009864,0.29778988549238017,0.3055703576524698,0.3933040848486122,0.8333333333333334,0.8333333333333334,0.9241708712104736,0.7,0.9666666666666667
top_100__full_incl_covid,full_incl_covid,sparse_jl,30,1.0,27,0.7,50000,100,,0.006738236999979108,0.0003721799999993891,0.7367582290000314,0.09618902610568807,0.08071736788889022,0.2375586890292456,0.9878840726950167,50000,0.2897713598074609,0.0,0.3472924187725632,0.1,0.6082788960760817,0.33597835539504906,0.38717492893240485,0.44381072680117856,0.7142857142857143,0.7142857142857143,0.9277784910817944,1.0,0.9666666666666667
top_100__full_incl_covid,full_incl_covid,sparse_jl,30,1.0,28,0.7,50000,100,,0.013584883999953945,0.0007727799999770468,0.7228483939999819,0.12917046046077185,0.10972184613320501,0.31607435879154433,1.059889322626575,50000,0.28543922984356196,0.0,0.34043321299638984,0.1,0.6159614529495566,0.3856305063828862,0.310428555737687,0.4373401716900432,0.8095238095238095,0.8095238095238095,0.9276548850218981,0.6,0.9666666666666667
top_100__full_incl_covid,full_incl_covid,sparse_jl,30,1.0,29,0.7,50000,100,,0.012194575000023633,0.0006056990000047335,0.8055551889999606,0.09729469136846274,0.08221748831537212,0.23814769846731737,0.9823107155379981,50000,0.2844765342960289,0.0,0.34187725631768956,0.2,0.5222324790021243,0.26214571080531934,0.21729119350239012,0.33388979443661126,0.6190476190476191,0.6190476190476191,0.9242876393103655,0.6,0.9666666666666667
top_100__full_incl_covid,full_incl_covid,sparse_jl,30,1.0,30,0.7,50000,100,,0.00971067599999742,0.0012979100000052313,0.7032783520000407,0.10401271116864831,0.09020048563073763,0.24679514267208208,0.94366781700569,50000,0.28110709987966304,0.0,0.33381468110709983,0.1,0.5576280096045525,0.384819470105989,0.26007418476436833,0.40084055482497,0.7619047619047619,0.7619047619047619,0.9239906794632012,0.7,0.9666666666666667
top_100__full_incl_covid,full_incl_covid,sparse_jl,30,1.0,31,0.7,50000,100,,0.01042071599999872,0.000545238999961839,0.858098066000025,0.10505346972686443,0.0889393274436584,0.25775985634476967,0.9494250588100563,50000,0.2522262334536703,0.0,0.30433212996389897,0.1,0.645786741678369,0.4009556755340074,0.24441024530351355,0.43038422083863,0.7380952380952381,0.7380952380952381,0.9198797271842158,0.8,0.9666666666666667
top_100__full_incl_covid,full_incl_covid,sparse_jl,30,1.0,32,0.7,50000,100,,0.005706217000010838,0.0012538700000277458,0.7409728659999928,0.10658744330538383,0.09096764910002408,0.2573924728801829,0.972139439937259,50000,0.28303249097472927,0.0,0.33670276774969915,0.1,0.3265820852187352,0.34629230630605407,0.25532274372937963,0.309399045084723,0.6190476190476191,0.6190476190476191,0.912528167376532,0.6,0.9666666666666667
top_100__full_incl_covid,full_incl_covid,sparse_jl,30,1.0,33,0.7,50000,100,,0.008751296000014008,0.001219639999987976,0.7330119289999857,0.09612656175642566,0.08033019568206734,0.23739952400403835,0.9845458462988737,50000,0.29651022864019255,0.0,0.35379061371841153,0.2,0.5828480499061611,0.36662218330437807,0.2924370069453771,0.41396908005197214,0.7380952380952381,0.7380952380952381,0.9280551252496796,0.8,0.9666666666666667
top_100__full_incl_covid,full_incl_covid,sparse_jl,30,1.0,34,0.7,50000,100,,0.006034096999997018,0.0006227200000239463,0.6600518309999757,0.0908251872109214,0.07593988524281997,0.225361330475838,0.987263866086726,50000,0.2861612515042118,0.0,0.34825511432009626,0.1,0.5145634125361456,0.285151941085917,0.35393860682252365,0.38455132014819543,0.7619047619047619,0.7619047619047619,0.942376155552507,0.9,0.9666666666666667
top_100__full_incl_covid,full_incl_covid,sparse_jl,30,1.0,35,0.7,50000,100,,0.0071339369999918745,0.0004020099999593185,0.7211617549999687,0.10294704727324963,0.08733768884114107,0.2523537907928137,0.9557312873927667,50000,0.26690734055355,0.0,0.3333333333333333,0.1,0.4797163871877647,0.2998648121378141,0.23287123585835953,0.3374841450613128,0.7380952380952381,0.7380952380952381,0.9260617448968325,0.6,0.9666666666666667
top_100__full_incl_covid,full_incl_covid,sparse_jl,30,1.0,36,0.7,50000,100,,0.0072686560000079226,0.000772478999977011,0.7838476680000213,0.10372493080592098,0.08735251657439735,0.2566416346011529,0.9933289834712987,50000,0.27725631768953074,0.0,0.3320096269554753,0.1,0.5441032328021917,0.2801573266681791,0.20980036326642798,0.34468697424559963,0.6666666666666666,0.6666666666666666,0.9136778438385588,0.7,0.9666666666666667
top_100__full_incl_covid,full_incl_covid,sparse_jl,30,1.0,37,0.7,50000,100,,0.005676477999998042,0.0007297289999996792,0.7722032030000037,0.1150091134423242,0.10086764153806616,0.2709268227559313,0.9347040556465394,50000,0.23417569193742482,0.0,0.2963898916967509,0.1,0.5107262214963818,0.2709991863894813,0.2050146663218744,0.3289133580692458,0.6666666666666666,0.6666666666666666,0.9147868480308348,0.7,0.9666666666666667
top_100__full_incl_covid,full_incl_covid,sparse_jl,30,1.0,38,0.7,50000,100,,0.00585585699997182,0.0005288489999770718,0.7127091379999797,0.11365112982636534,0.09785680723095302,0.27232898701622404,1.064106375419529,50000,0.2902527075812274,0.0,0.3494584837545126,0.2,0.549309530577948,0.40890067422878856,0.28517542174707866,0.41446187551793834,0.8095238095238095,0.8095238095238095,0.9382907358397767,0.8,0.9666666666666667
top_100__full_incl_covid,full_incl_covid,sparse_jl,30,1.0,39,0.7,50000,100,,0.004945207999980994,0.0007458599999949911,0.7948076330000049,0.0907429801287784,0.07669060842357617,0.22256312126046593,0.9907411796491303,50000,0.2832731648616125,0.0,0.34416365824308065,0.1,0.6455761149987936,0.33122227929585035,0.41137126504483384,0.46272321977982594,0.7380952380952381,0.7380952380952381,0.9343383531348386,0.7,0.9666666666666667
top_100__full_incl_covid,full_incl_covid,sparse_jl,30,1.0,40,0.7,50000,100,,0.008507516000008764,0.00047731000000794666,0.6919731670000147,0.09893685983279839,0.08328544539653654,0.2449823621122285,1.004150401930437,50000,0.24187725631768955,0.0,0.3123947051744886,0.1,0.6101308366475188,0.2450890400740114,0.2753007148436626,0.3768401971883976,0.8571428571428571,0.8571428571428571,0.9210278771291776,0.9,0.9666666666666667
top_100__full_incl_covid,full_incl_covid,sparse_jl,30,1.0,41,0.7,50000,100,,0.01255260499999622,0.0008686289999673136,0.7600196879999999,0.09405460608931066,0.07857261948990507,0.23275165058999625,1.007657008507576,50000,0.28231046931407944,0.0,0.35439229843561976,0.2,0.5654758125011908,0.4798016367023606,0.29127728144330084,0.4455182435489508,0.8333333333333334,0.8333333333333334,0.9396678633445193,0.9,0.9666666666666667
top_100__full_incl_covid,full_incl_covid,sparse_jl,30,1.0,42,0.7,50000,100,,0.014290184999993016,0.00035619999999880747,0.7218367439999724,0.09452297627607882,0.07973080570123336,0.2325648251432011,0.9757118057615977,50000,0.26762936221419975,0.0,0.3297232250300842,0.1,0.6128196719381602,0.35299415503966675,0.25824409724608555,0.4080193080746375,0.7619047619047619,0.7619047619047619,0.9382676917054499,0.7,0.9666666666666667
top_100__full_incl_covid,full_incl_covid,sparse_jl,30,1.0,43,0.7,50000,100,,0.006321776999982376,0.0005460799999923438,0.7243281329999718,0.12029640431428362,0.10427045507879323,0.28614209714782807,0.9186486337084581,50000,0.24572803850782193,0.0,0.3055354993983153,0.1,0.34665383984494613,0.23242765449202327,0.2270271647518273,0.2687028863629322,0.6428571428571429,0.6428571428571429,0.9064449550493,0.7,0.9666666666666667
top_100__full_incl_covid,full_incl_covid,sparse_jl,30,1.0,44,0.7,50000,100,,0.00929559599995855,0.0005554100000040307,0.7343118200000163,0.10713104800054234,0.09226175397396508,0.2564408600454582,0.953843593534847,50000,0.25968712394705173,0.0,0.32394705174488564,0.1,0.5100070154995108,0.3074438598057552,0.2652331524951869,0.36089467593348434,0.7380952380952381,0.7380952380952381,0.9139340268600087,0.7,0.9666666666666667
top_100__full_incl_covid,full_incl_covid,sparse_jl,30,1.0,45,0.7,50000,100,,0.00818627699999297,0.0006674499999803629,0.770946213000002,0.09830285655185476,0.0830044973786796,0.24087059510819295,0.9610263952607522,50000,0.2673886883273165,0.0,0.3285198555956679,0.1,0.5873273129424015,0.32937318140163785,0.2642423103134934,0.39364760155251094,0.8333333333333334,0.8333333333333334,0.9253761923562062,0.7,0.9666666666666667
top_100__full_incl_covid,full_incl_covid,sparse_jl,30,1.0,46,0.7,50000,100,,0.007522997000023679,0.000737899999990077,0.7289837110000121,0.10161938187313395,0.08727231260924617,0.24287768999909942,0.9553005051266109,50000,0.2738868832731649,0.0,0.3406738868832732,0.1,0.2853106263669393,0.3290832099453202,0.2422325211361333,0.28554211914946426,0.6904761904761905,0.6904761904761905,0.931081455787047,0.6,0.9666666666666667
top_100__full_incl_covid,full_incl_covid,sparse_jl,30,1.0,47,0.7,50000,100,,0.005612417000008918,0.0017198990000224512,0.8015182709999635,0.09618194263931129,0.08226876729904409,0.2324691948743149,0.9635247240117409,50000,0.27797833935018057,0.0,0.3292418772563177,0.1,0.5484769127092881,0.3850751874810498,0.34246682318540006,0.42533964112524597,0.7380952380952381,0.7380952380952381,0.9342753686225044,0.8,0.9666666666666667
top_100__full_incl_covid,full_incl_covid,sparse_jl,30,1.0,48,0.7,50000,100,,0.005865317999962372,0.0007082699999614306,0.7683256039999833,0.09353377557366781,0.07908970452204772,0.22986582802942693,0.9949613371045666,50000,0.3030084235860409,0.0,0.3560770156438026,0.2,0.5639598132318531,0.3841595477905797,0.27052207937309114,0.40621381346517466,0.7142857142857143,0.7142857142857143,0.935242992241111,0.7,0.9666666666666667
top_100__full_incl_covid,full_incl_covid,sparse_jl,30,1.0,49,0.7,50000,100,,0.006888366999987738,0.0008949599999823477,0.7338796189999925,0.09870476755636608,0.08524395280737918,0.2380889577502261,0.9607997404926034,50000,0.2779783393501805,0.0,0.3329723225030084,0.1,0.6059886648876656,0.23677306768732348,0.22336085494585275,0.35537419584028057,0.7380952380952381,0.7380952380952381,0.9269506796974065,0.9,0.9666666666666667
top_100__full_incl_covid,full_incl_covid,sparse_jl,30,3.0,0,0.7,50000,300,,0.006803757000000132,0.0009454799999843999,0.7452538449999793,0.09295276495676122,0.07790405177523729,0.23145244701588033,0.9943766512747374,50000,0.277496991576414,0.0,0.34705174488567997,0.2,0.6499733949718318,0.2572512095326419,0.2886554005994395,0.39862666836797106,0.8095238095238095,0.8095238095238095,0.9391078197823228,0.9,0.9
top_100__full_incl_covid,full_incl_covid,sparse_jl,30,3.0,1,0.7,50000,300,,0.006949186999975154,0.0007497290000060275,0.7546967809999501,0.09800904926413158,0.08291287795430341,0.2424262100397913,1.019057323411874,50000,0.28279181708784595,0.0,0.3350180505415163,0.1,0.6331159693455937,0.4065470208831225,0.31751974239814806,0.4523942442089548,0.8333333333333334,0.8333333333333334,0.9323556793126405,1.0,0.9
top_100__full_incl_covid,full_incl_covid,sparse_jl,30,3.0,2,0.7,50000,300,,0.006595767000021624,0.00148842899994861,0.7521304120000423,0.09086504601107019,0.07754345148867747,0.2206859412448506,0.9872981450790008,50000,0.2957882069795427,0.0,0.35475330926594467,0.2,0.6688593781536858,0.39744911615860773,0.36297593406272777,0.4764281427916737,0.7380952380952381,0.7380952380952381,0.9395507815767372,0.8,0.9
top_100__full_incl_covid,full_incl_covid,sparse_jl,30,3.0,3,0.7,50000,300,,0.005854408000004696,0.0006452890000332445,0.6770763940000393,0.09653308018338198,0.08152495693842626,0.23718941985331454,1.0151925086619498,50000,0.3123947051744886,0.0,0.3582430806257521,0.2,0.5913157752119232,0.4323482108334735,0.28495461573660413,0.43620620059400034,0.7619047619047619,0.7619047619047619,0.9400892029657089,0.8,0.9
top_100__full_incl_covid,full_incl_covid,sparse_jl,30,3.0,4,0.7,50000,300,,0.007585656999992807,0.00073901000001797,0.8010796510000091,0.11024347150254939,0.09593453971854438,0.26030981284584587,0.9729889097372275,50000,0.2673886883273165,0.0,0.32274368231046935,0.1,0.37700928521877475,0.21514077679320845,0.22116151853751856,0.27110386018316723,0.6428571428571429,0.6428571428571429,0.906086390828518,0.6,0.9
top_100__full_incl_covid,full_incl_covid,sparse_jl,30,3.0,5,0.7,50000,300,,0.010533366000004207,0.0005210090000105083,0.6923260679999999,0.09458215258303194,0.0796722816365229,0.23309007933565629,0.9906122878354271,50000,0.2794223826714802,0.0,0.32599277978339347,0.1,0.5483038547600475,0.4297461575523795,0.24814068396087688,0.40873023209110126,0.8095238095238095,0.8095238095238095,0.9355502403950707,0.8,0.9
top_100__full_incl_covid,full_incl_covid,sparse_jl,30,3.0,6,0.7,50000,300,,0.006461696999963351,0.0007937400000059824,0.6926098370000204,0.10156315695573649,0.0879292495486636,0.2415568647285364,0.9652669185223246,50000,0.28279181708784595,0.0,0.33477737665463303,0.1,0.4966433847639427,0.2500388346923589,0.21893021055246129,0.321870810002921,0.7380952380952381,0.7380952380952381,0.9273669588099691,0.7,0.9
top_100__full_incl_covid,full_incl_covid,sparse_jl,30,3.0,7,0.7,50000,300,,0.012339814999961618,0.0005648700000051576,0.7313436700000011,0.09628957009815389,0.08267980132109587,0.23283147137165425,1.0205647583249318,50000,0.3085439229843562,0.0,0.3672683513838748,0.2,0.6594592546537555,0.41832485989264484,0.2810865628965736,0.4529568924809913,0.8571428571428571,0.8571428571428571,0.9441336576519909,0.6,0.9
top_100__full_incl_covid,full_incl_covid,sparse_jl,30,3.0,8,0.7,50000,300,,0.007581926999989719,0.0007277199999862205,0.767602385000032,0.09305410003630854,0.07833310197524201,0.2293807990655947,1.0017498677067096,50000,0.28303249097472927,0.0,0.3475330926594465,0.1,0.6256779272076898,0.20937591115468374,0.227879614959302,0.3543111511072252,0.7857142857142857,0.7857142857142857,0.930089867941636,0.8,0.9
top_100__full_incl_covid,full_incl_covid,sparse_jl,30,3.0,9,0.7,50000,300,,0.006442837000008694,0.0007978589999879659,0.8097804580000343,0.10749693382636116,0.09041866746009763,0.26556777984554125,1.0311444973630404,50000,0.2931407942238267,0.0,0.3510228640192539,0.2,0.47210175396802934,0.26366339280153905,0.25222210423638575,0.3293290836686514,0.8095238095238095,0.8095238095238095,0.9272597053027437,0.6,0.9
top_100__full_incl_covid,full_incl_covid,sparse_jl,30,3.0,10,0.7,50000,300,,0.007803056000000197,0.000815530000011222,0.7536502709999695,0.10337613006488311,0.08905405904305336,0.2463721607248708,1.0191363093961399,50000,0.2847172081829122,0.0,0.3468110709987967,0.1,0.5597037121939882,0.37523028104536116,0.2436751082380845,0.39286970049247794,0.7857142857142857,0.7857142857142857,0.9389114009495353,0.9,0.9
top_100__full_incl_covid,full_incl_covid,sparse_jl,30,3.0,11,0.7,50000,300,,0.007191877000025215,0.0007820900000297115,0.6571281720000002,0.10177026969439114,0.08754805145824296,0.24435386194754236,1.0313300429653331,50000,0.3034897713598075,0.0,0.3669073405535499,0.2,0.7424553669772407,0.4537854234057261,0.3462371742320695,0.5141593215383454,0.7857142857142857,0.7857142857142857,0.9346930278737833,0.8,0.9
top_100__full_incl_covid,full_incl_covid,sparse_jl,30,3.0,12,0.7,50000,300,,0.007091726999988168,0.0010547400000291418,0.714534977000028,0.09475218592999644,0.0808290977721135,0.23024997123086557,0.9983007733887742,50000,0.29554753309265946,0.0,0.3510228640192539,0.2,0.5659005206234327,0.38999070582326195,0.23758589523306214,0.39782570722658556,0.7857142857142857,0.7857142857142857,0.9249804062124642,0.8,0.9
top_100__full_incl_covid,full_incl_covid,sparse_jl,30,3.0,13,0.7,50000,300,,0.021039520999977412,0.0007106990000238511,0.74128604699996,0.10115132103838043,0.08583023047078636,0.24738014020128712,0.9585508076913453,50000,0.2529482551143201,0.0,0.3084235860409146,0.1,0.5519644364243476,0.3573406537318595,0.20868455566064772,0.3726632152722849,0.7857142857142857,0.7857142857142857,0.933757461113546,0.8,0.9
top_100__full_incl_covid,full_incl_covid,sparse_jl,30,3.0,14,0.7,50000,300,,0.00990592599998763,0.0007746090000182448,0.6511586249999937,0.10802311236755135,0.09237359185080662,0.26275242402182497,1.027358882090636,50000,0.2808664259927798,0.0,0.3462093862815884,0.2,0.6062346249223772,0.44968915052182035,0.3066650704067736,0.45419628195032374,0.7380952380952381,0.7380952380952381,0.9337158478401247,0.6,0.9
top_100__full_incl_covid,full_incl_covid,sparse_jl,30,3.0,15,0.7,50000,300,,0.007007365999982085,0.0010008790000028966,0.6597244309999724,0.09502579145666916,0.08099820777139743,0.23244677027792665,1.0047004274283449,50000,0.2924187725631769,0.0,0.3518652226233454,0.1,0.691719643524783,0.3087595275890875,0.3154887858587123,0.4386559856575276,0.8333333333333334,0.8333333333333334,0.9323278256039988,0.8,0.9
top_100__full_incl_covid,full_incl_covid,sparse_jl,30,3.0,16,0.7,50000,300,,0.008385717000010118,0.0016842199999587137,0.6878243990000215,0.09466573689637253,0.08135420427604595,0.22820550922253416,0.9659689451072605,50000,0.28929001203369437,0.0,0.3509025270758123,0.1,0.6672726955727206,0.3110076555784292,0.2526035269751307,0.4102946260420935,0.8095238095238095,0.8095238095238095,0.9261920425383846,0.7,0.9
top_100__full_incl_covid,full_incl_covid,sparse_jl,30,3.0,17,0.7,50000,300,,0.01296292399996446,0.00046366999998781466,0.7229441939999788,0.09951713100036742,0.08443939026344954,0.24389483335993722,0.9482555060236707,50000,0.2695547533092659,0.0,0.3263537906137184,0.1,0.6968540326767426,0.40914000889265123,0.2602274689904929,0.4554071701866289,0.7380952380952381,0.7380952380952381,0.936779002987791,0.8,0.9
top_100__full_incl_covid,full_incl_covid,sparse_jl,30,3.0,18,0.7,50000,300,,0.007280236999974932,0.000694060000000718,0.6570467320000262,0.09429395107179955,0.07873401236715338,0.23455185686747218,1.0254570995693797,50000,0.2919374247894103,0.0,0.3505415162454874,0.2,0.7212775060240093,0.45098314718339616,0.3548293095417341,0.5090299875830465,0.7857142857142857,0.7857142857142857,0.9422246748727762,0.7,0.9
top_100__full_incl_covid,full_incl_covid,sparse_jl,30,3.0,19,0.7,50000,300,,0.005053708000048118,0.0006221090000053664,0.6377860599999963,0.09813042573819666,0.0829674380040637,0.24184282552352138,0.980177657504118,50000,0.27990373044524675,0.0,0.3374247894103489,0.1,0.5481051250775912,0.2656941320524264,0.2693324912282255,0.3610439161194144,0.6904761904761905,0.6904761904761905,0.9315849554842529,0.7,0.9
top_100__full_incl_covid,full_incl_covid,sparse_jl,30,3.0,20,0.7,50000,300,,0.0065602469999817,0.000630610000030174,0.6575153819999855,0.11055715124736969,0.09505840454450998,0.26676728077463263,1.051371493629427,50000,0.30108303249097473,0.0,0.369193742478941,0.2,0.5891657141580928,0.45896041307221497,0.32562249668968046,0.4579162079733294,0.7380952380952381,0.7380952380952381,0.9402201070318484,0.8,0.9
top_100__full_incl_covid,full_incl_covid,sparse_jl,30,3.0,21,0.7,50000,300,,0.006359717000009368,0.0006664399999749548,0.704078681999988,0.096062419223111,0.08132141105698787,0.23610475105162207,0.9886642128279367,50000,0.2837545126353791,0.0,0.33441636582430806,0.1,0.6112393296379546,0.33651502895947366,0.2418391455616082,0.39653116805301214,0.7142857142857143,0.7142857142857143,0.9357651238109894,0.8,0.9
top_100__full_incl_covid,full_incl_covid,sparse_jl,30,3.0,22,0.7,50000,300,,0.008595066999987466,0.0006605989999570738,0.6473659160000125,0.097373130830359,0.08360033132584854,0.23436499763909677,0.9774485316720423,50000,0.29001203369434414,0.0,0.34199759326113116,0.1,0.3549998357051225,0.25534833353377806,0.23311549082733687,0.28115455335541245,0.6666666666666666,0.6666666666666666,0.9293924796659562,0.8,0.9
top_100__full_incl_covid,full_incl_covid,sparse_jl,30,3.0,23,0.7,50000,300,,0.003984419000005346,0.0008346289999963119,0.6703188969999587,0.09070516245325257,0.07641154542182466,0.2236199105581013,0.9779031090503976,50000,0.285439229843562,0.0,0.3505415162454874,0.2,0.6621460377569862,0.34658468559935807,0.2847593405468613,0.43116335463440186,0.7857142857142857,0.7857142857142857,0.9349983940204025,0.7,0.9
top_100__full_incl_covid,full_incl_covid,sparse_jl,30,3.0,24,0.7,50000,300,,0.006448347000002741,0.0006209400000329879,0.61781874899998,0.10990328399773146,0.09485051151359969,0.261882625855139,1.0455292095958124,50000,0.29554753309265946,0.0,0.35848375451263537,0.2,0.6585047193693009,0.37054283834531626,0.2648694191976127,0.4313056589707433,0.8095238095238095,0.8095238095238095,0.9386860828484724,0.8,0.9
top_100__full_incl_covid,full_incl_covid,sparse_jl,30,3.0,25,0.7,50000,300,,0.008052226000017981,0.001066910000020016,0.6577890410000009,0.09799868235510534,0.08191607357397712,0.24436434454827688,1.0247208589003594,50000,0.2950661853188929,0.0,0.3570397111913357,0.2,0.5749086737273478,0.3850667144213212,0.29380316528193584,0.4179261844768683,0.7619047619047619,0.7619047619047619,0.9322389530351342,0.8,0.9
top_100__full_incl_covid,full_incl_covid,sparse_jl,30,3.0,26,0.7,50000,300,,0.006874518000017815,0.0009939490000192563,0.6268890650000003,0.09565700860219467,0.08068266478131703,0.23425666809924522,1.003083143797844,50000,0.2825511432009627,0.0,0.349338146811071,0.1,0.6285131747190349,0.4971376834413859,0.2855836464188501,0.47041150152642364,0.7380952380952381,0.7380952380952381,0.9304111056834948,0.8,0.9
top_100__full_incl_covid,full_incl_covid,sparse_jl,30,3.0,27,0.7,50000,300,,0.005493887999989511,0.0004892490000543148,0.6422499590000257,0.09818391791346107,0.08276305468640582,0.24170165086696394,0.9893705789843454,50000,0.2620938628158845,0.0,0.3197352587244284,0.1,0.6384599391959529,0.3152104477760026,0.269759598232491,0.40780999506814886,0.6666666666666666,0.6666666666666666,0.9268975861792071,0.8,0.9
top_100__full_incl_covid,full_incl_covid,sparse_jl,30,3.0,28,0.7,50000,300,,0.00849082700000281,0.0006600590000402917,0.6166259899999886,0.09596630003967513,0.08113359854975022,0.23585520168847424,1.0183720705804362,50000,0.2871239470517449,0.0,0.3524669073405535,0.1,0.5886877828648343,0.2873500503937393,0.3458611935871489,0.4072996756152408,0.8095238095238095,0.8095238095238095,0.9415832240374996,0.9,0.9
top_100__full_incl_covid,full_incl_covid,sparse_jl,30,3.0,29,0.7,50000,300,,0.00609902699994791,0.0005575889999818173,0.6036248949999958,0.09547091280929314,0.08011470588432051,0.2358869963858004,0.9844319729230643,50000,0.28351383874849584,0.0,0.3294825511432009,0.1,0.6270027575806731,0.3374379272871832,0.23879317442379688,0.4010779530972178,0.8333333333333334,0.8333333333333334,0.9300486938032606,0.8,0.9
top_100__full_incl_covid,full_incl_covid,sparse_jl,30,3.0,30,0.7,50000,300,,0.009674286000006305,0.0011379499999861764,0.558762143000024,0.09586473861677103,0.0819030647656413,0.23104599287533756,1.0233475031882895,50000,0.2957882069795428,0.0,0.35836341756919377,0.2,0.7250556179240225,0.4205324524835363,0.368227883225138,0.5046053178775657,0.8571428571428571,0.8571428571428571,0.9464419396553165,0.8,0.9
top_100__full_incl_covid,full_incl_covid,sparse_jl,30,3.0,31,0.7,50000,300,,0.006177256999990277,0.0009497300000020914,0.598063097000022,0.09316414459402712,0.07790096795190649,0.23379383130152118,1.006883629156229,50000,0.2770156438026474,0.0,0.33850782190132367,0.1,0.5748601816250286,0.36464256804542877,0.28236692106346567,0.40728989024464096,0.7380952380952381,0.7380952380952381,0.9421103742936199,0.8,0.9
top_100__full_incl_covid,full_incl_covid,sparse_jl,30,3.0,32,0.7,50000,300,,0.003933538000012504,0.0006699699999899167,0.6380602199999998,0.09089809233086185,0.0769210093418361,0.22381296851324625,0.9924911278881229,50000,0.29819494584837547,0.0,0.3530685920577617,0.1,0.5892621751142002,0.40031004248546426,0.31847420094872597,0.43601547284946346,0.7857142857142857,0.7857142857142857,0.9380280076150199,0.7,0.9
top_100__full_incl_covid,full_incl_covid,sparse_jl,30,3.0,33,0.7,50000,300,,0.006470847000002777,0.00040260999998054103,0.6169933390000324,0.09522943219676847,0.08105548116462552,0.23249744161093913,1.0083801353829898,50000,0.28399518652226236,0.0,0.3415162454873646,0.1,0.6542599296866705,0.24665896303401552,0.29313039626830284,0.3980164296629963,0.8333333333333334,0.8333333333333334,0.9425296018843492,0.9,0.9
top_100__full_incl_covid,full_incl_covid,sparse_jl,30,3.0,34,0.7,50000,300,,0.00494450799999413,0.00036572999999862077,0.565840449999996,0.09931700108238754,0.08693987057333419,0.23434104113183538,0.9557808348228879,50000,0.29001203369434414,0.0,0.34163658243080625,0.1,0.6728383526635857,0.26064414137438424,0.27011584282178225,0.40119944561991744,0.7380952380952381,0.7380952380952381,0.9283078997467236,0.9,0.9
top_100__full_incl_covid,full_incl_covid,sparse_jl,30,3.0,35,0.7,50000,300,,0.004205667999997331,0.0004295699999943281,0.6106414809999592,0.09608373762595804,0.08120595135797143,0.23693233150121035,0.9913898377966683,50000,0.2851985559566787,0.0,0.338748495788207,0.1,0.6317129902937234,0.25578704839134103,0.24557938997147527,0.37769314288551326,0.7619047619047619,0.7619047619047619,0.9334107744502028,0.8,0.9
top_100__full_incl_covid,full_incl_covid,sparse_jl,30,3.0,36,0.7,50000,300,,0.008829106000007414,0.0006488399999966532,0.6452149570000074,0.10164604975802649,0.08810363676292265,0.2412492706956069,1.0239147058923717,50000,0.28640192539109505,0.0,0.35210589651022867,0.1,0.6216363144819369,0.4518765032057505,0.286904751617525,0.4534725231017374,0.7857142857142857,0.7857142857142857,0.9327431009793128,0.7,0.9
top_100__full_incl_covid,full_incl_covid,sparse_jl,30,3.0,37,0.7,50000,300,,0.007881166999993638,0.0004885989999934282,0.5711960179999664,0.09647298455287921,0.08219461997645872,0.234277561769511,1.0319958725639458,50000,0.29169675090252706,0.0,0.35379061371841153,0.2,0.6392925096971719,0.2257237085596145,0.45136148748351146,0.4387925685800993,0.8333333333333334,0.8333333333333334,0.9478033837655537,0.9,0.9
top_100__full_incl_covid,full_incl_covid,sparse_jl,30,3.0,38,0.7,50000,300,,0.005536337999956231,0.0009099499999933869,0.6527304130000289,0.09585731689560165,0.08089595974718528,0.23628170483689515,1.0146786742793021,50000,0.30276774969915765,0.0,0.3530685920577617,0.1,0.6509545273162761,0.4598459049376839,0.2347184298706005,0.4485062873748535,0.8333333333333334,0.8333333333333334,0.9364593335853828,0.6,0.9
top_100__full_incl_covid,full_incl_covid,sparse_jl,30,3.0,39,0.7,50000,300,,0.015536293000025125,0.001412010000024111,0.633150712000031,0.093832955975408,0.0807846645977277,0.2257642564814481,1.0246732092502058,50000,0.30758122743682315,0.0,0.3687123947051745,0.2,0.7171219298847575,0.3054801803890108,0.3747437200221122,0.46578194343196017,0.9047619047619048,0.9047619047619048,0.9416896620082105,0.9,0.9
top_100__full_incl_covid,full_incl_covid,sparse_jl,30,3.0,40,0.7,50000,300,,0.006337357000006705,0.0006004790000133653,0.5647253110000179,0.09935982789326404,0.08470421132417266,0.2410323783842153,0.979051763470493,50000,0.2738868832731649,0.0,0.3292418772563177,0.1,0.4560742574497164,0.3476420581248626,0.2620501525429517,0.3552554893725102,0.6904761904761905,0.6904761904761905,0.9287256217315805,0.8,0.9
top_100__full_incl_covid,full_incl_covid,sparse_jl,30,3.0,41,0.7,50000,300,,0.006050708000032046,0.0005251690000136477,0.5638251409999953,0.09451846859443078,0.07966101620055671,0.2334684264611578,0.989809787590281,50000,0.27220216606498193,0.0,0.3374247894103489,0.1,0.58516969037295,0.33414976269266516,0.23323859102312253,0.3841860146962459,0.7619047619047619,0.7619047619047619,0.9291130852206382,0.6,0.9
top_100__full_incl_covid,full_incl_covid,sparse_jl,30,3.0,42,0.7,50000,300,,0.00689928700001019,0.0006312099999945531,0.5842868329999646,0.09102981256273165,0.07676721779422463,0.22505567535648652,0.9795016344404982,50000,0.2931407942238267,0.0,0.3333333333333333,0.1,0.5276214487015377,0.28994340239711164,0.32474398128061405,0.3807696107930878,0.7857142857142857,0.7857142857142857,0.9366400899348575,0.9,0.9
top_100__full_incl_covid,full_incl_covid,sparse_jl,30,3.0,43,0.7,50000,300,,0.005905826999992314,0.00038885999998683474,0.5930766090000361,0.09903996208831173,0.08323882824093831,0.24445440931112702,0.9997237438425031,50000,0.2945848375451264,0.0,0.34909747292418775,0.2,0.4371584276828414,0.3442457568053428,0.28339010995018404,0.3549314314794561,0.7619047619047619,0.7619047619047619,0.9213487175583757,0.6,0.9
top_100__full_incl_covid,full_incl_covid,sparse_jl,30,3.0,44,0.7,50000,300,,0.0032371089999969627,0.0005296599999837781,0.6133442299999956,0.09860158347721855,0.08446363709256904,0.23850991500803057,1.0300677506300657,50000,0.3046931407942238,0.0,0.3632972322503008,0.2,0.6318190840525636,0.36384052647428666,0.32307296067849495,0.4395775237351151,0.7619047619047619,0.7619047619047619,0.9379415816556979,0.9,0.9
top_100__full_incl_covid,full_incl_covid,sparse_jl,30,3.0,45,0.7,50000,300,,0.006466008000018064,0.0004401200000074823,0.6315557820000208,0.09527110373236927,0.07991998887514123,0.23721216078262172,1.0017361551660426,50000,0.27412755716004816,0.0,0.3370637785800241,0.1,0.6681457602915638,0.2947184346935633,0.28718369726385756,0.41668263074966155,0.8095238095238095,0.8095238095238095,0.9339304594105385,0.8,0.9
top_100__full_incl_covid,full_incl_covid,sparse_jl,30,3.0,46,0.7,50000,300,,0.00651805699999386,0.0004874899999549598,0.5798382950000018,0.09684016067903033,0.08126201474643141,0.2393961405491389,0.9942635559798112,50000,0.2969915764139591,0.0,0.35174488567990375,0.2,0.5901567748427343,0.337479793947883,0.28234725141681316,0.4033279400691436,0.8333333333333334,0.8333333333333334,0.9275862544875418,0.9,0.9
top_100__full_incl_covid,full_incl_covid,sparse_jl,30,3.0,47,0.7,50000,300,,0.005934217000003628,0.0004546899999695597,0.5960143269999776,0.10575094590616158,0.08944027976019048,0.2593419208376198,0.9949852622441029,50000,0.277496991576414,0.0,0.32707581227436816,0.1,0.42554061997386133,0.18452282873996437,0.2431097840221542,0.28439107757865995,0.7142857142857143,0.7142857142857143,0.9184227816570362,0.7,0.9
top_100__full_incl_covid,full_incl_covid,sparse_jl,30,3.0,48,0.7,50000,300,,0.013430814999992435,0.0007177489999889985,0.6217492279999988,0.09781862513082903,0.083051198649425,0.239559817910952,0.9881798573559795,50000,0.2762936221419976,0.0,0.34296028880866425,0.1,0.4481698914389862,0.27048019735902085,0.2472692088687806,0.3219730992222625,0.7380952380952381,0.7380952380952381,0.9294698929012356,0.9,0.9
top_100__full_incl_covid,full_incl_covid,sparse_jl,30,3.0,49,0.7,50000,300,,0.005684168000016143,0.0007249600000136525,0.587275352000006,0.09738626598108917,0.08266829930192565,0.23877605693937032,0.9848894633602563,50000,0.2640192539109507,0.0,0.33212996389891697,0.1,0.5654696245750134,0.4791197597209122,0.2861605828691914,0.4435833223883723,0.7857142857142857,0.7857142857142857,0.9344978428013636,0.7,0.9
top_100__full_incl_covid,full_incl_covid,sparse_jl,30,5.0,0,0.7,50000,500,,0.006536836999998741,0.000651639000011528,0.5834705940000049,0.09576353639337301,0.08044074311284088,0.23783876665313522,0.974062304845144,50000,0.2654632972322503,0.0,0.3299638989169675,0.1,0.6638607991782506,0.41260129780464955,0.27574603483968463,0.45073604394086164,0.7857142857142857,0.7857142857142857,0.9293771308505333,0.8,0.8333333333333334
top_100__full_incl_covid,full_incl_covid,sparse_jl,30,5.0,1,0.7,50000,500,,0.007077396999989105,0.0005982799999628696,0.6336126020000279,0.11514259681005838,0.10118264724046472,0.2694699363018863,0.9463798294371778,50000,0.25198555956678703,0.0,0.3115523465703971,0.1,0.2880852832539399,0.20785880666297119,0.1980386633654814,0.23132758442746415,0.6190476190476191,0.6190476190476191,0.9072900390788367,0.7,0.8333333333333334
top_100__full_incl_covid,full_incl_covid,sparse_jl,30,5.0,2,0.7,50000,500,,0.006589206999990438,0.0007564699999988989,0.587225262000004,0.0870456072458746,0.07274404302831161,0.2173395642335402,0.9895407321276872,50000,0.31480144404332133,0.0,0.36883273164861613,0.2,0.6210209026871761,0.31669009736795306,0.30917424001731647,0.4156284133574819,0.7857142857142857,0.7857142857142857,0.9382457767755275,0.8,0.8333333333333334
top_100__full_incl_covid,full_incl_covid,sparse_jl,30,5.0,3,0.7,50000,500,,0.006017127000006894,0.0006303800000182491,0.5802293649999797,0.10318763078670361,0.08896107388296198,0.24909864940208176,1.0282252936496576,50000,0.3006016847172082,0.0,0.357641395908544,0.2,0.5879113550661534,0.4211695387104722,0.32874065917972867,0.44594051765211806,0.7857142857142857,0.7857142857142857,0.9357809954062292,0.8,0.8333333333333334
top_100__full_incl_covid,full_incl_covid,sparse_jl,30,5.0,4,0.7,50000,500,,0.006986616999995476,0.0005157299999609677,0.5843849629999909,0.09188945295066606,0.07704495791159938,0.22811478306884098,1.0036839887241593,50000,0.2945848375451264,0.0,0.3511432009626956,0.2,0.695841897170267,0.3249391841110998,0.33345286657562623,0.451411315952331,0.8333333333333334,0.8333333333333334,0.9357158152186641,0.8,0.8333333333333334
top_100__full_incl_covid,full_incl_covid,sparse_jl,30,5.0,5,0.7,50000,500,,0.012812945000007403,0.0005096400000184076,0.6835712109999577,0.10026531725167846,0.08500333291233036,0.2442453099301303,0.9828007933754852,50000,0.2604091456077016,0.0,0.3193742478941035,0.1,0.5613316639130456,0.38328543950582356,0.32340128725104117,0.4226727968899701,0.6904761904761905,0.6904761904761905,0.9336008781028027,0.5,0.8333333333333334
top_100__full_incl_covid,full_incl_covid,sparse_jl,30,5.0,6,0.7,50000,500,,0.009066456999960337,0.0006550900000092952,0.6007516959999748,0.10367966221321792,0.08958923517459516,0.24705706826615445,0.9585375942912976,50000,0.269554753309266,0.0,0.3308062575210589,0.1,0.5688960920834246,0.24071965932075512,0.24352534547759117,0.35104703229392364,0.7142857142857143,0.7142857142857143,0.9172272469494751,0.7,0.8333333333333334
top_100__full_incl_covid,full_incl_covid,sparse_jl,30,5.0,7,0.7,50000,500,,0.007318076999979439,0.0006198489999746926,0.6251978760000156,0.09743220052158662,0.08426937293937076,0.23143507044550118,0.954404859855673,50000,0.26835138387484964,0.0,0.3324909747292419,0.1,0.6271973957122055,0.30279589702866355,0.24465356472487562,0.3915489524885815,0.8333333333333334,0.8333333333333334,0.9318468681724955,0.7,0.8333333333333334
top_100__full_incl_covid,full_incl_covid,sparse_jl,30,5.0,8,0.7,50000,500,,0.006554418000007445,0.000930459000016981,0.6368597709999904,0.12321685791492944,0.10606060151388003,0.2991946760011959,0.9508689410895713,50000,0.24669073405535502,0.0,0.29975932611311673,0.1,0.12309811990231972,0.2247284929984923,0.20497765562224987,0.18426808950768728,0.6190476190476191,0.6190476190476191,0.8823900364022041,0.5,0.8333333333333334
top_100__full_incl_covid,full_incl_covid,sparse_jl,30,5.0,9,0.7,50000,500,,0.007669346000000132,0.0007250299999554954,0.6678770070000155,0.11060808756697867,0.09595279830338077,0.26271328931785354,0.9392878361413568,50000,0.2584837545126354,0.0,0.31516245487364625,0.1,0.538073632410651,0.24808336744209455,0.19859508305623394,0.3282506943029932,0.7380952380952381,0.7380952380952381,0.9097148382477424,0.6,0.8333333333333334
top_100__full_incl_covid,full_incl_covid,sparse_jl,30,5.0,10,0.7,50000,500,,0.006490907999989304,0.0005892589999803022,0.5874250509999683,0.0985883096680086,0.0825621325523273,0.24511966087413428,1.0188993944148668,50000,0.27773766546329726,0.0,0.3450060168471721,0.1,0.6044156921645893,0.44920674508987507,0.34097666212126654,0.46486636645857704,0.7857142857142857,0.7857142857142857,0.9333313119180413,0.8,0.8333333333333334
top_100__full_incl_covid,full_incl_covid,sparse_jl,30,5.0,11,0.7,50000,500,,0.006147977000011906,0.0008504599999810125,0.5947533480000402,0.12224622645332064,0.10319043622543944,0.3000970759796373,1.0671293621760718,50000,0.29651022864019255,0.0,0.36052948255114325,0.2,0.6956740723524913,0.5578024169144398,0.3650335547420316,0.5395033480029875,0.8095238095238095,0.8095238095238095,0.9323879661941293,0.6,0.8333333333333334
top_100__full_incl_covid,full_incl_covid,sparse_jl,30,5.0,12,0.7,50000,500,,0.007278527000039503,0.0006298899999706009,0.6365234510000164,0.11121671807040971,0.09517365701656066,0.2679970641630003,1.0437969541844585,50000,0.2815884476534296,0.0,0.35523465703971124,0.1,0.45950277806354384,0.5077569263556524,0.31148325238385416,0.42624765226768346,0.8333333333333334,0.8333333333333334,0.9345436592245125,0.8,0.8333333333333334
top_100__full_incl_covid,full_incl_covid,sparse_jl,30,5.0,13,0.7,50000,500,,0.007408117000011316,0.0008803299999726732,0.6283538349999844,0.09345426672201433,0.0804877339653507,0.2264498749925116,0.9709015495305372,50000,0.28158844765342966,0.0,0.3486161251504212,0.2,0.5404843503516105,0.2457887690486521,0.2863052227615304,0.357526114053931,0.7380952380952381,0.7380952380952381,0.9363455557860434,0.7,0.8333333333333334
top_100__full_incl_covid,full_incl_covid,sparse_jl,30,5.0,14,0.7,50000,500,,0.006464817999983552,0.0007932099999834463,0.6114892520000126,0.1260671257598429,0.10621807022337382,0.3101536121421725,1.0650926870496273,50000,0.30637785800240674,0.0,0.36052948255114325,0.2,0.5373814859575747,0.3724527930073715,0.3438934267569266,0.41790923524062434,0.7857142857142857,0.7857142857142857,0.9314897468240079,0.7,0.8333333333333334
top_100__full_incl_covid,full_incl_covid,sparse_jl,30,5.0,15,0.7,50000,500,,0.006684696999968764,0.00040493000000196844,0.7040125120000198,0.1007207466516505,0.08564192693998485,0.2441050633958356,1.0248466356826818,50000,0.2873646209386282,0.0,0.3523465703971119,0.2,0.6384755418059034,0.27531184316653856,0.2490728988034448,0.3876200945919623,0.8095238095238095,0.8095238095238095,0.9320783132530119,0.8,0.8333333333333334
top_100__full_incl_covid,full_incl_covid,sparse_jl,30,5.0,16,0.7,50000,500,,0.005818637999993825,0.000665979000018524,0.5968395179999675,0.09079128260567913,0.07649588747829306,0.22546072722382582,1.008166481568125,50000,0.29169675090252706,0.0,0.3560770156438026,0.2,0.6450145551546246,0.5139954718223353,0.2687745269124044,0.4759281846297881,0.8333333333333334,0.8333333333333334,0.9418416236453728,0.9,0.8333333333333334
top_100__full_incl_covid,full_incl_covid,sparse_jl,30,5.0,17,0.7,50000,500,,0.006910947000051237,0.0006175699999744211,0.6501778450000302,0.09564892165916761,0.08096073483427352,0.23441389524404924,1.025619616579837,50000,0.2972322503008424,0.0,0.3530685920577617,0.1,0.6156544650368968,0.24320307897808144,0.34120067024117906,0.40001940475205244,0.8333333333333334,0.8333333333333334,0.9414657031346714,0.7,0.8333333333333334
top_100__full_incl_covid,full_incl_covid,sparse_jl,30,5.0,18,0.7,50000,500,,0.005904457999974966,0.000554438999984086,0.6236929459999487,0.09265763554945282,0.07802177931360166,0.22906624739242007,0.9977272928941245,50000,0.2811070998796631,0.0,0.34368231046931413,0.2,0.6385667037232347,0.3406860246090707,0.25602035318888045,0.4117576938403953,0.7857142857142857,0.7857142857142857,0.9393770932103866,0.6,0.8333333333333334
top_100__full_incl_covid,full_incl_covid,sparse_jl,30,5.0,19,0.7,50000,500,,0.006371526999998878,0.0006039699999860204,0.6321100119999983,0.11200143466044701,0.09695737786496306,0.26659850155810144,0.9484919541136915,50000,0.2539109506618532,0.0,0.309265944645006,0.1,0.4602798437355658,0.18485195537338267,0.19962844813060365,0.2815867490798507,0.6904761904761905,0.6904761904761905,0.9064281424503902,0.6,0.8333333333333334
top_100__full_incl_covid,full_incl_covid,sparse_jl,30,5.0,20,0.7,50000,500,,0.006401287000016964,0.0016593799999782277,0.7289757109999755,0.12149255550495791,0.10619125297233817,0.284743143867889,0.9314994801126855,50000,0.2534296028880867,0.0,0.305294825511432,0.1,0.15146176446348292,0.22417196848860246,0.17021678414787614,0.1819501723666538,0.5952380952380952,0.5952380952380952,0.896448777615321,0.7,0.8333333333333334
top_100__full_incl_covid,full_incl_covid,sparse_jl,30,5.0,21,0.7,50000,500,,0.005820916999994097,0.0007303190000129689,0.6466681659999836,0.10123725618975615,0.08594144069011878,0.2481237586229118,1.0003269369749874,50000,0.2909747292418773,0.0,0.34271961492178094,0.1,0.6379408092595281,0.40521563629668245,0.2413279523108565,0.428161465955689,0.7619047619047619,0.7619047619047619,0.930356360181074,0.8,0.8333333333333334
top_100__full_incl_covid,full_incl_covid,sparse_jl,30,5.0,22,0.7,50000,500,,0.005134138000016719,0.0006596590000071956,0.6827836209999987,0.09111696315562111,0.07656034880383789,0.22413680222517673,1.0022072195317335,50000,0.29482551143200963,0.0,0.3521058965102286,0.2,0.6151187939326952,0.35099820299739715,0.3128854651714422,0.42633415403384484,0.7857142857142857,0.7857142857142857,0.9412133468614807,1.0,0.8333333333333334
top_100__full_incl_covid,full_incl_covid,sparse_jl,30,5.0,23,0.7,50000,500,,0.005055668000011337,0.0005442300000026989,0.7534284710000065,0.09380585955516044,0.07865562093025646,0.23509978276768403,1.0213372580974354,50000,0.3025270758122744,0.0,0.36618531889290007,0.2,0.6418252662166477,0.44554850150914077,0.28991826870302784,0.45909734547627207,0.7380952380952381,0.7380952380952381,0.9401866282123773,0.8,0.8333333333333334
top_100__full_incl_covid,full_incl_covid,sparse_jl,30,5.0,24,0.7,50000,500,,0.0057495270000345045,0.0007130090000373457,0.7316102210000395,0.09526037418215584,0.0806086755238209,0.23368305802065206,1.011123879464094,50000,0.3020457280385079,0.0,0.3601684717208183,0.2,0.701251494714275,0.2649984225296362,0.33195788349589234,0.4327359335799345,0.8095238095238095,0.8095238095238095,0.93830765299465,0.8,0.8333333333333334
top_100__full_incl_covid,full_incl_covid,sparse_jl,30,5.0,25,0.7,50000,500,,0.004511547999982213,0.00033851000000595377,0.7316989900000408,0.09646963442674665,0.08122006270532378,0.23874493161777485,1.000688060065999,50000,0.277496991576414,0.0,0.34187725631768956,0.1,0.6069457763737611,0.34089485555735743,0.2532498940624456,0.40036350866452136,0.7619047619047619,0.7619047619047619,0.9313933044033953,0.6,0.8333333333333334
top_100__full_incl_covid,full_incl_covid,sparse_jl,30,5.0,26,0.7,50000,500,,0.0065906870000276285,0.0004068599999982325,0.7079420299999697,0.09516388816562246,0.08079178965518446,0.23164052324689238,0.989076618537338,50000,0.28712394705174493,0.0,0.3407942238267148,0.1,0.5248392353476913,0.26946787922723053,0.2584191331151368,0.3509087492300196,0.7380952380952381,0.7380952380952381,0.9324560948598615,0.6,0.8333333333333334
top_100__full_incl_covid,full_incl_covid,sparse_jl,30,5.0,27,0.7,50000,500,,0.008501616999978978,0.0005683690000068964,0.8880535440000017,0.09013913712599535,0.07540820890747346,0.2229108812015004,1.001935529777147,50000,0.29675090252707587,0.0,0.35956678700361006,0.2,0.5798314814906547,0.3417064525509652,0.43361757911540666,0.4517185043856755,0.8333333333333334,0.8333333333333334,0.9317259596564541,0.8,0.8333333333333334
top_100__full_incl_covid,full_incl_covid,sparse_jl,30,5.0,28,0.7,50000,500,,0.005203668000035577,0.0007247789999951237,0.7808867499999792,0.09587208900198041,0.08160406434112627,0.2344223492161129,0.9642566085673758,50000,0.2719614921780987,0.0,0.33309265944645,0.1,0.5737606632837576,0.2351914433081167,0.27262025916491855,0.36052412191893096,0.7619047619047619,0.7619047619047619,0.9390385619121862,0.8,0.8333333333333334
top_100__full_incl_covid,full_incl_covid,sparse_jl,30,5.0,29,0.7,50000,500,,0.005851227999983166,0.0006046089999927062,0.8365250360000118,0.09939712134855923,0.08384732238947279,0.24317839436214458,1.0111541899636272,50000,0.2709987966305656,0.0,0.3439229843561974,0.1,0.6301333190628369,0.4545539334779657,0.3285976736315036,0.4710949753907688,0.7857142857142857,0.7857142857142857,0.9334141411522233,0.7,0.8333333333333334
top_100__full_incl_covid,full_incl_covid,sparse_jl,30,5.0,30,0.7,50000,500,,0.011259735000010096,0.0017617489999679492,0.8569719370000257,0.09487562227445315,0.07920904132704865,0.23565854219806887,0.9930009862197127,50000,0.2779783393501805,0.0,0.3328519855595668,0.1,0.48622420707424524,0.2713236159694398,0.2912206496296769,0.3495894908911206,0.7380952380952381,0.7380952380952381,0.9319887924371744,0.5,0.8333333333333334
top_100__full_incl_covid,full_incl_covid,sparse_jl,30,5.0,31,0.7,50000,500,,0.005704408000042349,0.000671629999999368,0.8954463809999993,0.1054500503288453,0.09075400199765898,0.25412014588359644,0.9575784627376897,50000,0.25679903730445247,0.0,0.3140794223826715,0.1,0.5520390435871577,0.22574953247048565,0.21722826834727757,0.331672281468307,0.7380952380952381,0.7380952380952381,0.9187822868814887,0.8,0.8333333333333334
top_100__full_incl_covid,full_incl_covid,sparse_jl,30,5.0,32,0.7,50000,500,,0.006137477000038416,0.0007650000000012369,0.866750412999977,0.10358687192373234,0.08926392842519526,0.24816621025692628,0.9687531205294068,50000,0.27605294825511434,0.0,0.3406738868832731,0.1,0.23243531676867715,0.24713396901859594,0.27930296141733346,0.25295741573486885,0.6666666666666666,0.6666666666666666,0.9217372475182595,0.8,0.8333333333333334
top_100__full_incl_covid,full_incl_covid,sparse_jl,30,5.0,33,0.7,50000,500,,0.008019436999973095,0.0010058290000074521,0.9076191059999701,0.10066518774311908,0.08648008765802406,0.24161001214765893,1.013646976660611,50000,0.29675090252707587,0.0,0.35066185318892895,0.2,0.5598066897230313,0.3563838340288688,0.2931010386395227,0.4030971874638076,0.8571428571428571,0.8571428571428571,0.930987020840931,0.6,0.8333333333333334
top_100__full_incl_covid,full_incl_covid,sparse_jl,30,5.0,34,0.7,50000,500,,0.005947117999994589,0.0011888090000411466,0.7526150119999784,0.10305207642579331,0.08781709357847628,0.24897092761802436,0.9666033785667983,50000,0.2594464500601685,0.0,0.32081829121540306,0.1,0.4112246542540017,0.3018065445888478,0.24593578570086821,0.31965566151457253,0.7857142857142857,0.7857142857142857,0.9241813268068106,0.8,0.8333333333333334
top_100__full_incl_covid,full_incl_covid,sparse_jl,30,5.0,35,0.7,50000,500,,0.012830495000002884,0.0035620889999563587,0.8173769040000138,0.09803468071273752,0.08374515703285834,0.23985969690872463,0.9813475029836299,50000,0.27773766546329726,0.0,0.3361010830324909,0.1,0.6401113430427734,0.2770149225693109,0.23657365021019414,0.38456663860742607,0.7857142857142857,0.7857142857142857,0.9232605024374085,0.9,0.8333333333333334
top_100__full_incl_covid,full_incl_covid,sparse_jl,30,5.0,36,0.7,50000,500,,0.009874666000030174,0.0006632099999706043,0.7935680539999908,0.09116586520666364,0.07696186813756717,0.22556283820547796,0.984513730287865,50000,0.2856799037304453,0.0,0.3439229843561974,0.1,0.5683158055825579,0.38277566325267537,0.2574215944059062,0.4028376877470465,0.8095238095238095,0.8095238095238095,0.9378994456024596,0.8,0.8333333333333334
top_100__full_incl_covid,full_incl_covid,sparse_jl,30,5.0,37,0.7,50000,500,,0.008074115999988862,0.000506280000024617,0.766591136000045,0.1376786713261724,0.1138018492139406,0.3487310003824481,1.0862372298380576,50000,0.31480144404332133,0.0,0.3661853188929001,0.1,0.6550216737532591,0.3618250588777448,0.3112343779286352,0.44269370351987974,0.8333333333333334,0.8333333333333334,0.9308393041758815,0.7,0.8333333333333334
top_100__full_incl_covid,full_incl_covid,sparse_jl,30,5.0,38,0.7,50000,500,,0.00604339700004175,0.00046082000000069456,0.7827369679999947,0.11511226949216802,0.0990617684045002,0.2755366052889806,1.0563929219665016,50000,0.3006016847172082,0.0,0.3606498194945848,0.2,0.6129923860967802,0.2596278771828103,0.35670185649481756,0.40977403992480266,0.8333333333333334,0.8333333333333334,0.9357338615779418,0.9,0.8333333333333334
top_100__full_incl_covid,full_incl_covid,sparse_jl,30,5.0,39,0.7,50000,500,,0.007374157000015202,0.0006492090000165263,0.7739218119999691,0.09445279669379952,0.08085511347408064,0.23017585688196446,0.9834829485563147,50000,0.27870036101083034,0.0,0.33646209386281584,0.1,0.6032306959729711,0.2448787759243001,0.2951112540820231,0.38107357532643144,0.7142857142857143,0.7142857142857143,0.9333610894564093,0.8,0.8333333333333334
top_100__full_incl_covid,full_incl_covid,sparse_jl,30,5.0,40,0.7,50000,500,,0.00596430699999928,0.0006278899999756504,0.7140365669999937,0.10494228534439527,0.08787819222402177,0.25955602711978226,1.0245176865520362,50000,0.27605294825511434,0.0,0.34043321299638984,0.1,0.5078064593775004,0.4065833620667308,0.2757442135939299,0.3967113450127204,0.6666666666666666,0.6666666666666666,0.9263408047630677,0.9,0.8333333333333334
top_100__full_incl_covid,full_incl_covid,sparse_jl,30,5.0,41,0.7,50000,500,,0.0075911960000212275,0.0005847790000075292,0.7603928479999809,0.09547956110883624,0.08031904135122081,0.23573114921569072,0.9977893166330181,50000,0.29193742478941037,0.0,0.3464500601684717,0.1,0.4411987568691699,0.3849331163319868,0.31947957472160304,0.3818704826409199,0.7619047619047619,0.7619047619047619,0.9405013416621218,0.8,0.8333333333333334
top_100__full_incl_covid,full_incl_covid,sparse_jl,30,5.0,42,0.7,50000,500,,0.0044853389999843785,0.0006618090000074517,0.790071246000025,0.09875872185305946,0.08394070775257811,0.24248833496365127,0.9937366255821571,50000,0.28856799037304454,0.0,0.34043321299638984,0.1,0.4608052072887438,0.35258023837736496,0.2728113392355465,0.3620655949672184,0.7619047619047619,0.7619047619047619,0.9260683319225247,0.7,0.8333333333333334
top_100__full_incl_covid,full_incl_covid,sparse_jl,30,5.0,43,0.7,50000,500,,0.011205754999991768,0.0009729899999797453,0.7805175490000238,0.1026194373939351,0.08835333614420271,0.2439479987636664,0.9648933574191146,50000,0.2620938628158845,0.0,0.315884476534296,0.1,0.2986558638687917,0.23990686171717313,0.2556393442432964,0.2647340232764204,0.7619047619047619,0.7619047619047619,0.9248180517125428,0.7,0.8333333333333334
top_100__full_incl_covid,full_incl_covid,sparse_jl,30,5.0,44,0.7,50000,500,,0.008069196000008105,0.0006290900000180955,0.9117218339999908,0.09821026751681276,0.08145600779151335,0.24738518260626693,1.0173121224259054,50000,0.2890493381468111,0.0,0.3428399518652226,0.1,0.4236110701585528,0.44123747879170977,0.3090939728437162,0.39131417393132634,0.7619047619047619,0.7619047619047619,0.9402904731951968,0.9,0.8333333333333334
top_100__full_incl_covid,full_incl_covid,sparse_jl,30,5.0,45,0.7,50000,500,,0.007853525999962585,0.0005467899999871406,0.8036556100000212,0.09003549042395201,0.07601752425855879,0.22201221044066655,0.9917993374470846,50000,0.29386281588447655,0.0,0.3415162454873646,0.2,0.663799904849707,0.3463120496109419,0.271120478355592,0.42707747760541365,0.8095238095238095,0.8095238095238095,0.9408494293753742,0.9,0.8333333333333334
top_100__full_incl_covid,full_incl_covid,sparse_jl,30,5.0,46,0.7,50000,500,,0.007512356999995973,0.0010420899999985522,0.7438334249999912,0.09907882875122126,0.08480788611124812,0.24023223225515108,0.9875589336517119,50000,0.2844765342960289,0.0,0.3447653429602888,0.1,0.6131905408172584,0.34446674435996805,0.2957100713554207,0.41778911884421577,0.7619047619047619,0.7619047619047619,0.9236529846127077,0.7,0.8333333333333334
top_100__full_incl_covid,full_incl_covid,sparse_jl,30,5.0,47,0.7,50000,500,,0.006343727000000854,0.0005947900000364825,0.7896425659999977,0.09163938552546017,0.07766090752497035,0.224808689439371,0.9998164678084582,50000,0.285439229843562,0.0,0.3509025270758123,0.1,0.6622835302438198,0.3028747316678002,0.3278064965439871,0.43098825281853576,0.8095238095238095,0.8095238095238095,0.9405971567469544,0.6,0.8333333333333334
top_100__full_incl_covid,full_incl_covid,sparse_jl,30,5.0,48,0.7,50000,500,,0.007431456999995589,0.0013654489999908037,0.778181490999998,0.09466203223986198,0.08058571749079174,0.23183824911363118,1.013009735066751,50000,0.2794223826714801,0.0,0.34861612515042123,0.1,0.6029594813741604,0.27806069458092014,0.3073570724188633,0.3961257494579813,0.8333333333333334,0.8333333333333334,0.9353544070756784,0.5,0.8333333333333334
top_100__full_incl_covid,full_incl_covid,sparse_jl,30,5.0,49,0.7,50000,500,,0.004609437999988586,0.0006383599999821854,0.7603008090000003,0.10656789272487051,0.09224792608071491,0.25348892593064315,0.9551083230905549,50000,0.26257521058965105,0.0,0.32286401925391095,0.1,0.3622652057060078,0.26439865383166805,0.24849191670503684,0.2917185920809042,0.6666666666666666,0.6666666666666666,0.9158452471368393,0.8,0.8333333333333334
top_100__full_incl_covid,full_incl_covid,sparse_jl,50,1.0,0,0.7,50000,100,,0.007572406000008414,0.0008330999999657251,0.7756991620000235,0.07417970266740015,0.06196031409304781,0.18531790508195314,0.9780915944083378,50000,0.3889290012033695,0.2,0.4456077015643803,0.2,0.6751846400279122,0.5359643574070607,0.36097333242716484,0.5240407766207126,0.8809523809523809,0.8809523809523809,0.9561639713533389,0.9,0.98
top_100__full_incl_covid,full_incl_covid,sparse_jl,50,1.0,1,0.7,50000,100,,0.005905736999977762,0.0013052099999981692,0.7805077799999935,0.06376668660922298,0.05291221814645736,0.15942511823429623,1.0009184770048773,50000,0.4310469314079423,0.2,0.4918170878459687,0.3,0.6573808079343847,0.5106398140041049,0.4568813013388157,0.5416339744257684,0.9047619047619048,0.9047619047619048,0.9691862074791806,0.8,0.98
top_100__full_incl_covid,full_incl_covid,sparse_jl,50,1.0,2,0.7,50000,100,,0.006695387999968716,0.0008102090000079443,0.761556158000019,0.07994217483107267,0.06736046488783565,0.19569172151773315,0.975742447398706,50000,0.3569193742478941,0.2,0.42695547533092654,0.2,0.6018186645242921,0.43238386892241915,0.3743567160592774,0.46951974983532957,0.7857142857142857,0.7857142857142857,0.9505244318010726,0.9,0.98
top_100__full_incl_covid,full_incl_covid,sparse_jl,50,1.0,3,0.7,50000,100,,0.008216216999983317,0.0008875599999669248,0.7883546160000492,0.08500473257711645,0.07119030514200375,0.2100387808520856,1.0413917752007724,50000,0.39975932611311676,0.2,0.46558363417569193,0.3,0.5783053729277243,0.5224179568935446,0.35620491526459336,0.4856427483619541,0.8571428571428571,0.8571428571428571,0.9607407413603316,0.8,0.98
top_100__full_incl_covid,full_incl_covid,sparse_jl,50,1.0,4,0.7,50000,100,,0.010453156000039598,0.0016095590000304583,0.7523477710000179,0.10317127810656222,0.08775952869437381,0.25129118203980705,0.9426597923764564,50000,0.3381468110709988,0.0,0.3935018050541516,0.2,0.25414178984539126,0.19881298987660986,0.2506499219962432,0.2345349005727481,0.5714285714285714,0.5714285714285714,0.9169385679346098,0.6,0.98
top_100__full_incl_covid,full_incl_covid,sparse_jl,50,1.0,5,0.7,50000,100,,0.011380425000027117,0.0015684100000044054,0.7844564879999893,0.076729651919435,0.06525304653733321,0.18672701269216505,1.0156045270073064,50000,0.38002406738868844,0.2,0.4368231046931408,0.2,0.8302837317151611,0.5003261114624177,0.2902896188822988,0.5402998206866259,0.8571428571428571,0.8571428571428571,0.9580781610195294,0.8,0.98
top_100__full_incl_covid,full_incl_covid,sparse_jl,50,1.0,6,0.7,50000,100,,0.01593892299996469,0.0009639600000355131,0.8070823989999667,0.07022944647857973,0.060295269789257144,0.17003627564525278,0.9701889846920231,50000,0.4175691937424789,0.2,0.47557160048134783,0.3,0.5335644489486852,0.5483534455356217,0.47558188725269057,0.5191665939123324,0.7619047619047619,0.7619047619047619,0.9653152529585155,0.9,0.98
top_100__full_incl_covid,full_incl_covid,sparse_jl,50,1.0,7,0.7,50000,100,,0.01625836400000935,0.0008323090000317279,0.8414982740000028,0.0735735063672136,0.06170735336246136,0.18103881710922295,1.0015315167524592,50000,0.394705174488568,0.2,0.4451263537906137,0.2,0.6997179874868373,0.36117068327287716,0.26080550949184705,0.44056472675052055,0.8809523809523809,0.8809523809523809,0.9608933930668522,0.9,0.98
top_100__full_incl_covid,full_incl_covid,sparse_jl,50,1.0,8,0.7,50000,100,,0.017918652000048496,0.0020586689999504415,0.747915943999999,0.11029657703336045,0.09502575581116085,0.2622316163388245,1.0859978268128094,50000,0.44885679903730447,0.2,0.509265944645006,0.3,0.7669626725661433,0.35310719043179933,0.3788587325305372,0.49964286517615997,0.8571428571428571,0.8571428571428571,0.9645762932317996,0.7,0.98
top_100__full_incl_covid,full_incl_covid,sparse_jl,50,1.0,9,0.7,50000,100,,0.017031482999982472,0.0005282900000338486,0.7981417520000491,0.07020052972864162,0.05851195525678521,0.1750542585272729,1.0123734918227976,50000,0.41131167268351393,0.2,0.46847172081829114,0.2,0.6797549229005306,0.3206684694097039,0.5500054955432868,0.5168096292845071,0.8809523809523809,0.8809523809523809,0.964924192744318,0.9,0.98
top_100__full_incl_covid,full_incl_covid,sparse_jl,50,1.0,10,0.7,50000,100,,0.006704587000001538,0.0007351399999606656,0.7760781810000026,0.07013377566552287,0.05913771362646497,0.17403369730253768,1.016459551251897,50000,0.402647412755716,0.2,0.47244283995186526,0.3,0.7065756549793483,0.5016140743704985,0.3456793717805567,0.5179563670434678,0.8333333333333334,0.8333333333333334,0.9663890217911355,0.8,0.98
top_100__full_incl_covid,full_incl_covid,sparse_jl,50,1.0,11,0.7,50000,100,,0.007097046000012597,0.0006158999999570369,0.8363897059999772,0.06556146863036716,0.055189123743131396,0.1610463285568871,1.0082867592954505,50000,0.4219013237063779,0.2,0.48531889290012026,0.3,0.75266910407308,0.6643789247624566,0.358224318021824,0.5917574489524534,0.8333333333333334,0.8333333333333334,0.9697024002703398,0.9,0.98
top_100__full_incl_covid,full_incl_covid,sparse_jl,50,1.0,12,0.7,50000,100,,0.013532383999972808,0.0010244100000136314,0.8775956190000329,0.08441061322665343,0.06941761141721398,0.21505960052053957,1.0309209921994686,50000,0.4141997593261132,0.2,0.4755716004813478,0.2,0.6243711360765918,0.35772737700949153,0.348271678358437,0.44345673048150674,0.8095238095238095,0.8095238095238095,0.9626254671560444,0.7,0.98
top_100__full_incl_covid,full_incl_covid,sparse_jl,50,1.0,13,0.7,50000,100,,0.003881188999969254,0.0005218590000026779,0.8753327590000026,0.07282587253923331,0.06113345854437474,0.1809739777735786,0.979301234753223,50000,0.4002406738868833,0.2,0.45234657039711196,0.3,0.653063376030517,0.22943082546293422,0.2829386801733196,0.3884776272222569,0.8333333333333334,0.8333333333333334,0.9573352908997834,0.8,0.98
top_100__full_incl_covid,full_incl_covid,sparse_jl,50,1.0,14,0.7,50000,100,,0.007967826000026434,0.0011826799999994364,0.8625654150000059,0.07806168623404233,0.0656544673806137,0.19322086575471584,1.0079246054856372,50000,0.3574007220216607,0.2,0.4237063778580024,0.2,0.7237720552223309,0.527821783082634,0.3877777114616908,0.5464571832555519,0.7619047619047619,0.7619047619047619,0.9537642028820642,0.6,0.98
top_100__full_incl_covid,full_incl_covid,sparse_jl,50,1.0,15,0.7,50000,100,,0.005874256999959471,0.0011817100000257597,0.8320815479999624,0.06414823537466931,0.05383991101004548,0.15912221654361275,1.0046335109058118,50000,0.4339350180505415,0.2,0.49326113116726833,0.3,0.7059245270740597,0.4177484167976009,0.3405802559851878,0.4880843999522828,0.8571428571428571,0.8571428571428571,0.9686518428615878,0.9,0.98
top_100__full_incl_covid,full_incl_covid,sparse_jl,50,1.0,16,0.7,50000,100,,0.016590613000005305,0.0007560699999658027,0.8127077959999838,0.07722577877712007,0.06547675355239546,0.1879235452751871,1.0110055083889176,50000,0.3831528279181709,0.2,0.43995186522262336,0.2,0.6898350428539907,0.5410930901908388,0.378709993501466,0.5365460421820984,0.8333333333333334,0.8333333333333334,0.9570194900680198,0.7,0.98
top_100__full_incl_covid,full_incl_covid,sparse_jl,50,1.0,17,0.7,50000,100,,0.012479463999966356,0.0009110290000080568,0.8658652739999866,0.07797633881048811,0.06613066152481428,0.19032364673352825,0.9593416500346212,50000,0.38604091456077017,0.2,0.45090252707581235,0.3,0.6664937513706319,0.35100729613629256,0.23993981239937742,0.4191469533021006,0.8333333333333334,0.8333333333333334,0.9539096402271122,0.8,0.98
top_100__full_incl_covid,full_incl_covid,sparse_jl,50,1.0,18,0.7,50000,100,,0.005577407999965089,0.0006560299999591734,0.8412344639999674,0.08375451740750439,0.07013990211278798,0.20844648415079473,1.0146741540014717,50000,0.3703971119133574,0.0,0.42045728038507824,0.2,0.6042890326598283,0.39274601453152264,0.2674472757981043,0.42149410766315176,0.8333333333333334,0.8333333333333334,0.9530468025949953,0.8,0.98
top_100__full_incl_covid,full_incl_covid,sparse_jl,50,1.0,19,0.7,50000,100,,0.008576936999986629,0.0008163699999954588,0.8208230829999934,0.07348376578991919,0.0612952992549739,0.18300100416615694,1.0071362280474019,50000,0.39181708784596875,0.2,0.4528279181708784,0.2,0.6799749251242063,0.5193292684339964,0.3712084872108681,0.5235042269230236,0.7857142857142857,0.7857142857142857,0.9586981569711223,0.8,0.98
top_100__full_incl_covid,full_incl_covid,sparse_jl,50,1.0,20,0.7,50000,100,,0.005779676999964067,0.0010682600000109232,0.7476729040000123,0.07420706343285662,0.06090299011623562,0.18920726074620445,1.0197966516550876,50000,0.3850782190132371,0.2,0.449338146811071,0.2,0.626990350494551,0.5428757958650842,0.2833723339180728,0.484412826759236,0.8333333333333334,0.8333333333333334,0.9613165310506117,0.8,0.98
top_100__full_incl_covid,full_incl_covid,sparse_jl,50,1.0,21,0.7,50000,100,,0.007084337000037522,0.0012047989999928177,0.7973440239999832,0.07472809740744794,0.062474135851389,0.18631338143787876,0.9889146286448229,50000,0.36871239470517453,0.2,0.43453670276774964,0.2,0.6955131868849297,0.28501637243058886,0.3529414946976492,0.4444903513377226,0.8095238095238095,0.8095238095238095,0.9543706274696118,0.7,0.98
top_100__full_incl_covid,full_incl_covid,sparse_jl,50,1.0,22,0.7,50000,100,,0.007452367000041704,0.0011353900000017347,0.7796683800000324,0.07589451294672168,0.06357791742399299,0.18839415064504259,0.9955958967472383,50000,0.37641395908543923,0.2,0.432129963898917,0.2,0.6353910973473903,0.2953147157383419,0.27607343098190734,0.4022597480225465,0.8333333333333334,0.8333333333333334,0.9549344977800677,0.9,0.98
top_100__full_incl_covid,full_incl_covid,sparse_jl,50,1.0,23,0.7,50000,100,,0.008803415999977915,0.000865050000015799,0.9160006129999942,0.07108101411864795,0.0599335926069936,0.17616241381228895,1.022604768910156,50000,0.41083032490974725,0.2,0.466546329723225,0.3,0.7335664345157684,0.44312999560013694,0.3777595724171599,0.5181520008443551,0.8571428571428571,0.8571428571428571,0.9641819290491596,0.7,0.98
top_100__full_incl_covid,full_incl_covid,sparse_jl,50,1.0,24,0.7,50000,100,,0.00715399700004582,0.0012719890000312262,0.8508146610000153,0.08821867357121724,0.07651588143066773,0.20858640930531305,1.0388166596543884,50000,0.40168471720818294,0.2,0.45824308062575203,0.2,0.6426384320957902,0.5335438124221707,0.351937226313979,0.50937315694398,0.8333333333333334,0.8333333333333334,0.9580955382206413,0.9,0.98
top_100__full_incl_covid,full_incl_covid,sparse_jl,50,1.0,25,0.7,50000,100,,0.0060814569999934065,0.0010870199999999386,0.8505527899999947,0.07239376969363372,0.06041425732860284,0.17916522379325964,0.9873676489181493,50000,0.38604091456077017,0.2,0.4589651022864019,0.2,0.6502823916361965,0.5059440349406211,0.28226593406650047,0.4794974535477727,0.9047619047619048,0.9047619047619048,0.9537961551844701,0.9,0.98
top_100__full_incl_covid,full_incl_covid,sparse_jl,50,1.0,26,0.7,50000,100,,0.006916437000029418,0.0006060000000047694,0.7716264830000341,0.0755933778797762,0.06351285936805012,0.18576371435362507,0.9705254105493899,50000,0.3795427196149218,0.2,0.4388688327316486,0.2,0.6820390692612196,0.39552653164493584,0.3828817700174961,0.48681579030788386,0.7619047619047619,0.7619047619047619,0.9532484701371439,0.8,0.98
top_100__full_incl_covid,full_incl_covid,sparse_jl,50,1.0,27,0.7,50000,100,,0.009981275999962236,0.0007720300000073621,0.891594332000011,0.0713854727752931,0.05835840165578776,0.17979922605490023,1.0004867784722744,50000,0.4098676293622142,0.2,0.46702767749699153,0.2,0.718309171222391,0.40085142061789236,0.485646867562698,0.5349358198009938,0.7619047619047619,0.7619047619047619,0.9560542921477634,1.0,0.98
top_100__full_incl_covid,full_incl_covid,sparse_jl,50,1.0,28,0.7,50000,100,,0.009856335999984367,0.0010322090000158823,0.7656728960000123,0.09605872520654377,0.08133671496605172,0.233342201933448,1.0345969412601153,50000,0.35138387484957884,0.2,0.42250300842358607,0.2,0.6238882458058764,0.5431535686489288,0.32306386957361155,0.49670189467613896,0.8095238095238095,0.8095238095238095,0.947671517784551,0.7,0.98
top_100__full_incl_covid,full_incl_covid,sparse_jl,50,1.0,29,0.7,50000,100,,0.007111497000039435,0.001376818999972329,0.9460292199999571,0.07837720975672821,0.06557767532502545,0.19494041160688957,1.0034255862723442,50000,0.3812274368231047,0.2,0.43670276774969913,0.2,0.5643433523313014,0.36676893921511405,0.30547649955155703,0.41219626369932416,0.7142857142857143,0.7142857142857143,0.9564057674742289,0.7,0.98
top_100__full_incl_covid,full_incl_covid,sparse_jl,50,1.0,30,0.7,50000,100,,0.00668620699997291,0.0009578490000308193,0.7475832640000135,0.07120155322845961,0.05864949702316535,0.1806168398774619,0.987916061861761,50000,0.3930204572803851,0.2,0.44969915764139595,0.2,0.6651310050598899,0.5932680928053409,0.33441258021492576,0.5309372260267189,0.8571428571428571,0.8571428571428571,0.9586578611028395,0.7,0.98
top_100__full_incl_covid,full_incl_covid,sparse_jl,50,1.0,31,0.7,50000,100,,0.006090668000013011,0.0005443399999762732,0.8124613059999888,0.06961637412612116,0.05763273621699033,0.17307213670435861,0.9827085145806495,50000,0.3956678700361011,0.2,0.45126353790613716,0.2,0.7555737888645383,0.6516644688580804,0.40839362038042937,0.6052106260343494,0.8095238095238095,0.8095238095238095,0.9613609255126587,0.9,0.98
top_100__full_incl_covid,full_incl_covid,sparse_jl,50,1.0,32,0.7,50000,100,,0.008161776999997983,0.001378278999993654,0.7824730589999831,0.08566853571198832,0.073314862472734,0.20811907134077626,0.9705852263247515,50000,0.39638989169675093,0.2,0.45054151624548733,0.2,0.4621289092261689,0.35320428015093835,0.2647458622200715,0.3600263505323929,0.6904761904761905,0.6904761904761905,0.945031249686332,0.8,0.98
top_100__full_incl_covid,full_incl_covid,sparse_jl,50,1.0,33,0.7,50000,100,,0.011014335000027131,0.0006736000000273634,0.789980474999993,0.07108413825057106,0.05891384310969866,0.17814175871254678,0.9904334246070631,50000,0.4055354993983153,0.2,0.46582430806257524,0.3,0.6859308430183384,0.2698607201738289,0.36175832795472845,0.43918329704896525,0.7857142857142857,0.7857142857142857,0.955926775694837,0.8,0.98
top_100__full_incl_covid,full_incl_covid,sparse_jl,50,1.0,34,0.7,50000,100,,0.004164358000025459,0.0008257999999727872,0.7425677450000308,0.07384386661469175,0.06006523617484166,0.18920368099771742,0.9923766607117288,50000,0.3759326113116727,0.0,0.4371841155234657,0.2,0.6484495892322918,0.2616935866340455,0.41255953012228563,0.44090090199620763,0.8095238095238095,0.8095238095238095,0.9577313070666448,0.9,0.98
top_100__full_incl_covid,full_incl_covid,sparse_jl,50,1.0,35,0.7,50000,100,,0.007281737000027988,0.0007706889999781197,0.6930537970000046,0.06803449175092291,0.05706930490746026,0.16850931306029998,1.0126016914835314,50000,0.4332129963898917,0.2,0.4942238267148014,0.3,0.6542107132602784,0.2443909794931083,0.375545492373835,0.42471572837574056,0.8809523809523809,0.8809523809523809,0.966376349608375,0.9,0.98
top_100__full_incl_covid,full_incl_covid,sparse_jl,50,1.0,36,0.7,50000,100,,0.006462048000003051,0.001207249000003685,0.7494117229999802,0.07670350762361987,0.06412066480882883,0.18979631196684194,0.9779896830404925,50000,0.37761732851985563,0.2,0.44079422382671474,0.2,0.666335115225839,0.5053459891133242,0.3754242104398639,0.515701771593009,0.7380952380952381,0.7380952380952381,0.9507031806760503,0.6,0.98
top_100__full_incl_covid,full_incl_covid,sparse_jl,50,1.0,37,0.7,50000,100,,0.0038371290000327463,0.0009496690000219132,0.746529704000011,0.08774116697407736,0.0760796060921447,0.20793903575886763,0.9497927512925127,50000,0.3492178098676294,0.2,0.40577617328519855,0.2,0.6479730418238819,0.3419718700253181,0.29909455670875357,0.4296798228526512,0.7380952380952381,0.7380952380952381,0.954707694984325,0.8,0.98
top_100__full_incl_covid,full_incl_covid,sparse_jl,50,1.0,38,0.7,50000,100,,0.007892077000008157,0.0008816299999807597,0.7856534969999984,0.07834850165606888,0.06672086543117317,0.19175179056560543,1.0287632707948975,50000,0.3898916967509025,0.2,0.44777376654632967,0.2,0.5979774367470981,0.5696839791087648,0.28878437570555077,0.4854819305204712,0.8809523809523809,0.8809523809523809,0.962823537973053,0.9,0.98
top_100__full_incl_covid,full_incl_covid,sparse_jl,50,1.0,39,0.7,50000,100,,0.005978777999985141,0.0007653389999973115,0.7524881819999791,0.07793977743801654,0.06685095983789419,0.18883627508571366,0.9619870132617283,50000,0.39205776173285206,0.2,0.4432009626955476,0.2,0.6071042015741818,0.36768052349455227,0.3333608958341576,0.4360485403009639,0.7619047619047619,0.7619047619047619,0.9579218707654833,0.8,0.98
top_100__full_incl_covid,full_incl_covid,sparse_jl,50,1.0,40,0.7,50000,100,,0.007635096999990765,0.0010053190000007817,0.6966564760000438,0.07036957214975409,0.058631540034275786,0.17544156101891825,0.9835820332295719,50000,0.3703971119133574,0.2,0.4354993983152828,0.2,0.703271080194023,0.6267630488787689,0.43104845496226585,0.5870275280116859,0.8809523809523809,0.8809523809523809,0.9532940147147879,0.8,0.98
top_100__full_incl_covid,full_incl_covid,sparse_jl,50,1.0,41,0.7,50000,100,,0.007218926999996711,0.0008175500000220381,0.682571031000009,0.07203016119967505,0.060631240497211636,0.17876350371457647,1.0235544432074806,50000,0.39638989169675093,0.2,0.46762936221419976,0.2,0.7606818256375357,0.5051980818786898,0.49676356939272587,0.5875478256363171,0.8333333333333334,0.8333333333333334,0.965627791644222,1.0,0.98
top_100__full_incl_covid,full_incl_covid,sparse_jl,50,1.0,42,0.7,50000,100,,0.008522507000009227,0.000815459000023111,0.6769800239999881,0.07244423109627285,0.06026800034727464,0.18254979007194205,1.000796505986133,50000,0.37906137184115524,0.2,0.43441636582430804,0.2,0.7133609463511562,0.4068730322243145,0.37787286825348154,0.49936894894298406,0.8095238095238095,0.8095238095238095,0.9605374427451543,0.9,0.98
top_100__full_incl_covid,full_incl_covid,sparse_jl,50,1.0,43,0.7,50000,100,,0.005411078000008729,0.0006459290000293549,0.7258598530000313,0.08491533699426375,0.07216237349065702,0.20723002316192984,0.9451500648337273,50000,0.3759326113116727,0.2,0.4395908543922984,0.2,0.6329889054778354,0.42570783123076394,0.2981481558967886,0.4522816308684627,0.7857142857142857,0.7857142857142857,0.9535804144096519,0.9,0.98
top_100__full_incl_covid,full_incl_covid,sparse_jl,50,1.0,44,0.7,50000,100,,0.005267078000031233,0.0006665189999921495,0.7391606069999739,0.07328190526378271,0.0608641228171396,0.18493533964696823,0.9920821974433321,50000,0.4151624548736462,0.2,0.4712394705174489,0.3,0.7079410975076093,0.362612138858547,0.3886912081258814,0.4864148148306793,0.8095238095238095,0.8095238095238095,0.9562824332598373,0.9,0.98
top_100__full_incl_covid,full_incl_covid,sparse_jl,50,1.0,45,0.7,50000,100,,0.006193898000049103,0.0006919290000269029,0.666566558999989,0.07551875399371896,0.06228842731273043,0.1899296930590126,0.9970098908209144,50000,0.37135980746089053,0.0,0.4348977135980746,0.2,0.6108836384438109,0.38952030107120666,0.43888452088115687,0.4797628201320581,0.8571428571428571,0.8571428571428571,0.9539193639317056,0.9,0.98
top_100__full_incl_covid,full_incl_covid,sparse_jl,50,1.0,46,0.7,50000,100,,0.005935177000026215,0.0007683700000029603,0.6754210839999928,0.07944613048384029,0.0668336189913038,0.19595052641903846,0.9720560214821528,50000,0.3930204572803851,0.2,0.44993983152827915,0.2,0.5408354333324045,0.37859245756551607,0.3132372891216619,0.4108883933398608,0.7380952380952381,0.7380952380952381,0.9534502631464484,0.8,0.98
top_100__full_incl_covid,full_incl_covid,sparse_jl,50,1.0,47,0.7,50000,100,,0.008611667000025136,0.0007796189999567105,0.6861876099999904,0.07469913424238102,0.06331651341919814,0.18222491549171516,0.9757349100650264,50000,0.37930204572803855,0.2,0.43610108303249095,0.2,0.6840368180561313,0.4960602568689936,0.31079130236004676,0.49696279242839053,0.7857142857142857,0.7857142857142857,0.9592136178705378,0.9,0.98
top_100__full_incl_covid,full_incl_covid,sparse_jl,50,1.0,48,0.7,50000,100,,0.006209507999983543,0.0007967989999997371,0.6359021320000124,0.08047449149897684,0.06825627218022473,0.19525734604186457,0.9559457455417614,50000,0.39566787003610115,0.2,0.45788206979542717,0.3,0.5875108836448175,0.2344273075215602,0.2865517117833273,0.36949663431656826,0.8095238095238095,0.8095238095238095,0.9552071797325374,0.7,0.98
top_100__full_incl_covid,full_incl_covid,sparse_jl,50,1.0,49,0.7,50000,100,,0.006768167000018366,0.0005747499999984029,0.6695296569999982,0.09739630158820492,0.08389681471746036,0.23358762102407907,0.9386764107111191,50000,0.35571600481347776,0.0,0.41227436823104696,0.2,0.3769485234207858,0.2314041170728451,0.2691724689185747,0.2925083698040685,0.7619047619047619,0.7619047619047619,0.93327468440828,0.7,0.98
top_100__full_incl_covid,full_incl_covid,sparse_jl,50,3.0,0,0.7,50000,300,,0.006378826999991816,0.0012810899999635694,0.6636117090000084,0.073725551031413,0.061821344196564265,0.18166865366182808,0.9904537910315176,50000,0.3925391095066186,0.2,0.4528279181708785,0.3,0.7147435082600704,0.5577059187880388,0.3406353615286946,0.5376949295256013,0.8571428571428571,0.8571428571428571,0.9592114431064998,1.0,0.94
top_100__full_incl_covid,full_incl_covid,sparse_jl,50,3.0,1,0.7,50000,300,,0.00619997799998373,0.0006602600000178427,0.6655259480000382,0.07746516591255155,0.06529664155025394,0.1905645611170682,1.011348305048888,50000,0.39999999999999997,0.2,0.4454873646209387,0.2,0.7181798957570719,0.29152794247704666,0.3493429895111719,0.45301694258176345,0.8571428571428571,0.8571428571428571,0.9557794354312555,1.0,0.94
top_100__full_incl_covid,full_incl_covid,sparse_jl,50,3.0,2,0.7,50000,300,,0.008972905999996783,0.0009731499999929838,0.6585417809999967,0.06960093349699463,0.05865311052558869,0.17167039197027262,1.0008463358160704,50000,0.4038507821901324,0.2,0.4606498194945848,0.2,0.6643489031708671,0.5944466217289981,0.3363218894145839,0.531705804771483,0.8095238095238095,0.8095238095238095,0.965049429877243,1.0,0.94
top_100__full_incl_covid,full_incl_covid,sparse_jl,50,3.0,3,0.7,50000,300,,0.00650897699995312,0.0010648599999854014,0.6568412820000162,0.06673790173916105,0.055735465427037334,0.16543382071982632,0.9964039588161193,50000,0.41588447653429605,0.2,0.4649819494584837,0.3,0.7045711892659665,0.4560649327181935,0.39386010425841855,0.5181654087475261,0.8809523809523809,0.8809523809523809,0.9628330943881049,0.8,0.94
top_100__full_incl_covid,full_incl_covid,sparse_jl,50,3.0,4,0.7,50000,300,,0.012956185000007281,0.0010434399999894595,0.7233313039999985,0.079175850893274,0.06761661978720479,0.19127243099078242,0.9849200464336267,50000,0.38267148014440433,0.2,0.4353790613718412,0.2,0.5316483136387382,0.4391512197548062,0.3114952872729686,0.4274316068888377,0.7619047619047619,0.7619047619047619,0.951670030580528,0.8,0.94
top_100__full_incl_covid,full_incl_covid,sparse_jl,50,3.0,5,0.7,50000,300,,0.008759896000015033,0.0017750989999854028,0.6588830420000136,0.07544946223207558,0.06397441709184709,0.18460255429834097,1.0038226524049387,50000,0.38772563176895314,0.2,0.44103489771359805,0.2,0.6661630920671318,0.4938218396713493,0.3129956451353838,0.4909935256246216,0.8095238095238095,0.8095238095238095,0.9573318614641849,0.8,0.94
top_100__full_incl_covid,full_incl_covid,sparse_jl,50,3.0,6,0.7,50000,300,,0.007178147000047375,0.0008494499999756044,0.6494571549999932,0.0790256737364623,0.06815439163607268,0.19115525577229364,0.9673454799639234,50000,0.3819494584837546,0.2,0.4354993983152828,0.2,0.5959989962826048,0.2659499192333729,0.2627483142495024,0.37489907658849336,0.7857142857142857,0.7857142857142857,0.9546307627064771,0.9,0.94
top_100__full_incl_covid,full_incl_covid,sparse_jl,50,3.0,7,0.7,50000,300,,0.005695198000012169,0.0008567699999844081,0.6228649260000338,0.06973746514821684,0.05847235710813975,0.17348523193029944,0.9971611663710761,50000,0.4091456077015644,0.2,0.46016847172081826,0.3,0.7474306564889874,0.27421921327308374,0.2948851483517613,0.43884500603794424,0.8333333333333334,0.8333333333333334,0.9646258527584373,0.8,0.94
top_100__full_incl_covid,full_incl_covid,sparse_jl,50,3.0,8,0.7,50000,300,,0.0070706660000041666,0.0012501299999598814,0.6549852030000238,0.07734692452637731,0.0657920190142598,0.18761449495635077,1.024706936153424,50000,0.4033694344163658,0.2,0.4540312876052948,0.2,0.7678068522323631,0.3297231273537143,0.3301384414116931,0.47588947366592343,0.8333333333333334,0.8333333333333334,0.957835800296437,0.8,0.94
top_100__full_incl_covid,full_incl_covid,sparse_jl,50,3.0,9,0.7,50000,300,,0.005119978000038827,0.0006511299999942821,0.6597936100000084,0.07580301284429014,0.06419103227443274,0.1865051398695779,1.001695873296807,50000,0.4038507821901324,0.2,0.45499398315282785,0.2,0.6178718524858301,0.3525357934857351,0.3195652976600239,0.42999098121052964,0.7857142857142857,0.7857142857142857,0.9550261515375581,0.9,0.94
top_100__full_incl_covid,full_incl_covid,sparse_jl,50,3.0,10,0.7,50000,300,,0.0058622180000043045,0.001143579000029149,0.6069232739999961,0.07916008613814171,0.06733060377050326,0.19287594055346038,0.9982341585510566,50000,0.36847172081829127,0.2,0.4206979542719615,0.2,0.6727653557915978,0.4594530243109121,0.24862679667977688,0.4602817255940956,0.7619047619047619,0.7619047619047619,0.9587494312155591,0.8,0.94
top_100__full_incl_covid,full_incl_covid,sparse_jl,50,3.0,11,0.7,50000,300,,0.007010806999971919,0.0006827499999531028,0.6126538110000297,0.08028032984953283,0.06844432287162194,0.19441197212718053,1.0255066621127027,50000,0.4113116726835139,0.2,0.4693140794223827,0.3,0.6996915023686449,0.3129666660418831,0.3932676184956038,0.46864192896871065,0.8809523809523809,0.8809523809523809,0.9580290615391305,1.0,0.94
top_100__full_incl_covid,full_incl_covid,sparse_jl,50,3.0,12,0.7,50000,300,,0.006348897000009401,0.0007868890000395368,0.6291113830000086,0.07638281626988253,0.06451824281781743,0.18740553380099345,1.0069790395972826,50000,0.3930204572803851,0.2,0.4446450060168472,0.2,0.6719311609378478,0.4030530726472603,0.3381848606853976,0.47105636475683527,0.8333333333333334,0.8333333333333334,0.9545856363526863,1.0,0.94
top_100__full_incl_covid,full_incl_covid,sparse_jl,50,3.0,13,0.7,50000,300,,0.006941527000037695,0.0008156190000363495,0.6732743960000107,0.08446067478236129,0.07375368124699799,0.19897619411923484,0.9571174033174018,50000,0.3848375451263539,0.2,0.43405535499398323,0.2,0.6850603647045143,0.31451573361598406,0.2836882771386566,0.42775479181971826,0.6666666666666666,0.6666666666666666,0.9507776036107773,0.7,0.94
top_100__full_incl_covid,full_incl_covid,sparse_jl,50,3.0,14,0.7,50000,300,,0.017432883000026322,0.0012799489999792968,0.641934018000029,0.07622482266218546,0.06459940023053712,0.18675511595607666,1.0026950855928618,50000,0.3903730445246691,0.2,0.44103489771359805,0.2,0.647530666071117,0.4891378204842846,0.3158920450337611,0.48418684386305416,0.7857142857142857,0.7857142857142857,0.959495835326867,0.7,0.94
top_100__full_incl_covid,full_incl_covid,sparse_jl,50,3.0,15,0.7,50000,300,,0.0054698469999721056,0.0007564199999592347,0.6028502950000529,0.07427323363307306,0.06318404284674328,0.18179798445186912,1.0179449474184235,50000,0.4125150421179302,0.2,0.4600481347773766,0.3,0.7548420621163527,0.48743068990114335,0.31609446966679833,0.5194557405614315,0.8571428571428571,0.8571428571428571,0.9588188772864297,0.9,0.94
top_100__full_incl_covid,full_incl_covid,sparse_jl,50,3.0,16,0.7,50000,300,,0.008539647000020523,0.0006581100000175866,0.621749077000004,0.07233431917458392,0.060631756170977824,0.17963450413826593,0.989516978033777,50000,0.3889290012033695,0.2,0.4608904933814681,0.3,0.6824007496549457,0.54821840854744,0.2773985478455141,0.5026725686826333,0.8333333333333334,0.8333333333333334,0.9605672202835223,0.9,0.94
top_100__full_incl_covid,full_incl_covid,sparse_jl,50,3.0,17,0.7,50000,300,,0.008355147000031593,0.0008631989999798861,0.6389913799999931,0.07480198325689762,0.06309604697987792,0.18388640208206386,1.0027178491776352,50000,0.393742478941035,0.2,0.4525872442839952,0.2,0.6890507783240011,0.3116673080738172,0.30064238041142116,0.43378682226974646,0.8809523809523809,0.8809523809523809,0.9605852248204146,0.8,0.94
top_100__full_incl_covid,full_incl_covid,sparse_jl,50,3.0,18,0.7,50000,300,,0.008619666000015513,0.0022801490000006197,0.6769050639999818,0.07671663233806802,0.0654488632117719,0.18635940236509357,0.9895429120426023,50000,0.38676293622141994,0.2,0.44536702767749703,0.2,0.6800734748279433,0.38079039962557387,0.3680592237580241,0.4763076994038471,0.8095238095238095,0.8095238095238095,0.9517553482466382,0.7,0.94
top_100__full_incl_covid,full_incl_covid,sparse_jl,50,3.0,19,0.7,50000,300,,0.005854747999990195,0.0005582200000162629,0.600993265999989,0.08358488588592157,0.07377618866425117,0.19376754207358673,0.9559494713297957,50000,0.3927797833935018,0.2,0.4511432009626955,0.2,0.6828783895190417,0.2696675208999601,0.3202484725037796,0.42426479430759373,0.7380952380952381,0.7380952380952381,0.9531904206662807,0.7,0.94
top_100__full_incl_covid,full_incl_covid,sparse_jl,50,3.0,20,0.7,50000,300,,0.006002368000054048,0.0006192989999931342,0.6207507980000173,0.07006391625353013,0.05786655922805084,0.17696449609134718,1.0188827278301287,50000,0.40649819494584843,0.2,0.47087845968712394,0.3,0.6667618453343868,0.527305997551994,0.3972986612184475,0.530455501368276,0.8333333333333334,0.8333333333333334,0.9659983588895987,0.9,0.94
top_100__full_incl_covid,full_incl_covid,sparse_jl,50,3.0,21,0.7,50000,300,,0.005273707000014838,0.0007989000000065971,0.6250364549999858,0.07200562623821247,0.060905423542250536,0.17646776707697787,0.9805685299737172,50000,0.4052948255114321,0.2,0.449338146811071,0.2,0.7429230770249248,0.38852789635251095,0.28314527686180546,0.47153208341308034,0.7857142857142857,0.7857142857142857,0.9593170864518891,0.9,0.94
top_100__full_incl_covid,full_incl_covid,sparse_jl,50,3.0,22,0.7,50000,300,,0.0064907969999694615,0.0007355399999937617,0.6351827409999942,0.07720034748003275,0.06534713433195288,0.189036228003829,0.986771871218576,50000,0.37545126353790614,0.2,0.44055354993983153,0.2,0.7083137039662822,0.4259957038887543,0.2712567610602232,0.46852205630508653,0.8333333333333334,0.8333333333333334,0.9531061485598042,0.8,0.94
top_100__full_incl_covid,full_incl_covid,sparse_jl,50,3.0,23,0.7,50000,300,,0.006131596999978228,0.0008650199999920005,0.6363388299999997,0.0795927401283736,0.06846502951081035,0.19023257984887262,0.969104491200505,50000,0.3858002406738869,0.2,0.438748495788207,0.2,0.5823867068067322,0.33763608248684857,0.28273839055219585,0.4009203932819256,0.7380952380952381,0.7380952380952381,0.9533152604865448,0.7,0.94
top_100__full_incl_covid,full_incl_covid,sparse_jl,50,3.0,24,0.7,50000,300,,0.005897308000044177,0.0007453389999909632,0.6243401450000192,0.087114288538372,0.0757126578652243,0.205904212973554,1.0405453878582118,50000,0.40000000000000013,0.2,0.45824308062575203,0.3,0.7428466137198126,0.48793181116383055,0.33667538436270933,0.5224846030821175,0.8333333333333334,0.8333333333333334,0.9593497288236533,0.7,0.94
top_100__full_incl_covid,full_incl_covid,sparse_jl,50,3.0,25,0.7,50000,300,,0.004821618000050876,0.0006359400000519599,0.5954216380000048,0.07381924395319359,0.06237488786483564,0.18302779489433443,1.0228002271025989,50000,0.41949458483754515,0.2,0.4740072202166065,0.3,0.746687545406522,0.47286455600492455,0.3077784507698032,0.5091101840604165,0.8809523809523809,0.8809523809523809,0.9612286622189953,0.8,0.94
top_100__full_incl_covid,full_incl_covid,sparse_jl,50,3.0,26,0.7,50000,300,,0.006015966999996181,0.0007135299999845301,0.6443893569999659,0.08893390741610277,0.07464112575534937,0.21893602833457806,1.045518919778415,50000,0.4219013237063779,0.2,0.4690734055354994,0.3,0.6625754979710325,0.61393671873776,0.39906547451996327,0.558525897076252,0.8333333333333334,0.8333333333333334,0.9611627083173013,0.8,0.94
top_100__full_incl_covid,full_incl_covid,sparse_jl,50,3.0,27,0.7,50000,300,,0.0064329979999797615,0.000755978999961826,0.7189118059999942,0.07189718759370617,0.05996475418309155,0.1805425124122948,0.993496476423436,50000,0.38772563176895314,0.2,0.44103489771359805,0.2,0.7612000157905646,0.3496528332641383,0.3127524876181919,0.4745351122242983,0.8571428571428571,0.8571428571428571,0.9617139273561893,0.9,0.94
top_100__full_incl_covid,full_incl_covid,sparse_jl,50,3.0,28,0.7,50000,300,,0.006087976999992861,0.0005897799999843301,0.6414111490000209,0.07396361337058885,0.06165665889117661,0.18430409020153585,0.9880144623150086,50000,0.38411552346570405,0.2,0.44247894103489777,0.2,0.6316091237993694,0.25776087134776793,0.2635211014495022,0.38429703219887984,0.8809523809523809,0.8809523809523809,0.9580297516084888,0.8,0.94
top_100__full_incl_covid,full_incl_covid,sparse_jl,50,3.0,29,0.7,50000,300,,0.00620461700003716,0.0005454090000398537,0.654191663000006,0.07534059098659518,0.06303287849542094,0.18644463237635606,0.9898929687325415,50000,0.39614921780986767,0.2,0.44669073405535503,0.2,0.45767993051000266,0.4483245171307058,0.300275918934193,0.40209345552496717,0.8095238095238095,0.8095238095238095,0.9549659273026567,0.8,0.94
top_100__full_incl_covid,full_incl_covid,sparse_jl,50,3.0,30,0.7,50000,300,,0.009338305999960994,0.0011692999999581843,0.6527413730000262,0.08212723528375931,0.06989541810239136,0.1985335797770921,1.034629572572038,50000,0.4019253910950662,0.2,0.45788206979542717,0.3,0.775943572024711,0.325499796123626,0.334588924224214,0.4786774307908503,0.8809523809523809,0.8809523809523809,0.9609295903413709,0.7,0.94
top_100__full_incl_covid,full_incl_covid,sparse_jl,50,3.0,31,0.7,50000,300,,0.01833580200002416,0.0009697300000084397,0.6822053819999496,0.07777839615808901,0.06601120804676863,0.1895166565394909,0.9869809768626769,50000,0.39061371841155235,0.2,0.44332129963898914,0.2,0.6759268584775976,0.31602612770703303,0.28221075968034015,0.42472124862165694,0.7619047619047619,0.7619047619047619,0.952543198341826,0.7,0.94
top_100__full_incl_covid,full_incl_covid,sparse_jl,50,3.0,32,0.7,50000,300,,0.005621828000016649,0.0010952490000022408,0.6459389869999654,0.08438226015334827,0.07371495695549468,0.1987993232574711,1.0375692329351918,50000,0.41588447653429605,0.2,0.4706377858002407,0.3,0.8130362617616634,0.397125305871739,0.36505775705620086,0.5250731082298677,0.8571428571428571,0.8571428571428571,0.9617952718956916,0.8,0.94
top_100__full_incl_covid,full_incl_covid,sparse_jl,50,3.0,33,0.7,50000,300,,0.005381467999995948,0.0008050000000139335,0.6528330439999763,0.07803574332275977,0.06749726992992966,0.18580029546227958,1.0084298556199467,50000,0.3985559566787004,0.2,0.4507821901323706,0.3,0.6923514714320899,0.3296481790712988,0.405487097461142,0.47582891598817684,0.8571428571428571,0.8571428571428571,0.962054173372189,0.9,0.94
top_100__full_incl_covid,full_incl_covid,sparse_jl,50,3.0,34,0.7,50000,300,,0.007148027000027923,0.0011197190000302726,0.5963380769999844,0.07243725417060022,0.06064275742559483,0.18080289994268764,0.9945367474271691,50000,0.4043321299638989,0.2,0.466546329723225,0.3,0.7238279641203998,0.35881142678186706,0.33566146339356984,0.4727669514319455,0.7857142857142857,0.7857142857142857,0.9589924401856244,0.9,0.94
top_100__full_incl_covid,full_incl_covid,sparse_jl,50,3.0,35,0.7,50000,300,,0.00601496799998813,0.0007687489999739228,0.6122442810000166,0.0741720475580034,0.06263726223744392,0.1822577859390024,0.9990226984194742,50000,0.3848375451263539,0.2,0.4391095066185319,0.2,0.679062767656944,0.5202810835488225,0.28692425376770375,0.4954227016578234,0.8571428571428571,0.8571428571428571,0.9569165233552928,0.8,0.94
top_100__full_incl_covid,full_incl_covid,sparse_jl,50,3.0,36,0.7,50000,300,,0.006748286999993525,0.000797540000007757,0.6231417860000192,0.07016659983684327,0.05922452723264987,0.17298064640737812,1.0092311070680124,50000,0.41588447653429605,0.2,0.4690734055354994,0.3,0.6340213742068982,0.5723108206126464,0.42980834495557513,0.54538017992504,0.7857142857142857,0.7857142857142857,0.9656566072677267,0.8,0.94
top_100__full_incl_covid,full_incl_covid,sparse_jl,50,3.0,37,0.7,50000,300,,0.006243427000015345,0.000457399999959307,0.6086037130000364,0.07358082055908129,0.06209088846442179,0.1802923484351725,1.0082018203199357,50000,0.387725631768953,0.2,0.4506618531889291,0.2,0.6560445700241893,0.5012625089459014,0.37867303384954215,0.5119933709398776,0.7857142857142857,0.7857142857142857,0.959309265665829,0.9,0.94
top_100__full_incl_covid,full_incl_covid,sparse_jl,50,3.0,38,0.7,50000,300,,0.005994197999996231,0.0009027600000308666,0.6646556590000046,0.08209480974811818,0.07023164556901612,0.1981484069416202,1.031612743598622,50000,0.41299638989169674,0.2,0.46486161251504204,0.3,0.7538132829386582,0.3238474271305825,0.23866649532641954,0.4387757351318868,0.8809523809523809,0.8809523809523809,0.9618919861618092,0.7,0.94
top_100__full_incl_covid,full_incl_covid,sparse_jl,50,3.0,39,0.7,50000,300,,0.006164937999983522,0.0008141989999899124,0.6453964869999709,0.07172671102924112,0.059139011426948995,0.1821341546339876,0.985560895689401,50000,0.39326113116726835,0.2,0.45764139590854386,0.3,0.7166601863071472,0.3062349814480539,0.3601431297803462,0.4610127658451824,0.8809523809523809,0.8809523809523809,0.9576678206856863,0.9,0.94
top_100__full_incl_covid,full_incl_covid,sparse_jl,50,3.0,40,0.7,50000,300,,0.006170698000005359,0.0006873490000316451,0.611011192000035,0.07528804004438029,0.06371414311745127,0.18413569807983393,0.969050019060273,50000,0.3889290012033695,0.2,0.441395908543923,0.2,0.6344546157894588,0.32244371333684624,0.32099864160386166,0.4259656569100556,0.7857142857142857,0.7857142857142857,0.9570315767373855,0.8,0.94
top_100__full_incl_covid,full_incl_covid,sparse_jl,50,3.0,41,0.7,50000,300,,0.006078787999967972,0.0006719289999637112,0.6194367069999771,0.07291629830841527,0.06116971627792622,0.18090550022431318,0.995151640415887,50000,0.3971119133574007,0.2,0.45306859205776173,0.3,0.6593692878009894,0.31767299303374685,0.28073353774097587,0.4192586061919041,0.8333333333333334,0.8333333333333334,0.9565660099436903,0.7,0.94
top_100__full_incl_covid,full_incl_covid,sparse_jl,50,3.0,42,0.7,50000,300,,0.006202826999981426,0.0007157499999834727,0.5996501960000273,0.06962920845005821,0.058795414351713704,0.17128696926549122,1.0037722360021015,50000,0.40818291215403135,0.2,0.4518652226233454,0.3,0.7406784546831348,0.4390253717256845,0.42336704911494866,0.5343569585079226,0.8095238095238095,0.8095238095238095,0.9622746400765516,0.6,0.94
top_100__full_incl_covid,full_incl_covid,sparse_jl,50,3.0,43,0.7,50000,300,,0.005976148000002013,0.000848648999976831,0.633204362000015,0.07173449054708309,0.06121679601470664,0.1744666366886986,1.013807896271686,50000,0.410589651022864,0.2,0.466546329723225,0.3,0.6981163547979993,0.4732864818536582,0.44062151416184026,0.5373414502711659,0.8095238095238095,0.8095238095238095,0.9624944794451339,0.9,0.94
top_100__full_incl_covid,full_incl_covid,sparse_jl,50,3.0,44,0.7,50000,300,,0.005487007999988691,0.0008060600000021623,0.65675606100001,0.06780301086105289,0.05712650419433679,0.16768287096570783,0.997623601603961,50000,0.41540312876052954,0.2,0.47208182912154034,0.3,0.7592102592040857,0.29705476517106044,0.3400589988499187,0.4654413410750216,0.8095238095238095,0.8095238095238095,0.9647390659555745,0.9,0.94
top_100__full_incl_covid,full_incl_covid,sparse_jl,50,3.0,45,0.7,50000,300,,0.007814416999963214,0.0006746199999838609,0.6246303359999956,0.07791679908361666,0.06615698451621432,0.19050077798811224,1.0122908680608407,50000,0.3771359807460891,0.2,0.4368231046931408,0.2,0.6816799135826515,0.5361734076116594,0.3936435100320997,0.5371656104088035,0.8809523809523809,0.8809523809523809,0.950696990963019,0.8,0.94
top_100__full_incl_covid,full_incl_covid,sparse_jl,50,3.0,46,0.7,50000,300,,0.0054148970000369445,0.0005326790000026449,0.6545810229999915,0.08019241523180637,0.06828216755492028,0.1957846519636987,0.9954595134865798,50000,0.3812274368231048,0.2,0.43670276774969913,0.2,0.5796845530962822,0.3842922862980821,0.30421199202338595,0.42272961047258345,0.7857142857142857,0.7857142857142857,0.948044719840205,1.0,0.94
top_100__full_incl_covid,full_incl_covid,sparse_jl,50,3.0,47,0.7,50000,300,,0.006146387999990566,0.0006710189999807881,0.6132231910000314,0.081439098896805,0.06864555799335298,0.20042495126746962,1.0331984806109458,50000,0.40048134777376654,0.2,0.4564380264741275,0.3,0.737704480811059,0.5288645734615665,0.34689689199304097,0.5378219820885555,0.7857142857142857,0.7857142857142857,0.9600200161936275,0.7,0.94
top_100__full_incl_covid,full_incl_covid,sparse_jl,50,3.0,48,0.7,50000,300,,0.003778077999982088,0.0007680599999844162,0.6167793289999963,0.08225514140612006,0.07033789597374257,0.20000691283216193,0.9897940773999493,50000,0.37208182912154036,0.2,0.4303249097472924,0.2,0.4623758102594177,0.43606868415068284,0.350381467618003,0.4162753206760345,0.7619047619047619,0.7619047619047619,0.9530559826085792,0.8,0.94
top_100__full_incl_covid,full_incl_covid,sparse_jl,50,3.0,49,0.7,50000,300,,0.006973416999983328,0.000597649999974692,0.6534618229999865,0.07236830036749572,0.06135632915641964,0.17763552747226677,1.0011879908490806,50000,0.38820697954271965,0.2,0.445006016847172,0.2,0.5635281256151582,0.3047917601548954,0.33001794481177105,0.39944594352727486,0.7380952380952381,0.7380952380952381,0.9603349805776841,0.8,0.94
top_100__full_incl_covid,full_incl_covid,sparse_jl,50,5.0,0,0.7,50000,500,,0.006397687000003316,0.000872788999970453,0.6049929540000107,0.06900814506000172,0.058050555306443985,0.1717681853303221,0.9995027218225323,50000,0.40697954271961495,0.2,0.4635379061371841,0.3,0.7508043960550626,0.225418773784041,0.34745721465159984,0.4412267948302344,0.9047619047619048,0.9047619047619048,0.9652138964076243,0.8,0.9
top_100__full_incl_covid,full_incl_covid,sparse_jl,50,5.0,1,0.7,50000,500,,0.010691906000033669,0.001291458999958195,0.6700790070000266,0.0789144818477944,0.0682025665640082,0.18934485663163872,0.965334201007589,50000,0.3843561973525873,0.2,0.44548736462093863,0.2,0.7126453186920516,0.4223042832720874,0.40837175229309003,0.5144404514190763,0.7857142857142857,0.7857142857142857,0.9539900019405585,0.8,0.9
top_100__full_incl_covid,full_incl_covid,sparse_jl,50,5.0,2,0.7,50000,500,,0.005775057999983346,0.0007686889999831692,0.5981207369999879,0.06892313142691536,0.0579717086295618,0.17088603578785827,0.9960724431053865,50000,0.4206979542719615,0.2,0.474849578820698,0.3,0.7067849080907721,0.47753979179196554,0.326059116168671,0.5034612720171362,0.9047619047619048,0.9047619047619048,0.9624771649775997,0.8,0.9
top_100__full_incl_covid,full_incl_covid,sparse_jl,50,5.0,3,0.7,50000,500,,0.005751798000005692,0.0007204199999932825,0.6028505639999935,0.07615850821025924,0.06422047140077203,0.18789397480197012,0.9871878334586572,50000,0.3711191335740073,0.2,0.4339350180505415,0.3,0.6347703494791636,0.3635936576664477,0.3133794589737907,0.43724782203980067,0.7857142857142857,0.7857142857142857,0.9564578363439873,0.7,0.9
top_100__full_incl_covid,full_incl_covid,sparse_jl,50,5.0,4,0.7,50000,500,,0.005181937999964248,0.0007182900000088921,0.6070337730000119,0.07972375008024044,0.0692862861542492,0.18896827945466685,0.9809937749036154,50000,0.3898916967509025,0.2,0.44620938628158846,0.2,0.5828695993349748,0.3038460985808077,0.2889963397803495,0.3919040125653774,0.7857142857142857,0.7857142857142857,0.9514538088482783,0.8,0.9
top_100__full_incl_covid,full_incl_covid,sparse_jl,50,5.0,5,0.7,50000,500,,0.0063246170000184065,0.0009943100000100458,0.6084775520000107,0.07253500716043053,0.06101915447877332,0.17894208161172243,0.9968095809445779,50000,0.3973525872442841,0.2,0.4590854392298436,0.3,0.6843874302172477,0.27474867232250055,0.2939449729156981,0.4176936918184821,0.8095238095238095,0.8095238095238095,0.9596100313500598,0.8,0.9
top_100__full_incl_covid,full_incl_covid,sparse_jl,50,5.0,6,0.7,50000,500,,0.00766514700001153,0.001007360000016888,0.6136914200000092,0.07145081041975224,0.06077729398564835,0.17348261217722022,0.9851734335939103,50000,0.40697954271961495,0.2,0.455956678700361,0.3,0.7120059003764297,0.34305556103733803,0.32108908695061084,0.4587168494547929,0.7857142857142857,0.7857142857142857,0.960033462090517,0.9,0.9
top_100__full_incl_covid,full_incl_covid,sparse_jl,50,5.0,7,0.7,50000,500,,0.006381977999978972,0.0006521189999943999,0.6244753159999732,0.0761198831901685,0.06494614749880367,0.18520278148386074,0.9825388802660138,50000,0.37424789410348985,0.2,0.44356197352587245,0.2,0.5218427660716419,0.48633247812078734,0.32350328371460996,0.4438928426356797,0.8095238095238095,0.8095238095238095,0.9556461056667659,0.8,0.9
top_100__full_incl_covid,full_incl_covid,sparse_jl,50,5.0,8,0.7,50000,500,,0.013328914999988228,0.0008858399999667199,0.6198071580000146,0.08510533000032011,0.07416449418777193,0.202677675395449,0.953293194989156,50000,0.38892900120336943,0.2,0.44175691937424794,0.2,0.546257255303727,0.43035974920830256,0.37769464219210463,0.4514372155680448,0.7380952380952381,0.7380952380952381,0.9467085782731034,0.9,0.9
top_100__full_incl_covid,full_incl_covid,sparse_jl,50,5.0,9,0.7,50000,500,,0.007748736999985795,0.0009505990000207021,0.6262403749999521,0.08606107162660355,0.07549124293277204,0.20220133468134197,0.9523985254904684,50000,0.3687123947051745,0.2,0.4232250300842358,0.2,0.6483552577131194,0.32020781754488203,0.319656915030889,0.42940666342963013,0.7857142857142857,0.7857142857142857,0.9516681694843802,0.8,0.9
top_100__full_incl_covid,full_incl_covid,sparse_jl,50,5.0,10,0.7,50000,500,,0.006230797999990045,0.0007904089999897224,0.62355846600002,0.0811505393706341,0.07062749572390992,0.19055270281578368,1.0369147340908622,50000,0.40457280385078226,0.2,0.47087845968712394,0.3,0.7849746266007622,0.5011429806332153,0.4186509821987002,0.5682561964775592,0.8809523809523809,0.8809523809523809,0.9624434979573946,0.9,0.9
top_100__full_incl_covid,full_incl_covid,sparse_jl,50,5.0,11,0.7,50000,500,,0.006677166999963902,0.0006746399999997266,0.5942628579999791,0.08468428615149158,0.07198322263487722,0.20557536593581324,1.0271374214215212,50000,0.38700361010830325,0.2,0.44885679903730447,0.2,0.6734622499715083,0.4889200698753707,0.3333810393199993,0.4985877863889594,0.8095238095238095,0.8095238095238095,0.9563936389824779,0.8,0.9
top_100__full_incl_covid,full_incl_covid,sparse_jl,50,5.0,12,0.7,50000,500,,0.004241298000010829,0.0008085300000288953,0.63600212099999,0.08198701694165235,0.0715273483798558,0.19472853183704814,1.0283297869686543,50000,0.4045728038507822,0.2,0.4620938628158845,0.3,0.697332349313768,0.6312914212409761,0.4030764619450312,0.5772334108332585,0.8333333333333334,0.8333333333333334,0.961699268610125,0.7,0.9
top_100__full_incl_covid,full_incl_covid,sparse_jl,50,5.0,13,0.7,50000,500,,0.006224797000015769,0.0005881700000145429,0.6269514150000077,0.07147951672192147,0.0599569253757401,0.17615698592984036,0.9824810422508279,50000,0.4021660649819495,0.2,0.469193742478941,0.3,0.6113075711022198,0.58923631572646,0.33457207738930234,0.511705321405994,0.8095238095238095,0.8095238095238095,0.9610459402174095,0.8,0.9
top_100__full_incl_covid,full_incl_covid,sparse_jl,50,5.0,14,0.7,50000,500,,0.004242758000032154,0.0007410900000195397,0.6367838510000183,0.09470125207594236,0.08197859203563956,0.2261284067029761,1.0533383371053253,50000,0.4146811070998797,0.2,0.46558363417569193,0.3,0.734016370015096,0.4785603431980189,0.3790631796657851,0.5305466309596333,0.8571428571428571,0.8571428571428571,0.9583706458714613,0.6,0.9
top_100__full_incl_covid,full_incl_covid,sparse_jl,50,5.0,15,0.7,50000,500,,0.005072008000013284,0.0006827800000337447,0.6500940149999792,0.07939570282946844,0.06717093833030974,0.1963404669874859,1.0292326584379208,50000,0.4060168471720818,0.2,0.47496991576413955,0.3,0.7505155443780117,0.41085094075923256,0.3803217362431292,0.5138960737934578,0.8571428571428571,0.8571428571428571,0.958934913494578,0.7,0.9
top_100__full_incl_covid,full_incl_covid,sparse_jl,50,5.0,16,0.7,50000,500,,0.005105216999993445,0.0005474089999779608,0.6242258560000096,0.07578598813846599,0.06494512036274575,0.18158831420135865,0.9701204399090844,50000,0.38267148014440433,0.2,0.4462093862815884,0.2,0.6616240074679771,0.24147556867596195,0.3378165046338047,0.41363869359258126,0.8333333333333334,0.8333333333333334,0.9577357611506843,0.9,0.9
top_100__full_incl_covid,full_incl_covid,sparse_jl,50,5.0,17,0.7,50000,500,,0.006827467999983128,0.001135309000005691,0.6394304199999965,0.09237207841474243,0.0794976591437484,0.22246521493295285,1.042387423554454,50000,0.393742478941035,0.2,0.4438026474127557,0.2,0.7000594399440909,0.48195030839059994,0.3507448146119337,0.5109181876488749,0.8571428571428571,0.8571428571428571,0.9567319611687516,0.7,0.9
top_100__full_incl_covid,full_incl_covid,sparse_jl,50,5.0,18,0.7,50000,500,,0.00599756700000853,0.0008988299999828087,0.6568074319999937,0.08718501259189722,0.07387413426714429,0.2128814804815043,1.0344834094895254,50000,0.4079422382671481,0.2,0.4671480144404332,0.3,0.7944249425896031,0.38747997326017297,0.37136360133923557,0.5177561723963372,0.8095238095238095,0.8095238095238095,0.959194881441902,0.8,0.9
top_100__full_incl_covid,full_incl_covid,sparse_jl,50,5.0,19,0.7,50000,500,,0.006118777999972735,0.000794778999988921,0.7256888230000413,0.08299471110320374,0.07120459978826299,0.20054071719351976,0.9699889534423087,50000,0.363898916967509,0.2,0.4208182912154032,0.2,0.6962599895131475,0.3240881611248163,0.2842488101334025,0.43486565359045537,0.8333333333333334,0.8333333333333334,0.9503314005814983,0.7,0.9
top_100__full_incl_covid,full_incl_covid,sparse_jl,50,5.0,20,0.7,50000,500,,0.005594677999965825,0.000989028999981656,0.6711865759999682,0.07411517657213129,0.06329179761600934,0.1794034218651917,1.0037841670244214,50000,0.4072202166064982,0.2,0.46630565583634176,0.3,0.7541180822223914,0.5643072920138624,0.33130018686034524,0.5499085203655331,0.8333333333333334,0.8333333333333334,0.962461753428599,0.9,0.9
top_100__full_incl_covid,full_incl_covid,sparse_jl,50,5.0,21,0.7,50000,500,,0.006227127999977711,0.0007142000000044391,0.6224633460000177,0.07427633589346239,0.06299336088755014,0.18164645994599946,1.0047680310973923,50000,0.4091456077015644,0.2,0.4518652226233454,0.2,0.759504978005452,0.4744467484191526,0.3056886534588477,0.5132134599611508,0.7857142857142857,0.7857142857142857,0.9579833496719451,0.9,0.9
top_100__full_incl_covid,full_incl_covid,sparse_jl,50,5.0,22,0.7,50000,500,,0.0061087670000006256,0.0005262199999833683,0.6752604339999948,0.07291199198830724,0.06207446931746241,0.17769857839891232,1.01196857563818,50000,0.41155234657039713,0.2,0.46847172081829125,0.3,0.5536196280698318,0.44440511247381376,0.32836373792000995,0.4421294928212185,0.8333333333333334,0.8333333333333334,0.9626904382316824,1.0,0.9
top_100__full_incl_covid,full_incl_covid,sparse_jl,50,5.0,23,0.7,50000,500,,0.005883477999987008,0.0006400689999850329,0.6362878609999711,0.07139976474997259,0.06024090292943385,0.1754813594547975,1.020417532769917,50000,0.41829121540312875,0.2,0.468231046931408,0.3,0.7481153602631365,0.5379104656006514,0.4281419920009908,0.5713892726215929,0.8809523809523809,0.8809523809523809,0.9638662745957448,0.8,0.9
top_100__full_incl_covid,full_incl_covid,sparse_jl,50,5.0,24,0.7,50000,500,,0.0061607069999922714,0.0005984299999681753,0.6844419899999821,0.0756516330195536,0.06408624605054192,0.18467385570914485,0.9807350775395557,50000,0.39181708784596875,0.2,0.4450060168471721,0.2,0.661022787680322,0.36868386156980626,0.34523225509814154,0.45831296811608996,0.7857142857142857,0.7857142857142857,0.9548399582779883,0.9,0.9
top_100__full_incl_covid,full_incl_covid,sparse_jl,50,5.0,25,0.7,50000,500,,0.006453057000044282,0.0006241899999963607,0.6724818050000181,0.07967873700565864,0.06741917201256709,0.1955839163569132,1.0217076181751583,50000,0.3944645006016848,0.2,0.45463297232250294,0.2,0.6611429356312867,0.5357834346795626,0.3711733227215279,0.5226998976774591,0.8571428571428571,0.8571428571428571,0.957096338701097,0.7,0.9
top_100__full_incl_covid,full_incl_covid,sparse_jl,50,5.0,26,0.7,50000,500,,0.006691096999986712,0.0007046599999966929,0.6425952480000205,0.07554876212233627,0.06426305265648669,0.18368278441109218,1.029779096264632,50000,0.4373044524669073,0.2,0.4856799037304453,0.3,0.6812981511133891,0.5795390838771622,0.40554827060965287,0.5554618352000681,0.8333333333333334,0.8333333333333334,0.9636078540766787,0.9,0.9
top_100__full_incl_covid,full_incl_covid,sparse_jl,50,5.0,27,0.7,50000,500,,0.0057650370000033035,0.0007651699999655648,0.6956400350000536,0.0748041636258496,0.0638420812201751,0.18184946503223942,0.9830830552539984,50000,0.39807460890493385,0.2,0.4482551143200963,0.2,0.5776454744575924,0.25017949200019174,0.27032175434159395,0.36604890693312603,0.8809523809523809,0.8809523809523809,0.9566955547823061,0.8,0.9
top_100__full_incl_covid,full_incl_covid,sparse_jl,50,5.0,28,0.7,50000,500,,0.0055617579999989175,0.0009972000000288972,0.7093029700000102,0.0724185763275771,0.060864400147917774,0.17948417431177413,0.991920885195235,50000,0.3773766546329724,0.2,0.4401925391095066,0.2,0.7586475638959316,0.4654958082414441,0.28374056610918336,0.5026279794155197,0.8809523809523809,0.8809523809523809,0.9614016186936023,0.9,0.9
top_100__full_incl_covid,full_incl_covid,sparse_jl,50,5.0,29,0.7,50000,500,,0.0074052370000003975,0.0011262190000138617,0.6600051510000071,0.07391161217338342,0.06246196587729502,0.18094860131666024,1.0001382415243616,50000,0.39446450060168475,0.2,0.43826714801444044,0.2,0.6823465180522976,0.5507649000866516,0.3727964746232015,0.535302630920717,0.8809523809523809,0.8809523809523809,0.9570657247150223,0.7,0.9
top_100__full_incl_covid,full_incl_covid,sparse_jl,50,5.0,30,0.7,50000,500,,0.005986618000008548,0.0008397189999982402,0.6620448699999884,0.07081950853938253,0.05954036975714766,0.17575606073276978,0.9855238058440983,50000,0.39205776173285195,0.2,0.4444043321299639,0.2,0.6992050517907168,0.23206926616776044,0.37697134848737746,0.4360818888152849,0.8571428571428571,0.8571428571428571,0.9602785830910423,0.8,0.9
top_100__full_incl_covid,full_incl_covid,sparse_jl,50,5.0,31,0.7,50000,500,,0.005916837999961899,0.0007701690000203598,0.6843731210000215,0.07359414652238265,0.06291090464251597,0.17847279430540744,0.9878297423843023,50000,0.3951865222623346,0.2,0.4584837545126354,0.3,0.683089451130744,0.2608001276414644,0.4090119498965787,0.45096717622292903,0.7619047619047619,0.7619047619047619,0.9588078779990832,0.9,0.9
top_100__full_incl_covid,full_incl_covid,sparse_jl,50,5.0,32,0.7,50000,500,,0.005751537999969969,0.0008752989999720739,0.7166574770000125,0.08506474388575021,0.0722377667625611,0.20818624751108186,0.9795901588463358,50000,0.3554753309265945,0.0,0.42466907340553545,0.2,0.5583249684226381,0.3794521071214316,0.2536211550725243,0.3971327435388647,0.7142857142857143,0.7142857142857143,0.9398617937453785,0.8,0.9
top_100__full_incl_covid,full_incl_covid,sparse_jl,50,5.0,33,0.7,50000,500,,0.00663777699998036,0.0008417290000011235,0.7095603399999959,0.08147383666217317,0.0690757429184829,0.20034082849117066,0.9632908307135373,50000,0.3699157641395909,0.2,0.432129963898917,0.2,0.7055350178112092,0.3245764179512457,0.3418940430247247,0.45733515959572646,0.8095238095238095,0.8095238095238095,0.9457011397436454,0.6,0.9
top_100__full_incl_covid,full_incl_covid,sparse_jl,50,5.0,34,0.7,50000,500,,0.005189207999990231,0.0009185389999970539,0.684019730999978,0.07696092776300176,0.0664629481346829,0.18429917104616259,0.963289488802134,50000,0.389410348977136,0.2,0.4542719614921781,0.2,0.6324145979234973,0.326070711926436,0.32588021028267755,0.42812184004420367,0.8571428571428571,0.8571428571428571,0.959495898060445,0.9,0.9
top_100__full_incl_covid,full_incl_covid,sparse_jl,50,5.0,35,0.7,50000,500,,0.00405882899997323,0.0010404089999838106,0.6905781480000428,0.077767066895886,0.06489129620671019,0.19249492063815274,0.9988623190243311,50000,0.3730445246690734,0.2,0.43285198555956683,0.2,0.6053584307879898,0.3941623730372329,0.30836925188810926,0.43596335190444396,0.7857142857142857,0.7857142857142857,0.9499843793390723,0.8,0.9
top_100__full_incl_covid,full_incl_covid,sparse_jl,50,5.0,36,0.7,50000,500,,0.005787517999976899,0.0007706989999860525,0.705714262000015,0.07466733078080885,0.06323621082821201,0.18196231204348348,0.986532616943475,50000,0.37400722021660654,0.2,0.4273164861612515,0.2,0.701789412710885,0.546316975456318,0.3103963060275835,0.5195008980649288,0.8571428571428571,0.8571428571428571,0.9554170444622142,0.8,0.9
top_100__full_incl_covid,full_incl_covid,sparse_jl,50,5.0,37,0.7,50000,500,,0.008241466000015407,0.0015141789999688626,0.6458156470000063,0.07507341133878347,0.06341667959268149,0.18335819957004604,1.0147871575002894,50000,0.41203369434416365,0.2,0.47244283995186526,0.3,0.7229315657035797,0.5150376818318861,0.37786189263517805,0.5386103800568813,0.8571428571428571,0.8571428571428571,0.959091580150092,0.8,0.9
top_100__full_incl_covid,full_incl_covid,sparse_jl,50,5.0,38,0.7,50000,500,,0.004728757999998834,0.0009792989999937163,0.7001023639999744,0.07014820673013118,0.05874864496869897,0.1741996178442331,1.0083781340328486,50000,0.4007220216606498,0.2,0.4531889290012034,0.2,0.7202057916207818,0.5464864601542332,0.3993725242853561,0.555354925353457,0.8571428571428571,0.8571428571428571,0.9658642135885946,0.7,0.9
top_100__full_incl_covid,full_incl_covid,sparse_jl,50,5.0,39,0.7,50000,500,,0.016830673000015395,0.00126188999996657,0.7437104449999765,0.07556323568771055,0.064355291305353,0.18382883778896628,1.0135778930398283,50000,0.37930204572803855,0.2,0.45571600481347774,0.2,0.6635609994119689,0.6144827729761558,0.3809566330777704,0.5530001351552984,0.8571428571428571,0.8571428571428571,0.9616852371998407,1.0,0.9
top_100__full_incl_covid,full_incl_covid,sparse_jl,50,5.0,40,0.7,50000,500,,0.0073294169999940095,0.0008311490000210142,0.6571541719999914,0.07582365831439729,0.06384291128676911,0.18648787966389316,1.0092197199126347,50000,0.41227436823104696,0.2,0.45571600481347774,0.2,0.6335774040203122,0.42290411668368855,0.3350971848784881,0.4638595685274962,0.7619047619047619,0.7619047619047619,0.9555765968623172,0.9,0.9
top_100__full_incl_covid,full_incl_covid,sparse_jl,50,5.0,41,0.7,50000,500,,0.007063127000037639,0.0006628999999520602,0.7631421769999633,0.07115804852420235,0.060300552326211565,0.1748126080596651,1.0042095584383206,50000,0.3987966305655836,0.2,0.4509025270758122,0.2,0.7082220170280584,0.5006484948322786,0.3426972906798772,0.5171892675134048,0.8333333333333334,0.8333333333333334,0.9663985363838022,0.9,0.9
top_100__full_incl_covid,full_incl_covid,sparse_jl,50,5.0,42,0.7,50000,500,,0.00826675600001181,0.0012043999999491461,0.6935470170000144,0.08473944378238639,0.07223691595073528,0.20576714424154335,0.9777661056456591,50000,0.38267148014440433,0.2,0.4322503008423586,0.2,0.1880347254211218,0.23281596512908262,0.3610123511039854,0.26062101388472997,0.6666666666666666,0.6666666666666666,0.9455860445391675,0.8,0.9
top_100__full_incl_covid,full_incl_covid,sparse_jl,50,5.0,43,0.7,50000,500,,0.006172426999967229,0.0008252499999912288,0.7077476100000126,0.0712829417223209,0.0609520920993622,0.1733238873000418,0.9752111773766048,50000,0.3896510228640193,0.2,0.4418772563176896,0.2,0.7297982239589969,0.5350531062830252,0.2896323343657496,0.5181612215359238,0.8095238095238095,0.8095238095238095,0.9629295158975251,0.8,0.9
top_100__full_incl_covid,full_incl_covid,sparse_jl,50,5.0,44,0.7,50000,500,,0.0067478869999604285,0.0005616299999928742,0.7262577630000351,0.08050984022536138,0.06953436960787529,0.19253267561534593,0.9870016852960384,50000,0.3951865222623346,0.2,0.436101083032491,0.2,0.38635209058138303,0.4066974643783132,0.2783074174109001,0.3571189907901988,0.7380952380952381,0.7380952380952381,0.9471574788462374,0.7,0.9
top_100__full_incl_covid,full_incl_covid,sparse_jl,50,5.0,45,0.7,50000,500,,0.011802544999966358,0.003882817999965482,0.7361435089999873,0.0712136051082223,0.060168266503829004,0.1753039174838895,0.9900632285917798,50000,0.4141997593261132,0.2,0.4630565583634175,0.3,0.6870337472440776,0.33975943454515856,0.32418842447412516,0.4503272020877871,0.7857142857142857,0.7857142857142857,0.9625388529959883,0.9,0.9
top_100__full_incl_covid,full_incl_covid,sparse_jl,50,5.0,46,0.7,50000,500,,0.005541598000036174,0.00073914000000741,0.7277045919999523,0.07099075618520059,0.05964115251165336,0.1757908903516321,1.0127921465570346,50000,0.402647412755716,0.2,0.4614921780986763,0.3,0.7441043808457436,0.5589408217688361,0.3490251131352739,0.5506901052499512,0.8095238095238095,0.8095238095238095,0.9627513107135567,0.8,0.9
top_100__full_incl_covid,full_incl_covid,sparse_jl,50,5.0,47,0.7,50000,500,,0.006651016999967396,0.0009688499999924716,0.6840612009999631,0.07219900361468495,0.06101970064079587,0.17745282476644675,0.9781458149586332,50000,0.39013237063778583,0.2,0.45246690734055356,0.2,0.6238015623446947,0.47794151388934647,0.3540592328239739,0.48526743635267167,0.7857142857142857,0.7857142857142857,0.960076894637701,0.8,0.9
top_100__full_incl_covid,full_incl_covid,sparse_jl,50,5.0,48,0.7,50000,500,,0.008834317000037117,0.0007344190000253548,0.7100889300000404,0.07942973658717466,0.0679767974525946,0.19111341713996513,1.020227815737095,50000,0.392057761732852,0.2,0.44789410348977143,0.2,0.6776448284909452,0.277593697099335,0.40011391231560006,0.45178414596862676,0.8333333333333334,0.8333333333333334,0.9592167963718243,0.7,0.9
top_100__full_incl_covid,full_incl_covid,sparse_jl,50,5.0,49,0.7,50000,500,,0.005988617000014074,0.0007588500000110798,0.7323624399999744,0.07420477687393177,0.062200929932903715,0.1835814334575531,0.9915955889064544,50000,0.3971119133574007,0.2,0.4564380264741275,0.3,0.6142453022192952,0.4247746435980733,0.3481280102075502,0.46238265200830625,0.8095238095238095,0.8095238095238095,0.9551678248679248,0.8,0.9
top_100__full_incl_covid,full_incl_covid,sparse_jl,100,1.0,0,0.7,50000,100,,0.005025707999948281,0.0016617999999652966,0.7666142159999936,0.057956515784674464,0.0485218914983741,0.1435775537237324,0.9767246418449821,50000,0.5080625752105896,0.2,0.5561973525872442,0.4,0.7733253547023453,0.6011043864430134,0.3903710938385995,0.5882669449946528,0.8809523809523809,0.8809523809523809,0.9757764744063729,1.0,0.99
top_100__full_incl_covid,full_incl_covid,sparse_jl,100,1.0,1,0.7,50000,100,,0.029055417999984456,0.0026434290000452165,0.8178321039999901,0.048258384520591946,0.039560270764334604,0.12295629007523352,1.0003344425914407,50000,0.5509025270758123,0.2,0.605294825511432,0.4,0.592987658669986,0.3100048415428008,0.5175908411209048,0.4735277804445639,0.8809523809523809,0.8809523809523809,0.9813433266529042,0.9,0.99
top_100__full_incl_covid,full_incl_covid,sparse_jl,100,1.0,2,0.7,50000,100,,0.005944148000025962,0.0012654590000238386,0.7618168980000064,0.06214152508921098,0.052179230523289044,0.15270132511373188,0.9796127559720361,50000,0.5042117930204573,0.2,0.5583634175691937,0.4,0.6584633500188956,0.4262297734353731,0.41536326370711657,0.5000187957204617,0.8095238095238095,0.8095238095238095,0.969921026789747,0.9,0.99
top_100__full_incl_covid,full_incl_covid,sparse_jl,100,1.0,3,0.7,50000,100,,0.006557787000019744,0.0011624200000142082,0.7883577160000073,0.060589154351439384,0.05227157814989547,0.14511307135436008,1.0374408472161298,50000,0.5658243080625752,0.2,0.6077015643802648,0.4,0.8129288941364546,0.6541465631358373,0.5431612041714711,0.670078887147921,0.9047619047619048,0.9047619047619048,0.9808328217061524,0.9,0.99
top_100__full_incl_covid,full_incl_covid,sparse_jl,100,1.0,4,0.7,50000,100,,0.00579692700000578,0.0022599890000378764,0.7963326630000438,0.06941704502543079,0.059870361120510196,0.16661923555490432,0.9620698561872233,50000,0.5006016847172082,0.2,0.548014440433213,0.3,0.6799400912598608,0.5071986253019652,0.3526420631022322,0.5132602598880194,0.7380952380952381,0.7380952380952381,0.9651374659984007,0.8,0.99
top_100__full_incl_covid,full_incl_covid,sparse_jl,100,1.0,5,0.7,50000,100,,0.005077767999978278,0.0018443689999685375,0.8003613509999923,0.05438542415237425,0.04596590873865608,0.13180936173040333,1.0197060045243624,50000,0.5391095066185319,0.2,0.5877256317689531,0.4,0.8545794713640359,0.5972777007411112,0.42224798350584675,0.624701718536998,0.9047619047619048,0.9047619047619048,0.981798981541272,0.8,0.99
top_100__full_incl_covid,full_incl_covid,sparse_jl,100,1.0,6,0.7,50000,100,,0.007503517000031934,0.0017705989999967642,0.706964250999988,0.043176737230282924,0.035691033422868945,0.10859621948660343,0.9869189707362129,50000,0.590373044524669,0.4,0.6441636582430808,0.5,0.7783372306979827,0.7105707552038617,0.532794564255315,0.6739008500523864,0.8809523809523809,0.8809523809523809,0.9860972144618462,1.0,0.99
top_100__full_incl_covid,full_incl_covid,sparse_jl,100,1.0,7,0.7,50000,100,,0.006109377000029781,0.0011467400000242378,0.7931827139999541,0.06644914074683306,0.0550983718269773,0.16648351527401173,1.035763879793618,50000,0.5258724428399518,0.2,0.5849578820697954,0.4,0.733430235148802,0.3748433606029322,0.4176836178523782,0.5086524045347042,0.9285714285714286,0.9285714285714286,0.9780092460929527,0.8,0.99
top_100__full_incl_covid,full_incl_covid,sparse_jl,100,1.0,8,0.7,50000,100,,0.00613499700000375,0.0010333290000517081,0.7490303330000074,0.0808186243577664,0.07241108232946447,0.18341343353140177,1.0662289245407812,50000,0.5677496991576414,0.2,0.6264741275571599,0.4,0.8903977298802802,0.8083002401048913,0.5307000978022178,0.7431326892624631,0.8571428571428571,0.8571428571428571,0.9802357444217301,0.9,0.99
top_100__full_incl_covid,full_incl_covid,sparse_jl,100,1.0,9,0.7,50000,100,,0.005617857999993703,0.0012770600000067134,0.7863612080000166,0.05183319493885374,0.04322544446686216,0.1289436128463566,1.0114763414713206,50000,0.5561973525872442,0.2,0.6070998796630566,0.4,0.7093511695237836,0.44391663927886893,0.32481759615995737,0.4926951349875366,0.8809523809523809,0.8809523809523809,0.9796960892723907,0.9,0.99
top_100__full_incl_covid,full_incl_covid,sparse_jl,100,1.0,10,0.7,50000,100,,0.007680497000023934,0.0010420289999615306,0.7978975929999592,0.04755752414752059,0.038660813350726575,0.12219684993447717,1.0059278036474892,50000,0.5636582430806257,0.2,0.6096269554753309,0.4,0.8450180441930624,0.5024124289052929,0.39317452065754893,0.5802016645853014,0.8333333333333334,0.8333333333333334,0.9826451529528276,0.8,0.99
top_100__full_incl_covid,full_incl_covid,sparse_jl,100,1.0,11,0.7,50000,100,,0.005133348000015303,0.0014437099999895509,0.7943101449999972,0.05225076675110421,0.04340553780216644,0.1315967622759231,1.0039768002437468,50000,0.534055354993983,0.2,0.5708784596871239,0.4,0.7304777534550646,0.35683364081901775,0.38147780223871147,0.489596398837598,0.8571428571428571,0.8571428571428571,0.9800786595423626,0.9,0.99
top_100__full_incl_covid,full_incl_covid,sparse_jl,100,1.0,12,0.7,50000,100,,0.006073388000004343,0.0009888490000093952,0.7980313219999857,0.05704203564327312,0.04832378930949249,0.1398637328912274,1.0219411692146396,50000,0.5472924187725631,0.2,0.5968712394705175,0.4,0.737281065154884,0.40427466606998586,0.3961948329614793,0.5125835213954497,0.8333333333333334,0.8333333333333334,0.9819188654088723,0.8,0.99
top_100__full_incl_covid,full_incl_covid,sparse_jl,100,1.0,13,0.7,50000,100,,0.00605612800001154,0.00101643900001136,0.7813461300000313,0.053471901253076624,0.043952725633466416,0.13516335912791136,0.9925573230011744,50000,0.522503008423586,0.2,0.5777376654632972,0.4,0.787599461455455,0.41426860110963376,0.38035013412799457,0.5274060655643611,0.9047619047619048,0.9047619047619048,0.9744040310087893,0.8,0.99
top_100__full_incl_covid,full_incl_covid,sparse_jl,100,1.0,14,0.7,50000,100,,0.013815214000032938,0.0010619689999771253,0.7992608520000317,0.05371616446091041,0.044874347177522034,0.13510645309976757,0.9942088920164407,50000,0.5157641395908543,0.2,0.5687123947051744,0.4,0.8015085385949169,0.43897148366298333,0.40004948089828635,0.5468431677187289,0.7857142857142857,0.7857142857142857,0.9758939534868158,0.8,0.99
top_100__full_incl_covid,full_incl_covid,sparse_jl,100,1.0,15,0.7,50000,100,,0.005779527000015605,0.0011904300000082912,0.7748475620000477,0.04778112341230674,0.040158725650577876,0.1180152140748318,1.0143803643846148,50000,0.5872442839951865,0.4,0.6297232250300842,0.4,0.8189501428078719,0.5588721571033715,0.4532534288890937,0.610358576266779,0.9523809523809523,0.9523809523809523,0.9840977698631236,1.0,0.99
top_100__full_incl_covid,full_incl_covid,sparse_jl,100,1.0,16,0.7,50000,100,,0.007950446999984706,0.001251069999966603,0.7779997110000068,0.05098518833730215,0.04255605809119467,0.1278610535260305,1.0128598990137443,50000,0.5424789410348977,0.2,0.5980746089049338,0.4,0.8394779843204925,0.6633769960101584,0.44739511465503257,0.6500833649952279,0.8571428571428571,0.8571428571428571,0.9817582256267501,0.8,0.99
top_100__full_incl_covid,full_incl_covid,sparse_jl,100,1.0,17,0.7,50000,100,,0.005219398000008368,0.0013599100000192266,0.7717082130000108,0.06478627511647993,0.054447254763148434,0.15967919618774548,0.956683972751397,50000,0.5345367027677497,0.2,0.5785800240673886,0.4,0.7554581928985258,0.5693324881288271,0.4056330285268546,0.5768079031847358,0.7857142857142857,0.7857142857142857,0.973976648052917,0.8,0.99
top_100__full_incl_covid,full_incl_covid,sparse_jl,100,1.0,18,0.7,50000,100,,0.006054017999986172,0.000961048999954528,0.803318690000026,0.06240759089300241,0.05179852273346852,0.1570692756757578,1.005382350564456,50000,0.4729241877256318,0.2,0.518892900120337,0.3,0.7756450398784346,0.387002291810945,0.4070596474959789,0.5232356597284528,0.8809523809523809,0.8809523809523809,0.9709319156659962,0.8,0.99
top_100__full_incl_covid,full_incl_covid,sparse_jl,100,1.0,19,0.7,50000,100,,0.006901117000040813,0.0009298100000023624,0.8205020629999922,0.05766670606292707,0.048084118363809214,0.14371841876531508,1.019809755924623,50000,0.5273164861612515,0.2,0.577496991576414,0.4,0.7572153749330108,0.6155044072376078,0.41272388972197915,0.5951478906308659,0.8095238095238095,0.8095238095238095,0.9796954828478032,0.9,0.99
top_100__full_incl_covid,full_incl_covid,sparse_jl,100,1.0,20,0.7,50000,100,,0.005402598000046055,0.001635598999996546,0.9417751020000082,0.05035997750407927,0.040799150526088734,0.12974349561826445,1.0006103446278796,50000,0.5275571600481348,0.2,0.5814681107099879,0.4,0.6408196065459104,0.5621030567013563,0.4602211923814414,0.5543812852095694,0.8095238095238095,0.8095238095238095,0.9787938967756612,0.9,0.99
top_100__full_incl_covid,full_incl_covid,sparse_jl,100,1.0,21,0.7,50000,100,,0.004506337999998777,0.0012226889999737978,0.9007276190000084,0.05408030428679501,0.044475330554242465,0.13658144794782123,0.9938359465391733,50000,0.5097472924187726,0.2,0.5536702767749699,0.3,0.7473642222794651,0.6924504529509166,0.5506694285601209,0.6634947012635007,0.9047619047619048,0.9047619047619048,0.9729736217851132,0.8,0.99
top_100__full_incl_covid,full_incl_covid,sparse_jl,100,1.0,22,0.7,50000,100,,0.011838785999998436,0.002467347999981939,0.9224790399999847,0.05481641998539275,0.04557177976568039,0.13743876604232877,0.9905861206444881,50000,0.5169675090252708,0.2,0.5640192539109506,0.4,0.6995221860323715,0.383389597882953,0.34348721838362334,0.4754663340996492,0.8571428571428571,0.8571428571428571,0.9753388449660904,0.9,0.99
top_100__full_incl_covid,full_incl_covid,sparse_jl,100,1.0,23,0.7,50000,100,,0.00531711799999357,0.0009816900000032547,0.9259137880000026,0.0464404604122345,0.038296034482351526,0.11742997347682943,1.0135629763730292,50000,0.5884476534296028,0.4,0.6252707581227437,0.4,0.8470658629652594,0.5705142414656672,0.530426310143241,0.6493354715247226,0.8809523809523809,0.8809523809523809,0.9821442671547059,0.8,0.99
top_100__full_incl_covid,full_incl_covid,sparse_jl,100,1.0,24,0.7,50000,100,,0.01296923499995728,0.0018139590000032513,1.000497015999997,0.04796255700315205,0.04044815040448291,0.11794051603567315,1.0126749150328658,50000,0.5614921780986762,0.2,0.614199759326113,0.4,0.8316845297159606,0.6385052035889227,0.5293983088603266,0.6665293473884034,0.9047619047619048,0.9047619047619048,0.9814111207395535,0.9,0.99
top_100__full_incl_covid,full_incl_covid,sparse_jl,100,1.0,25,0.7,50000,100,,0.005075448000013694,0.0015744689999905859,1.010882381999977,0.05543439081536905,0.04613292161823812,0.13851049364472526,0.9758558474556357,50000,0.5263537906137183,0.2,0.5766546329723224,0.4,0.7730208268107112,0.5734247043767547,0.29752786549307514,0.547991132226847,0.9047619047619048,0.9047619047619048,0.9739422909633535,1.0,0.99
top_100__full_incl_covid,full_incl_covid,sparse_jl,100,1.0,26,0.7,50000,100,,0.007989117000022361,0.0022143690000007155,0.8716606909999882,0.047238782532188335,0.039094372507065656,0.1191345334176566,1.006131964467891,50000,0.5468110709987966,0.2,0.6079422382671479,0.4,0.8633808384213727,0.694065575706033,0.34328943122333466,0.6335786151169135,0.9285714285714286,0.9285714285714286,0.9820035975615875,0.8,0.99
top_100__full_incl_covid,full_incl_covid,sparse_jl,100,1.0,27,0.7,50000,100,,0.006092787000000044,0.001345640000010917,0.9932945390000327,0.04996851438303717,0.04053737712623795,0.1267183145615192,0.9933187745231806,50000,0.5448856799037305,0.2,0.5904933814681106,0.4,0.8602337989168838,0.5149834832984831,0.49628177830360926,0.623833020172992,0.8333333333333334,0.8333333333333334,0.9770548383481161,0.9,0.99
top_100__full_incl_covid,full_incl_covid,sparse_jl,100,1.0,28,0.7,50000,100,,0.006216907999998966,0.001151838999987831,0.9189285120000363,0.05626142453628264,0.04629808887570003,0.1432823315153296,0.9972827073512462,50000,0.5022864019253911,0.2,0.5535499398315282,0.3,0.7074035351461958,0.6153526872039635,0.4343120351668785,0.585689419172346,0.8571428571428571,0.8571428571428571,0.9747591867051655,0.8,0.99
top_100__full_incl_covid,full_incl_covid,sparse_jl,100,1.0,29,0.7,50000,100,,0.00534542700000884,0.001340150000032736,0.9488482579999982,0.044437493869088546,0.036112487668120585,0.11464169558763718,0.9946578658678998,50000,0.5935018050541515,0.4,0.6394705174488567,0.4,0.8279371698671694,0.6108445989741266,0.4151911182041777,0.6179909623484913,0.8333333333333334,0.8333333333333334,0.9836190917516218,0.7,0.99
top_100__full_incl_covid,full_incl_covid,sparse_jl,100,1.0,30,0.7,50000,100,,0.009344825999960449,0.0012647199999946679,0.8473335009999801,0.05424608979480711,0.0448074050783871,0.1369950556589957,0.9733457190176026,50000,0.5261131167268351,0.2,0.5737665463297231,0.4,0.7553286041426164,0.28666034816946956,0.3319459945244448,0.4579783156121769,0.8809523809523809,0.8809523809523809,0.976612232043977,1.0,0.99
top_100__full_incl_covid,full_incl_covid,sparse_jl,100,1.0,31,0.7,50000,100,,0.01061129599997912,0.004382678000013129,1.0087948529999835,0.050305325153241244,0.04166840574674957,0.12484438147466839,0.9798878433043524,50000,0.5432009626955475,0.2,0.5819494584837545,0.4,0.7396763319438455,0.7116931125078602,0.45211541344105016,0.6344949526309186,0.8809523809523809,0.8809523809523809,0.9819429132804475,0.9,0.99
top_100__full_incl_covid,full_incl_covid,sparse_jl,100,1.0,32,0.7,50000,100,,0.006808186999990085,0.0015498089999823605,0.9602141139999958,0.053966575492145154,0.04506777470675338,0.1343708004499077,0.9897147343624902,50000,0.543682310469314,0.2,0.5845968712394705,0.4,0.72485448694326,0.48059765033017315,0.4475792301878758,0.5510104558204364,0.7857142857142857,0.7857142857142857,0.9765016327459238,1.0,0.99
top_100__full_incl_covid,full_incl_covid,sparse_jl,100,1.0,33,0.7,50000,100,,0.004930817999991177,0.0012715390000153093,0.99523590900003,0.04988814638624559,0.04133952601300539,0.12522423429377344,1.004790008957767,50000,0.5412755716004813,0.2,0.5924187725631769,0.4,0.6779182119230852,0.5018371285171476,0.45353784544881587,0.5444310619630163,0.8571428571428571,0.8571428571428571,0.9794155447114756,0.9,0.99
top_100__full_incl_covid,full_incl_covid,sparse_jl,100,1.0,34,0.7,50000,100,,0.006200386999978491,0.0011505890000194086,0.8963169310000012,0.055776272322071274,0.04625460920627211,0.13904524990424874,0.9900111145745889,50000,0.49602888086642605,0.2,0.5499398315282792,0.4,0.812022106899889,0.3248863452444283,0.4920385307751052,0.5429823276398075,0.8571428571428571,0.8571428571428571,0.9773315770719645,0.9,0.99
top_100__full_incl_covid,full_incl_covid,sparse_jl,100,1.0,35,0.7,50000,100,,0.006482786999981727,0.0011389289999783614,0.8796507379999525,0.04685817698933468,0.038512650485427014,0.11894336268376493,1.0087493997432073,50000,0.5752105896510229,0.4,0.6164861612515042,0.4,0.7812945788276908,0.6072778587692759,0.3864546007504335,0.5916756794491334,0.8809523809523809,0.8809523809523809,0.9820879742240274,0.9,0.99
top_100__full_incl_covid,full_incl_covid,sparse_jl,100,1.0,36,0.7,50000,100,,0.006031587999984822,0.0015575890000150139,0.949650188000021,0.05641626657467342,0.04697581393352618,0.14044686860139327,0.977029261451647,50000,0.5311672683513838,0.2,0.5736462093862815,0.4,0.767978573972383,0.5993772598878204,0.38973798745042343,0.5856979404368756,0.8333333333333334,0.8333333333333334,0.9754865616311399,0.9,0.99
top_100__full_incl_covid,full_incl_covid,sparse_jl,100,1.0,37,0.7,50000,100,,0.008413146999998844,0.0019576290000031804,0.9461910790000161,0.0584013349955703,0.049076232439722034,0.14351954114827944,0.9703941072686376,50000,0.5138387484957883,0.2,0.5667870036101083,0.4,0.7280454496550511,0.3439969334408502,0.3116548916324483,0.4612324249094499,0.8333333333333334,0.8333333333333334,0.9770637465161952,0.9,0.99
top_100__full_incl_covid,full_incl_covid,sparse_jl,100,1.0,38,0.7,50000,100,,0.0050198479999608026,0.0015880889999948522,1.053808043999993,0.057332149799763636,0.048090121230584426,0.14077355807571254,1.021423576015217,50000,0.5258724428399518,0.2,0.5780986762936221,0.4,0.7411853890576164,0.43323894345178615,0.35792738173061917,0.5107839047466739,0.9285714285714286,0.9285714285714286,0.9795466997119273,0.9,0.99
top_100__full_incl_covid,full_incl_covid,sparse_jl,100,1.0,39,0.7,50000,100,,0.008234535999974923,0.001976879999972425,0.9507583669999917,0.062096935035859745,0.05192214794768013,0.15400115031074665,0.9703790239720324,50000,0.5133574007220217,0.2,0.5631768953068592,0.3,0.7039104622293639,0.4203410718671607,0.3402161674106503,0.48815590050239166,0.7619047619047619,0.7619047619047619,0.9725909260479852,0.7,0.99
top_100__full_incl_covid,full_incl_covid,sparse_jl,100,1.0,40,0.7,50000,100,,0.004778148000013971,0.001499998999975105,0.8968944299999748,0.05260834601420353,0.044135507335438695,0.1304247997323435,0.9837377961476512,50000,0.5049338146811071,0.2,0.5614921780986764,0.4,0.8371414711856265,0.648380290051289,0.4525692718931861,0.6460303443767006,0.8333333333333334,0.8333333333333334,0.9773172738161755,0.9,0.99
top_100__full_incl_covid,full_incl_covid,sparse_jl,100,1.0,41,0.7,50000,100,,0.007569896999996217,0.0011917589999939082,0.9664869910000107,0.052250260238249614,0.04285675293437069,0.13342439564690486,0.9921499912697337,50000,0.5126353790613718,0.2,0.5681107099879663,0.4,0.6289561515556295,0.5423534386679432,0.39254198710661364,0.521283859110062,0.8809523809523809,0.8809523809523809,0.9775757779800123,1.0,0.99
top_100__full_incl_covid,full_incl_covid,sparse_jl,100,1.0,42,0.7,50000,100,,0.006168158000036783,0.0017842689999838512,0.8734461000000238,0.05230698012623283,0.043415043399979536,0.13227305019950383,1.0005849365715207,50000,0.5371841155234657,0.2,0.5839951865222622,0.4,0.7883519522055675,0.5983168233424108,0.5117723125462266,0.6328136960314016,0.8809523809523809,0.8809523809523809,0.977319741336911,0.9,0.99
top_100__full_incl_covid,full_incl_covid,sparse_jl,100,1.0,43,0.7,50000,100,,0.006724576999999954,0.0016114499999844156,0.9989870070000393,0.05484829354593011,0.04652598897457699,0.1338339088050208,0.9729773291609839,50000,0.5379061371841155,0.2,0.5788206979542719,0.4,0.7708586542404585,0.5780573735172053,0.4654919892235004,0.6048026723270546,0.8809523809523809,0.8809523809523809,0.9786426461190498,1.0,0.99
top_100__full_incl_covid,full_incl_covid,sparse_jl,100,1.0,44,0.7,50000,100,,0.006397957999979553,0.0015973200000303223,0.8981783689999929,0.04804858550414932,0.03944192105060673,0.12251417873766113,1.0042464911059394,50000,0.5651022864019254,0.2,0.6045728038507822,0.4,0.8152750112911549,0.4676905949360424,0.3384568872654647,0.540474164497554,0.8809523809523809,0.8809523809523809,0.9808274475296352,0.8,0.99
top_100__full_incl_covid,full_incl_covid,sparse_jl,100,1.0,45,0.7,50000,100,,0.005079647000002296,0.001694918999987749,0.9619873020000114,0.05412042500055812,0.04394121090101094,0.14026883933094314,1.0058206016406084,50000,0.5217809867629362,0.2,0.5699157641395908,0.4,0.7438295980377616,0.28306678746891123,0.4847739468723532,0.5038901107930087,0.9285714285714286,0.9285714285714286,0.975879629319834,0.8,0.99
top_100__full_incl_covid,full_incl_covid,sparse_jl,100,1.0,46,0.7,50000,100,,0.006697447000021839,0.0018939290000048459,0.9436052209999843,0.06605021495628455,0.0553916167166853,0.163707345991507,0.9589075558560379,50000,0.5407942238267148,0.2,0.5819494584837546,0.4,0.5244770692345874,0.41368715095282377,0.3230209633284408,0.4203950611719507,0.7619047619047619,0.7619047619047619,0.973054799035074,0.8,0.99
top_100__full_incl_covid,full_incl_covid,sparse_jl,100,1.0,47,0.7,50000,100,,0.013686593999977958,0.0041428389999964566,0.9345359650000091,0.049062743713198444,0.04039113928905097,0.12342557842076896,1.0043008039015244,50000,0.5405535499398315,0.2,0.5845968712394705,0.4,0.7949079215469539,0.654567971462901,0.4049872083619499,0.618154367123935,0.8809523809523809,0.8809523809523809,0.9817854938219971,0.9,0.99
top_100__full_incl_covid,full_incl_covid,sparse_jl,100,1.0,48,0.7,50000,100,,0.006758927000021231,0.0019451289999778965,0.9439798000000224,0.04852987206099752,0.039369863407116124,0.12456974346245299,0.9866377895110431,50000,0.5501805054151624,0.2,0.5961492178098676,0.4,0.7443841136946707,0.4351019739427858,0.3457013671476225,0.5083958182616931,0.8809523809523809,0.8809523809523809,0.9794693073878407,0.8,0.99
top_100__full_incl_covid,full_incl_covid,sparse_jl,100,1.0,49,0.7,50000,100,,0.00786139600000979,0.0011442900000133704,0.9506628369999817,0.058065219085192014,0.04912042488964602,0.1417721267535417,0.9687395969901554,50000,0.5504211793020457,0.2,0.5951865222623344,0.4,0.7089681140877626,0.5060625733973446,0.3630097038017795,0.5260134637622955,0.8571428571428571,0.8571428571428571,0.9743384325973707,0.9,0.99
top_100__full_incl_covid,full_incl_covid,sparse_jl,100,3.0,0,0.7,50000,300,,0.013995743000009497,0.001891039999975419,0.8938366209999913,0.05140952613761046,0.043120648229174496,0.12727791865069035,0.9991676627563135,50000,0.5217809867629363,0.2,0.5782190132370638,0.4,0.7787127076664826,0.5757594447594575,0.404354483709,0.5862755453783134,0.9047619047619048,0.9047619047619048,0.9796131554822455,0.9,0.97
top_100__full_incl_covid,full_incl_covid,sparse_jl,100,3.0,1,0.7,50000,300,,0.010956714999963424,0.0015751889999933155,1.1007442540000056,0.05617183076127984,0.047959651423599814,0.13609802673479687,1.0091791900540596,50000,0.5345367027677497,0.2,0.5835138387484957,0.4,0.7946816787840923,0.3792403549790394,0.43335419681113346,0.535758743524755,0.9047619047619048,0.9047619047619048,0.9765205155529085,0.9,0.97
top_100__full_incl_covid,full_incl_covid,sparse_jl,100,3.0,2,0.7,50000,300,,0.015777732999993077,0.001933538999992379,0.839466404999996,0.050990895312398574,0.04325504708838179,0.12548102809757908,1.0092626539907812,50000,0.542719614921781,0.2,0.5939831528279181,0.4,0.7525766045108417,0.5972570794040457,0.29588085448599494,0.5485715128002941,0.8571428571428571,0.8571428571428571,0.9824797663299685,0.9,0.97
top_100__full_incl_covid,full_incl_covid,sparse_jl,100,3.0,3,0.7,50000,300,,0.008225367000022743,0.0014347690000136026,0.8480529600000182,0.048256277885431416,0.04037428540775467,0.12044706468990646,0.990732143703035,50000,0.5448856799037304,0.2,0.5808664259927798,0.4,0.8411574052265243,0.690949510604366,0.34232737137802804,0.6248114290696395,0.8809523809523809,0.8809523809523809,0.9815270523917384,0.9,0.97
top_100__full_incl_covid,full_incl_covid,sparse_jl,100,3.0,4,0.7,50000,300,,0.004923548000022038,0.001123409999991054,0.8371449659999826,0.051720541362577754,0.04359187166486872,0.12722188524284933,0.9980156489118188,50000,0.5588447653429602,0.2,0.5953068592057762,0.4,0.7744766487857273,0.5638009452817903,0.3552320045397205,0.564503199535746,0.8571428571428571,0.8571428571428571,0.9803725872665892,0.9,0.97
top_100__full_incl_covid,full_incl_covid,sparse_jl,100,3.0,5,0.7,50000,300,,0.007227747000001727,0.0017796700000189958,0.839506584999981,0.04995651402869721,0.042096632510873755,0.12225773320967985,0.9817252444529488,50000,0.5434416365824308,0.2,0.590373044524669,0.4,0.7926979087898904,0.6421505450532541,0.4086398372411448,0.6144960970280965,0.8095238095238095,0.8095238095238095,0.9806501833493373,1.0,0.97
top_100__full_incl_covid,full_incl_covid,sparse_jl,100,3.0,6,0.7,50000,300,,0.01649229299999888,0.0014408990000447375,0.8965630910000186,0.060458075062847456,0.05101822329926087,0.15002000116127967,0.9928188279523216,50000,0.490734055354994,0.2,0.5424789410348977,0.3,0.6927814542183641,0.4481725918131334,0.38429699740384415,0.5084170144784472,0.8333333333333334,0.8333333333333334,0.9714924610968171,0.9,0.97
top_100__full_incl_covid,full_incl_covid,sparse_jl,100,3.0,7,0.7,50000,300,,0.012086165000027904,0.0013560990000200945,0.8769517889999747,0.05092278046768534,0.0430114116913225,0.12501444886903965,1.000817197946778,50000,0.5530685920577617,0.4,0.6040914560770156,0.4,0.7487507869046285,0.3746108944391417,0.41592633805826973,0.5130960064673467,0.8809523809523809,0.8809523809523809,0.9810020559884636,0.9,0.97
top_100__full_incl_covid,full_incl_covid,sparse_jl,100,3.0,8,0.7,50000,300,,0.00846364699998503,0.0017560890000254403,0.8855309649999867,0.05404455945907788,0.0467348719753411,0.13010812907885663,1.0215447289912705,50000,0.5407942238267148,0.2,0.5843561973525871,0.4,0.8078062800363089,0.4697730809186317,0.3563946579895171,0.5446580063148193,0.9047619047619048,0.9047619047619048,0.9811898594098694,1.0,0.97
top_100__full_incl_covid,full_incl_covid,sparse_jl,100,3.0,9,0.7,50000,300,,0.006280027000002519,0.0013376489999927799,0.869280262000018,0.05110049838949704,0.04301591982939823,0.1264133077353938,1.0010608031425823,50000,0.5561973525872442,0.2,0.602647412755716,0.4,0.7140187751370585,0.43341515878452225,0.3560268666004591,0.5011536001740132,0.8571428571428571,0.8571428571428571,0.9797605375682124,0.9,0.97
top_100__full_incl_covid,full_incl_covid,sparse_jl,100,3.0,10,0.7,50000,300,,0.009689326000000165,0.0017321699999683915,0.9188225509999484,0.05320721943967692,0.04463372527973303,0.1324287176984483,0.9754363050154693,50000,0.5439229843561973,0.2,0.5830324909747292,0.4,0.8519073683894225,0.39233783314267145,0.35431381827829317,0.5328530066034624,0.8333333333333334,0.8333333333333334,0.97778095860253,0.8,0.97
top_100__full_incl_covid,full_incl_covid,sparse_jl,100,3.0,11,0.7,50000,300,,0.004673037000031854,0.0015568690000122842,0.9386910729999727,0.04930251386819653,0.04174602047104059,0.12169593422813833,1.000431577787098,50000,0.5511432009626955,0.4,0.5977135980746089,0.4,0.7197460971284116,0.49663113305835077,0.4823822012042332,0.5662531437969985,0.9047619047619048,0.9047619047619048,0.9807014575937741,0.9,0.97
top_100__full_incl_covid,full_incl_covid,sparse_jl,100,3.0,12,0.7,50000,300,,0.005071837999992113,0.0021035089999941192,1.0456102979999855,0.05632313217328935,0.047922752957536785,0.13703506601089518,0.9874506741622198,50000,0.5200962695547532,0.2,0.5707581227436822,0.4,0.6752656078892063,0.6183839522030322,0.4325654707580631,0.5754050102834339,0.8809523809523809,0.8809523809523809,0.9749601014443778,1.0,0.97
top_100__full_incl_covid,full_incl_covid,sparse_jl,100,3.0,13,0.7,50000,300,,0.0061273280000477826,0.001366759000006823,1.0487390459999801,0.0521895179357813,0.043727420975972264,0.12943737797194352,0.9890610256531331,50000,0.5410348977135981,0.2,0.594344163658243,0.4,0.6922631760125815,0.5621295588635576,0.36751942050240405,0.5406373851261811,0.8571428571428571,0.8571428571428571,0.9782745254832158,0.9,0.97
top_100__full_incl_covid,full_incl_covid,sparse_jl,100,3.0,14,0.7,50000,300,,0.005910886999970444,0.0012811900000428977,1.0562598619999903,0.048115743479112155,0.040496859671732555,0.11833707356506218,0.9968021139165703,50000,0.5448856799037305,0.2,0.5944645006016848,0.4,0.8597177677068265,0.7340013203605589,0.38061696414201485,0.6581120174031335,0.9047619047619048,0.9047619047619048,0.981818219838532,0.8,0.97
top_100__full_incl_covid,full_incl_covid,sparse_jl,100,3.0,15,0.7,50000,300,,0.007359616999963237,0.0012935190000007424,1.0093870630000197,0.050116600599036276,0.04228701065738205,0.12418078882220224,0.9928908472337689,50000,0.5482551143200962,0.4,0.5918170878459686,0.4,0.7977775865118454,0.607471516463175,0.2979746845102456,0.5677412624950887,0.8571428571428571,0.8571428571428571,0.9790614345747333,1.0,0.97
top_100__full_incl_covid,full_incl_covid,sparse_jl,100,3.0,16,0.7,50000,300,,0.006117238000001635,0.002160519000028671,0.9379077639999878,0.04916378310133454,0.04152842903372561,0.12167899052890425,0.9899405952897733,50000,0.5405535499398316,0.2,0.5912154031287604,0.4,0.7987778116983247,0.6590969493422639,0.4538129451734797,0.6372292354046895,0.9047619047619048,0.9047619047619048,0.9808328426173452,0.8,0.97
top_100__full_incl_covid,full_incl_covid,sparse_jl,100,3.0,17,0.7,50000,300,,0.005297477999988587,0.001614778999964983,1.0390100500000017,0.05424972309198742,0.04565045449304145,0.13325952435365934,0.9877735141291774,50000,0.5393501805054152,0.2,0.5837545126353791,0.4,0.7648056485943714,0.5663683719540482,0.43391940565264775,0.5883644754003559,0.8571428571428571,0.8571428571428571,0.9771448192101926,0.9,0.97
top_100__full_incl_covid,full_incl_covid,sparse_jl,100,3.0,18,0.7,50000,300,,0.0069204270000113866,0.0007584800000017822,1.0716114759999869,0.05580535348168436,0.047103152038709795,0.13707747274890256,0.9814837840126629,50000,0.5299638989169675,0.2,0.5778580024067389,0.4,0.7949609447536365,0.2636763964578825,0.38445312375510093,0.48103015498887336,0.8333333333333334,0.8333333333333334,0.9756913867633823,0.7,0.97
top_100__full_incl_covid,full_incl_covid,sparse_jl,100,3.0,19,0.7,50000,300,,0.006097216999989996,0.0013315900000065994,0.982979322999995,0.06064143449803871,0.05287879034053006,0.1429245577007943,0.9614174761889626,50000,0.5407942238267148,0.2,0.5856799037304452,0.4,0.7641597116984599,0.34275875807542777,0.32433394298121593,0.47708413758503454,0.8095238095238095,0.8095238095238095,0.9769958687847753,0.8,0.97
top_100__full_incl_covid,full_incl_covid,sparse_jl,100,3.0,20,0.7,50000,300,,0.0061729770000056305,0.0015711689999875489,1.0340915820000305,0.05360837872532266,0.04417802892170686,0.13562021426148357,1.010806809840743,50000,0.5160048134777376,0.2,0.5755716004813478,0.4,0.7154198094782892,0.5437672445771834,0.38155891169031714,0.5469153219152633,0.8333333333333334,0.8333333333333334,0.9764197236042196,1.0,0.97
top_100__full_incl_covid,full_incl_covid,sparse_jl,100,3.0,21,0.7,50000,300,,0.007491906999973708,0.003070978999971885,0.9720513679999954,0.05314649235018632,0.04541021527133404,0.1294097803463909,0.9854861314880771,50000,0.5513838748495787,0.2,0.5859205776173285,0.4,0.7106865920225078,0.536207696065054,0.5497836285660271,0.5988926388845297,0.8571428571428571,0.8571428571428571,0.9770460974695783,0.8,0.97
top_100__full_incl_covid,full_incl_covid,sparse_jl,100,3.0,22,0.7,50000,300,,0.016700862999982746,0.001348489999998037,1.041454827999985,0.05414899650246005,0.046735209763248686,0.1308309811904487,0.9799971897952476,50000,0.5309265944645006,0.2,0.5862815884476534,0.4,0.7834846615023441,0.26774516411675764,0.4747900101446699,0.5086732785879239,0.8571428571428571,0.8571428571428571,0.9776390343378513,0.8,0.97
top_100__full_incl_covid,full_incl_covid,sparse_jl,100,3.0,23,0.7,50000,300,,0.012717585000018516,0.001705829000002268,0.8979212500000244,0.05896625524748369,0.04998308435414711,0.14352215981431582,1.012704580742524,50000,0.5186522262334536,0.2,0.5750902527075812,0.4,0.7972110335166409,0.44002642780350487,0.345280832108238,0.5275060978094612,0.9047619047619048,0.9047619047619048,0.9775903321701133,0.8,0.97
top_100__full_incl_covid,full_incl_covid,sparse_jl,100,3.0,24,0.7,50000,300,,0.0071162670000148864,0.002413208999996641,1.0005684660000043,0.05496948962305018,0.04729175784632944,0.13221340954545155,1.0205868049829927,50000,0.5386281588447653,0.2,0.5983152827918171,0.4,0.8075497536150713,0.6679108003757911,0.38419615203426954,0.6198855686750441,0.9047619047619048,0.9047619047619048,0.9796995605303747,1.0,0.97
top_100__full_incl_covid,full_incl_covid,sparse_jl,100,3.0,25,0.7,50000,300,,0.005928037999979097,0.0028006389999859493,0.9578864549999935,0.05124084532127497,0.04385764854470342,0.12516751854519012,0.9863173264465159,50000,0.5395908543922984,0.2,0.588086642599278,0.4,0.7993993393007146,0.5408085397346287,0.31385013279495105,0.5513526706100981,0.9285714285714286,0.9285714285714286,0.9791163682778878,0.8,0.97
top_100__full_incl_covid,full_incl_covid,sparse_jl,100,3.0,26,0.7,50000,300,,0.006704718000037246,0.0016221590000213837,0.991974789999972,0.05131003118678423,0.043213443236350846,0.1279182453993533,1.0073368749732567,50000,0.5578820697954272,0.2,0.6018050541516244,0.4,0.7833374097026224,0.6745366030261628,0.5042306318614063,0.6540348815300638,0.8333333333333334,0.8333333333333334,0.9802863495080014,0.8,0.97
top_100__full_incl_covid,full_incl_covid,sparse_jl,100,3.0,27,0.7,50000,300,,0.005599037000024509,0.0011621699999864177,0.9869360019999931,0.054016734791662094,0.04468755495380394,0.1359815510012679,0.9985712134521075,50000,0.5186522262334536,0.2,0.5669073405535499,0.4,0.7924662754594607,0.6479524708311637,0.4504238657661066,0.630280870685577,0.8571428571428571,0.8571428571428571,0.9774172920507356,0.9,0.97
top_100__full_incl_covid,full_incl_covid,sparse_jl,100,3.0,28,0.7,50000,300,,0.0064850869999872884,0.001626520000002074,0.9501405369999816,0.05877784928039792,0.04998585423930091,0.14337084479864973,1.0208683149968172,50000,0.5258724428399518,0.2,0.5780986762936221,0.4,0.7193861650360146,0.2865522079950641,0.33520935836014515,0.4470492437970746,0.9047619047619048,0.9047619047619048,0.9754993383698636,0.6,0.97
top_100__full_incl_covid,full_incl_covid,sparse_jl,100,3.0,29,0.7,50000,300,,0.007057567000003928,0.0013204100000052676,0.9432502200000386,0.05357395824387674,0.04505630523583454,0.13247303390744067,1.0017087891975152,50000,0.548014440433213,0.4,0.5918170878459688,0.4,0.806081762837992,0.6103386784576547,0.48606864802487604,0.6341630297735076,0.8809523809523809,0.8809523809523809,0.9763354514977431,0.7,0.97
top_100__full_incl_covid,full_incl_covid,sparse_jl,100,3.0,30,0.7,50000,300,,0.006257747000006475,0.0013211700000397286,0.9175316719999955,0.050614228938341305,0.042571637523293904,0.12561910687233682,0.9954144824182366,50000,0.5424789410348977,0.2,0.5854392298435619,0.4,0.7816743577995751,0.2869468023892937,0.41775743326368964,0.4954595311508528,0.8809523809523809,0.8809523809523809,0.9796748853230192,0.8,0.97
top_100__full_incl_covid,full_incl_covid,sparse_jl,100,3.0,31,0.7,50000,300,,0.008190576000004057,0.0018333889999553321,0.991127701000039,0.05566380071534594,0.047122141397083706,0.13669837169196206,1.0040968800409615,50000,0.5359807460890493,0.2,0.5877256317689531,0.4,0.734670709288453,0.6525384810767562,0.4013477179678361,0.5961856361110152,0.8333333333333334,0.8333333333333334,0.9769749994144866,0.8,0.97
top_100__full_incl_covid,full_incl_covid,sparse_jl,100,3.0,32,0.7,50000,300,,0.007346316999985447,0.0024542689999975664,1.0328339530000221,0.05241367449878317,0.044239841191332396,0.12901233553516528,1.0062723676133465,50000,0.5220216606498195,0.2,0.5843561973525873,0.4,0.7715646842341035,0.3857220926405308,0.5088598059718374,0.5553821942821573,0.9047619047619048,0.9047619047619048,0.9789957106961585,0.9,0.97
top_100__full_incl_covid,full_incl_covid,sparse_jl,100,3.0,33,0.7,50000,300,,0.00634574700001167,0.0022139100000231338,0.997445177999964,0.053780047463055626,0.04575293290638893,0.13073267835967667,1.001241881854403,50000,0.538387484957882,0.2,0.5874849578820698,0.4,0.6731443003474031,0.38818530618063984,0.4138048138271961,0.49171147345174643,0.8809523809523809,0.8809523809523809,0.9814136300826743,0.9,0.97
top_100__full_incl_covid,full_incl_covid,sparse_jl,100,3.0,34,0.7,50000,300,,0.008699585999977444,0.001221339000039734,0.886467725999978,0.049735316619066036,0.04190611215146156,0.1230058641364401,0.9919168779175246,50000,0.5379061371841155,0.2,0.585078219013237,0.4,0.7975503626336323,0.5181350713701066,0.3701261137018923,0.5619371825685437,0.8571428571428571,0.8571428571428571,0.9801532706778237,1.0,0.97
top_100__full_incl_covid,full_incl_covid,sparse_jl,100,3.0,35,0.7,50000,300,,0.007999577000020963,0.002042648999974972,0.9254109389999599,0.05372871521513357,0.04525015625839224,0.1331817092212063,0.9947147466730938,50000,0.5258724428399518,0.2,0.577496991576414,0.4,0.7114299192438659,0.3231499105805128,0.3771879283527627,0.4705892527257138,0.8809523809523809,0.8809523809523809,0.9762533541553049,0.9,0.97
top_100__full_incl_covid,full_incl_covid,sparse_jl,100,3.0,36,0.7,50000,300,,0.007263056999988748,0.00296988899998496,1.0299685540000496,0.05814994803950809,0.050126231477299,0.13988470822270957,1.0227259366074875,50000,0.5465703971119134,0.2,0.5868832731648617,0.4,0.6613425637286997,0.4807829784957837,0.5352038236341997,0.5591097886195611,0.7857142857142857,0.7857142857142857,0.9778232201229242,0.9,0.97
top_100__full_incl_covid,full_incl_covid,sparse_jl,100,3.0,37,0.7,50000,300,,0.010702445000049465,0.0030616180000038185,0.9253908489999958,0.0481914787972388,0.04007278368351069,0.12054091668419702,0.999330521107203,50000,0.5417569193742479,0.2,0.5957882069795427,0.4,0.8458374991598815,0.5903081305921634,0.39250661701308204,0.609550748921709,0.8571428571428571,0.8571428571428571,0.9810506954226235,0.9,0.97
top_100__full_incl_covid,full_incl_covid,sparse_jl,100,3.0,38,0.7,50000,300,,0.007032857000012882,0.0015379889999849183,0.9553120060000424,0.0570824672746895,0.048248434698203724,0.14051023048780545,1.0173050772304066,50000,0.5513838748495788,0.2,0.5922984356197353,0.4,0.774301124779385,0.39125401075349664,0.32489126898786164,0.4968154681735811,0.8571428571428571,0.8571428571428571,0.9779499001281438,0.7,0.97
top_100__full_incl_covid,full_incl_covid,sparse_jl,100,3.0,39,0.7,50000,300,,0.009163306000004923,0.0014629799999852366,0.964369242000032,0.0552637186161191,0.04640436948422966,0.13669797352036975,1.003533840808709,50000,0.5186522262334536,0.2,0.5719614921780987,0.4,0.7696994136600763,0.5817016833220284,0.44599342695344146,0.5991315079785154,0.8809523809523809,0.8809523809523809,0.9744370497820217,0.9,0.97
top_100__full_incl_covid,full_incl_covid,sparse_jl,100,3.0,40,0.7,50000,300,,0.007177907000027517,0.0011593590000416043,0.892697763000001,0.05181386351037716,0.044081383114206396,0.12676402866181813,0.9821199601570266,50000,0.5367027677496992,0.2,0.5931407942238267,0.4,0.7798940367163875,0.6462529641363848,0.44313743067601247,0.6230948105095949,0.8809523809523809,0.8809523809523809,0.9780334194316839,0.7,0.97
top_100__full_incl_covid,full_incl_covid,sparse_jl,100,3.0,41,0.7,50000,300,,0.008188076999999794,0.00217972899997676,0.8355519259999937,0.05797862409437397,0.049743594090609744,0.14072181526426206,1.0176472535955605,50000,0.5379061371841155,0.2,0.58676293622142,0.4,0.7551598068921901,0.3532988883888669,0.6270774454983084,0.5785120469264551,0.8095238095238095,0.8095238095238095,0.9782648436010076,0.8,0.97
top_100__full_incl_covid,full_incl_covid,sparse_jl,100,3.0,42,0.7,50000,300,,0.005921478000004754,0.0032976690000054987,0.8205393620000336,0.05300758030486972,0.045790052091916555,0.12735137264742832,1.0145687408504607,50000,0.5595667870036101,0.4,0.6002406738868833,0.4,0.8484260681789474,0.6301641682499952,0.4486514889542902,0.6424139084610777,0.9523809523809523,0.9523809523809523,0.9786355572247334,0.8,0.97
top_100__full_incl_covid,full_incl_covid,sparse_jl,100,3.0,43,0.7,50000,300,,0.0038137280000114515,0.001360039000019242,0.8248121309999874,0.05065910071610081,0.04319957907221772,0.1240306160683336,0.9996926298811823,50000,0.5496991576413959,0.4,0.6031287605294825,0.4,0.7038766327134904,0.6542776541778478,0.4056250568322431,0.5879264479078604,0.8333333333333334,0.8333333333333334,0.9782711169588099,1.0,0.97
top_100__full_incl_covid,full_incl_covid,sparse_jl,100,3.0,44,0.7,50000,300,,0.005979458000012983,0.0010453590000452095,0.8293444189999946,0.049907298217006756,0.04191305832880321,0.12271144399546272,0.9966360343764188,50000,0.5415162454873647,0.2,0.5919374247894104,0.4,0.7874815405313385,0.5740793320534915,0.4393422338785847,0.6003010354878049,0.8571428571428571,0.8571428571428571,0.9811473469551629,0.8,0.97
top_100__full_incl_covid,full_incl_covid,sparse_jl,100,3.0,45,0.7,50000,300,,0.006803486999956476,0.0012227899999857073,0.8029793300000279,0.05534539154793369,0.04650149431233502,0.13778359824702308,1.016502835402053,50000,0.5381468110709988,0.2,0.5755716004813478,0.4,0.7619391320947526,0.24387179545181834,0.47521366154294536,0.4936748630298388,0.8809523809523809,0.8809523809523809,0.9780084305564383,0.8,0.97
top_100__full_incl_covid,full_incl_covid,sparse_jl,100,3.0,46,0.7,50000,300,,0.006249607999961881,0.0013838190000114992,0.8578294270000129,0.05574841872469113,0.04721062330041381,0.13606484407620026,0.983315057539165,50000,0.5364620938628158,0.2,0.5821901323706378,0.4,0.6643094464926342,0.49169208800622016,0.4965003391576549,0.5508339578855032,0.8095238095238095,0.8095238095238095,0.9762861219942252,1.0,0.97
top_100__full_incl_covid,full_incl_covid,sparse_jl,100,3.0,47,0.7,50000,300,,0.005771148000007997,0.0012595089999649645,0.8361625359999607,0.05969566516866817,0.05007797187239088,0.14776404660016587,1.0230481104412517,50000,0.5249097472924188,0.2,0.5684717208182912,0.4,0.6760483548713918,0.5407821452709595,0.4608823672023366,0.5592376224482293,0.8809523809523809,0.8809523809523809,0.9782094707628068,0.9,0.97
top_100__full_incl_covid,full_incl_covid,sparse_jl,100,3.0,48,0.7,50000,300,,0.006745297000009032,0.0012155299999676572,0.8222890819999975,0.05656805533064362,0.04764801007322789,0.1393677016116759,1.003064692722448,50000,0.5220216606498195,0.2,0.5699157641395908,0.4,0.7033270247738271,0.5080979291726856,0.4051478704123586,0.5388576081196238,0.8095238095238095,0.8095238095238095,0.9752747730717369,1.0,0.97
top_100__full_incl_covid,full_incl_covid,sparse_jl,100,3.0,49,0.7,50000,300,,0.007306276999997863,0.0012225289999605593,0.7712320940000268,0.05351953982804243,0.04539991842380331,0.13096647195897354,1.0092473705694294,50000,0.5499398315282792,0.2,0.5984356197352587,0.4,0.6761362580876812,0.4769552721277535,0.5458745661413819,0.566322032118939,0.8571428571428571,0.8571428571428571,0.9793425855602358,0.9,0.97
top_100__full_incl_covid,full_incl_covid,sparse_jl,100,5.0,0,0.7,50000,500,,0.006573467000009714,0.0013076500000011038,0.809516986999995,0.05570865968204982,0.04642910172218517,0.13920165932637765,0.9845270946283128,50000,0.5191335740072202,0.2,0.5628158844765343,0.4,0.7044275613576916,0.5457921004668371,0.4661602783586214,0.5721266467277167,0.8809523809523809,0.8809523809523809,0.9755844260128544,0.8,0.95
top_100__full_incl_covid,full_incl_covid,sparse_jl,100,5.0,1,0.7,50000,500,,0.005719637999959559,0.001276219000033052,0.8432535929999858,0.051814204179363776,0.04403811030094473,0.12766756013164643,0.9962094979363373,50000,0.534777376654633,0.2,0.5954271961492178,0.4,0.7849514690466999,0.5486126895808071,0.5117213002669614,0.6150951529648229,0.9047619047619048,0.9047619047619048,0.9791482996691012,0.8,0.95
top_100__full_incl_covid,full_incl_covid,sparse_jl,100,5.0,2,0.7,50000,500,,0.005709808000005978,0.0016025490000401987,0.7743628720000402,0.062472899845351725,0.0540902457601371,0.1476155671955492,1.0298765986407712,50000,0.5525872442839951,0.2,0.5791817087845968,0.4,0.8716501003778375,0.5407751309423136,0.33645303811094474,0.5829594231436986,0.8809523809523809,0.8809523809523809,0.9777635186678398,0.9,0.95
top_100__full_incl_covid,full_incl_covid,sparse_jl,100,5.0,3,0.7,50000,500,,0.005492618000005223,0.0014684900000361267,0.7453543549999608,0.055495097608582115,0.04714672440554063,0.1349606837756738,0.9823894431823019,50000,0.5277978339350181,0.2,0.574849578820698,0.4,0.7044110973090216,0.47112798485676943,0.36642705389668817,0.5139887120208265,0.8333333333333334,0.8333333333333334,0.9765757420127609,0.8,0.95
top_100__full_incl_covid,full_incl_covid,sparse_jl,100,5.0,4,0.7,50000,500,,0.006871987000010904,0.0017659889999777079,0.8680667730000096,0.05387950968395401,0.045287027627862464,0.13282784177550294,1.0056481731090574,50000,0.541034897713598,0.2,0.5873646209386282,0.4,0.7147787898567177,0.3814831858659643,0.3444547653298964,0.48023891368419275,0.8571428571428571,0.8571428571428571,0.9775749624434978,0.8,0.95
top_100__full_incl_covid,full_incl_covid,sparse_jl,100,5.0,5,0.7,50000,500,,0.007574467000040386,0.001703488999964975,0.764722565999989,0.06034875109218129,0.05234144358248877,0.14275631102570013,0.9743940282113942,50000,0.5229843561973525,0.2,0.5752105896510228,0.4,0.7091259244800993,0.5215809620736849,0.47960170406757757,0.5701028635404539,0.8333333333333334,0.8333333333333334,0.974265473446131,0.8,0.95
top_100__full_incl_covid,full_incl_covid,sparse_jl,100,5.0,6,0.7,50000,500,,0.006519817000025796,0.001534429999992426,0.7737213919999704,0.04820089016764674,0.04084858922680684,0.11817154442370087,0.9884180961260528,50000,0.5484957882069795,0.2,0.5967509025270757,0.4,0.7074721216965512,0.3055313156360738,0.3387069914690153,0.45057014293388004,0.9047619047619048,0.9047619047619048,0.9814022962162451,0.9,0.95
top_100__full_incl_covid,full_incl_covid,sparse_jl,100,5.0,7,0.7,50000,500,,0.005868706999990536,0.001044639999975061,0.733274238999968,0.057702823667144375,0.049637536901526225,0.13853510837229854,0.9771396678984022,50000,0.5107099879663056,0.2,0.564259927797834,0.4,0.7700981121479116,0.5298472873068814,0.35734907289532075,0.5524314907833713,0.8809523809523809,0.8809523809523809,0.97472278031872,0.8,0.95
top_100__full_incl_covid,full_incl_covid,sparse_jl,100,5.0,8,0.7,50000,500,,0.00597269799999367,0.0010918289999608533,0.8130695360000004,0.05304307999484677,0.04505533707903814,0.1297840341627115,0.9823277084112028,50000,0.5302045728038508,0.2,0.5884476534296029,0.4,0.6999282556189419,0.4888385019062395,0.36847600753204124,0.5190809216857409,0.8571428571428571,0.8571428571428571,0.976195722908295,1.0,0.95
top_100__full_incl_covid,full_incl_covid,sparse_jl,100,5.0,9,0.7,50000,500,,0.006099307999988923,0.0010950490000141144,0.8235038619999955,0.04912290935775632,0.041162582843076,0.12216607343994715,0.9944761979482244,50000,0.5364620938628158,0.2,0.5909747292418772,0.4,0.8110953187755697,0.28841777191977963,0.4251670798318365,0.508226723509062,0.9523809523809523,0.9523809523809523,0.9803013846555341,0.9,0.95
top_100__full_incl_covid,full_incl_covid,sparse_jl,100,5.0,10,0.7,50000,500,,0.00400013799998078,0.0010893890000147621,0.7785636500000237,0.06379903847700825,0.05568993632207325,0.15016339554267794,1.0351295774217883,50000,0.5511432009626955,0.2,0.5908543922984356,0.4,0.7229032570481921,0.49480382208720386,0.4798478790035646,0.5658516527129868,0.8809523809523809,0.8809523809523809,0.9809468922621893,0.9,0.95
top_100__full_incl_covid,full_incl_covid,sparse_jl,100,5.0,11,0.7,50000,500,,0.006570027000009304,0.001268550000020241,0.7361830190000092,0.07037643041707711,0.06096306024303949,0.16768050600580253,1.0432047792505088,50000,0.5379061371841155,0.2,0.5772563176895308,0.4,0.7826710759087313,0.3682366446491512,0.48295126526179355,0.544619661939892,0.8809523809523809,0.8809523809523809,0.9739215261490282,0.8,0.95
top_100__full_incl_covid,full_incl_covid,sparse_jl,100,5.0,12,0.7,50000,500,,0.006781787000022632,0.0019074990000262915,0.8172531939999885,0.05504021884734415,0.047138132989052894,0.1335810048414983,1.0205500406099886,50000,0.561251504211793,0.4,0.6063778580024067,0.4,0.7468518186377778,0.6345814729957236,0.4445477296164106,0.6086603404166374,0.8571428571428571,0.8571428571428571,0.9803289037850931,0.8,0.95
top_100__full_incl_covid,full_incl_covid,sparse_jl,100,5.0,13,0.7,50000,500,,0.006827746999988449,0.0013330790000054549,0.84893986000003,0.05136465885455197,0.04407008570941112,0.12416862217498789,0.9813256825657969,50000,0.5468110709987966,0.2,0.5909747292418772,0.4,0.8078576697544533,0.563590004610656,0.45730244234233464,0.6095833722358147,0.8571428571428571,0.8571428571428571,0.9791170165248608,0.9,0.95
top_100__full_incl_covid,full_incl_covid,sparse_jl,100,5.0,14,0.7,50000,500,,0.007609427000033975,0.001692289000004621,0.7965006629999607,0.06770345720877616,0.05766212781960833,0.1642797113950772,1.0375684771460534,50000,0.5362214199759326,0.2,0.5817087845968713,0.4,0.7921289942370401,0.6336314470499559,0.420805800628923,0.6155220806386397,0.9047619047619048,0.9047619047619048,0.977272586597431,0.9,0.95
top_100__full_incl_covid,full_incl_covid,sparse_jl,100,5.0,15,0.7,50000,500,,0.00719480600002953,0.001239579000014146,0.8430816929999878,0.04999010142152684,0.04195459510915833,0.12436026073814432,0.9961916818325897,50000,0.5417569193742479,0.2,0.5949458483754513,0.4,0.8315956653157974,0.2657285622012164,0.4070913747883165,0.5014718674351101,0.8809523809523809,0.8809523809523809,0.9796755753923776,0.7,0.95
top_100__full_incl_covid,full_incl_covid,sparse_jl,100,5.0,16,0.7,50000,500,,0.006075056999975459,0.0014500590000352531,0.7319407000000524,0.05171684291844189,0.04358322608630416,0.12814477825495818,0.9979562061176682,50000,0.5306859205776173,0.2,0.581107099879663,0.4,0.7511730307501149,0.6601505636525756,0.42322697470141085,0.6115168563680338,0.8809523809523809,0.8809523809523809,0.9799325112167636,0.9,0.95
top_100__full_incl_covid,full_incl_covid,sparse_jl,100,5.0,17,0.7,50000,500,,0.006460537000009481,0.0012299500000381158,0.8074990979999939,0.0551100819081563,0.04669324055659896,0.13496332944117242,1.0142984720740638,50000,0.5359807460890493,0.2,0.5800240673886883,0.4,0.7310518014927178,0.47500283215831235,0.4096668352415725,0.5385738229642009,0.8809523809523809,0.8809523809523809,0.9785025202169411,0.8,0.95
top_100__full_incl_covid,full_incl_covid,sparse_jl,100,5.0,18,0.7,50000,500,,0.006218887999978051,0.0009147600000005696,0.7754494120000004,0.05196552784089743,0.04399980005068743,0.12860763206553325,0.9992134374251702,50000,0.5523465703971119,0.2,0.5908543922984356,0.4,0.7996736690608958,0.3884496019017004,0.37813508537707413,0.5220861187798901,0.9047619047619048,0.9047619047619048,0.9801888197053696,0.7,0.95
top_100__full_incl_covid,full_incl_covid,sparse_jl,100,5.0,19,0.7,50000,500,,0.008653316999982508,0.0014526100000011866,0.8314817779999544,0.05716774965375525,0.049556565779772244,0.13685597201941554,0.970710874644308,50000,0.543682310469314,0.2,0.5814681107099878,0.4,0.7912121707201882,0.5012107981474377,0.33661536366945255,0.5430127775123594,0.8095238095238095,0.8095238095238095,0.9763294708966385,0.9,0.95
top_100__full_incl_covid,full_incl_covid,sparse_jl,100,5.0,20,0.7,50000,500,,0.006665517000044474,0.001806579000003694,0.7756426419999798,0.06816320028691752,0.057608495459866293,0.16722803064839828,1.0316137667823908,50000,0.534777376654633,0.2,0.5797833935018051,0.4,0.7416267052163162,0.3547110080863011,0.34053297799025706,0.4789568970976248,0.8333333333333334,0.8333333333333334,0.9763668810203322,0.9,0.95
top_100__full_incl_covid,full_incl_covid,sparse_jl,100,5.0,21,0.7,50000,500,,0.007035567000002629,0.0017139999999926658,0.7740852020000375,0.056088536639071644,0.04756450327585576,0.13676239323563466,0.9898761109096529,50000,0.532129963898917,0.2,0.5714801444043321,0.4,0.7195801253363879,0.4285868008406439,0.3367883700488332,0.494985098741955,0.8571428571428571,0.8571428571428571,0.9769579567924572,0.7,0.95
top_100__full_incl_covid,full_incl_covid,sparse_jl,100,5.0,22,0.7,50000,500,,0.006077707999963877,0.0016383889999929124,0.7813099989999728,0.05170560203896086,0.04404537264944375,0.12609329352725432,0.9858505139241007,50000,0.54632972322503,0.2,0.5992779783393501,0.4,0.7414343779499412,0.5340147034673356,0.5192867550819232,0.5982452788330667,0.8333333333333334,0.8333333333333334,0.979528946109347,0.9,0.95
top_100__full_incl_covid,full_incl_covid,sparse_jl,100,5.0,23,0.7,50000,500,,0.005904996999959167,0.0012083299999972041,0.7329578790000255,0.05417288293204743,0.045489823560200204,0.13458179974950896,1.0004760063091978,50000,0.5311672683513838,0.2,0.5826714801444043,0.4,0.6934886514752999,0.6340674141885964,0.41983881907727066,0.582464961580389,0.8333333333333334,0.8333333333333334,0.9749579685027251,0.9,0.95
top_100__full_incl_covid,full_incl_covid,sparse_jl,100,5.0,24,0.7,50000,500,,0.005737086999999974,0.001207820000047377,0.7335673790000214,0.06725807826017022,0.05789867734730486,0.1607465575689538,0.9675711690499221,50000,0.5174488567990373,0.2,0.5598074608904934,0.3,0.6855234715451403,0.2969558707251089,0.30842349782774847,0.43030094669933255,0.8333333333333334,0.8333333333333334,0.9652625567529768,0.7,0.95
top_100__full_incl_covid,full_incl_covid,sparse_jl,100,5.0,25,0.7,50000,500,,0.004672318000018549,0.0013537400000132038,0.7956206729999735,0.05254737965738391,0.043696182111312765,0.13090319388144503,1.000562468034213,50000,0.5393501805054152,0.2,0.594344163658243,0.4,0.7944612351437172,0.5481927875107633,0.41411300804420403,0.5855890102328948,0.8809523809523809,0.8809523809523809,0.9761794121780094,0.9,0.95
top_100__full_incl_covid,full_incl_covid,sparse_jl,100,5.0,26,0.7,50000,500,,0.005848146999994697,0.0010446400000319045,0.7306009600000039,0.0644608133579065,0.0560419860632409,0.15337031008664326,1.0312589049546248,50000,0.5460890493381468,0.4,0.5882069795427196,0.4,0.8299848250902606,0.6555687556711924,0.3945882924842164,0.6267139577485564,0.8809523809523809,0.8809523809523809,0.978493800249596,0.9,0.95
top_100__full_incl_covid,full_incl_covid,sparse_jl,100,5.0,27,0.7,50000,500,,0.005637987999989491,0.001174779999985276,0.7652981159999968,0.05238860294675464,0.04435722754088317,0.12822518852886752,0.9912642621914863,50000,0.5326113116726835,0.2,0.5779783393501805,0.4,0.7505996376969165,0.2994559664175637,0.44530288877506713,0.49845283096318244,0.8809523809523809,0.8809523809523809,0.9773027823596523,0.9,0.95
top_100__full_incl_covid,full_incl_covid,sparse_jl,100,5.0,28,0.7,50000,500,,0.0052635180000493165,0.0015134489999582001,0.7457385339999973,0.05219298841414709,0.044562569777707006,0.12648430776643815,1.0005171570957243,50000,0.5220216606498195,0.2,0.5785800240673887,0.4,0.7787236175449475,0.4963692295402501,0.4261618811722871,0.5670849094191616,0.9285714285714286,0.9285714285714286,0.9811246583111115,0.9,0.95
top_100__full_incl_covid,full_incl_covid,sparse_jl,100,5.0,29,0.7,50000,500,,0.006918027000040183,0.00141951899996684,0.8205161429999634,0.05674860997637444,0.04837521693046648,0.13846807814536052,0.9954643567270688,50000,0.5205776173285198,0.2,0.5648616125150421,0.4,0.768093238193842,0.358795755706917,0.39816959581828776,0.5083528632396823,0.8333333333333334,0.8333333333333334,0.9732152506164619,0.8,0.95
top_100__full_incl_covid,full_incl_covid,sparse_jl,100,5.0,30,0.7,50000,500,,0.0059238869999944654,0.0012092900000197915,0.8140683159999753,0.04915744616349107,0.0412210394261735,0.1220773426774153,0.9974396435952918,50000,0.5429602888086642,0.2,0.5901323706377858,0.4,0.6531816169788528,0.5785757946235822,0.4230492622696746,0.5516022246240365,0.9285714285714286,0.9285714285714286,0.9799635852490772,0.9,0.95
top_100__full_incl_covid,full_incl_covid,sparse_jl,100,5.0,31,0.7,50000,500,,0.0061839979999831485,0.0013252789999569359,0.817035293999993,0.0507548740592762,0.04219527369423831,0.12628641274630437,1.0017395943620222,50000,0.5316486161251504,0.2,0.5851985559566787,0.4,0.8480640381894349,0.2480035189475342,0.47112842579539266,0.5223986609774539,0.8571428571428571,0.8571428571428571,0.9791686253483805,0.8,0.95
top_100__full_incl_covid,full_incl_covid,sparse_jl,100,5.0,32,0.7,50000,500,,0.0059367669999801365,0.001045488999977806,0.8208690129999923,0.04998357510117482,0.041610771550598724,0.1254004111950811,0.9962818108251738,50000,0.5403128760529483,0.2,0.5888086642599277,0.4,0.8296537426797446,0.4715001719038474,0.34506201373355366,0.5487386427723818,0.9047619047619048,0.9047619047619048,0.9790060408253395,1.0,0.95
top_100__full_incl_covid,full_incl_covid,sparse_jl,100,5.0,33,0.7,50000,500,,0.005755907999969168,0.0013994290000027831,0.8725429909999889,0.057719477757388366,0.04977933939519119,0.1388959800141103,0.9796241505508461,50000,0.5415162454873647,0.4,0.5849578820697954,0.4,0.7710301705702376,0.42453353117402187,0.5808018179665113,0.5921218399035902,0.8333333333333334,0.8333333333333334,0.9749819536407222,0.8,0.95
top_100__full_incl_covid,full_incl_covid,sparse_jl,100,5.0,34,0.7,50000,500,,0.005763358000024255,0.001000699000030636,0.8266559499999744,0.053161166504770735,0.045803605461962826,0.12772252004586487,0.9933815281608465,50000,0.5367027677496992,0.2,0.5883273164861612,0.4,0.7587173600421644,0.5304190161513589,0.3800382583960536,0.5563915448631923,0.8333333333333334,0.8333333333333334,0.9790429072580239,1.0,0.95
top_100__full_incl_covid,full_incl_covid,sparse_jl,100,5.0,35,0.7,50000,500,,0.0073052770000003875,0.0013895289999936722,0.8150561850000031,0.051073461289411426,0.04282804258180245,0.12654080472570295,0.9910554281647541,50000,0.5381468110709988,0.2,0.5903730445246691,0.4,0.7804829218493741,0.47380981669762473,0.4329695581765709,0.5624207655745233,0.8571428571428571,0.8571428571428571,0.9785076434591461,1.0,0.95
top_100__full_incl_covid,full_incl_covid,sparse_jl,100,5.0,36,0.7,50000,500,,0.006859797000004164,0.0012962389999984225,0.854171708000024,0.05580022573819858,0.0476591113644983,0.13582596168151975,0.9763429236290186,50000,0.5304452466907341,0.2,0.5791817087845968,0.4,0.6594798867594305,0.5857312777205685,0.36400838544862407,0.5364065166428743,0.8809523809523809,0.8809523809523809,0.9763343222933386,0.9,0.95
top_100__full_incl_covid,full_incl_covid,sparse_jl,100,5.0,37,0.7,50000,500,,0.005351297999993676,0.0012137890000190055,0.7848608280000349,0.06253288936877019,0.05286082778783696,0.153410704230977,1.0295414622476566,50000,0.5475330926594465,0.2,0.594344163658243,0.4,0.76233640409549,0.38798710718178814,0.418482589585543,0.5229353669542737,0.8809523809523809,0.8809523809523809,0.9772110449573913,0.7,0.95
top_100__full_incl_covid,full_incl_covid,sparse_jl,100,5.0,38,0.7,50000,500,,0.00744427700004735,0.0025879579999923408,0.9281153169999925,0.05072283772977823,0.04260897701583333,0.126143417464437,1.012296489091908,50000,0.548977135980746,0.4,0.5960288808664259,0.4,0.7263275433843306,0.6642390606851971,0.4755869244687177,0.6220511761794151,0.9285714285714286,0.9285714285714286,0.9816307300850164,0.9,0.95
top_100__full_incl_covid,full_incl_covid,sparse_jl,100,5.0,39,0.7,50000,500,,0.006829718000005869,0.0029024789999994027,0.7693428449999828,0.05802658582256303,0.049527796010634784,0.14058282533432176,1.0165822715944743,50000,0.5335740072202165,0.2,0.5909747292418773,0.4,0.8011251799848861,0.6205146302457851,0.3568660295775867,0.592835279936086,0.9523809523809523,0.9523809523809523,0.9759797521103575,0.8,0.95
top_100__full_incl_covid,full_incl_covid,sparse_jl,100,5.0,40,0.7,50000,500,,0.006473798000001807,0.0017475000000217733,0.8260971299999937,0.05280547389210677,0.044421544504101074,0.13021794182992816,1.0029279673921427,50000,0.5415162454873647,0.2,0.579783393501805,0.4,0.6926746727292952,0.5611914929416871,0.37332924079114993,0.5423984688207107,0.8571428571428571,0.8571428571428571,0.9777146701217533,0.9,0.95
top_100__full_incl_covid,full_incl_covid,sparse_jl,100,5.0,41,0.7,50000,500,,0.00726496700002599,0.001631089999989399,0.8305926279999767,0.052178307319063214,0.044157521647206655,0.12714949941740641,0.9929328474528356,50000,0.5465703971119134,0.2,0.5868832731648616,0.4,0.6966551138245254,0.33962335278371575,0.3737293849332407,0.470002617180494,0.8809523809523809,0.8809523809523809,0.9805021530163976,0.9,0.95
top_100__full_incl_covid,full_incl_covid,sparse_jl,100,5.0,42,0.7,50000,500,,0.006026096999960373,0.0017575189999661234,1.0226930280000488,0.05911573857931997,0.05077732343981428,0.14242148457451817,0.9745878693457399,50000,0.5200962695547532,0.2,0.5740072202166066,0.4,0.6924000912668191,0.6028336404341073,0.3746557987915448,0.5566298434974905,0.9047619047619048,0.9047619047619048,0.9734926794096687,0.8,0.95
top_100__full_incl_covid,full_incl_covid,sparse_jl,100,5.0,43,0.7,50000,500,,0.006075517999988733,0.0011748789999614928,0.8437978430000044,0.05073817771543225,0.04314436963747287,0.12351649573341379,1.0034214579816212,50000,0.5530685920577617,0.4,0.5948255114320097,0.4,0.8549044190987298,0.38861940841590514,0.3333303275685554,0.5256180516943968,0.9047619047619048,0.9047619047619048,0.9799551998608149,0.9,0.95
top_100__full_incl_covid,full_incl_covid,sparse_jl,100,5.0,44,0.7,50000,500,,0.007417815999986033,0.0012735699999666394,1.0237082660000283,0.055341546765292494,0.047830481113805945,0.13224746218227484,0.9919678699590504,50000,0.5400722021660649,0.2,0.5839951865222622,0.4,0.7283122666111851,0.41925642509953714,0.36653572849828714,0.5047014734030031,0.8333333333333334,0.8333333333333334,0.9777913932876743,1.0,0.95
top_100__full_incl_covid,full_incl_covid,sparse_jl,100,5.0,45,0.7,50000,500,,0.00684664700003168,0.0012653890000251522,0.8486173009999902,0.0481322986102442,0.04068662178441246,0.11848369291259953,0.9923615894960598,50000,0.5588447653429602,0.4,0.6027677496991576,0.4,0.8486126437119652,0.686921160760101,0.5464227032766624,0.6939855025829096,0.9285714285714286,0.9285714285714286,0.9807376548682928,0.9,0.95
top_100__full_incl_covid,full_incl_covid,sparse_jl,100,5.0,46,0.7,50000,500,,0.004678218000037759,0.0012172090000035496,0.9180205519999731,0.054103468487011586,0.04623343060742591,0.1314114043138079,1.0181561271333772,50000,0.5458483754512635,0.4,0.5910950661853189,0.4,0.7852541878652844,0.5836596234319411,0.5204144482725924,0.6297760865232727,0.8571428571428571,0.8571428571428571,0.9798450606090007,0.9,0.95
top_100__full_incl_covid,full_incl_covid,sparse_jl,100,5.0,47,0.7,50000,500,,0.007067986999970799,0.0008634000000142805,0.9351721439999778,0.056197111570682946,0.047621692406502936,0.1368135900627655,1.0211061476439878,50000,0.5484957882069795,0.2,0.6020457280385078,0.4,0.7880633387516341,0.6061501928015326,0.5326645199250873,0.6422926838260846,0.9047619047619048,0.9047619047619048,0.9808766306548046,0.8,0.95
top_100__full_incl_covid,full_incl_covid,sparse_jl,100,5.0,48,0.7,50000,500,,0.00595257700001639,0.001152349999983926,0.8570298769999454,0.06554293298334578,0.05614354726867865,0.15784786199462586,1.032267027992606,50000,0.5415162454873647,0.2,0.585439229843562,0.4,0.8478220434997978,0.44608730409426367,0.345424634093515,0.5464446605625255,0.8809523809523809,0.8809523809523809,0.9764460507957963,0.7,0.95
top_100__full_incl_covid,full_incl_covid,sparse_jl,100,5.0,49,0.7,50000,500,,0.006630597000025773,0.0012368600000058905,0.8478947009999729,0.05591297933336032,0.04728794588741325,0.13716522965889896,0.9770143572282829,50000,0.5362214199759325,0.2,0.5859205776173285,0.4,0.7021801906043649,0.6289863577066195,0.3273871029174735,0.5528512170761526,0.7619047619047619,0.7619047619047619,0.9771130551085206,0.9,0.95
