universe,protocol,slice,method,k,s,seed,train_frac,n_pairs,nnz,explained_variance,fit_seconds,transform_seconds,metrics_seconds,dd_mean_abs,dd_median_abs,dd_p95_abs,dd_mean_rho,dd_n_pairs,nn_overlap_at_5,nn_overlap_at_5_p10,nn_overlap_at_10,nn_overlap_at_10_p10,ari_C3,ari_C5,ari_C8,ari_mean,anomaly_recall_5pct,anomaly_precision_5pct,anomaly_score_spearman,anomaly_top10_overlap,sparsity_ratio
top_100__chrono70_30__full,chrono70_30,full,crashsketch_R,20,3.0,0,0.7,50000,300,,0.006385374814271927,0.0006677079945802689,0.45626962510868907,0.12796893088877992,0.1103692110192096,0.3077159131995436,0.9547966619281839,50000,0.1800240673886883,0.0,0.23802647412755717,0.1,0.4525426405740657,0.24695173706716816,0.2086813910302446,0.3027252562238262,0.7380952380952381,0.7380952380952381,0.8754271947551383,0.7,0.85
top_100__chrono70_30__full,chrono70_30,full,crashsketch_R,20,3.0,1,0.7,50000,300,,0.005025290884077549,0.0009893341921269894,0.47155195800587535,0.12435775753328002,0.10556780169207891,0.3026956234996052,1.0197669202664261,50000,0.20361010830324908,0.0,0.26401925391095066,0.1,0.5210574249917073,0.2961976712151998,0.25990793497303993,0.35905434372664896,0.7619047619047619,0.7619047619047619,0.9044554223559051,0.6,0.85
top_100__chrono70_30__full,chrono70_30,full,crashsketch_R,20,3.0,2,0.7,50000,300,,0.004057165700942278,0.00033674994483590126,0.46135150035843253,0.12235068751074103,0.10405207063784,0.298211977216481,1.0009863703196147,50000,0.20673886883273165,0.0,0.2578820697954272,0.1,0.41873747924799004,0.2779115719069842,0.23711307894199274,0.31125404336565565,0.6666666666666666,0.6666666666666666,0.8976730652128089,0.7,0.85
top_100__chrono70_30__full,chrono70_30,full,crashsketch_R,20,3.0,3,0.7,50000,300,,0.005265957675874233,0.0008916668593883514,0.40593725023791194,0.119937866383387,0.1030002415068823,0.28993834149555303,0.9636794890371168,50000,0.19975932611311673,0.0,0.2543922984356197,0.1,0.5220985986617491,0.3355081909818872,0.22525080901225258,0.36095253288529633,0.7142857142857143,0.7142857142857143,0.8978926118246939,0.8,0.85
top_100__chrono70_30__full,chrono70_30,full,crashsketch_R,20,3.0,4,0.7,50000,300,,0.004354625009000301,0.0005907081067562103,0.38586116675287485,0.11776048395535381,0.0999764855526794,0.289467324698294,0.9810537246468294,50000,0.1966305655836342,0.0,0.25740072202166064,0.1,0.5879477852237429,0.3036586288389948,0.21052701303219845,0.36737780903164535,0.7619047619047619,0.7619047619047619,0.8980362717183645,0.8,0.85
top_100__chrono70_30__full,chrono70_30,full,crashsketch_R,20,3.0,5,0.7,50000,300,,0.0035806670784950256,0.00028849998489022255,0.40007541608065367,0.12146442517288988,0.1042126312512317,0.2927884166408691,0.9649115449639548,50000,0.1901323706377858,0.0,0.2513838748495788,0.1,0.5519469040441818,0.3435822891783482,0.23441516354915007,0.3766481189238933,0.7857142857142857,0.7857142857142857,0.8865842152280322,0.7,0.85
top_100__chrono70_30__full,chrono70_30,full,crashsketch_R,20,3.0,6,0.7,50000,300,,0.003371416125446558,0.0002554580569267273,0.48557995865121484,0.1151774786954939,0.09555446444539933,0.2869103326225245,1.005084696382947,50000,0.20962695547533094,0.0,0.26750902527075815,0.1,0.3855794747832233,0.31311458991627034,0.27379049823057205,0.3241615209766886,0.7142857142857143,0.7142857142857143,0.9014420358468028,0.9,0.85
top_100__chrono70_30__full,chrono70_30,full,crashsketch_R,20,3.0,7,0.7,50000,300,,0.004296291619539261,0.001316457986831665,0.596398042049259,0.1195218554536685,0.10331069824489675,0.2854531052062565,0.9505022508255206,50000,0.1987966305655836,0.0,0.2540312876052948,0.1,0.4528626821166421,0.21748338221857827,0.1735657127574171,0.2813039256975458,0.6190476190476191,0.6190476190476191,0.9010483199111357,0.9,0.85
top_100__chrono70_30__full,chrono70_30,full,crashsketch_R,20,3.0,8,0.7,50000,300,,0.005463709123432636,0.00038079218938946724,0.5543877496384084,0.11549912644653039,0.0960606564529981,0.286274666225827,0.9787762694825484,50000,0.19181708784596868,0.0,0.24825511432009628,0.1,0.5438516456237986,0.287792654255947,0.23061140755673554,0.3540852358121604,0.7380952380952381,0.7380952380952381,0.9079935961563553,0.6,0.85
top_100__chrono70_30__full,chrono70_30,full,crashsketch_R,20,3.0,9,0.7,50000,300,,0.0035810424014925957,0.00035783275961875916,0.4997597923502326,0.12343626000726358,0.10457918363104046,0.30102306046388966,0.9800264826363727,50000,0.18315282791817086,0.0,0.23826714801444043,0.1,0.4958733944202744,0.34730839949559994,0.23205426605805046,0.3584120199913083,0.7857142857142857,0.7857142857142857,0.890290201349692,0.8,0.85
top_100__chrono70_30__full,chrono70_30,full,crashsketch_R,20,3.0,10,0.7,50000,300,,0.00491387490183115,0.0007964172400534153,0.4103284580633044,0.11875423506671429,0.09971398232048007,0.2921644833348299,0.9652852053216098,50000,0.19326113116726834,0.0,0.24897713598074608,0.1,0.3990526989071229,0.32956301028094576,0.15982209330658592,0.2961459341648849,0.7142857142857143,0.7142857142857143,0.8940274497043993,0.6,0.85
top_100__chrono70_30__full,chrono70_30,full,crashsketch_R,20,3.0,11,0.7,50000,300,,0.005015084054321051,0.0006424593739211559,0.4625858752988279,0.12673553997634077,0.10895345608274276,0.3062286268632529,1.0323045340684862,50000,0.21034897713598075,0.0,0.26654632972322506,0.1,0.6641938265946781,0.32875869187571327,0.2576000239400083,0.4168508474701332,0.7857142857142857,0.7857142857142857,0.9027169703529475,0.9,0.85
top_100__chrono70_30__full,chrono70_30,full,crashsketch_R,20,3.0,12,0.7,50000,300,,0.004554999992251396,0.0004852497950196266,0.48420308297500014,0.11508164454631403,0.09841133826359721,0.2800769448197469,0.9595601101946107,50000,0.20024067388688332,0.0,0.2557160048134778,0.1,0.5471966760040968,0.26122593966114305,0.2442944737452445,0.3509056964701614,0.6428571428571429,0.6428571428571429,0.9046494154903423,0.7,0.85
top_100__chrono70_30__full,chrono70_30,full,crashsketch_R,20,3.0,13,0.7,50000,300,,0.003518708050251007,0.0003370833583176136,0.49119995813816786,0.1320886253277496,0.11473010857934696,0.3137861212406111,0.9413655198149599,50000,0.17569193742478942,0.0,0.2315282791817088,0.1,0.39452865464655607,0.24868434765033737,0.15843366825662356,0.2672155568511723,0.7142857142857143,0.7142857142857143,0.8779209172150974,0.5,0.85
top_100__chrono70_30__full,chrono70_30,full,crashsketch_R,20,3.0,14,0.7,50000,300,,0.0036578751169145107,0.002317291684448719,0.37651145784184337,0.13260032921561404,0.11386398361636008,0.31823249177714547,1.0438865656675835,50000,0.21107099879663058,0.0,0.26293622141997597,0.1,0.6643413481837837,0.44186395037679704,0.2675857206948485,0.45793033975180975,0.8333333333333334,0.8333333333333334,0.9018466256026605,1.0,0.85
top_100__chrono70_30__full,chrono70_30,full,crashsketch_R,20,3.0,15,0.7,50000,300,,0.0036152908578515053,0.00033016689121723175,0.34130316600203514,0.1363433637112561,0.1197506520469917,0.31940681187157904,0.9372877473003899,50000,0.17280385078219015,0.0,0.21756919374247896,0.1,0.2017594160172121,0.14787179347895818,0.1526667002495954,0.16743263658192187,0.6904761904761905,0.6904761904761905,0.872564828879528,0.5,0.85
top_100__chrono70_30__full,chrono70_30,full,crashsketch_R,20,3.0,16,0.7,50000,300,,0.004996708128601313,0.0014270422980189323,0.3973019579425454,0.11392824809746195,0.09569423825503942,0.2817281904710445,1.0042575084478413,50000,0.2163658243080626,0.0,0.27484957882069794,0.1,0.5706202051227398,0.2614133091743885,0.26363989872155,0.36522447100622607,0.6904761904761905,0.6904761904761905,0.907935881264575,0.9,0.85
top_100__chrono70_30__full,chrono70_30,full,crashsketch_R,20,3.0,17,0.7,50000,300,,0.0044779591262340546,0.0007784580811858177,0.49942916724830866,0.11657708851334485,0.09845694483961714,0.28680429301489013,1.0106322175136624,50000,0.2091456077015644,0.0,0.2583634175691938,0.1,0.5764352618594262,0.43531429992814663,0.25925067291691756,0.4236667449014968,0.6428571428571429,0.6428571428571429,0.9096165974645596,0.7,0.85
top_100__chrono70_30__full,chrono70_30,full,crashsketch_R,20,3.0,18,0.7,50000,300,,0.008061332628130913,0.0003455420956015587,0.5102430828846991,0.11089825919005851,0.09214943501366024,0.27869581402467963,0.9971493135825669,50000,0.20794223826714803,0.0,0.2647412755716005,0.1,0.5794286289183089,0.40558204194339303,0.3155052855975676,0.43350531881975646,0.7619047619047619,0.7619047619047619,0.9203176493811959,0.8,0.85
top_100__chrono70_30__full,chrono70_30,full,crashsketch_R,20,3.0,19,0.7,50000,300,,0.005061166826635599,0.00046070804819464684,0.41512066731229424,0.12274930741347848,0.10706316943612099,0.29137476224242065,0.9492778646298473,50000,0.19807460890493384,0.0,0.24825511432009628,0.1,0.49859829937578315,0.1860382089703035,0.199479082350202,0.29470519689876284,0.7619047619047619,0.7619047619047619,0.9039795463442216,0.4,0.85
top_100__chrono70_30__full,chrono70_30,full,crashsketch_R_1bit,20,3.0,0,0.7,50000,300,,0.005979458335787058,0.001367500051856041,1.2454212503507733,0.8945493659878107,0.8972432025926913,0.938012911409521,0.10545063401218958,50000,0.0539109506618532,0.0,0.07051744885679904,0.0,0.11516357695502691,0.1667760181321094,0.15081440530531484,0.1442513334641504,0.0,0.0,0.22644918747469744,0.0,0.85
top_100__chrono70_30__full,chrono70_30,full,crashsketch_R_1bit,20,3.0,1,0.7,50000,300,,0.006413832772523165,0.002153791021555662,1.2960028327070177,0.8946007082529663,0.8972752987849408,0.937801881153911,0.10539929174703375,50000,0.05752105896510229,0.0,0.07785800240673887,0.0,0.20191299986268738,0.1923944990688693,0.13040877047259977,0.17490542313471882,0.0,0.0,0.22644918747469744,0.0,0.85
top_100__chrono70_30__full,chrono70_30,full,crashsketch_R_1bit,20,3.0,2,0.7,50000,300,,0.013941084034740925,0.00425129197537899,1.3523361668922007,0.8947853360320633,0.8975593112280624,0.9382025277088282,0.10521466396793665,50000,0.05222623345367027,0.0,0.07316486161251504,0.0,0.13164876075484092,0.1915710480788891,0.17953683447468505,0.16758554776947168,0.0,0.0,0.22644918747469744,0.0,0.85
top_100__chrono70_30__full,chrono70_30,full,crashsketch_R_1bit,20,3.0,3,0.7,50000,300,,0.013738333247601986,0.0020515830256044865,1.3535962495952845,0.894340485719936,0.8970643321656112,0.9375649861700637,0.10565951428006393,50000,0.046450060168471724,0.0,0.0690734055354994,0.0,0.16467881081827695,0.16308409107928865,0.11147665007351304,0.14641318399035955,0.0,0.0,0.22644918747469744,0.0,0.85
top_100__chrono70_30__full,chrono70_30,full,crashsketch_R_1bit,20,3.0,4,0.7,50000,300,,0.01398491719737649,0.0052350410260260105,1.064118292182684,0.8945962976421307,0.8973122308340917,0.9379461473686441,0.1054037023578694,50000,0.04741275571600481,0.0,0.06787003610108304,0.0,0.22035695610487893,0.15413002664009023,0.13304786449962677,0.16917828241486532,0.0,0.0,0.22644918747469744,0.0,0.85
top_100__chrono70_30__full,chrono70_30,full,crashsketch_R_1bit,20,3.0,5,0.7,50000,300,,0.011797292158007622,0.000721207819879055,1.0912900832481682,0.8943207134864836,0.8969411777249421,0.9375359628458751,0.10567928651351631,50000,0.04717208182912155,0.0,0.06991576413959084,0.0,0.16299786985100242,0.21561431231747652,0.1639424200062271,0.18085153405823537,0.0,0.0,0.22644918747469744,0.0,0.85
top_100__chrono70_30__full,chrono70_30,full,crashsketch_R_1bit,20,3.0,6,0.7,50000,300,,0.012024291325360537,0.0030578337609767914,0.969657541718334,0.8944676771788542,0.8972282120538544,0.9374558093833607,0.10553232282114572,50000,0.059687123947051744,0.0,0.07906137184115522,0.0,0.1379760532132848,0.15163528318686914,0.15233212397583565,0.14731448679199652,0.0,0.0,0.22644918747469744,0.0,0.85
top_100__chrono70_30__full,chrono70_30,full,crashsketch_R_1bit,20,3.0,7,0.7,50000,300,,0.012881250120699406,0.0008085831068456173,1.1224397500045598,0.8943016408741652,0.897033623431281,0.9378169111683152,0.10569835912583478,50000,0.04837545126353791,0.0,0.06401925391095066,0.0,0.1574396174320337,0.16189375709943596,0.10907542474718744,0.1428029330928857,0.0,0.0,0.22644918747469744,0.0,0.85
top_100__chrono70_30__full,chrono70_30,full,crashsketch_R_1bit,20,3.0,8,0.7,50000,300,,0.006186916958540678,0.0020480002276599407,1.3143070829100907,0.8947071857288771,0.8974114768405088,0.9381267793849742,0.10529281427112286,50000,0.04909747292418772,0.0,0.07340553549939831,0.0,0.1884876648317906,0.16103268808356092,0.1416965575055357,0.16373897014029573,0.0,0.0,0.22644918747469744,0.0,0.85
top_100__chrono70_30__full,chrono70_30,full,crashsketch_R_1bit,20,3.0,9,0.7,50000,300,,0.013591875322163105,0.0009161252528429031,0.7363815419375896,0.8946360578773652,0.8974103972547833,0.9382059045787494,0.10536394212263482,50000,0.04524669073405536,0.0,0.06714801444043321,0.0,0.1556229718840402,0.14268376052059728,0.1133782730469807,0.13722833515053937,0.0,0.0,0.22644918747469744,0.0,0.85
top_100__chrono70_30__full,chrono70_30,full,crashsketch_R_1bit,20,3.0,10,0.7,50000,300,,0.015278374776244164,0.004801041912287474,0.9878739998675883,0.8946628671376277,0.8973878136390191,0.9380066548498474,0.10533713286237237,50000,0.04404332129963899,0.0,0.0645006016847172,0.0,0.175703502183995,0.1450625257663395,0.12259714344856902,0.1477877237996345,0.0,0.0,0.22644918747469744,0.0,0.85
top_100__chrono70_30__full,chrono70_30,full,crashsketch_R_1bit,20,3.0,11,0.7,50000,300,,0.009712792001664639,0.0011013341136276722,0.7087997091002762,0.8947275919074371,0.8975576228389349,0.9375041765862316,0.10527240809256298,50000,0.058243080625752106,0.0,0.07821901323706378,0.0,0.2043776406880232,0.1945697288460388,0.13551224073797913,0.17815320342401372,0.0,0.0,0.22644918747469744,0.0,0.85
top_100__chrono70_30__full,chrono70_30,full,crashsketch_R_1bit,20,3.0,12,0.7,50000,300,,0.008501208387315273,0.0009717079810798168,0.4410084169358015,0.8947086327390025,0.8974102561801822,0.9379588661084546,0.10529136726099754,50000,0.05030084235860409,0.0,0.07509025270758124,0.0,0.2532897073761239,0.18649796935891677,0.1712842680288342,0.20369064825462493,0.0,0.0,0.22644918747469744,0.0,0.85
top_100__chrono70_30__full,chrono70_30,full,crashsketch_R_1bit,20,3.0,13,0.7,50000,300,,0.006010500248521566,0.004811124876141548,0.7789708329364657,0.8944323576694255,0.8972575657408538,0.9379636766321787,0.1055676423305743,50000,0.051263537906137184,0.0,0.07063778580024067,0.0,0.14972804246781762,0.12876257343660594,0.10853848163195821,0.12900969917879393,0.0,0.0,0.22644918747469744,0.0,0.85
top_100__chrono70_30__full,chrono70_30,full,crashsketch_R_1bit,20,3.0,14,0.7,50000,300,,0.005480082705616951,0.00047454191371798515,0.6309834998100996,0.8950885844755962,0.8978519255290318,0.9384554796338872,0.10491141552440372,50000,0.05270758122743682,0.0,0.07737665463297232,0.0,0.22530729045438963,0.19732808562956738,0.1705191605180402,0.19771817886733242,0.0,0.0,0.22644918747469744,0.0,0.85
top_100__chrono70_30__full,chrono70_30,full,crashsketch_R_1bit,20,3.0,15,0.7,50000,300,,0.005918459035456181,0.0007418747991323471,0.9907364579848945,0.8940221214273,0.8968873760128178,0.9379737553602786,0.10597787857269991,50000,0.043802647412755726,0.0,0.06738868832731648,0.0,0.12456429755491888,0.12141901186054897,0.09143892611837029,0.11247407851127939,0.0,0.0,0.22644918747469744,0.0,0.85
top_100__chrono70_30__full,chrono70_30,full,crashsketch_R_1bit,20,3.0,16,0.7,50000,300,,0.007585334125906229,0.0005492502823472023,0.5639161672443151,0.8948795465476744,0.8976275979862044,0.9375281118059337,0.10512045345232551,50000,0.048134777376654635,0.0,0.07123947051744885,0.0,0.21116713816443508,0.15909098922488168,0.15302379972383914,0.17442730903771864,0.0,0.0,0.22644918747469744,0.0,0.85
top_100__chrono70_30__full,chrono70_30,full,crashsketch_R_1bit,20,3.0,17,0.7,50000,300,,0.007025083061307669,0.0006632078438997269,0.6987679158337414,0.8948419190989264,0.8975829193922278,0.937755209602668,0.10515808090107343,50000,0.06161251504211793,0.0,0.08231046931407943,0.0,0.1898248179792022,0.2075889967824219,0.20316344512140783,0.20019241996101064,0.0,0.0,0.22644918747469744,0.0,0.85
top_100__chrono70_30__full,chrono70_30,full,crashsketch_R_1bit,20,3.0,18,0.7,50000,300,,0.006551750004291534,0.0008559171110391617,0.698482166044414,0.8946912781915961,0.897351963794152,0.9377372897256768,0.1053087218084039,50000,0.0457280385078219,0.0,0.07123947051744885,0.0,0.20010845268693736,0.16084482373522957,0.171689500206351,0.17754759220950597,0.0,0.0,0.22644918747469744,0.0,0.85
top_100__chrono70_30__full,chrono70_30,full,crashsketch_R_1bit,20,3.0,19,0.7,50000,300,,0.0074674999341368675,0.003566291183233261,0.49145837500691414,0.8944254006402845,0.8972862694094617,0.937882550822241,0.10557459935971536,50000,0.048616125150421186,0.0,0.07196149217809868,0.0,0.12196873671984683,0.1244126897601747,0.10568070837260947,0.11735404495087699,0.0,0.0,0.22644918747469744,0.0,0.85
top_100__chrono70_30__full,chrono70_30,full,crashsketch_R_int8,20,3.0,0,0.7,50000,300,,0.005273750051856041,0.0007056249305605888,0.283007999882102,0.1471135302442777,0.12982972901090611,0.3421382163920044,0.9001855395765073,50000,0.17424789410348976,0.0,0.23164861612515042,0.1,0.28455652493453143,0.22582928609939598,0.1906348542614189,0.23367355509844878,0.7380952380952381,0.7380952380952381,0.8659910190609702,0.4,0.85
top_100__chrono70_30__full,chrono70_30,full,crashsketch_R_int8,20,3.0,1,0.7,50000,300,,0.005871166009455919,0.0005437498912215233,0.5690563749521971,0.12505983554393194,0.10621407975394515,0.3032323723632444,0.9575938680246574,50000,0.19494584837545126,0.0,0.2548736462093863,0.1,0.49755044124582887,0.3398050717684704,0.22742139393393668,0.354925635649412,0.6666666666666666,0.6666666666666666,0.8935535184336344,0.5,0.85
top_100__chrono70_30__full,chrono70_30,full,crashsketch_R_int8,20,3.0,2,0.7,50000,300,,0.006620875094085932,0.001354125328361988,0.4437892911955714,0.13179547467898162,0.11339753643835448,0.314419168473586,0.9304990110000156,50000,0.20072202166064984,0.0,0.2496991576413959,0.1,0.4261557242914863,0.2129182166684887,0.24445069881493275,0.2945082132583026,0.6190476190476191,0.6190476190476191,0.8916531510658016,0.5,0.85
top_100__chrono70_30__full,chrono70_30,full,crashsketch_R_int8,20,3.0,3,0.7,50000,300,,0.005629000253975391,0.0005182498134672642,0.3538092910312116,0.13940064310014952,0.12232047185031664,0.32765688233374424,0.9045177977827056,50000,0.19133574007220217,0.0,0.2509025270758123,0.1,0.49581711309115106,0.3008924477807434,0.20363959744320478,0.3334497194383664,0.7142857142857143,0.7142857142857143,0.8903901986730592,0.6,0.85
top_100__chrono70_30__full,chrono70_30,full,crashsketch_R_int8,20,3.0,4,0.7,50000,300,,0.007985124830156565,0.0005213329568505287,0.40907625015825033,0.1327487794498658,0.11434902838802696,0.3188391573218319,0.9222227461203202,50000,0.1886883273164862,0.0,0.2522262334536703,0.1,0.5857887656593226,0.18528817685659152,0.1939418591175324,0.3216729338778155,0.7380952380952381,0.7380952380952381,0.8840794516583411,0.6,0.85
top_100__chrono70_30__full,chrono70_30,full,crashsketch_R_int8,20,3.0,5,0.7,50000,300,,0.0068250419571995735,0.0018846248276531696,0.49018670804798603,0.14084823484788786,0.12470109877475827,0.3301841503230139,0.9009983126651284,50000,0.1829121540312876,0.0,0.24524669073405536,0.1,0.2464769910785144,0.3274316472788369,0.19590928277370914,0.2566059737103535,0.7142857142857143,0.7142857142857143,0.8778700402833215,0.4,0.85
top_100__chrono70_30__full,chrono70_30,full,crashsketch_R_int8,20,3.0,6,0.7,50000,300,,0.005395625252276659,0.0006368751637637615,0.2931195837445557,0.12614543297686293,0.10753169622056852,0.3068297596764912,0.9472276961405972,50000,0.2064981949458484,0.0,0.25836341756919373,0.1,0.3332976035943456,0.29273824590604536,0.23704585045108492,0.28769389998382533,0.6666666666666666,0.6666666666666666,0.888612266338333,0.6,0.85
top_100__chrono70_30__full,chrono70_30,full,crashsketch_R_int8,20,3.0,7,0.7,50000,300,,0.005264291074126959,0.0006159166805446148,0.3916570423170924,0.145424461822933,0.12928022009903944,0.3357816264249712,0.8916043415195553,50000,0.19253910950661854,0.0,0.24584837545126356,0.1,0.4848645167381667,0.2129291766444805,0.18058058401377378,0.29279142579880696,0.6190476190476191,0.6190476190476191,0.8917206942181388,0.5,0.85
top_100__chrono70_30__full,chrono70_30,full,crashsketch_R_int8,20,3.0,8,0.7,50000,300,,0.004472999833524227,0.0007768329232931137,0.4319940423592925,0.12925743285834573,0.11097343323793601,0.311289448606204,0.9219324839870388,50000,0.18339350180505415,0.0,0.24259927797833936,0.1,0.5101717972281992,0.18456233135500907,0.23195457549914372,0.3088962346941173,0.6666666666666666,0.6666666666666666,0.899653877938859,0.5,0.85
top_100__chrono70_30__full,chrono70_30,full,crashsketch_R_int8,20,3.0,9,0.7,50000,300,,0.0048525407910346985,0.0006681247614324093,0.6717304168269038,0.13820096150892416,0.12047305810903808,0.32633058871064574,0.9168992181273333,50000,0.1776173285198556,0.0,0.23164861612515042,0.1,0.43312324388939416,0.2618573147020328,0.19342096910642184,0.2961338425659496,0.6666666666666666,0.6666666666666666,0.8816380071800671,0.6,0.85
top_100__chrono70_30__full,chrono70_30,full,crashsketch_R_int8,20,3.0,10,0.7,50000,300,,0.0061999158933758736,0.000547042116522789,0.5883330418728292,0.14146848634353296,0.12398349617190108,0.33247247934600166,0.9030266470308683,50000,0.18387484957882072,0.0,0.23910950661853192,0.1,0.42475170078731944,0.279376934917881,0.19977891326037964,0.30130251632186006,0.7142857142857143,0.7142857142857143,0.8831005569068832,0.6,0.85
top_100__chrono70_30__full,chrono70_30,full,crashsketch_R_int8,20,3.0,11,0.7,50000,300,,0.011419874615967274,0.0013439999893307686,0.47836087504401803,0.12466474484850557,0.10602275724614757,0.30393310374140936,0.9788678213645634,50000,0.20481347773766545,0.0,0.2607701564380265,0.1,0.6085990942275337,0.3508943766093538,0.28372703473134386,0.4144068351894104,0.7380952380952381,0.7380952380952381,0.8872227175851418,0.5,0.85
top_100__chrono70_30__full,chrono70_30,full,crashsketch_R_int8,20,3.0,12,0.7,50000,300,,0.006465458311140537,0.000555708073079586,0.4471737090498209,0.14009065350030217,0.12331436759413272,0.3303495408316077,0.8970856848677813,50000,0.19133574007220217,0.0,0.24801444043321302,0.1,0.5445146731912412,0.26425779681952355,0.22308106908024958,0.3439511796970048,0.6190476190476191,0.6190476190476191,0.8994435322517504,0.6,0.85
top_100__chrono70_30__full,chrono70_30,full,crashsketch_R_int8,20,3.0,13,0.7,50000,300,,0.004567707888782024,0.0005520000122487545,0.40703191701322794,0.15080298009062212,0.13353509738597436,0.3473905498521558,0.889943631945493,50000,0.17232250300842358,0.0,0.2279181708784597,0.1,0.390358155578078,0.19062036372418595,0.15213392152413613,0.2443708136088,0.6904761904761905,0.6904761904761905,0.8694651837006453,0.5,0.85
top_100__chrono70_30__full,chrono70_30,full,crashsketch_R_int8,20,3.0,14,0.7,50000,300,,0.007415333762764931,0.0011996668763458729,0.4692917917855084,0.12453394467390459,0.10512943031836508,0.30522554360701826,0.9783690880274097,50000,0.19855595667870035,0.0,0.2545126353790614,0.1,0.6509026845227305,0.4234897976483905,0.26351768433483413,0.44597005550198504,0.7380952380952381,0.7380952380952381,0.8910106128485058,0.4,0.85
top_100__chrono70_30__full,chrono70_30,full,crashsketch_R_int8,20,3.0,15,0.7,50000,300,,0.006468749605119228,0.0013269167393445969,0.6163964169099927,0.16092667697724697,0.14565935849786493,0.36159866261422124,0.8756497667093761,50000,0.1667870036101083,0.0,0.21167268351383875,0.0,0.2034244124408776,0.15543139377974205,0.13227165666195845,0.1637091542941927,0.6666666666666666,0.6666666666666666,0.8631328563350876,0.4,0.85
top_100__chrono70_30__full,chrono70_30,full,crashsketch_R_int8,20,3.0,16,0.7,50000,300,,0.007671666331589222,0.0010539591312408447,0.5783273749984801,0.12470750184195847,0.10479035141757032,0.3078249472656952,0.9365253540134225,50000,0.20770156438026474,0.0,0.2666666666666667,0.1,0.5729207769086441,0.30972419934303025,0.24947341726926747,0.3773727978403139,0.6190476190476191,0.6190476190476191,0.9010841407841863,0.5,0.85
top_100__chrono70_30__full,chrono70_30,full,crashsketch_R_int8,20,3.0,17,0.7,50000,300,,0.011016166768968105,0.0013801655732095242,0.4758467501960695,0.125199002592269,0.10609617690640982,0.3058389840656625,0.9431864534643262,50000,0.20240673886883273,0.0,0.24945848375451266,0.1,0.5787684892258473,0.3402692573897331,0.2729176363450954,0.397318460986892,0.6190476190476191,0.6190476190476191,0.899214471047199,0.5,0.85
top_100__chrono70_30__full,chrono70_30,full,crashsketch_R_int8,20,3.0,18,0.7,50000,300,,0.017425082623958588,0.0014590411446988583,0.48239366710186005,0.12372653582846346,0.10485619236855837,0.302495984337069,0.9289364790493254,50000,0.19951865222623347,0.0,0.25776173285198556,0.1,0.5610176983816179,0.2749894278563045,0.2616717712425816,0.3658929658268346,0.7619047619047619,0.7619047619047619,0.9132102486591742,0.6,0.85
top_100__chrono70_30__full,chrono70_30,full,crashsketch_R_int8,20,3.0,19,0.7,50000,300,,0.00615270808339119,0.0008765840902924538,0.5226453747600317,0.14748420428543443,0.13234824386819083,0.335324671088901,0.8864032464669389,50000,0.1910950661853189,0.0,0.24091456077015647,0.1,0.47018934654055683,0.15652562707810527,0.21069695009580458,0.2791373079048222,0.6904761904761905,0.6904761904761905,0.9000852340213393,0.6,0.85
top_100__chrono70_30__full,chrono70_30,full,crashsketch_R_normsign,20,3.0,0,0.7,50000,300,,0.005675999913364649,0.000664666760712862,0.5080863344483078,0.1345904152432949,0.11530466828576164,0.32336774233822485,0.9629846576617335,50000,0.11720818291215404,0.0,0.1548736462093863,0.0,0.1927542640277482,0.17436393563669325,0.16291987554825038,0.17667935840423063,0.7380952380952381,0.7380952380952381,0.8754271947551383,0.7,0.85
top_100__chrono70_30__full,chrono70_30,full,crashsketch_R_normsign,20,3.0,1,0.7,50000,300,,0.006528332829475403,0.0009338753297924995,0.5581949576735497,0.13242328960070668,0.10990822809510964,0.3318936971362936,1.0310914851716224,50000,0.11528279181708782,0.0,0.16425992779783394,0.0,0.5157261802027462,0.27549274574316107,0.1755256928388272,0.3222482062615782,0.7619047619047619,0.7619047619047619,0.9044554223559051,0.6,0.85
top_100__chrono70_30__full,chrono70_30,full,crashsketch_R_normsign,20,3.0,2,0.7,50000,300,,0.006694416981190443,0.001007332932204008,0.34229724993929267,0.12891515497486497,0.10821418544907146,0.31642327325555974,1.008468573780742,50000,0.11095066185318891,0.0,0.16618531889290014,0.0,0.4090511842103062,0.21809945970743125,0.19752070940154864,0.2748904511064287,0.6666666666666666,0.6666666666666666,0.8976730652128089,0.7,0.85
top_100__chrono70_30__full,chrono70_30,full,crashsketch_R_normsign,20,3.0,3,0.7,50000,300,,0.008614500053226948,0.0010167500004172325,0.6589783327654004,0.1273002922785939,0.1092790486139551,0.3066511234950453,0.9730913306509095,50000,0.11070998796630566,0.0,0.16125150421179302,0.0,0.36738194031355914,0.2211018686500483,0.15335283953653459,0.24727888283338065,0.7142857142857143,0.7142857142857143,0.8978926118246939,0.8,0.85
top_100__chrono70_30__full,chrono70_30,full,crashsketch_R_normsign,20,3.0,4,0.7,50000,300,,0.005720625165849924,0.0016786670312285423,0.5791914579458535,0.12488022824696601,0.10419682413236597,0.3102751187035323,0.9897697429256284,50000,0.10565583634175692,0.0,0.15968712394705173,0.0,0.40252284437073793,0.23081749900075074,0.16940751886484023,0.267582620745443,0.7619047619047619,0.7619047619047619,0.8980362717183645,0.8,0.85
top_100__chrono70_30__full,chrono70_30,full,crashsketch_R_normsign,20,3.0,5,0.7,50000,300,,0.00927533395588398,0.0005428330041468143,0.6250077500008047,0.12698722930232964,0.1085257235829491,0.3079679255294492,0.9725166935468266,50000,0.10180505415162454,0.0,0.15547533092659446,0.0,0.4779557425308413,0.3368204108727941,0.1779633129888857,0.33091315546417366,0.7857142857142857,0.7857142857142857,0.8865842152280322,0.7,0.85
top_100__chrono70_30__full,chrono70_30,full,crashsketch_R_normsign,20,3.0,6,0.7,50000,300,,0.005278749857097864,0.0009504156187176704,0.567624915856868,0.12613164587423506,0.10405615813510283,0.31439524230988447,1.0154208068202812,50000,0.12226233453670277,0.0,0.17220216606498198,0.0,0.25412563573518615,0.22495980343354333,0.16558515560100365,0.2148901982565777,0.7142857142857143,0.7142857142857143,0.9014420358468028,0.9,0.85
top_100__chrono70_30__full,chrono70_30,full,crashsketch_R_normsign,20,3.0,7,0.7,50000,300,,0.008983292151242495,0.00096904207020998,0.4702679170295596,0.1263422309899503,0.10801342580831785,0.30416701839288285,0.9575751474927534,50000,0.10806257521058964,0.0,0.15643802647412758,0.0,0.3729369986746039,0.22330912524979818,0.13880018335458125,0.24501543575966112,0.6190476190476191,0.6190476190476191,0.9010483199111357,0.9,0.85
top_100__chrono70_30__full,chrono70_30,full,crashsketch_R_normsign,20,3.0,8,0.7,50000,300,,0.004840333014726639,0.0006637503392994404,0.4838265418075025,0.12362284704651878,0.10198409292682409,0.3097677323877238,0.986711475260496,50000,0.11095066185318891,0.0,0.16811070998796632,0.0,0.46580908835147133,0.1984422696905423,0.15286123952379946,0.27237086585527104,0.7380952380952381,0.7380952380952381,0.9079935961563553,0.6,0.85
top_100__chrono70_30__full,chrono70_30,full,crashsketch_R_normsign,20,3.0,9,0.7,50000,300,,0.005577499978244305,0.0010029161348938942,0.5888959169387817,0.1305498293414462,0.10950803399190195,0.3228780300646481,0.9900678486672496,50000,0.10348977135980746,0.0,0.14620938628158847,0.0,0.35819966171414985,0.2079641976998074,0.14038009752121094,0.23551465231172275,0.7857142857142857,0.7857142857142857,0.890290201349692,0.8,0.85
top_100__chrono70_30__full,chrono70_30,full,crashsketch_R_normsign,20,3.0,10,0.7,50000,300,,0.007839708123356104,0.0006213332526385784,0.5754949161782861,0.12576294644924654,0.10527940813157532,0.3122047141676419,0.9748525815271758,50000,0.09843561973525874,0.0,0.14981949458483754,0.0,0.42376558606676634,0.28542929932532585,0.1484573110312718,0.28588406547445466,0.7142857142857143,0.7142857142857143,0.8940274497043993,0.6,0.85
top_100__chrono70_30__full,chrono70_30,full,crashsketch_R_normsign,20,3.0,11,0.7,50000,300,,0.007745583076030016,0.0007970831356942654,0.4609399577602744,0.1354577497945258,0.11269318805733791,0.3384788908612386,1.046144984769241,50000,0.12226233453670277,0.0,0.17160048134777378,0.0,0.5804163027042137,0.30922632344988465,0.23537201271062003,0.3750048796215728,0.7857142857142857,0.7857142857142857,0.9027169703529475,0.9,0.85
top_100__chrono70_30__full,chrono70_30,full,crashsketch_R_normsign,20,3.0,12,0.7,50000,300,,0.004789500031620264,0.0009022089652717113,0.4657082906924188,0.12095954864481925,0.1038339361652641,0.29241151745761806,0.9653303579615097,50000,0.11095066185318891,0.0,0.16762936221419977,0.0,0.4492718282730159,0.26022912267050563,0.20950470033809915,0.30633521709387357,0.6428571428571429,0.6428571428571429,0.9046494154903423,0.7,0.85
top_100__chrono70_30__full,chrono70_30,full,crashsketch_R_normsign,20,3.0,13,0.7,50000,300,,0.0052148750983178616,0.0008653746917843819,0.42319124983623624,0.13669025408450652,0.1183427341910474,0.3253558663916343,0.9476687532910009,50000,0.103971119133574,0.0,0.16365824308062576,0.0,0.31135852772195877,0.19094749889833956,0.14046350389459164,0.21425651017162997,0.7142857142857143,0.7142857142857143,0.8779209172150974,0.5,0.85
top_100__chrono70_30__full,chrono70_30,full,crashsketch_R_normsign,20,3.0,14,0.7,50000,300,,0.005656249821186066,0.0005721249617636204,0.5532917911186814,0.13959632637957645,0.11731994899986609,0.34824436170225137,1.0557089143409317,50000,0.11528279181708787,0.0,0.1736462093862816,0.0,0.5686126922774262,0.22565860451989264,0.2496336665808974,0.34796832112607207,0.8333333333333334,0.8333333333333334,0.9018466256026605,1.0,0.85
top_100__chrono70_30__full,chrono70_30,full,crashsketch_R_normsign,20,3.0,15,0.7,50000,300,,0.009908834006637335,0.001045083161443472,0.6254761661402881,0.14202962513114603,0.12354477257403013,0.3340314525714629,0.9444980281544446,50000,0.09819494584837545,0.0,0.14199759326113118,0.0,0.14608947054950416,0.1317037996223373,0.11486892210105205,0.13088739742429784,0.6904761904761905,0.6904761904761905,0.872564828879528,0.5,0.85
top_100__chrono70_30__full,chrono70_30,full,crashsketch_R_normsign,20,3.0,16,0.7,50000,300,,0.005784959066659212,0.0007448331452906132,0.5625638328492641,0.12355463888220554,0.10255698425596449,0.30902213459398004,1.0143207816266244,50000,0.11095066185318891,0.0,0.1660649819494585,0.0,0.5083089154895745,0.2825661704948395,0.17607067104830623,0.3223152523442401,0.6904761904761905,0.6904761904761905,0.907935881264575,0.9,0.85
top_100__chrono70_30__full,chrono70_30,full,crashsketch_R_normsign,20,3.0,17,0.7,50000,300,,0.006114749703556299,0.0016590841114521027,0.47313458286225796,0.12430097536801915,0.10238368142417537,0.31298481688676244,1.0210726653423503,50000,0.12442839951865221,0.0,0.1706377858002407,0.0,0.5201679348683405,0.2588442743322892,0.2590039683476842,0.3460053925161046,0.6428571428571429,0.6428571428571429,0.9096165974645596,0.7,0.85
top_100__chrono70_30__full,chrono70_30,full,crashsketch_R_normsign,20,3.0,18,0.7,50000,300,,0.0063676671124994755,0.0012691249139606953,0.5222740829922259,0.1212133285375391,0.09967413056809094,0.30633298319965113,1.0059329489157092,50000,0.10709987966305656,0.0,0.15932611311672684,0.0,0.4951307764414441,0.21314998110626154,0.20471286137390754,0.3043312063072044,0.7619047619047619,0.7619047619047619,0.9203176493811959,0.8,0.85
top_100__chrono70_30__full,chrono70_30,full,crashsketch_R_normsign,20,3.0,19,0.7,50000,300,,0.004694750066846609,0.0007670000195503235,0.45258208410814404,0.13034616217329295,0.1128948352211877,0.31147661233322477,0.9562671866339387,50000,0.11817087845968711,0.0,0.15896510228640195,0.0,0.41367531994452866,0.18820780894287012,0.1386256764252597,0.24683626843755282,0.7619047619047619,0.7619047619047619,0.9039795463442216,0.4,0.85
top_100__chrono70_30__full,chrono70_30,full,crashsketch_noR,20,3.0,0,0.7,50000,300,,0.0022231671027839184,6.187520921230316e-05,0.3962947502732277,0.11744750244981897,0.10058649320152463,0.28581378724003514,0.9763253265352717,50000,0.20024067388688324,0.0,0.2624548736462094,0.1,0.14617060768012674,0.2866880457537084,0.21146180179965524,0.21477348507783012,0.7619047619047619,0.7619047619047619,0.8996925427341133,0.7,0.85
top_100__chrono70_30__full,chrono70_30,full,crashsketch_noR,20,3.0,1,0.7,50000,300,,0.003216917160898447,9.320909157395363e-05,1.0701152496039867,0.13121269464798377,0.11211063109178854,0.31794251897361436,0.9917690529831165,50000,0.19205776173285197,0.0,0.24416365824308067,0.1,0.40303744979989864,0.1973718135593807,0.1978962692947278,0.26610184421800237,0.6190476190476191,0.6190476190476191,0.8881521573659257,0.4,0.85
top_100__chrono70_30__full,chrono70_30,full,crashsketch_noR,20,3.0,2,0.7,50000,300,,0.0049287499859929085,6.187520921230316e-05,0.9829075001180172,0.12808259087575635,0.11223041321665816,0.30087453854108287,0.9289625743072941,50000,0.17882069795427197,0.0,0.22936221419975936,0.0,0.48614338091608345,0.19427004634443726,0.21003412407071162,0.2968158504437441,0.7380952380952381,0.7380952380952381,0.8939785593359274,0.6,0.85
top_100__chrono70_30__full,chrono70_30,full,crashsketch_noR,20,3.0,3,0.7,50000,300,,0.002939042169600725,0.0002721673808991909,1.050951125100255,0.12279514579368148,0.1029516921668161,0.3040813554802889,1.0292571286556014,50000,0.21419975932611313,0.0,0.2723225030084236,0.1,0.5508394568073274,0.2287383501203204,0.24710106092489034,0.34222628928417936,0.7619047619047619,0.7619047619047619,0.9106919973702083,0.8,0.85
top_100__chrono70_30__full,chrono70_30,full,crashsketch_noR,20,3.0,4,0.7,50000,300,,0.013468874618411064,0.00012754183262586594,1.0348069998435676,0.1253260720323873,0.10911566296673264,0.2952766995597735,0.927791738570981,50000,0.18507821901323707,0.0,0.24512635379061373,0.1,0.5372302026672057,0.29523927983102605,0.19904801672205488,0.3438391664067622,0.6904761904761905,0.6904761904761905,0.8992727714523743,0.7,0.85
top_100__chrono70_30__full,chrono70_30,full,crashsketch_noR,20,3.0,5,0.7,50000,300,,0.007717583794146776,0.0001905001699924469,0.5474456669762731,0.11260644453752791,0.09459517643986293,0.27773175047515875,1.0001346723918811,50000,0.20264741275571604,0.0,0.2571600481347774,0.1,0.49577224723872887,0.313860956109781,0.2502174372718381,0.35328354687344926,0.7619047619047619,0.7619047619047619,0.9084688657434513,0.7,0.85
top_100__chrono70_30__full,chrono70_30,full,crashsketch_noR,20,3.0,6,0.7,50000,300,,0.002992291934788227,7.741665467619896e-05,0.37775383377447724,0.11697794529851728,0.09840193195884572,0.28777279659601573,0.9931530854808488,50000,0.1975932611311673,0.0,0.25499398315282795,0.1,0.4773310565310679,0.23475386940778042,0.24316461842057033,0.31841651478647287,0.6904761904761905,0.6904761904761905,0.8973857872478529,0.6,0.85
top_100__chrono70_30__full,chrono70_30,full,crashsketch_noR,20,3.0,7,0.7,50000,300,,0.004435625392943621,0.0001500421203672886,0.44811791693791747,0.11366420157221846,0.0962012117226525,0.27716071344063853,0.984575966912088,50000,0.20770156438026477,0.0,0.26678700361010826,0.1,0.49542882667433263,0.32212095659551937,0.22083336576442428,0.34612771634475875,0.7857142857142857,0.7857142857142857,0.906280279406992,0.9,0.85
top_100__chrono70_30__full,chrono70_30,full,crashsketch_noR,20,3.0,8,0.7,50000,300,,0.002413500100374222,9.27499495446682e-05,0.5041427910327911,0.12943845568520487,0.11130424279247336,0.3090292152281077,0.9459242586347713,50000,0.19422382671480148,0.0,0.24283995186522264,0.1,0.19420483383314593,0.2018669039259952,0.2553935363120371,0.21715509135705943,0.5714285714285714,0.5714285714285714,0.8868158275980902,0.6,0.85
top_100__chrono70_30__full,chrono70_30,full,crashsketch_noR,20,3.0,9,0.7,50000,300,,0.0029747923836112022,5.612475797533989e-05,0.39859866676852107,0.11936381187534258,0.1015010028438359,0.29017469863473755,0.9871809543696259,50000,0.20336943441636582,0.0,0.26125150421179305,0.1,0.6173570516778326,0.2863551615008153,0.24212794495333165,0.3819467193773265,0.8333333333333334,0.8333333333333334,0.910235673323675,0.6,0.85
top_100__chrono70_30__full,chrono70_30,full,crashsketch_noR,20,3.0,10,0.7,50000,300,,0.002452082931995392,6.416579708456993e-05,0.4330491670407355,0.11786686552800917,0.10076384827247276,0.28443763812899003,1.0072333258306188,50000,0.20914560770156437,0.0,0.27220216606498193,0.1,0.635688685528614,0.32153373631891136,0.2705868324306538,0.4092697514260597,0.6904761904761905,0.6904761904761905,0.9125486603453524,0.7,0.85
top_100__chrono70_30__full,chrono70_30,full,crashsketch_noR,20,3.0,11,0.7,50000,300,,0.007411458995193243,0.0002442500554025173,0.41903695929795504,0.11334864910726908,0.09679477273901366,0.2750334104872738,0.9811933105184482,50000,0.197352587244284,0.0,0.2564380264741276,0.1,0.5439152741714196,0.2516578373978806,0.21735171962794883,0.33764161039908297,0.7380952380952381,0.7380952380952381,0.9076654786321068,0.8,0.85
top_100__chrono70_30__full,chrono70_30,full,crashsketch_noR,20,3.0,12,0.7,50000,300,,0.0029959999956190586,0.00030670780688524246,0.44418625021353364,0.11352022194496848,0.09730574178352219,0.2747980936447135,0.983330580718533,50000,0.19590854392298437,0.0,0.25860409145607705,0.1,0.4562140450803135,0.26670606048012596,0.21024472713400774,0.31105494423148244,0.7142857142857143,0.7142857142857143,0.9084751391012537,0.6,0.85
top_100__chrono70_30__full,chrono70_30,full,crashsketch_noR,20,3.0,13,0.7,50000,300,,0.004085083957761526,0.00023674964904785156,0.4141276250593364,0.10764489019368917,0.09084847120382733,0.2649279786731916,0.9687534971447488,50000,0.2190132370637786,0.0,0.2728038507821901,0.1,0.5834072827075871,0.3523004434394614,0.2178494591976873,0.38451906178157863,0.8095238095238095,0.8095238095238095,0.9106790533419432,0.8,0.85
top_100__chrono70_30__full,chrono70_30,full,crashsketch_noR,20,3.0,14,0.7,50000,300,,0.0035256254486739635,0.00010304199531674385,0.3667368749156594,0.13704243980377198,0.12138648638260424,0.31636717294002553,0.9131208654846131,50000,0.17689530685920576,0.0,0.22791817087845967,0.1,0.22401967823136373,0.15865878438368258,0.18981553948166985,0.19083133403223873,0.6428571428571429,0.6428571428571429,0.8786372510313399,0.6,0.85
top_100__chrono70_30__full,chrono70_30,full,crashsketch_noR,20,3.0,15,0.7,50000,300,,0.005213707685470581,5.5499840527772903e-05,0.41432587523013353,0.12642590936043113,0.10843596820790352,0.3046681577738141,0.9674591002351591,50000,0.18267148014440435,0.0,0.24259927797833938,0.1,0.41038712759246765,0.20643834813834575,0.1460317547223524,0.2542857434843886,0.6904761904761905,0.6904761904761905,0.8754772770615925,0.5,0.85
top_100__chrono70_30__full,chrono70_30,full,crashsketch_noR,20,3.0,16,0.7,50000,300,,0.003946167416870594,0.00011054100468754768,0.3881644173525274,0.12215723401225252,0.10560017223641727,0.2921796904341115,0.9440972103308416,50000,0.18459687123947052,0.0,0.2492178098676294,0.1,0.44420287959894683,0.22177739551166625,0.18362166928690474,0.28320064813250595,0.6904761904761905,0.6904761904761905,0.8911319604995933,0.7,0.85
top_100__chrono70_30__full,chrono70_30,full,crashsketch_noR,20,3.0,17,0.7,50000,300,,0.0024124588817358017,7.800012826919556e-05,0.3316621673293412,0.1415005690857721,0.12122884957569913,0.34027121062913934,1.0591625494853207,50000,0.21347773766546327,0.0,0.27352587244284,0.1,0.5854695406513243,0.35376673480111115,0.2601104193012766,0.3997822315845707,0.7619047619047619,0.7619047619047619,0.9136873584312255,0.8,0.85
top_100__chrono70_30__full,chrono70_30,full,crashsketch_noR,20,3.0,18,0.7,50000,300,,0.0027452916838228703,0.0002364157699048519,0.5694388328120112,0.11107836062578698,0.09239848577823562,0.27600565042458075,0.9711964290215006,50000,0.19855595667870035,0.0,0.2527075812274368,0.1,0.5804920128195995,0.31534924606229986,0.2195090619275357,0.3717834402698117,0.8095238095238095,0.8095238095238095,0.90961394174309,0.8,0.85
top_100__chrono70_30__full,chrono70_30,full,crashsketch_noR,20,3.0,19,0.7,50000,300,,0.00528245884925127,0.00044658267870545387,0.4996097907423973,0.11265583268061782,0.09474044173819962,0.2787163582928805,0.9537496175096699,50000,0.19975932611311673,0.0,0.24440433212996393,0.1,0.6139860696423669,0.2630698418617163,0.24725603971127422,0.37477065040511914,0.7857142857142857,0.7857142857142857,0.9200656904206662,0.8,0.85
top_100__chrono70_30__full,chrono70_30,full,crashsketch_noR_1bit,20,3.0,0,0.7,50000,300,,0.0036160838790237904,0.000761082861572504,0.6002083332277834,0.8945972153069214,0.8973176938705718,0.9380031831837744,0.10540278469307855,50000,0.05198555956678701,0.0,0.07809867629362213,0.0,0.19046351808410922,0.165902099030518,0.15937872662104535,0.1719147812452242,0.0,0.0,0.22644918747469744,0.0,0.85
top_100__chrono70_30__full,chrono70_30,full,crashsketch_noR_1bit,20,3.0,1,0.7,50000,300,,0.00685300026088953,0.0005891658365726471,0.6225586668588221,0.8944430324562742,0.8971836759239692,0.9380819774816206,0.10555696754372568,50000,0.045006016847172085,0.0,0.06750902527075811,0.0,0.14946938197892065,0.12789347350943878,0.12362620794718877,0.13366302114518272,0.0,0.0,0.22644918747469744,0.0,0.85
top_100__chrono70_30__full,chrono70_30,full,crashsketch_noR_1bit,20,3.0,2,0.7,50000,300,,0.004227332770824432,0.0007153749465942383,0.5620618746615946,0.8945247703702106,0.8971770921623725,0.9379383425371535,0.1054752296297895,50000,0.043802647412755726,0.0,0.06233453670276775,0.0,0.17407119054505227,0.12219371448387727,0.12265554576743025,0.13964015026545326,0.0,0.0,0.22644918747469744,0.0,0.85
top_100__chrono70_30__full,chrono70_30,full,crashsketch_noR_1bit,20,3.0,3,0.7,50000,300,,0.004991916939616203,0.0007925829850137234,0.5072428341954947,0.8949797449914745,0.8972583019305824,0.9386011250357389,0.10502025500852566,50000,0.04717208182912155,0.0,0.06871239470517448,0.0,0.206982543337237,0.17585881930353436,0.150895194791636,0.17791218581080245,0.0,0.0,0.22644918747469744,0.0,0.85
top_100__chrono70_30__full,chrono70_30,full,crashsketch_noR_1bit,20,3.0,4,0.7,50000,300,,0.004575457889586687,0.0005487496964633465,0.4258499997667968,0.894579487381214,0.8974043815519321,0.9378904849710027,0.10542051261878595,50000,0.04332129963898917,0.0,0.06823104693140794,0.0,0.18563883019045752,0.14295065529335518,0.11217008517865244,0.1469198568874884,0.0,0.0,0.22644918747469744,0.0,0.85
top_100__chrono70_30__full,chrono70_30,full,crashsketch_noR_1bit,20,3.0,5,0.7,50000,300,,0.0037606670521199703,0.00030516739934682846,0.41174616664648056,0.8943217774865184,0.896899829107044,0.9377174293462585,0.10567822251348158,50000,0.04259927797833936,0.0,0.06702767749699158,0.0,0.12272487775849907,0.16442283823300483,0.13797693971639843,0.1417082185693008,0.0,0.0,0.22644918747469744,0.0,0.85
top_100__chrono70_30__full,chrono70_30,full,crashsketch_noR_1bit,20,3.0,6,0.7,50000,300,,0.0037338747642934322,0.0003014998510479927,0.3706561252474785,0.8944483346093207,0.8971132062670467,0.937611542025218,0.1055516653906793,50000,0.04717208182912155,0.0,0.07280385078219014,0.0,0.1785345326507037,0.16654851986317912,0.14055350002129566,0.16187885084505949,0.0,0.0,0.22644918747469744,0.0,0.85
top_100__chrono70_30__full,chrono70_30,full,crashsketch_noR_1bit,20,3.0,7,0.7,50000,300,,0.0030462080612778664,0.00033066608011722565,0.4054384999908507,0.8946703639003717,0.8975580395269921,0.9381531956283633,0.10532963609962824,50000,0.04909747292418772,0.0,0.07569193742478941,0.0,0.21005057761616747,0.17024696275126766,0.1307528990991506,0.17035014648886193,0.0,0.0,0.22644918747469744,0.0,0.85
top_100__chrono70_30__full,chrono70_30,full,crashsketch_noR_1bit,20,3.0,8,0.7,50000,300,,0.003591750282794237,0.00037066591903567314,0.5088236671872437,0.8945805783227789,0.8974349311768907,0.9380700175993926,0.10541942167722103,50000,0.045487364620938636,0.0,0.0690734055354994,0.0,0.11815455747390917,0.15343465107046386,0.13860715098887066,0.13673211984441455,0.0,0.0,0.22644918747469744,0.0,0.85
top_100__chrono70_30__full,chrono70_30,full,crashsketch_noR_1bit,20,3.0,9,0.7,50000,300,,0.0039466251619160175,0.0004337090067565441,0.6764151672832668,0.8947518753301469,0.897369616201533,0.9379622784603003,0.10524812466985305,50000,0.04259927797833935,0.0,0.06257521058965103,0.0,0.18312732772332568,0.14754887629886912,0.1383613458359248,0.15634584995270653,0.0,0.0,0.22644918747469744,0.0,0.85
top_100__chrono70_30__full,chrono70_30,full,crashsketch_noR_1bit,20,3.0,10,0.7,50000,300,,0.005091290920972824,0.002128749620169401,0.42535233311355114,0.8948932997188742,0.897708771857173,0.9383671293794825,0.10510670028112577,50000,0.048134777376654635,0.0,0.07087845968712393,0.0,0.19725384594729753,0.18166617589946263,0.14407363300903908,0.1743312182852664,0.0,0.0,0.22644918747469744,0.0,0.85
top_100__chrono70_30__full,chrono70_30,full,crashsketch_noR_1bit,20,3.0,11,0.7,50000,300,,0.0033278330229222775,0.00033570826053619385,0.48353716684505343,0.89446301565959,0.8973790794920361,0.9375330720669245,0.10553698434041005,50000,0.04548736462093862,0.0,0.06654632972322502,0.0,0.17012370036842964,0.13420192161678166,0.12870179813844032,0.14434247337455053,0.0,0.0,0.22644918747469744,0.0,0.85
top_100__chrono70_30__full,chrono70_30,full,crashsketch_noR_1bit,20,3.0,12,0.7,50000,300,,0.005834625102579594,0.0002711247652769089,0.5609694588929415,0.8942127224262335,0.89709076411359,0.9378018240805448,0.10578727757376653,50000,0.04380264741275571,0.0,0.06895306859205776,0.0,0.14004346886114166,0.14992815639383886,0.1080429073910202,0.13267151088200024,0.0,0.0,0.22644918747469744,0.0,0.85
top_100__chrono70_30__full,chrono70_30,full,crashsketch_noR_1bit,20,3.0,13,0.7,50000,300,,0.008763167075812817,0.00028570927679538727,0.5156947909854352,0.8945075857907002,0.8971945642012042,0.9378257187450154,0.10549241420929988,50000,0.049338146811071,0.0,0.07280385078219014,0.0,0.1571848897329636,0.1977289212584159,0.1311178649838544,0.1620105586584113,0.0,0.0,0.22644918747469744,0.0,0.85
top_100__chrono70_30__full,chrono70_30,full,crashsketch_noR_1bit,20,3.0,14,0.7,50000,300,,0.004187833052128553,0.00036895833909511566,0.35234474996104836,0.8941757074532749,0.8968005317728145,0.938094019539414,0.10582429254672497,50000,0.045246690734055364,0.0,0.0628158844765343,0.0,0.13108255952777476,0.14327140646623288,0.12416372755776635,0.13283923118392466,0.0,0.0,0.22644918747469744,0.0,0.85
top_100__chrono70_30__full,chrono70_30,full,crashsketch_noR_1bit,20,3.0,15,0.7,50000,300,,0.00402704207226634,0.0003194590099155903,0.6740787499584258,0.8945171308643087,0.8974471318066262,0.9379688551200404,0.10548286913569122,50000,0.04909747292418773,0.0,0.07244283995186522,0.0,0.1971800161817579,0.1599247186957829,0.11321166773274183,0.15677213420342753,0.0,0.0,0.22644918747469744,0.0,0.85
top_100__chrono70_30__full,chrono70_30,full,crashsketch_noR_1bit,20,3.0,16,0.7,50000,300,,0.0030933753587305546,0.00027525005862116814,0.6150666670873761,0.8948848298883099,0.8976497618150518,0.938029736800707,0.10511517011169004,50000,0.05198555956678701,0.0,0.0736462093862816,0.0,0.18259699329227455,0.1665090751080088,0.13273625676316853,0.16061410838781728,0.0,0.0,0.22644918747469744,0.0,0.85
top_100__chrono70_30__full,chrono70_30,full,crashsketch_noR_1bit,20,3.0,17,0.7,50000,300,,0.009052792098373175,0.0009552496485412121,0.4572350410744548,0.8957784711914095,0.8982249979997059,0.9404514987966371,0.1042215288085906,50000,0.04163658243080626,0.0,0.07220216606498195,0.0,0.32260939482602646,0.20567254120802245,0.1641534023784278,0.23081177947082557,0.0,0.0,0.22644918747469744,0.0,0.85
top_100__chrono70_30__full,chrono70_30,full,crashsketch_noR_1bit,20,3.0,18,0.7,50000,300,,0.005216249730437994,0.0005244999192655087,0.44811608269810677,0.89440225448182,0.897286475131496,0.9372873430601912,0.1055977455181799,50000,0.049819494584837545,0.0,0.0740072202166065,0.0,0.2202394716156132,0.20316440513858142,0.153023726146243,0.19214253430014586,0.0,0.0,0.22644918747469744,0.0,0.85
top_100__chrono70_30__full,chrono70_30,full,crashsketch_noR_1bit,20,3.0,19,0.7,50000,300,,0.005157167091965675,0.000295999925583601,0.4684076253324747,0.8944628558055665,0.8972789695483063,0.9374776034013673,0.10553714419443355,50000,0.0430806257521059,0.0,0.06690734055354995,0.0,0.17890372546713873,0.15039146622730498,0.1302819889513804,0.15319239354860803,0.0,0.0,0.22644918747469744,0.0,0.85
top_100__chrono70_30__full,chrono70_30,full,crashsketch_noR_int8,20,3.0,0,0.7,50000,300,,0.004401540849357843,0.0005442500114440918,0.6756149590946734,0.1468009640077321,0.1295962104279168,0.34171947859861285,0.8998271659679011,50000,0.1858002406738869,0.0,0.25042117930204577,0.1,0.20255366170515166,0.18025206332092011,0.2554621621569503,0.2127559623943407,0.6666666666666666,0.6666666666666666,0.8784656956066419,0.6,0.85
top_100__chrono70_30__full,chrono70_30,full,crashsketch_noR_int8,20,3.0,1,0.7,50000,300,,0.0029559163376688957,0.0007153749465942383,0.6462614168412983,0.15091604430243807,0.1325604179076496,0.35500549683814714,0.9049903989524288,50000,0.18219013237063783,0.0,0.23465703971119134,0.1,0.3701610963943025,0.1939800205369197,0.19369406861803146,0.25261172851641794,0.5952380952380952,0.5952380952380952,0.8694174852701559,0.4,0.85
top_100__chrono70_30__full,chrono70_30,full,crashsketch_noR_int8,20,3.0,2,0.7,50000,300,,0.004694500006735325,0.0038687502965331078,0.5555017502047122,0.16258701188526503,0.15017223375917932,0.35664215076387534,0.8642735890157162,50000,0.17087845968712395,0.0,0.22346570397111912,0.0,0.4896152438903665,0.16535091563137821,0.19085417369634558,0.28194011107269673,0.6666666666666666,0.6666666666666666,0.8822559747459707,0.7,0.85
top_100__chrono70_30__full,chrono70_30,full,crashsketch_noR_int8,20,3.0,3,0.7,50000,300,,0.015702332835644484,0.0006403340958058834,0.5597771247848868,0.12578417397380112,0.10650870528164319,0.3066376600463145,0.9501565301888122,50000,0.20673886883273165,0.0,0.2634175691937425,0.1,0.5525462545133961,0.31263715155002064,0.27939549992893137,0.38152630199744936,0.7380952380952381,0.7380952380952381,0.8903193306410869,0.6,0.85
top_100__chrono70_30__full,chrono70_30,full,crashsketch_noR_int8,20,3.0,4,0.7,50000,300,,0.005430083256214857,0.0009863339364528656,0.5506247919984162,0.1658751756876921,0.15311081571469315,0.363305635764498,0.8561619252123359,50000,0.17400722021660653,0.0,0.24031287605294824,0.1,0.49894688022511724,0.20762880569911216,0.1607106323676517,0.28909543943062704,0.7142857142857143,0.7142857142857143,0.8858064234165208,0.5,0.85
top_100__chrono70_30__full,chrono70_30,full,crashsketch_noR_int8,20,3.0,5,0.7,50000,300,,0.006732541602104902,0.0005762078799307346,0.32034324994310737,0.13295565511272683,0.11535875899375414,0.315945425023978,0.924289044770382,50000,0.197352587244284,0.0,0.2518652226233454,0.1,0.5078536081705867,0.2404959509189147,0.2232976434688374,0.3238824008527796,0.6904761904761905,0.6904761904761905,0.8854660937557505,0.8,0.85
top_100__chrono70_30__full,chrono70_30,full,crashsketch_noR_int8,20,3.0,6,0.7,50000,300,,0.004041916690766811,0.00047116586938500404,0.5316387917846441,0.13407164648112474,0.11606542509662615,0.32079524606799414,0.9254950402660161,50000,0.19085439229843562,0.0,0.24837545126353788,0.1,0.4605398300674411,0.24240221833807823,0.1875966794426833,0.29684624261606757,0.7619047619047619,0.7619047619047619,0.8827222316090242,0.5,0.85
top_100__chrono70_30__full,chrono70_30,full,crashsketch_noR_int8,20,3.0,7,0.7,50000,300,,0.0032962076365947723,0.00047391606494784355,0.45813274988904595,0.1351361676926219,0.1172065985524155,0.3219651096842874,0.9142662522926102,50000,0.1983152827918171,0.0,0.25679903730445247,0.1,0.4821004338846362,0.29533769750396954,0.17563756728393737,0.31769189955751437,0.7857142857142857,0.7857142857142857,0.8923030918453039,0.6,0.85
top_100__chrono70_30__full,chrono70_30,full,crashsketch_noR_int8,20,3.0,8,0.7,50000,300,,0.004858999978750944,0.0003042919561266899,0.6847317079082131,0.15767471477826805,0.14089931891302065,0.3609776000139668,0.8761123068213444,50000,0.18724428399518653,0.0,0.23802647412755717,0.1,0.1570615828827121,0.1755058763709923,0.2657967647403172,0.19945474133134056,0.6428571428571429,0.6428571428571429,0.8768317159222839,0.6,0.85
top_100__chrono70_30__full,chrono70_30,full,crashsketch_noR_int8,20,3.0,9,0.7,50000,300,,0.008630499709397554,0.0005478751845657825,0.579438999760896,0.13359376335739373,0.11331013809433255,0.32467055596027794,0.9279542066733034,50000,0.19302045728038505,0.0,0.2510228640192539,0.1,0.5925283292459698,0.20868103800782375,0.21763336235094152,0.33961424320157835,0.7619047619047619,0.7619047619047619,0.8891449371493192,0.5,0.85
top_100__chrono70_30__full,chrono70_30,full,crashsketch_noR_int8,20,3.0,10,0.7,50000,300,,0.0034690839238464832,0.0013808747753500938,0.5741534172557294,0.12659109615391292,0.10815729263114288,0.30611825968644335,0.9409331638527705,50000,0.20144404332129964,0.0,0.2647412755716005,0.1,0.6360777438323288,0.3204567442983409,0.2977147322368604,0.4180830734558434,0.6428571428571429,0.6428571428571429,0.8955616620885094,0.6,0.85
top_100__chrono70_30__full,chrono70_30,full,crashsketch_noR_int8,20,3.0,11,0.7,50000,300,,0.0036220410838723183,0.0006110831163823605,0.5969073749147356,0.13783756782612755,0.12043028791196347,0.3250630073435983,0.9089227518140502,50000,0.18676293622141998,0.0,0.24681107099879665,0.1,0.5582489644211193,0.2325262972204642,0.20724053941902337,0.3326719336868689,0.5952380952380952,0.5952380952380952,0.8890984306568122,0.5,0.85
top_100__chrono70_30__full,chrono70_30,full,crashsketch_noR_int8,20,3.0,12,0.7,50000,300,,0.0035360418260097504,0.0004038331098854542,0.5485413330607116,0.13503152220042272,0.11706380221717211,0.3217197376445484,0.914906452565118,50000,0.18604091456077015,0.0,0.24645006016847174,0.1,0.43299884500594565,0.23726763845717383,0.22659719943233952,0.298954560965153,0.6428571428571429,0.6428571428571429,0.8916458948819438,0.7,0.85
top_100__chrono70_30__full,chrono70_30,full,crashsketch_noR_int8,20,3.0,13,0.7,50000,300,,0.003776540979743004,0.0008766250684857368,0.41339645767584443,0.13740748519362891,0.12034840976262268,0.3254793577617003,0.89765430909028,50000,0.20938628158844766,0.0,0.26534296028880866,0.1,0.5598009535628083,0.23413383426961704,0.21159447177312976,0.33517641986851837,0.6904761904761905,0.6904761904761905,0.8959186161474556,0.5,0.85
top_100__chrono70_30__full,chrono70_30,full,crashsketch_noR_int8,20,3.0,14,0.7,50000,300,,0.004075583070516586,0.0006715832278132439,0.6006637923419476,0.18292334922847586,0.17148558918208334,0.3916969490018092,0.8389605789242767,50000,0.16654632972322503,0.0,0.2184115523465704,0.1,0.18089779131284425,0.15858828423937282,0.1781808970377868,0.17255565753000132,0.5714285714285714,0.5714285714285714,0.8600789230233904,0.5,0.85
top_100__chrono70_30__full,chrono70_30,full,crashsketch_noR_int8,20,3.0,15,0.7,50000,300,,0.0034466669894754887,0.00043633393943309784,0.5864805830642581,0.15220729640667913,0.13491730967109922,0.3519529994617343,0.8955752325851454,50000,0.17208182912154033,0.0,0.2292418772563177,0.1,0.40126838808538945,0.20184468722897805,0.1553194775173627,0.25281085094391004,0.6666666666666666,0.6666666666666666,0.8606052368318037,0.5,0.85
top_100__chrono70_30__full,chrono70_30,full,crashsketch_noR_int8,20,3.0,16,0.7,50000,300,,0.00311483396217227,0.00048491591587662697,0.5785474996082485,0.15741458058277139,0.1418119024431182,0.3567271078553269,0.8721663071367195,50000,0.1793020457280385,0.0,0.24211793020457278,0.1,0.4179061959851088,0.2708993173064354,0.21263039198787234,0.3004786350931389,0.7142857142857143,0.7142857142857143,0.8781995797686719,0.7,0.85
top_100__chrono70_30__full,chrono70_30,full,crashsketch_noR_int8,20,3.0,17,0.7,50000,300,,0.003081291913986206,0.00026645883917808533,1.4803112922236323,0.13305250288423337,0.11335698739553024,0.32499516749260265,0.975554878474015,50000,0.2036101083032491,0.0,0.26173285198555957,0.1,0.5502827874430182,0.34171648571231134,0.3055929082176332,0.39919739379098756,0.6666666666666666,0.6666666666666666,0.8887693721288931,0.6,0.85
top_100__chrono70_30__full,chrono70_30,full,crashsketch_noR_int8,20,3.0,18,0.7,50000,300,,0.008402999956160784,0.0026036249473690987,1.073392041027546,0.13886648890997635,0.11916014637763478,0.3354082498509087,0.8989385985671858,50000,0.18965102286401928,0.0,0.24283995186522264,0.1,0.5513857883993851,0.3051290845642621,0.2610848175932681,0.3725332301856384,0.7142857142857143,0.7142857142857143,0.8857624680895199,0.6,0.85
top_100__chrono70_30__full,chrono70_30,full,crashsketch_noR_int8,20,3.0,19,0.7,50000,300,,0.0034706671722233295,0.0003420407883822918,0.7977937082760036,0.14643710713189106,0.13027204259549047,0.3372190103720046,0.8822457638785751,50000,0.1858002406738869,0.0,0.23417569193742482,0.1,0.6312070214108295,0.30275339409323304,0.23284529671145823,0.3889352374051736,0.7142857142857143,0.7142857142857143,0.9048046183623691,0.4,0.85
top_100__chrono70_30__full,chrono70_30,full,crashsketch_noR_normsign,20,3.0,0,0.7,50000,300,,0.0031111249700188637,0.0003365841694176197,0.5564015000127256,0.12571313616265584,0.10646193469162707,0.3056196249707763,0.9833014740313423,50000,0.11070998796630566,0.0,0.16714801444043317,0.0,0.22894687220882087,0.18039468358017446,0.17327836216681108,0.19420663931860216,0.7619047619047619,0.7619047619047619,0.8996925427341133,0.7,0.85
top_100__chrono70_30__full,chrono70_30,full,crashsketch_noR_normsign,20,3.0,1,0.7,50000,300,,0.0043297093361616135,0.0005233339034020901,0.49263804219663143,0.13517578427078958,0.11283379822350648,0.3342218659374363,1.0031672652756232,50000,0.09747292418772563,0.0,0.1510228640192539,0.0,0.3153513099915385,0.20572300177897934,0.1499657258597075,0.22368001254340844,0.6190476190476191,0.6190476190476191,0.8881521573659257,0.4,0.85
top_100__chrono70_30__full,chrono70_30,full,crashsketch_noR_normsign,20,3.0,2,0.7,50000,300,,0.003942250274121761,0.0003600423224270344,0.29365045856684446,0.13188640479697292,0.11513440804966979,0.3109103905650411,0.9344121255923151,50000,0.101323706377858,0.0,0.14921780986762936,0.0,0.45747173984032097,0.1665167116820037,0.1650358328662595,0.26300809479619475,0.7380952380952381,0.7380952380952381,0.8939785593359274,0.6,0.85
top_100__chrono70_30__full,chrono70_30,full,crashsketch_noR_normsign,20,3.0,3,0.7,50000,300,,0.003818084020167589,0.0004121251404285431,0.4034144999459386,0.1299869340767615,0.10723960043982661,0.327319268958098,1.0370543981938802,50000,0.12924187725631767,0.0,0.1734055354993983,0.0,0.46848381337124284,0.31012760550729834,0.22654672977944645,0.33505271621932914,0.7619047619047619,0.7619047619047619,0.9106919973702083,0.8,0.85
top_100__chrono70_30__full,chrono70_30,full,crashsketch_noR_normsign,20,3.0,4,0.7,50000,300,,0.0042458330281078815,0.0003553749993443489,0.4108026251196861,0.13191121694986405,0.11532243045513046,0.30979738491162817,0.9336016397792818,50000,0.10445246690734057,0.0,0.15643802647412755,0.0,0.43267996794413743,0.19155124448800429,0.1485897927068792,0.257607001713007,0.6904761904761905,0.6904761904761905,0.8992727714523743,0.7,0.85
top_100__chrono70_30__full,chrono70_30,full,crashsketch_noR_normsign,20,3.0,5,0.7,50000,300,,0.0037846253253519535,0.0003536669537425041,0.48425316577777267,0.12284880295288043,0.10191680186106389,0.3057526325875932,1.0105090529529595,50000,0.10661853188929,0.0,0.15691937424789412,0.0,0.42377155659317833,0.19619828931453046,0.1673977538170295,0.26245586657491277,0.7619047619047619,0.7619047619047619,0.9084688657434513,0.7,0.85
top_100__chrono70_30__full,chrono70_30,full,crashsketch_noR_normsign,20,3.0,6,0.7,50000,300,,0.0030559999868273735,0.0003643329255282879,0.317139457911253,0.12385700765215678,0.10333244952344345,0.30620749493686183,1.0005394750641137,50000,0.12057761732851985,0.0,0.16666666666666666,0.0,0.4148418072159253,0.18303348776637396,0.1666934548969938,0.25485624995976436,0.6904761904761905,0.6904761904761905,0.8973857872478529,0.6,0.85
top_100__chrono70_30__full,chrono70_30,full,crashsketch_noR_normsign,20,3.0,7,0.7,50000,300,,0.005847208667546511,0.0007442086935043335,0.48364104190841317,0.11989251557378514,0.10119756111295997,0.2939392042184215,0.991822141760815,50000,0.12274368231046931,0.0,0.17545126353790616,0.0,0.4600113138454637,0.280408197550563,0.16762757000886816,0.3026823604682983,0.7857142857142857,0.7857142857142857,0.906280279406992,0.9,0.85
top_100__chrono70_30__full,chrono70_30,full,crashsketch_noR_normsign,20,3.0,8,0.7,50000,300,,0.0042959582060575485,0.0004016673192381859,0.5162544576451182,0.13467316094142576,0.11570334888823247,0.3222652330433449,0.9517036470221085,50000,0.11167268351383874,0.0,0.1608904933814681,0.0,0.14986909268515491,0.16444613898621344,0.1457705343232198,0.15336192199819604,0.5714285714285714,0.5714285714285714,0.8868158275980902,0.6,0.85
top_100__chrono70_30__full,chrono70_30,full,crashsketch_noR_normsign,20,3.0,9,0.7,50000,300,,0.005256874952465296,0.000993042252957821,0.5525043332017958,0.1268004670766359,0.10474760474475664,0.31461733591078583,1.0000512040972576,50000,0.11070998796630566,0.0,0.15595667870036103,0.0,0.5683082925302917,0.24551384365976545,0.19451996112827763,0.33611403243944493,0.8333333333333334,0.8333333333333334,0.910235673323675,0.6,0.85
top_100__chrono70_30__full,chrono70_30,full,crashsketch_noR_normsign,20,3.0,10,0.7,50000,300,,0.010752249974757433,0.0003320411778986454,0.6840181252919137,0.12710629814983251,0.10675915023684845,0.3134200846151607,1.0182511707982111,50000,0.10926594464500602,0.0,0.16570397111913357,0.0,0.5188224600307295,0.36923699172893937,0.17984376543908606,0.3559677390662517,0.6904761904761905,0.6904761904761905,0.9125486603453524,0.7,0.85
top_100__chrono70_30__full,chrono70_30,full,crashsketch_noR_normsign,20,3.0,11,0.7,50000,300,,0.011643457692116499,0.0015151659026741982,0.9136918750591576,0.12240264642433982,0.10370034658312433,0.29865563119749755,0.9888710749392872,50000,0.10445246690734054,0.0,0.15270758122743683,0.0,0.35018588951158147,0.22951423852583477,0.16634812727695228,0.24868275177145616,0.7380952380952381,0.7380952380952381,0.9076654786321068,0.8,0.85
top_100__chrono70_30__full,chrono70_30,full,crashsketch_noR_normsign,20,3.0,12,0.7,50000,300,,0.00453870790079236,0.00048779090866446495,0.7787196249701083,0.12528428948813553,0.10617624021949734,0.30464823235081634,0.9915252416538455,50000,0.09362214199759326,0.0,0.14909747292418774,0.0,0.32374943494342606,0.207613366681523,0.14135493696268084,0.22423924619587665,0.7142857142857143,0.7142857142857143,0.9084751391012537,0.6,0.85
top_100__chrono70_30__full,chrono70_30,full,crashsketch_noR_normsign,20,3.0,13,0.7,50000,300,,0.003964375238865614,0.0005298750475049019,0.8699146248400211,0.12130098519432711,0.10255034356285003,0.29731225203223893,0.9780179109953784,50000,0.11793020457280386,0.0,0.16293622141997594,0.0,0.35739216334332924,0.21654434430678776,0.15702065764784345,0.2436523884326535,0.8095238095238095,0.8095238095238095,0.9106790533419432,0.8,0.85
top_100__chrono70_30__full,chrono70_30,full,crashsketch_noR_normsign,20,3.0,14,0.7,50000,300,,0.003860000055283308,0.00034570833668112755,0.7997666248120368,0.1418393335624221,0.12533224595651704,0.32935169300660777,0.9187260476346776,50000,0.10132370637785801,0.0,0.14717208182912156,0.0,0.14121741447120137,0.19439776421043448,0.1311297721912542,0.15558165029096335,0.6428571428571429,0.6428571428571429,0.8786372510313399,0.6,0.85
top_100__chrono70_30__full,chrono70_30,full,crashsketch_noR_normsign,20,3.0,15,0.7,50000,300,,0.0035122083500027657,0.00035570934414863586,0.5864949999377131,0.12971678497743638,0.11084959179908727,0.31418701945570615,0.9739677676245778,50000,0.10734055354993982,0.0,0.16161251504211793,0.0,0.3280885849143168,0.18049386753302768,0.14087025743736115,0.2164842366282352,0.6904761904761905,0.6904761904761905,0.8754772770615925,0.5,0.85
top_100__chrono70_30__full,chrono70_30,full,crashsketch_noR_normsign,20,3.0,16,0.7,50000,300,,0.003627167083323002,0.0007147500291466713,0.5823016250506043,0.12716996553325768,0.10907534716399797,0.3048053798157678,0.9501314328750248,50000,0.10878459687123948,0.0,0.16450060168471722,0.0,0.39444420984854583,0.22330246480848345,0.16021331580339682,0.259319996820142,0.6904761904761905,0.6904761904761905,0.8911319604995933,0.7,0.85
top_100__chrono70_30__full,chrono70_30,full,crashsketch_noR_normsign,20,3.0,17,0.7,50000,300,,0.003456041682511568,0.00036179088056087494,0.6643276656977832,0.1481614351684354,0.12583707771467934,0.3589188398602393,1.0693575862567046,50000,0.11817087845968713,0.0,0.17268351383874853,0.0,0.5247728093605899,0.3173820811182389,0.21569000653965198,0.35261496567282685,0.7619047619047619,0.7619047619047619,0.9136873584312255,0.8,0.85
top_100__chrono70_30__full,chrono70_30,full,crashsketch_noR_normsign,20,3.0,18,0.7,50000,300,,0.004484875127673149,0.002102083060890436,0.7447297079488635,0.12094124873874226,0.10049919909889032,0.30244744607807805,0.9801586060206203,50000,0.10685920577617328,0.0,0.16341756919374248,0.0,0.51262335696466,0.24764823057843555,0.17904895846670707,0.3131068486699342,0.8095238095238095,0.8095238095238095,0.90961394174309,0.8,0.85
top_100__chrono70_30__full,chrono70_30,full,crashsketch_noR_normsign,20,3.0,19,0.7,50000,300,,0.004186125006526709,0.00035858340561389923,0.6486882916651666,0.12199993848210594,0.10263816402061132,0.30189455118711894,0.9641302649713306,50000,0.10300842358604091,0.0,0.16125150421179302,0.0,0.5217263231340704,0.21631359541614611,0.1899713051626793,0.3093370745709653,0.7857142857142857,0.7857142857142857,0.9200656904206662,0.8,0.85
top_100__chrono70_30__full,chrono70_30,full,dense_jl,20,,0,0.7,50000,2000,,0.00022733258083462715,0.00017429189756512642,1.0621098331175745,0.1241739078720181,0.1059172104693692,0.3019677086782612,1.008243682993308,50000,0.2055354993983153,0.0,0.2507821901323707,0.1,0.6792876992804514,0.33060407638374817,0.2968709058712429,0.4355875605118142,0.8333333333333334,0.8333333333333334,0.9065086296309925,0.8,0.0
top_100__chrono70_30__full,chrono70_30,full,dense_jl,20,,1,0.7,50000,2000,,0.0004277080297470093,0.00039733294397592545,1.004894542042166,0.11969118365527344,0.10016948387458502,0.2986344480568455,1.0094809852771245,50000,0.19494584837545126,0.0,0.25511432009626955,0.1,0.6070160874804084,0.39829720745059366,0.2586108799167215,0.4213080582825745,0.7857142857142857,0.7857142857142857,0.8977531969031359,0.7,0.0
top_100__chrono70_30__full,chrono70_30,full,dense_jl,20,,2,0.7,50000,2000,,0.00018475018441677094,0.0005240421742200851,0.9138412079773843,0.13844082408475958,0.11991527816802666,0.32869423553838295,1.0653887341601025,50000,0.2170878459687124,0.0,0.27665463297232246,0.1,0.6456419298232449,0.4688688956088488,0.2996302604186156,0.4713803619502364,0.8809523809523809,0.8809523809523809,0.9182942196444761,0.7,0.0
top_100__chrono70_30__full,chrono70_30,full,dense_jl,20,,3,0.7,50000,2000,,0.0002221670001745224,0.0005012080073356628,0.828462959267199,0.1256017773421963,0.10602176034162014,0.30876759983099866,1.0161363587245444,50000,0.2062575210589651,0.0,0.2607701564380265,0.1,0.6127223439129201,0.32968215535042444,0.24372912282843048,0.3953778740305917,0.7380952380952381,0.7380952380952381,0.8995285362499706,0.5,0.0
top_100__chrono70_30__full,chrono70_30,full,dense_jl,20,,4,0.7,50000,2000,,0.00014454079791903496,0.00021804170683026314,1.0359417079016566,0.13809862089721525,0.12180559688692977,0.3213264079943358,0.9394473417623509,50000,0.178820697954272,0.0,0.23200962695547533,0.1,0.33398601732215377,0.2267388776200069,0.13862319938589468,0.23311603144268514,0.5,0.5,0.8808082719659531,0.5,0.0
top_100__chrono70_30__full,chrono70_30,full,dense_jl,20,,5,0.7,50000,2000,,0.00016675004735589027,0.00014441600069403648,0.8392575830221176,0.11535625656576193,0.09792174213696936,0.2817050123914864,0.966948376737713,50000,0.19975932611311673,0.0,0.2584837545126354,0.1,0.557109662980881,0.25010471863061345,0.22410488390767166,0.3437730885063887,0.7142857142857143,0.7142857142857143,0.8978041783908752,0.7,0.0
top_100__chrono70_30__full,chrono70_30,full,dense_jl,20,,6,0.7,50000,2000,,0.00016983412206172943,0.00010962504893541336,0.5217006248421967,0.1366408305500225,0.11556295119439836,0.3345227826919443,1.0579320199999769,50000,0.21275571600481347,0.0,0.26835138387484964,0.1,0.5380643651222159,0.3635384736557835,0.21564712606204064,0.37241665494668,0.6904761904761905,0.6904761904761905,0.9114584553152905,0.9,0.0
top_100__chrono70_30__full,chrono70_30,full,dense_jl,20,,7,0.7,50000,2000,,0.00014670798555016518,0.00015349965542554855,0.4267112920060754,0.11945802145451401,0.1028788312968627,0.28752862756674413,1.0203547014218852,50000,0.21708784596871245,0.0,0.28267148014440435,0.1,0.5709879292003601,0.2493994802572047,0.25655889521318803,0.3589821015569176,0.7857142857142857,0.7857142857142857,0.907475814114553,0.7,0.0
top_100__chrono70_30__full,chrono70_30,full,dense_jl,20,,8,0.7,50000,2000,,0.00017504114657640457,7.141707465052605e-05,0.47383879125118256,0.11844045664939627,0.09905660276274064,0.29128862166530933,0.9914165125101683,50000,0.19061371841155236,0.0,0.25198555956678703,0.1,0.5037061836586395,0.33130153590782857,0.21247479058876845,0.3491608367184122,0.7142857142857143,0.7142857142857143,0.8978174360870307,0.6,0.0
top_100__chrono70_30__full,chrono70_30,full,dense_jl,20,,9,0.7,50000,2000,,0.00015566591173410416,0.00011237477883696556,0.4813511250540614,0.1301751427993616,0.11228252745686168,0.3125829072650515,0.9635766827182066,50000,0.18002406738868834,0.0,0.2368231046931408,0.1,0.38483225483921757,0.2576668374754594,0.20372082354052695,0.28207330528506797,0.7142857142857143,0.7142857142857143,0.8663160208175105,0.7,0.0
top_100__chrono70_30__full,chrono70_30,full,dense_jl,20,,10,0.7,50000,2000,,0.00012895837426185608,0.00016908301040530205,0.4082771670073271,0.12819336669527157,0.1113981670578757,0.30400530423088107,0.9332048026856703,50000,0.19350180505415163,0.0,0.25511432009626955,0.1,0.49958631647572976,0.2671076514073882,0.1648480693210717,0.31051401240139653,0.7142857142857143,0.7142857142857143,0.8730073097165111,0.6,0.0
top_100__chrono70_30__full,chrono70_30,full,dense_jl,20,,11,0.7,50000,2000,,0.0001509580761194229,8.891616016626358e-05,0.5299074999056756,0.1196419580659455,0.10102671662293933,0.2942027121834821,0.9972710042800095,50000,0.2120336943441637,0.0,0.2632972322503009,0.1,0.48225319960978724,0.3042452858703118,0.23452885537471996,0.3403424469516063,0.6428571428571429,0.6428571428571429,0.8988119096770307,0.7,0.0
top_100__chrono70_30__full,chrono70_30,full,dense_jl,20,,12,0.7,50000,2000,,0.00020058266818523407,8.024973794817924e-05,0.5266187908127904,0.11970752442129973,0.10107479574208911,0.29425530775725167,0.9893496651876432,50000,0.202647412755716,0.0,0.2606498194945848,0.1,0.5456857950178517,0.3171776105995269,0.19679180419629974,0.35321840327122617,0.7380952380952381,0.7380952380952381,0.8867384143628108,0.7,0.0
top_100__chrono70_30__full,chrono70_30,full,dense_jl,20,,13,0.7,50000,2000,,0.000758166890591383,9.975023567676544e-05,0.4148561251349747,0.1205889788344739,0.10286763273249455,0.29297838275772553,1.0087644473472044,50000,0.20842358604091454,0.0,0.26979542719614924,0.1,0.5639358081053585,0.3935619551301241,0.3037657245408581,0.42042116259211354,0.8095238095238095,0.8095238095238095,0.9024511681828674,0.8,0.0
top_100__chrono70_30__full,chrono70_30,full,dense_jl,20,,14,0.7,50000,2000,,0.0001966250129044056,9.38749872148037e-05,0.44092933321371675,0.11750346703839148,0.09855446586268929,0.2916702491448109,0.9515170545031609,50000,0.1927797833935018,0.0,0.242719614921781,0.1,0.555217347554434,0.3022029924172868,0.21849095761569798,0.3586370991958063,0.7619047619047619,0.7619047619047619,0.8972485889127182,0.7,0.0
top_100__chrono70_30__full,chrono70_30,full,dense_jl,20,,15,0.7,50000,2000,,0.00011612521484494209,7.916707545518875e-05,0.4463512091897428,0.1322527221777434,0.11477326485829814,0.31347463483176075,0.9262860764755158,50000,0.18676293622141998,0.0,0.24524669073405536,0.1,0.5302135962336624,0.2571762833607584,0.21518746648061654,0.33419244869167913,0.6666666666666666,0.6666666666666666,0.8833475390035564,0.6,0.0
top_100__chrono70_30__full,chrono70_30,full,dense_jl,20,,16,0.7,50000,2000,,0.0001260419376194477,0.00015533296391367912,0.47575291665270925,0.12291489147010214,0.10445393431498007,0.3003677988676103,0.9863406201668363,50000,0.20770156438026477,0.0,0.2634175691937425,0.1,0.38411743236833934,0.3473012270390766,0.23818987819013215,0.32320284586584935,0.7142857142857143,0.7142857142857143,0.9001387875857776,0.5,0.0
top_100__chrono70_30__full,chrono70_30,full,dense_jl,20,,17,0.7,50000,2000,,0.00020391587167978287,0.00014520902186632156,0.4072954999282956,0.12322407674733733,0.10460423821912135,0.29900619745836365,0.9719279328483474,50000,0.1963898916967509,0.0,0.24320096269554756,0.1,0.4819746184060481,0.26608349399956777,0.20001398589608219,0.3160240327672327,0.6904761904761905,0.6904761904761905,0.8824004710873485,0.9,0.0
top_100__chrono70_30__full,chrono70_30,full,dense_jl,20,,18,0.7,50000,2000,,0.00017129210755228996,6.870785728096962e-05,0.4483076659962535,0.12313734653326182,0.10486135182535916,0.299170353998598,1.0352343595255684,50000,0.2089049338146811,0.0,0.27280385078219016,0.1,0.5799514033868227,0.37563197078080174,0.32276005646526035,0.4261144768776283,0.7857142857142857,0.7857142857142857,0.9160498004235771,0.8,0.0
top_100__chrono70_30__full,chrono70_30,full,dense_jl,20,,19,0.7,50000,2000,,0.00016154209151864052,0.00027516670525074005,0.4462247909978032,0.1197256999880828,0.10192020896072118,0.2909219357112027,0.9577799338242167,50000,0.2134777376654633,0.0,0.2619735258724429,0.1,0.5476795874824782,0.23981800398687025,0.2046871681696348,0.3307282532129944,0.7380952380952381,0.7380952380952381,0.8951784435715647,0.7,0.0
top_100__chrono70_30__full,chrono70_30,full,pca,20,,0,0.7,50000,-1,0.7108824326056717,0.10440487507730722,0.002479125279933214,0.9319234169088304,0.25802382551847114,0.2522743059399812,0.444306158203431,0.7419761744815289,50000,0.3735258724428399,0.2,0.4523465703971119,0.2,0.971985775682962,0.7672863944909127,0.7150799840010611,0.8181173847249786,0.8095238095238095,0.8095238095238095,0.9231154414938285,0.8,1.0
top_100__chrono70_30__full,chrono70_30,full,raw,20,,0,0.7,50000,-1,,0.0,2.0815059542655945e-07,1.1294912910088897,0.0,0.0,0.0,1.0,50000,1.0,1.0,1.0,1.0,1.0,1.0,1.0,1.0,1.0,1.0,0.9999999999999999,1.0,
top_100__chrono70_30__full,chrono70_30,full,sparse_jl,20,3.0,0,0.7,50000,300,,0.0033656670711934566,0.00011374987661838531,0.4822060829028487,0.11468023849626298,0.09689904435223201,0.2821009523323465,0.97561607484919,50000,0.1886883273164862,0.0,0.2539109506618532,0.1,0.48087054501560406,0.24054644817585688,0.26898802833199836,0.3301350071744864,0.7380952380952381,0.7380952380952381,0.9112010176222802,0.8,0.85
top_100__chrono70_30__full,chrono70_30,full,sparse_jl,20,3.0,1,0.7,50000,300,,0.0026817917823791504,0.00010687531903386116,0.49141070805490017,0.11869335000613701,0.09936012960419532,0.2942421704726927,1.0124918880088503,50000,0.19566787003610112,0.0,0.25198555956678703,0.1,0.6017735353948221,0.2464718037005332,0.19398944759591333,0.3474115955637562,0.7380952380952381,0.7380952380952381,0.9001420288206421,0.7,0.85
top_100__chrono70_30__full,chrono70_30,full,sparse_jl,20,3.0,2,0.7,50000,300,,0.003566083963960409,8.479086682200432e-05,0.40151945780962706,0.11682951720934413,0.09981221139841329,0.2841059490362347,0.98814845355541,50000,0.20577617328519857,0.0,0.2619735258724428,0.1,0.49153147280362636,0.29860015597960626,0.21261312307154773,0.3342482506182601,0.6904761904761905,0.6904761904761905,0.9091771278393217,0.8,0.85
top_100__chrono70_30__full,chrono70_30,full,sparse_jl,20,3.0,3,0.7,50000,300,,0.006732374895364046,9.654182940721512e-05,0.4278497500345111,0.1158615043370484,0.09761100296421887,0.285690323245578,1.00118198132531,50000,0.2219013237063779,0.0,0.27412755716004816,0.1,0.5603962807675125,0.32954535371826493,0.33548084069682155,0.4084741583941996,0.7380952380952381,0.7380952380952381,0.9093500843139288,0.5,0.85
top_100__chrono70_30__full,chrono70_30,full,sparse_jl,20,3.0,4,0.7,50000,300,,0.0038780001923441887,0.00032179197296500206,0.5330497920513153,0.1370446788991547,0.11933844958030548,0.323600966453952,0.9543130801411477,50000,0.17713598074608902,0.0,0.23068592057761736,0.1,0.12513288737115352,0.15011751788365696,0.16596919418240752,0.147073199812406,0.5,0.5,0.8590252080245446,0.6,0.85
top_100__chrono70_30__full,chrono70_30,full,sparse_jl,20,3.0,5,0.7,50000,300,,0.003928583115339279,0.00016449997201561928,0.49668520828709006,0.11677449405416662,0.09882921477338136,0.2853434495363748,1.0171635692442855,50000,0.21371841155234655,0.0,0.2651022864019254,0.1,0.6112617964147181,0.28920073463422524,0.2785149641270105,0.3929924983919846,0.8333333333333334,0.8333333333333334,0.9163861569577392,0.8,0.85
top_100__chrono70_30__full,chrono70_30,full,sparse_jl,20,3.0,6,0.7,50000,300,,0.00361008383333683,0.00024800002574920654,0.48277991730719805,0.12022261842550969,0.10289592680671067,0.2926015829001144,0.9979433432435719,50000,0.19855595667870035,0.0,0.2564380264741276,0.1,0.42917979714400906,0.260470037819526,0.15750681525350427,0.28238555007234645,0.7380952380952381,0.7380952380952381,0.8984831439058092,0.8,0.85
top_100__chrono70_30__full,chrono70_30,full,sparse_jl,20,3.0,7,0.7,50000,300,,0.00557437539100647,0.0002387911081314087,0.634480542037636,0.11264523471205892,0.09565136733490326,0.27587601896774233,0.9657325741173366,50000,0.2045728038507822,0.0,0.27015643802647415,0.1,0.550400244126215,0.1762870015281681,0.24900290323379098,0.3252300496293914,0.7380952380952381,0.7380952380952381,0.9105172634442239,0.7,0.85
top_100__chrono70_30__full,chrono70_30,full,sparse_jl,20,3.0,8,0.7,50000,300,,0.0063338750042021275,0.00018804101273417473,0.46580091631039977,0.11826668824962457,0.10126638576065516,0.28637204248700493,0.9754634503747409,50000,0.19494584837545126,0.0,0.249338146811071,0.1,0.5832286187507362,0.19228835984575818,0.16653783565902772,0.31401827141850736,0.7380952380952381,0.7380952380952381,0.8955624985362165,0.7,0.85
top_100__chrono70_30__full,chrono70_30,full,sparse_jl,20,3.0,9,0.7,50000,300,,0.00359812518581748,8.816597983241081e-05,0.6233506249263883,0.12266889633732504,0.10459167668219926,0.2974842230362595,0.9720003355355631,50000,0.19638989169675092,0.0,0.2450060168471721,0.1,0.3878184606940976,0.17584681530690582,0.1571924742405049,0.24028591674716945,0.7380952380952381,0.7380952380952381,0.8838735391440796,0.7,0.85
top_100__chrono70_30__full,chrono70_30,full,sparse_jl,20,3.0,10,0.7,50000,300,,0.0037707919254899025,6.44163228571415e-05,0.4850098751485348,0.13743594333774262,0.11939678186891045,0.3244940749097002,1.0567056367260017,50000,0.2168471720818291,0.0,0.2779783393501805,0.1,0.6562543147780696,0.3356556300029273,0.32393706566364405,0.4386156701482136,0.8333333333333334,0.8333333333333334,0.9246756674016252,0.9,0.85
top_100__chrono70_30__full,chrono70_30,full,sparse_jl,20,3.0,11,0.7,50000,300,,0.005879917182028294,0.0001527499407529831,0.5375500000081956,0.12546195543031227,0.10528011398050652,0.3095534679894574,1.0173521121324303,50000,0.20144404332129964,0.0,0.2683513838748496,0.1,0.5156602455684338,0.23962213430290671,0.28248627608795096,0.34592288531976384,0.7380952380952381,0.7380952380952381,0.8889594966926857,0.9,0.85
top_100__chrono70_30__full,chrono70_30,full,sparse_jl,20,3.0,12,0.7,50000,300,,0.0030364589765667915,0.00013579195365309715,0.5134635828435421,0.11480419460198454,0.09693644215829023,0.2845745372679696,0.9969730993428676,50000,0.20962695547533092,0.0,0.26762936221419975,0.1,0.5739855458969693,0.2741963382238502,0.2015188410956737,0.34990024173883105,0.7619047619047619,0.7619047619047619,0.9017885761317973,0.8,0.85
top_100__chrono70_30__full,chrono70_30,full,sparse_jl,20,3.0,13,0.7,50000,300,,0.007893540896475315,7.699988782405853e-05,0.5043774582445621,0.14300496757714184,0.12403044513284844,0.3394386271246472,0.9263749245567077,50000,0.17376654632972324,0.0,0.22081829121540314,0.1,0.13915604494462655,0.13759078107601305,0.12089873730982957,0.1325485211101564,0.5476190476190477,0.5476190476190477,0.8512707522676097,0.5,0.85
top_100__chrono70_30__full,chrono70_30,full,sparse_jl,20,3.0,14,0.7,50000,300,,0.003495417069643736,0.0001360829919576645,0.3475959999486804,0.11840749506947275,0.10063806254202734,0.28756038694297403,0.9735760758554092,50000,0.19350180505415163,0.0,0.2471720818291215,0.1,0.48926829123504434,0.2608556693126799,0.20581435300474435,0.31864610451748954,0.7619047619047619,0.7619047619047619,0.9140403811859489,0.7,0.85
top_100__chrono70_30__full,chrono70_30,full,sparse_jl,20,3.0,15,0.7,50000,300,,0.003192999865859747,6.133411079645157e-05,0.45127454213798046,0.11691947867766177,0.09909259375151591,0.2858258469728012,0.9882144686411006,50000,0.19903730445246687,0.0,0.26016847172081825,0.1,0.5463754634944828,0.3167882874216314,0.24019378719782447,0.36778584603797954,0.7380952380952381,0.7380952380952381,0.8969549121228039,0.8,0.85
top_100__chrono70_30__full,chrono70_30,full,sparse_jl,20,3.0,16,0.7,50000,300,,0.002791333943605423,8.116615936160088e-05,0.34118566615507007,0.11825068680660988,0.10158998321580803,0.28594211572362005,0.96396083456657,50000,0.20938628158844766,0.0,0.26173285198555957,0.1,0.3332158794846606,0.247196488310809,0.23461177129683186,0.2716747130307671,0.7380952380952381,0.7380952380952381,0.8928444198900571,0.7,0.85
top_100__chrono70_30__full,chrono70_30,full,sparse_jl,20,3.0,17,0.7,50000,300,,0.007839582860469818,9.291712194681168e-05,0.5983466668985784,0.13703834567489284,0.11926695739224752,0.32574647465292883,0.9273970603774309,50000,0.1730445246690734,0.0,0.2252707581227437,0.0,0.40583236667600736,0.21250740839909413,0.16425195334721104,0.26086390947410415,0.6428571428571429,0.6428571428571429,0.8755134534249187,0.6,0.85
top_100__chrono70_30__full,chrono70_30,full,sparse_jl,20,3.0,18,0.7,50000,300,,0.0033462499268352985,0.00011183274909853935,0.6236885827966034,0.11642666359094743,0.0972664073431686,0.28978858964058074,1.0291062677198433,50000,0.21492178098676293,0.0,0.27665463297232246,0.1,0.61566581193109,0.40463069329697,0.2810578519958267,0.43378478574129553,0.8095238095238095,0.8095238095238095,0.9145592296985776,0.6,0.85
top_100__chrono70_30__full,chrono70_30,full,sparse_jl,20,3.0,19,0.7,50000,300,,0.003080999944359064,9.516673162579536e-05,0.5297134160064161,0.12877882041281133,0.11186839036620977,0.3038956515719364,0.9330968060112101,50000,0.1901323706377858,0.0,0.24332129963898916,0.1,0.4566956602012185,0.2604248498724452,0.17081027214871045,0.29597692740745807,0.6904761904761905,0.6904761904761905,0.8889545407400219,0.5,0.85
top_100__preCOVID__all_test,preCOVID,all_test,crashsketch_R,20,3.0,0,0.7,50000,300,,0.005781583953648806,0.009481666143983603,0.701437917072326,0.12269191320307862,0.1046639335177505,0.3000559405159888,0.9707356983475195,50000,0.17996820349761525,0.0,0.22360890302066774,0.0,0.5742251421474596,0.5052829729957047,0.3575981728429997,0.47903542932872134,0.8095238095238095,0.8095238095238095,0.8941992616639747,1.0,0.85
top_100__preCOVID__all_test,preCOVID,all_test,crashsketch_R,20,3.0,1,0.7,50000,300,,0.00341595895588398,0.0005348748527467251,0.65015699993819,0.1338244454295873,0.11682702500790831,0.31468002347325436,1.0366201056812954,50000,0.19252782193958665,0.0,0.24769475357710655,0.1,0.5987588720930968,0.5835454344768012,0.38635624610600655,0.5228868508919682,0.8888888888888888,0.8888888888888888,0.9172954240003145,0.9,0.85
top_100__preCOVID__all_test,preCOVID,all_test,crashsketch_R,20,3.0,2,0.7,50000,300,,0.003431249875575304,0.0005959169939160347,0.7801366248168051,0.12057535282135365,0.10366546678230865,0.28927139997444345,0.9843273280674794,50000,0.18155802861685214,0.0,0.23831478537360892,0.1,0.4334283134413928,0.26085206866003324,0.23361304566704255,0.3092978092561562,0.8253968253968254,0.8253968253968254,0.9106916588397391,0.8,0.85
top_100__preCOVID__all_test,preCOVID,all_test,crashsketch_R,20,3.0,3,0.7,50000,300,,0.0035263337194919586,0.000496292021125555,0.7038568751886487,0.11562551919715629,0.09901974865370122,0.28115246393943644,0.9667026514758531,50000,0.18807631160572336,0.0,0.24538950715421307,0.1,0.5968693322865998,0.45430417963513264,0.2770875408555269,0.44275368425908646,0.7777777777777778,0.7777777777777778,0.9193194936936167,0.9,0.85
top_100__preCOVID__all_test,preCOVID,all_test,crashsketch_R,20,3.0,4,0.7,50000,300,,0.009824458975344896,0.022456000093370676,1.0122532499954104,0.1200082380085874,0.10159959865624152,0.29267045412265635,0.9785835607267845,50000,0.18060413354531002,0.0,0.2372019077901431,0.1,0.5977932132195742,0.5061938021325976,0.22751734387340072,0.4438347864085242,0.9206349206349206,0.9206349206349206,0.9041832191136423,0.9,0.85
top_100__preCOVID__all_test,preCOVID,all_test,crashsketch_R,20,3.0,5,0.7,50000,300,,0.003755291923880577,0.0008507082238793373,0.9454260421916842,0.12045652643327702,0.10256922695111226,0.2936674577949432,0.9605982360100733,50000,0.18076311605723372,0.0,0.23346581875993644,0.1,0.5944779881722183,0.3362917282850184,0.23167774941741726,0.38748248862488466,0.8571428571428571,0.8571428571428571,0.8977968248758359,0.9,0.85
top_100__preCOVID__all_test,preCOVID,all_test,crashsketch_R,20,3.0,6,0.7,50000,300,,0.0054594166576862335,0.0006207078695297241,0.8782406249083579,0.1311323089798054,0.10835379579488663,0.331783248393715,1.0432201224842401,50000,0.2166931637519873,0.0,0.27050874403815584,0.1,0.47298561941322936,0.4182861895043111,0.37843412858911535,0.4232353125022186,0.8253968253968254,0.8253968253968254,0.9112538769808058,0.8,0.85
top_100__preCOVID__all_test,preCOVID,all_test,crashsketch_R,20,3.0,7,0.7,50000,300,,0.0034299157559871674,0.000477583147585392,0.842482625041157,0.11849118576918322,0.10298035238940323,0.282863119732086,0.9520561769387106,50000,0.18394276629570747,0.0,0.24054054054054055,0.1,0.5347334981566046,0.3385969269521061,0.21716287503344245,0.3634977667140511,0.7936507936507936,0.7936507936507936,0.9139506736052934,0.9,0.85
top_100__preCOVID__all_test,preCOVID,all_test,crashsketch_R,20,3.0,8,0.7,50000,300,,0.005682917311787605,0.0018164999783039093,0.7463146657682955,0.12746931514436952,0.10897389284623477,0.31010082783283965,0.9475203587211212,50000,0.1615262321144674,0.0,0.20961844197138313,0.0,0.46984552314178984,0.48637228512102665,0.2586501765820384,0.404955994948285,0.7777777777777778,0.7777777777777778,0.8970568125937127,0.8,0.85
top_100__preCOVID__all_test,preCOVID,all_test,crashsketch_R,20,3.0,9,0.7,50000,300,,0.0033811251632869244,0.0005644997581839561,0.7533100000582635,0.1237320174008404,0.10440622591135362,0.30425986422001083,0.9972182902005087,50000,0.1863275039745628,0.0,0.22798092209856916,0.1,0.5880689671009159,0.5196152357980832,0.29276971394245355,0.4668179722804842,0.7936507936507936,0.7936507936507936,0.9061127529792896,0.9,0.85
top_100__preCOVID__all_test,preCOVID,all_test,crashsketch_R,20,3.0,10,0.7,50000,300,,0.007442292291671038,0.0014942497946321964,0.8132761251181364,0.12285968685481047,0.10452810438131754,0.29884977682041003,0.9451740334908415,50000,0.1785373608903021,0.0,0.2205087440381558,0.0,0.5780470884692098,0.3312433672882681,0.1909752540588506,0.3667552366054428,0.8412698412698413,0.8412698412698413,0.8972115695036232,0.9,0.85
top_100__preCOVID__all_test,preCOVID,all_test,crashsketch_R,20,3.0,11,0.7,50000,300,,0.003850041888654232,0.0005924999713897705,0.9275741251185536,0.14486285638328725,0.1261979816533384,0.3416433176274956,1.0630308092681036,50000,0.1972972972972973,0.0,0.25564387917329096,0.1,0.6945362270733363,0.6528717578576267,0.3529526914540074,0.5667868921283234,0.8888888888888888,0.8888888888888888,0.9152535188368497,0.9,0.85
top_100__preCOVID__all_test,preCOVID,all_test,crashsketch_R,20,3.0,12,0.7,50000,300,,0.002874291967600584,0.000971541740000248,1.0316705419681966,0.11811204971128533,0.10114520614344885,0.2837612915319459,0.9485272665628433,50000,0.18124006359300476,0.0,0.22813990461049286,0.1,0.6903018556646568,0.26311206118440617,0.31292252746397414,0.4221121481043457,0.8095238095238095,0.8095238095238095,0.912980735049151,0.8,0.85
top_100__preCOVID__all_test,preCOVID,all_test,crashsketch_R,20,3.0,13,0.7,50000,300,,0.0048439581878483295,0.000745709054172039,0.8364617917686701,0.12461423396063277,0.10701725240290594,0.30192922100478603,0.9570762100771102,50000,0.1715421303656598,0.0,0.22082670906200313,0.0,0.5350232733802629,0.37356306951625995,0.3312103835324546,0.41326557547632586,0.8253968253968254,0.8253968253968254,0.8974985102123391,0.9,0.85
top_100__preCOVID__all_test,preCOVID,all_test,crashsketch_R,20,3.0,14,0.7,50000,300,,0.0029870420694351196,0.0005488749593496323,0.9855665001086891,0.12441856073471207,0.10635986937570235,0.303013249075712,1.0064926717445373,50000,0.18839427662957076,0.0,0.23418124006359303,0.1,0.5847956096746819,0.5844667778968073,0.3065988147726208,0.4919537341147034,0.8888888888888888,0.8888888888888888,0.9051851879801744,0.9,0.85
top_100__preCOVID__all_test,preCOVID,all_test,crashsketch_R,20,3.0,15,0.7,50000,300,,0.0032995836809277534,0.0010250001214444637,0.825952332932502,0.13042123347968776,0.11370478625199854,0.3105522894289321,0.9431429387359729,50000,0.15914149443561207,0.0,0.209697933227345,0.0,0.43395052056054145,0.3600321293359314,0.3202544882834879,0.3714123793933202,0.7777777777777778,0.7777777777777778,0.8892689144641197,0.9,0.85
top_100__preCOVID__all_test,preCOVID,all_test,crashsketch_R,20,3.0,16,0.7,50000,300,,0.003920875024050474,0.000588166993111372,0.9737788341008127,0.11345224169247453,0.0954267399999178,0.27998832682222397,1.0037120984198622,50000,0.20858505564387916,0.0,0.26025437201907786,0.1,0.6333072429185591,0.5528925782717518,0.2410950032580177,0.4757649414827762,0.8412698412698413,0.8412698412698413,0.9202467452610155,0.9,0.85
top_100__preCOVID__all_test,preCOVID,all_test,crashsketch_R,20,3.0,17,0.7,50000,300,,0.00454570772126317,0.0004936247132718563,0.8397962907329202,0.11566572111700625,0.09817069682266238,0.2822751102906758,0.9799864335403433,50000,0.18600953895071543,0.0,0.24395866454689988,0.1,0.592399615060072,0.240647594490357,0.26988443791763317,0.36764388248935403,0.8571428571428571,0.8571428571428571,0.9135939702295742,0.9,0.85
top_100__preCOVID__all_test,preCOVID,all_test,crashsketch_R,20,3.0,18,0.7,50000,300,,0.005779416766017675,0.001015332993119955,0.5962409158237278,0.11174285775237976,0.0934705156711157,0.28005810470564985,0.9826029800876521,50000,0.1987281399046105,0.0,0.24475357710651827,0.1,0.5339609552477849,0.20560894639267152,0.31636864139533377,0.35197951434526337,0.8412698412698413,0.8412698412698413,0.9210172749427444,1.0,0.85
top_100__preCOVID__all_test,preCOVID,all_test,crashsketch_R,20,3.0,19,0.7,50000,300,,0.00380899989977479,0.005254582967609167,0.6402657083235681,0.11778447654382816,0.10100393946192487,0.2833914197096224,0.9630021536276824,50000,0.19697933227344994,0.0,0.24538950715421307,0.1,0.48211809174336584,0.18481726699835446,0.29860137278187215,0.32184557717453083,0.7936507936507936,0.7936507936507936,0.9148076260552518,0.9,0.85
top_100__preCOVID__all_test,preCOVID,all_test,crashsketch_R_1bit,20,3.0,0,0.7,50000,300,,0.008886958006769419,0.0014317501336336136,0.6637255409732461,0.9158548200801304,0.9171795265730778,0.9582685755248421,0.08414517991986963,50000,0.042766295707472174,0.0,0.05922098569157393,0.0,0.13920056901284394,0.13767826733410107,0.1361364767566064,0.13767177103451714,0.0,0.0,0.05422003724418671,0.0,0.85
top_100__preCOVID__all_test,preCOVID,all_test,crashsketch_R_1bit,20,3.0,1,0.7,50000,300,,0.008129166904836893,0.003913375083357096,1.3156769163906574,0.91632379755866,0.9174594580285353,0.9585781999551884,0.08367620244134015,50000,0.03926868044515104,0.0,0.05675675675675676,0.0,0.12725088530960815,0.16846923574614295,0.17141555777117634,0.15571189294230914,0.0,0.0,0.05422003724418671,0.0,0.85
top_100__preCOVID__all_test,preCOVID,all_test,crashsketch_R_1bit,20,3.0,2,0.7,50000,300,,0.005348958075046539,0.004525499884039164,1.1113798753358424,0.9160228933350304,0.9173363054515388,0.9581510614285765,0.0839771066649695,50000,0.04769475357710652,0.0,0.06605723370429252,0.0,0.10294955134714703,0.13877453488590838,0.19379725876026868,0.14517378166444136,0.0,0.0,0.05422003724418671,0.0,0.85
top_100__preCOVID__all_test,preCOVID,all_test,crashsketch_R_1bit,20,3.0,3,0.7,50000,300,,0.007318917196244001,0.0009378748945891857,1.3347154576331377,0.9158627072894662,0.9172998336513152,0.9576093759109049,0.08413729271053372,50000,0.043561208267090624,0.0,0.0638314785373609,0.0,0.12867127084160856,0.12919846500669493,0.15509234045536963,0.1376540254345577,0.0,0.0,0.05422003724418671,0.0,0.85
top_100__preCOVID__all_test,preCOVID,all_test,crashsketch_R_1bit,20,3.0,4,0.7,50000,300,,0.007164166774600744,0.001021082978695631,1.210222499910742,0.9160580866846262,0.9174432916744364,0.9579745097904875,0.08394191331537366,50000,0.03751987281399046,0.0,0.05922098569157393,0.0,0.16968374387112667,0.12631887708125691,0.141426098880077,0.14580957327748686,0.0,0.0,0.05422003724418671,0.0,0.85
top_100__preCOVID__all_test,preCOVID,all_test,crashsketch_R_1bit,20,3.0,5,0.7,50000,300,,0.007256915792822838,0.0014373338781297207,1.0375066669657826,0.9158626416878972,0.9172234031553301,0.9582201177987772,0.08413735831210252,50000,0.04562798092209858,0.0,0.06502384737678855,0.0,0.142020911939977,0.15462899864106994,0.12847470971384414,0.14170820676496368,0.0,0.0,0.05422003724418671,0.0,0.85
top_100__preCOVID__all_test,preCOVID,all_test,crashsketch_R_1bit,20,3.0,6,0.7,50000,300,,0.006564166862517595,0.001325082965195179,0.5484710829332471,0.9158636488244726,0.9172748359904261,0.9572479837231374,0.08413635117552747,50000,0.04992050874403816,0.0,0.07050874403815581,0.0,0.09842808783585101,0.12164865073875515,0.19894455116993132,0.13967376324817915,0.0,0.0,0.05422003724418671,0.0,0.85
top_100__preCOVID__all_test,preCOVID,all_test,crashsketch_R_1bit,20,3.0,7,0.7,50000,300,,0.004556083120405674,0.0007730838842689991,0.6385835418477654,0.9159714687224813,0.9173607366298764,0.957919687496181,0.08402853127751882,50000,0.039745627980922106,0.0,0.06128775834658187,0.0,0.11951076924832713,0.11250742741451858,0.12258545312691783,0.11820121659658785,0.0,0.0,0.05422003724418671,0.0,0.85
top_100__preCOVID__all_test,preCOVID,all_test,crashsketch_R_1bit,20,3.0,8,0.7,50000,300,,0.004883916582912207,0.0034672501496970654,0.8835277082398534,0.9159624698791438,0.9172553467361901,0.957850599044367,0.08403753012085619,50000,0.037042925278219396,0.0,0.057949125596184425,0.0,0.15870448320336286,0.17326482010836175,0.14211927091146498,0.1580295247410632,0.0,0.0,0.05422003724418671,0.0,0.85
top_100__preCOVID__all_test,preCOVID,all_test,crashsketch_R_1bit,20,3.0,9,0.7,50000,300,,0.004372042138129473,0.001332458108663559,0.28865916607901454,0.9159190764168433,0.9172481266776003,0.9579220084047714,0.0840809235831567,50000,0.042766295707472174,0.0,0.05930047694753578,0.0,0.1158036679274055,0.11989999313729408,0.14679164404282385,0.12749843503584116,0.0,0.0,0.05422003724418671,0.0,0.85
top_100__preCOVID__all_test,preCOVID,all_test,crashsketch_R_1bit,20,3.0,10,0.7,50000,300,,0.0036049997434020042,0.0007068328559398651,1.0416398327797651,0.9158792474772964,0.9173979953184866,0.9578046490239627,0.08412075252270368,50000,0.039586645468998406,0.0,0.05564387917329094,0.0,0.14454014476316437,0.11397604579947804,0.11319950822211919,0.12390523292825388,0.0,0.0,0.05422003724418671,0.0,0.85
top_100__preCOVID__all_test,preCOVID,all_test,crashsketch_R_1bit,20,3.0,11,0.7,50000,300,,0.006316457875072956,0.0008390420116484165,1.0810153749771416,0.9163064738861607,0.9175529648960824,0.9581999002122709,0.08369352611383928,50000,0.04340222575516693,0.0,0.06414944356120826,0.0,0.1592772430040322,0.18902591877891076,0.16912191005679295,0.17247502394657865,0.0,0.0,0.05422003724418671,0.0,0.85
top_100__preCOVID__all_test,preCOVID,all_test,crashsketch_R_1bit,20,3.0,12,0.7,50000,300,,0.008086374960839748,0.00079708406701684,1.0396342910826206,0.9160588269700735,0.917357579935705,0.9578928747654485,0.08394117302992661,50000,0.04244833068362481,0.0,0.06192368839427662,0.0,0.1501968596231911,0.1604233086956961,0.17228289442309658,0.16096768758066124,0.0,0.0,0.05422003724418671,0.0,0.85
top_100__preCOVID__all_test,preCOVID,all_test,crashsketch_R_1bit,20,3.0,13,0.7,50000,300,,0.011404125019907951,0.01017279177904129,1.0128716249018908,0.9161039801869586,0.9173861787810554,0.9585485632970127,0.08389601981304126,50000,0.035453100158982516,0.0,0.05675675675675676,0.0,0.1639350289515159,0.1479344190646028,0.1296332366298213,0.14716756154864666,0.0,0.0,0.05422003724418671,0.0,0.85
top_100__preCOVID__all_test,preCOVID,all_test,crashsketch_R_1bit,20,3.0,14,0.7,50000,300,,0.08015383407473564,0.004008749965578318,0.8842498329468071,0.9163501567959809,0.91775347637441,0.9584742592235996,0.08364984320401923,50000,0.04069952305246423,0.0,0.061526232114467415,0.0,0.2097728501629759,0.197188983817773,0.17165847879801455,0.19287343759292117,0.0,0.0,0.05422003724418671,0.0,0.85
top_100__preCOVID__all_test,preCOVID,all_test,crashsketch_R_1bit,20,3.0,15,0.7,50000,300,,0.010913833975791931,0.010018332861363888,0.9727899576537311,0.9157597014008072,0.917279606481957,0.9578056897196922,0.08424029859919266,50000,0.03465818759936407,0.0,0.05278219395866455,0.0,0.13962336772767678,0.09249168092423463,0.10924613430297633,0.11378706098496257,0.0,0.0,0.05422003724418671,0.0,0.85
top_100__preCOVID__all_test,preCOVID,all_test,crashsketch_R_1bit,20,3.0,16,0.7,50000,300,,0.023487250320613384,0.0015099579468369484,0.9028357081115246,0.9159778032547471,0.9172497124335286,0.9577200098788438,0.08402219674525288,50000,0.042289348171701116,0.0,0.06073131955484897,0.0,0.1893476683663313,0.15162354080052715,0.15774559669666177,0.16623893528784006,0.0,0.0,0.05422003724418671,0.0,0.85
top_100__preCOVID__all_test,preCOVID,all_test,crashsketch_R_1bit,20,3.0,17,0.7,50000,300,,0.007981165777891874,0.0016904580406844616,0.8633474577218294,0.9159663696351593,0.9173055969013062,0.9575964108145958,0.08403363036484061,50000,0.03926868044515104,0.0,0.06287758346581876,0.0,0.15957874844429817,0.1279109408359201,0.16542388965024865,0.1509711929768223,0.0,0.0,0.05422003724418671,0.0,0.85
top_100__preCOVID__all_test,preCOVID,all_test,crashsketch_R_1bit,20,3.0,18,0.7,50000,300,,0.005864833015948534,0.000998541247099638,0.5839590416289866,0.9159910754354634,0.9171948771398424,0.9579265067464848,0.08400892456453644,50000,0.042607313195548495,0.0,0.062241653418124,0.0,0.10109672124323404,0.1668298713424007,0.15784063288744274,0.14192240849102586,0.0,0.0,0.05422003724418671,0.0,0.85
top_100__preCOVID__all_test,preCOVID,all_test,crashsketch_R_1bit,20,3.0,19,0.7,50000,300,,0.006033916957676411,0.0019893748685717583,0.5072262501344085,0.9158079064162858,0.9171973756604812,0.9574119133191284,0.08419209358371432,50000,0.04483306836248013,0.0,0.0636724960254372,0.0,0.12291900250851942,0.1284320001938851,0.145624285049263,0.1323250959172225,0.0,0.0,0.05422003724418671,0.0,0.85
top_100__preCOVID__all_test,preCOVID,all_test,crashsketch_R_int8,20,3.0,0,0.7,50000,300,,0.02925983304157853,0.003576042130589485,0.5843187090940773,0.18422304489282593,0.15890261144459195,0.4449345470470357,0.846158392732864,50000,0.15945945945945947,0.0,0.20691573926868045,0.0,0.36741428625996875,0.29980905566459914,0.24344735013446106,0.30355689735300967,0.746031746031746,0.746031746031746,0.8768852273541295,0.8,0.85
top_100__preCOVID__all_test,preCOVID,all_test,crashsketch_R_int8,20,3.0,1,0.7,50000,300,,0.0056515829637646675,0.0014460841193795204,0.5576619999483228,0.1602514084151777,0.1300763213200804,0.4166855536217417,0.8936272940501055,50000,0.16486486486486485,0.0,0.22233704292527826,0.0,0.366989704979092,0.2642988860773217,0.26736926083369705,0.29955261729670357,0.7619047619047619,0.7619047619047619,0.8964799957677073,0.6,0.85
top_100__preCOVID__all_test,preCOVID,all_test,crashsketch_R_int8,20,3.0,2,0.7,50000,300,,0.008390834089368582,0.001375709194689989,0.6826742081902921,0.1780126070573364,0.15078791118928864,0.4365635067812327,0.8530488627409681,50000,0.1643879173290938,0.0,0.21987281399046102,0.0,0.3430491066907771,0.2844394177758165,0.22002487526521827,0.28250446657727063,0.6825396825396826,0.6825396825396826,0.8992748965193886,0.8,0.85
top_100__preCOVID__all_test,preCOVID,all_test,crashsketch_R_int8,20,3.0,3,0.7,50000,300,,0.006539042107760906,0.0009777499362826347,0.6732364590279758,0.181816840637883,0.1572272461872133,0.43839820640949273,0.843360321524774,50000,0.1616852146263911,0.0,0.22241653418124008,0.1,0.3627051694183851,0.2672311793638479,0.24641900335436373,0.2921184507121989,0.7301587301587301,0.7301587301587301,0.9044035495551169,0.6,0.85
top_100__preCOVID__all_test,preCOVID,all_test,crashsketch_R_int8,20,3.0,4,0.7,50000,300,,0.004458333365619183,0.0007273750379681587,0.7402927079237998,0.1795122214826981,0.1523473013438233,0.4377603665416646,0.8542613745363511,50000,0.1545310015898251,0.0,0.21049284578696348,0.0,0.39476922933115194,0.2892621911644928,0.1623549894744147,0.28212880332335316,0.7936507936507936,0.7936507936507936,0.879670912007846,0.6,0.85
top_100__preCOVID__all_test,preCOVID,all_test,crashsketch_R_int8,20,3.0,5,0.7,50000,300,,0.008471374865621328,0.00289058405905962,0.7447046251036227,0.18363659998090512,0.1597627123695109,0.4375549582530581,0.8438874169593966,50000,0.15914149443561207,0.0,0.2127980922098569,0.0,0.39271037330247416,0.27531906944602585,0.19888133941918468,0.28897026072256154,0.7936507936507936,0.7936507936507936,0.8846526559816366,0.7,0.85
top_100__preCOVID__all_test,preCOVID,all_test,crashsketch_R_int8,20,3.0,6,0.7,50000,300,,0.007020334247499704,0.007484750356525183,0.7285797498188913,0.15887009618001655,0.12943260202942514,0.40733384086220664,0.898762378896367,50000,0.1879173290937997,0.0,0.24109697933227342,0.1,0.30648894916182234,0.3266957102723943,0.3094867315076639,0.31422379698062686,0.7936507936507936,0.7936507936507936,0.8920312002347096,0.6,0.85
top_100__preCOVID__all_test,preCOVID,all_test,crashsketch_R_int8,20,3.0,7,0.7,50000,300,,0.006966332904994488,0.004470084328204393,0.6367463329806924,0.19040428777043572,0.16609213723403793,0.4514205138911839,0.8306373744925104,50000,0.16661367249602543,0.0,0.22034976152623215,0.1,0.3652701905982667,0.241053559168858,0.21748367160611887,0.2746024737910812,0.7301587301587301,0.7301587301587301,0.9004311883134548,0.5,0.85
top_100__preCOVID__all_test,preCOVID,all_test,crashsketch_R_int8,20,3.0,8,0.7,50000,300,,0.0038189999759197235,0.0006985417567193508,0.7189222080633044,0.18272025273740033,0.15912749908049162,0.4323310406685664,0.8451570246796932,50000,0.1473767885532591,0.0,0.19483306836248016,0.0,0.3880015915642376,0.2706062950526178,0.20549520998744733,0.2880343655347676,0.8095238095238095,0.8095238095238095,0.882104257219739,0.8,0.85
top_100__preCOVID__all_test,preCOVID,all_test,crashsketch_R_int8,20,3.0,9,0.7,50000,300,,0.00481141684576869,0.0008874163031578064,0.6814105417579412,0.17548535893822534,0.14741350454235969,0.4388317004545134,0.8622703410584431,50000,0.15961844197138314,0.0,0.20135135135135135,0.0,0.34495362811848246,0.24693396339098245,0.20767498624830366,0.26652085925258956,0.7301587301587301,0.7301587301587301,0.8864114418923109,0.8,0.85
top_100__preCOVID__all_test,preCOVID,all_test,crashsketch_R_int8,20,3.0,10,0.7,50000,300,,0.006949665956199169,0.005013583227992058,0.6200478333048522,0.19213010970125327,0.16898859239944597,0.4507036461699019,0.8318253790116567,50000,0.15421303656597773,0.0,0.20063593004769475,0.0,0.36543472084342127,0.24057553219912994,0.1530053023630312,0.25300518513519415,0.8412698412698413,0.8412698412698413,0.8827907992565724,0.6,0.85
top_100__preCOVID__all_test,preCOVID,all_test,crashsketch_R_int8,20,3.0,11,0.7,50000,300,,0.007858000230044127,0.0064492919482290745,0.7658654171973467,0.152530247335203,0.12331407678707346,0.3941304517144612,0.9253624531627359,50000,0.16931637519872814,0.0,0.22750397456279814,0.1,0.4661459523777447,0.29175439628012456,0.28639101981934584,0.34809712282573835,0.8253968253968254,0.8253968253968254,0.8872952650844068,0.4,0.85
top_100__preCOVID__all_test,preCOVID,all_test,crashsketch_R_int8,20,3.0,12,0.7,50000,300,,0.004415667150169611,0.0008071670308709145,0.7446805001236498,0.19174724027494605,0.16845838352758824,0.4527421461962188,0.8278550444142899,50000,0.16120826709062003,0.0,0.20731319554848968,0.0,0.3976223420928488,0.27492961835102586,0.22710300110856566,0.29988498718414675,0.6825396825396826,0.6825396825396826,0.8983985836334172,0.8,0.85
top_100__preCOVID__all_test,preCOVID,all_test,crashsketch_R_int8,20,3.0,13,0.7,50000,300,,0.006036832928657532,0.0010772920213639736,0.70259058335796,0.18356924049202156,0.15838171212196084,0.43925307171495975,0.8446959357099525,50000,0.15707472178060414,0.0,0.20524642289348174,0.0,0.35133879938555757,0.21054457410954008,0.212925815857949,0.25826972978434887,0.746031746031746,0.746031746031746,0.8822490988378556,0.8,0.85
top_100__preCOVID__all_test,preCOVID,all_test,crashsketch_R_int8,20,3.0,14,0.7,50000,300,,0.00683158403262496,0.00875791721045971,0.601174124982208,0.16072870005830323,0.13107162984025728,0.40886143635638816,0.8910621956092467,50000,0.16534181240063592,0.0,0.21240063593004768,0.0,0.4558609213720197,0.2928338547174194,0.23453087600702469,0.3277418840321546,0.7936507936507936,0.7936507936507936,0.8854838166178657,0.8,0.85
top_100__preCOVID__all_test,preCOVID,all_test,crashsketch_R_int8,20,3.0,15,0.7,50000,300,,0.01108550000935793,0.0022377092391252518,0.5875175409018993,0.19757044700288617,0.1759740619101744,0.4498600655351351,0.8247890967983227,50000,0.1411764705882353,0.0,0.19228934817170112,0.0,0.281109960083958,0.2678649046509533,0.19989106770141601,0.2496219774787758,0.7777777777777778,0.7777777777777778,0.8748538522908251,0.6,0.85
top_100__preCOVID__all_test,preCOVID,all_test,crashsketch_R_int8,20,3.0,16,0.7,50000,300,,0.011618458200246096,0.001757000107318163,0.6311515420675278,0.1661514021419869,0.1356654005614446,0.429061891484887,0.8695758753033829,50000,0.18219395866454688,0.0,0.23219395866454692,0.1,0.41532768663413044,0.28866134852793107,0.2416399581407633,0.31520966443427495,0.7301587301587301,0.7301587301587301,0.9032469865220654,0.7,0.85
top_100__preCOVID__all_test,preCOVID,all_test,crashsketch_R_int8,20,3.0,17,0.7,50000,300,,0.0068905409425497055,0.0009879996068775654,0.5231062076054513,0.17335176988281065,0.14634223326529222,0.42719725758930727,0.8590426372599621,50000,0.16422893481717013,0.0,0.22209856915739268,0.1,0.39203322030152815,0.2204572604987158,0.22075175798712757,0.2777474129291238,0.7619047619047619,0.7619047619047619,0.89823133767512,0.6,0.85
top_100__preCOVID__all_test,preCOVID,all_test,crashsketch_R_int8,20,3.0,18,0.7,50000,300,,0.004762167111039162,0.0014149174094200134,1.548981583211571,0.17686574614951997,0.15092595303349343,0.4289391190473184,0.8491237569203899,50000,0.16979332273449924,0.0,0.2179650238473768,0.1,0.38665344217702635,0.24832581819124008,0.2677099821946345,0.30089641418763363,0.7619047619047619,0.7619047619047619,0.906899936734712,0.8,0.85
top_100__preCOVID__all_test,preCOVID,all_test,crashsketch_R_int8,20,3.0,19,0.7,50000,300,,0.008723624981939793,0.00578112481161952,1.5777052910998464,0.18887517511157217,0.16497346673220348,0.44986279408391566,0.8338343278712103,50000,0.17488076311605724,0.0,0.2201112877583466,0.1,0.35522902629585756,0.2254061215034146,0.2632241795902832,0.2812864424631851,0.8253968253968254,0.8253968253968254,0.9034799687553181,0.7,0.85
top_100__preCOVID__all_test,preCOVID,all_test,crashsketch_R_normsign,20,3.0,0,0.7,50000,300,,0.0052219172939658165,0.0009167501702904701,0.6549140410497785,0.12932386700911186,0.10954319477273144,0.31567986397509057,0.9806402724583426,50000,0.0945945945945946,0.0,0.13426073131955485,0.0,0.4660678676428319,0.36581393244947,0.20066119847542713,0.34418099952257636,0.8095238095238095,0.8095238095238095,0.8941992616639747,1.0,0.85
top_100__preCOVID__all_test,preCOVID,all_test,crashsketch_R_normsign,20,3.0,1,0.7,50000,300,,0.004532957915216684,0.0013618753291666508,0.7272387496195734,0.14184571866412152,0.11977720479405074,0.34509028268400516,1.0505677945763416,50000,0.09205087440381558,0.0,0.13815580286168522,0.0,0.5580150358857076,0.5288901211099598,0.3363395792828949,0.4744149120928541,0.8888888888888888,0.8888888888888888,0.9172954240003145,0.9,0.85
top_100__preCOVID__all_test,preCOVID,all_test,crashsketch_R_normsign,20,3.0,2,0.7,50000,300,,0.006981250364333391,0.004516791086643934,0.6133143748156726,0.12736192139626581,0.10825943522391784,0.3091193303453529,0.9909088390660704,50000,0.0958664546899841,0.0,0.14141494435612084,0.0,0.39928991078833426,0.2235501027043423,0.29135439492384757,0.3047314694721747,0.8253968253968254,0.8253968253968254,0.9106916588397391,0.8,0.85
top_100__preCOVID__all_test,preCOVID,all_test,crashsketch_R_normsign,20,3.0,3,0.7,50000,300,,0.008282332681119442,0.0012439168058335781,0.7430766671895981,0.12213586935660635,0.10378867215406135,0.29709677306990784,0.9748739384845948,50000,0.09507154213036566,0.0,0.1406200317965024,0.0,0.37774714555818467,0.4135094002833372,0.26022807271056175,0.3504948728506945,0.7777777777777778,0.7777777777777778,0.9193194936936167,0.9,0.85
top_100__preCOVID__all_test,preCOVID,all_test,crashsketch_R_normsign,20,3.0,4,0.7,50000,300,,0.005729209166020155,0.001342917326837778,0.6627267906442285,0.1270171586141696,0.1065412246854534,0.3146332648582304,0.9883743307997443,50000,0.08553259141494435,0.0,0.13330683624801273,0.0,0.6486006673044997,0.27919849056385454,0.2215321108365805,0.3831104229016449,0.9206349206349206,0.9206349206349206,0.9041832191136423,0.9,0.85
top_100__preCOVID__all_test,preCOVID,all_test,crashsketch_R_normsign,20,3.0,5,0.7,50000,300,,0.005467458162456751,0.0011722082272171974,0.7537646247074008,0.12665865836351772,0.1083834395467812,0.30749087609735143,0.9683024992367817,50000,0.09904610492845786,0.0,0.141335453100159,0.0,0.5839167581984941,0.2518272242984225,0.19302380279138606,0.34292259509610085,0.8571428571428571,0.8571428571428571,0.8977968248758359,0.9,0.85
top_100__preCOVID__all_test,preCOVID,all_test,crashsketch_R_normsign,20,3.0,6,0.7,50000,300,,0.008979042060673237,0.0018851668573915958,0.65601004101336,0.14270381514848898,0.11577940500429817,0.36915564413623964,1.0578495685272784,50000,0.10794912559618443,0.0,0.15007949125596184,0.0,0.5351889122331297,0.24075440932406883,0.2832233545012493,0.35305555868614924,0.8253968253968254,0.8253968253968254,0.9112538769808058,0.8,0.85
top_100__preCOVID__all_test,preCOVID,all_test,crashsketch_R_normsign,20,3.0,7,0.7,50000,300,,0.006663541775196791,0.0009009581990540028,0.5548640419729054,0.12706316549325922,0.1087146760471916,0.3053342097342098,0.9598926535385218,50000,0.09205087440381558,0.0,0.13362480127186008,0.0,0.4526014075887914,0.24554854660433867,0.23748008759828948,0.31187668059713985,0.7936507936507936,0.7936507936507936,0.9139506736052934,0.9,0.85
top_100__preCOVID__all_test,preCOVID,all_test,crashsketch_R_normsign,20,3.0,8,0.7,50000,300,,0.005628500133752823,0.001465624663978815,0.5018288344144821,0.1330437278528977,0.11345989069626905,0.3233794161285028,0.9547635028484346,50000,0.08489666136724962,0.0,0.13100158982511925,0.0,0.49119681023924155,0.31577857540067356,0.22779608043692148,0.34492382202561217,0.7777777777777778,0.7777777777777778,0.8970568125937127,0.8,0.85
top_100__preCOVID__all_test,preCOVID,all_test,crashsketch_R_normsign,20,3.0,9,0.7,50000,300,,0.00464641721919179,0.0010616667568683624,0.5674815000966191,0.13147135296675014,0.10853807806531285,0.33011819599507763,1.0096330670250027,50000,0.08887122416534182,0.0,0.12456279809220985,0.0,0.24854274464255946,0.4462146186880339,0.2613022386363393,0.31868653398897756,0.7936507936507936,0.7936507936507936,0.9061127529792896,0.9,0.85
top_100__preCOVID__all_test,preCOVID,all_test,crashsketch_R_normsign,20,3.0,10,0.7,50000,300,,0.00723583297803998,0.0015704166144132614,0.6453336249105632,0.13005431787249191,0.1106954814868788,0.3158499768358952,0.9537822898869543,50000,0.08616852146263912,0.0,0.12090620031796502,0.0,0.5056225791377863,0.29675956522070257,0.16966031786507446,0.3240141540745211,0.8412698412698413,0.8412698412698413,0.8972115695036232,0.9,0.85
top_100__preCOVID__all_test,preCOVID,all_test,crashsketch_R_normsign,20,3.0,11,0.7,50000,300,,0.005679209250956774,0.0015033748932182789,0.8013357501477003,0.15333629007768804,0.12806585906615792,0.3773162075468436,1.080078964486566,50000,0.10381558028616854,0.0,0.153577106518283,0.0,0.6643002819415378,0.6528365891910172,0.2569904797445084,0.5247091169590211,0.8888888888888888,0.8888888888888888,0.9152535188368497,0.9,0.85
top_100__preCOVID__all_test,preCOVID,all_test,crashsketch_R_normsign,20,3.0,12,0.7,50000,300,,0.005415874999016523,0.0032301251776516438,0.8074512910097837,0.12478901755387689,0.10727485755857613,0.29707150750099337,0.9544702141033826,50000,0.0960254372019078,0.0,0.14109697933227344,0.0,0.6381073393239894,0.3382248873462357,0.2919336894452229,0.422755305371816,0.8095238095238095,0.8095238095238095,0.912980735049151,0.8,0.85
top_100__preCOVID__all_test,preCOVID,all_test,crashsketch_R_normsign,20,3.0,13,0.7,50000,300,,0.005427750293165445,0.0017459997907280922,0.7303938749246299,0.1300295461022629,0.11103420091668315,0.31384210251611416,0.9650129671327151,50000,0.09220985691573928,0.0,0.13402225755166933,0.0,0.4537453809287411,0.4117690065573483,0.2160147134654098,0.36050970031716645,0.8253968253968254,0.8253968253968254,0.8974985102123391,0.9,0.85
top_100__preCOVID__all_test,preCOVID,all_test,crashsketch_R_normsign,20,3.0,14,0.7,50000,300,,0.004494541324675083,0.001998750027269125,0.7914377502165735,0.12911630934433446,0.10876886907164601,0.3182480739713334,1.0155758783909863,50000,0.08807631160572338,0.0,0.13799682034976155,0.0,0.6062741410015395,0.5546896195162132,0.2792326633008307,0.4800654746061945,0.8888888888888888,0.8888888888888888,0.9051851879801744,0.9,0.85
top_100__preCOVID__all_test,preCOVID,all_test,crashsketch_R_normsign,20,3.0,15,0.7,50000,300,,0.005187083035707474,0.0007278751581907272,0.9494867091998458,0.1363030598313648,0.11784649123857865,0.3239051956676303,0.9508141200167287,50000,0.08139904610492846,0.0,0.11915739268680446,0.0,0.27931900392732484,0.33191377007701006,0.16393427480656084,0.2583890162702986,0.7777777777777778,0.7777777777777778,0.8892689144641197,0.9,0.85
top_100__preCOVID__all_test,preCOVID,all_test,crashsketch_R_normsign,20,3.0,16,0.7,50000,300,,0.00533645786345005,0.0007357499562203884,0.8064299169927835,0.12205743084521857,0.10063486591493698,0.3084826280666443,1.0142106844011203,50000,0.09936406995230525,0.0,0.14220985691573929,0.0,0.582432811072011,0.537815061091219,0.21445805718905273,0.4449019764507609,0.8412698412698413,0.8412698412698413,0.9202467452610155,0.9,0.85
top_100__preCOVID__all_test,preCOVID,all_test,crashsketch_R_normsign,20,3.0,17,0.7,50000,300,,0.007527499925345182,0.002265041694045067,0.7471255422569811,0.12328351928419004,0.1039335291068656,0.3041818497033457,0.9888657799687693,50000,0.09777424483306836,0.0,0.13934817170111288,0.0,0.5606922099332398,0.2351969300276519,0.21905717983683265,0.33831543993257474,0.8571428571428571,0.8571428571428571,0.9135939702295742,0.9,0.85
top_100__preCOVID__all_test,preCOVID,all_test,crashsketch_R_normsign,20,3.0,18,0.7,50000,300,,0.009984917007386684,0.00754829216748476,0.5748505000956357,0.12106497960022312,0.10043274350661002,0.30386215575750475,0.99017614669346,50000,0.09014308426073132,0.0,0.1357710651828299,0.0,0.5751478086510584,0.24354991012748464,0.23507579427302894,0.3512578376838573,0.8412698412698413,0.8412698412698413,0.9210172749427444,1.0,0.85
top_100__preCOVID__all_test,preCOVID,all_test,crashsketch_R_normsign,20,3.0,19,0.7,50000,300,,0.010209208354353905,0.0008699172176420689,0.7888029580935836,0.126817666292597,0.10824862058612311,0.30945099432915485,0.9714710112466699,50000,0.0985691573926868,0.0,0.13680445151033388,0.0,0.42405485581212987,0.18643684205042335,0.24689592336645694,0.28579587374300336,0.7936507936507936,0.7936507936507936,0.9148076260552518,0.9,0.85
top_100__preCOVID__all_test,preCOVID,all_test,crashsketch_noR,20,3.0,0,0.7,50000,300,,0.0028169588185846806,0.0002582911401987076,0.6718075829558074,0.12163331529956768,0.10405831744781668,0.29500057651485057,0.9873445141257686,50000,0.19507154213036568,0.0,0.24634340222575515,0.1,0.3935735640174249,0.24138572880210574,0.3010533343736006,0.3120042090643771,0.7936507936507936,0.7936507936507936,0.9092196569219229,1.0,0.85
top_100__preCOVID__all_test,preCOVID,all_test,crashsketch_noR,20,3.0,1,0.7,50000,300,,0.003593959379941225,0.00014795782044529915,0.7652203748002648,0.14011078867514026,0.12118794470404742,0.3343031203768189,0.961011297680763,50000,0.17360890302066773,0.0,0.21852146263910968,0.0,0.2597654687692661,0.2105927965170085,0.18818335000892392,0.21951387176506618,0.6825396825396826,0.6825396825396826,0.8883261058340344,0.8,0.85
top_100__preCOVID__all_test,preCOVID,all_test,crashsketch_noR,20,3.0,2,0.7,50000,300,,0.0035706660710275173,0.0004887916147708893,0.6783020840957761,0.12512167166583138,0.10947671507304901,0.29393881384949333,0.9420966339890539,50000,0.17440381558028614,0.0,0.2201112877583466,0.0,0.4163287999557939,0.22416326117684407,0.2771379613775212,0.3058766741700531,0.7936507936507936,0.7936507936507936,0.9078165376512907,0.9,0.85
top_100__preCOVID__all_test,preCOVID,all_test,crashsketch_noR,20,3.0,3,0.7,50000,300,,0.0035276669077575207,0.00015125004574656487,0.7013134588487446,0.11604779897702881,0.0969607673948003,0.2881421120336459,1.0124614797322848,50000,0.20031796502384738,0.0,0.25516693163751986,0.1,0.6052842233879072,0.574042180963906,0.3779700677263143,0.5190988240260425,0.8412698412698413,0.8412698412698413,0.9166150662123445,0.9,0.85
top_100__preCOVID__all_test,preCOVID,all_test,crashsketch_noR,20,3.0,4,0.7,50000,300,,0.0037247496657073498,0.00012945802882313728,0.7385103749111295,0.12614683907500013,0.10991062645148197,0.2983949300671777,0.9262418127020314,50000,0.17440381558028617,0.0,0.22019077901430842,0.0,0.538678206044388,0.2821934020019973,0.23831806431527072,0.353063224120552,0.8412698412698413,0.8412698412698413,0.9094296380892275,1.0,0.85
top_100__preCOVID__all_test,preCOVID,all_test,crashsketch_noR,20,3.0,5,0.7,50000,300,,0.0026559578254818916,0.00010779080912470818,0.6212206669151783,0.11334521360535742,0.0959525093796178,0.2771813908779976,1.0031471408793546,50000,0.18298887122416532,0.0,0.23441971383147853,0.1,0.5793664414088802,0.3039140512158712,0.39462045212779495,0.42596698158418206,0.8571428571428571,0.8571428571428571,0.9228791618054738,0.9,0.85
top_100__preCOVID__all_test,preCOVID,all_test,crashsketch_noR,20,3.0,6,0.7,50000,300,,0.0026426250115036964,9.025027975440025e-05,0.6137845832854509,0.12379764534663383,0.10530734546644682,0.3028965434071253,0.997173832263141,50000,0.18569157392686805,0.0,0.23585055643879171,0.1,0.543451935784886,0.1601160780384199,0.27808860155363213,0.3272188717923127,0.7936507936507936,0.7936507936507936,0.8959349380131065,0.9,0.85
top_100__preCOVID__all_test,preCOVID,all_test,crashsketch_noR,20,3.0,7,0.7,50000,300,,0.005386542063206434,0.00025558285415172577,0.6504662497900426,0.11745706771135428,0.0998141486471047,0.2843950846523735,0.9705220710562332,50000,0.18791732909379966,0.0,0.23489666136724965,0.1,0.5362208053389179,0.46696043114140234,0.318157932551333,0.4404463896772178,0.8095238095238095,0.8095238095238095,0.9128942037853275,0.9,0.85
top_100__preCOVID__all_test,preCOVID,all_test,crashsketch_noR,20,3.0,8,0.7,50000,300,,0.003948333207517862,0.0003049997612833977,0.5302489171735942,0.12720181028531338,0.10952398392109924,0.3046427884566959,0.9616395627853894,50000,0.18410174880763114,0.0,0.24006359300476948,0.1,0.32700726145313225,0.24102441913599035,0.29465804515514377,0.2875632419147554,0.7777777777777778,0.7777777777777778,0.9012567192338569,0.9,0.85
top_100__preCOVID__all_test,preCOVID,all_test,crashsketch_noR,20,3.0,9,0.7,50000,300,,0.0032263747416436672,0.00025783292949199677,0.5606429171748459,0.11888962268976555,0.10171888560104209,0.28735268777625234,0.9909124049831247,50000,0.19507154213036568,0.0,0.2418918918918919,0.1,0.6382711327550644,0.6277005938483681,0.35962056664635433,0.5418640977499289,0.873015873015873,0.873015873015873,0.9203707858627309,0.9,0.85
top_100__preCOVID__all_test,preCOVID,all_test,crashsketch_noR,20,3.0,10,0.7,50000,300,,0.004148958250880241,0.0002958327531814575,0.5430551250465214,0.11427872735105388,0.09616364291962026,0.2797108947208957,1.0009799413589242,50000,0.20635930047694756,0.0,0.2597774244833068,0.1,0.5599715782291673,0.5197881090873082,0.3481667827480901,0.47597549002152184,0.8888888888888888,0.8888888888888888,0.9220907785709833,1.0,0.85
top_100__preCOVID__all_test,preCOVID,all_test,crashsketch_noR,20,3.0,11,0.7,50000,300,,0.0034684156998991966,0.0003121658228337765,0.5769701250828803,0.11949476723932606,0.10259523803275289,0.28776463793937723,0.965744097349914,50000,0.18028616852146265,0.0,0.2317965023847377,0.0,0.5982622094670914,0.27818862649181525,0.27455310180881876,0.3836679792559085,0.7936507936507936,0.7936507936507936,0.9064432426139688,0.9,0.85
top_100__preCOVID__all_test,preCOVID,all_test,crashsketch_noR,20,3.0,12,0.7,50000,300,,0.0025194589979946613,0.00013362476602196693,0.597545915748924,0.11299269260815398,0.0953329748784702,0.27823743758583025,1.0144996412661282,50000,0.20047694753577106,0.0,0.2577901430842607,0.1,0.5371682299525488,0.5268480015652169,0.34574979905353415,0.4699220101904333,0.8412698412698413,0.8412698412698413,0.9211740450486786,0.9,0.85
top_100__preCOVID__all_test,preCOVID,all_test,crashsketch_noR,20,3.0,13,0.7,50000,300,,0.003229541704058647,9.354203939437866e-05,0.5354918749071658,0.10797083864517135,0.09094193602008488,0.2661028190164723,0.9633205381692485,50000,0.1933227344992051,0.0,0.25214626391096984,0.1,0.6969536083709325,0.3121048544510846,0.2885882183954903,0.4325488937391692,0.9047619047619048,0.9047619047619048,0.9192575427093885,0.9,0.85
top_100__preCOVID__all_test,preCOVID,all_test,crashsketch_noR,20,3.0,14,0.7,50000,300,,0.006576375104486942,0.0003150003030896187,0.7263657501898706,0.1387698934836195,0.12264533752833612,0.32031448094256587,0.9083910451555901,50000,0.16899841017488076,0.0,0.21446740858505564,0.0,0.5055562324950074,0.19809216878947317,0.20647508731379596,0.3033744961994255,0.7936507936507936,0.7936507936507936,0.893085988372967,0.9,0.85
top_100__preCOVID__all_test,preCOVID,all_test,crashsketch_noR,20,3.0,15,0.7,50000,300,,0.0032062088139355183,0.00022091716527938843,0.5644692908972502,0.12668740698313685,0.10860078299353915,0.3035559511418613,0.964744802594039,50000,0.17710651828298887,0.0,0.2231319554848967,0.0,0.4250000335087497,0.23023748928769808,0.2287697315099348,0.2946690847687942,0.7936507936507936,0.7936507936507936,0.8911299936374265,0.9,0.85
top_100__preCOVID__all_test,preCOVID,all_test,crashsketch_noR,20,3.0,16,0.7,50000,300,,0.003212125040590763,0.0005522910505533218,0.5213302499614656,0.12848511621002703,0.11390359842832787,0.29719108954822177,0.923461141131888,50000,0.17980922098569158,0.0,0.22599364069952302,0.1,0.29914911026077784,0.21825919147728684,0.3502429726084994,0.2892170914488547,0.7936507936507936,0.7936507936507936,0.9054433110535922,0.8,0.85
top_100__preCOVID__all_test,preCOVID,all_test,crashsketch_noR,20,3.0,17,0.7,50000,300,,0.003916209097951651,0.0002872920595109463,0.5749360420741141,0.12732041389552723,0.10797084229445242,0.31129260268194053,1.0327956093176172,50000,0.20254372019077901,0.0,0.2519077901430843,0.1,0.5114181446467727,0.3597624250601095,0.3530807956399768,0.40808712178228634,0.8253968253968254,0.8253968253968254,0.9198075370135205,1.0,0.85
top_100__preCOVID__all_test,preCOVID,all_test,crashsketch_noR,20,3.0,18,0.7,50000,300,,0.002799707930535078,0.00011962512508034706,0.6231549582444131,0.11078244282025515,0.0922277153652668,0.2767536031598552,0.9590341504788716,50000,0.18966613672496024,0.0,0.232670906200318,0.0,0.6585499896022141,0.5938193046613313,0.3452795888282722,0.5325496276972725,0.8888888888888888,0.8888888888888888,0.9185341302531618,0.8,0.85
top_100__preCOVID__all_test,preCOVID,all_test,crashsketch_noR,20,3.0,19,0.7,50000,300,,0.0030830828472971916,0.00011445814743638039,0.7478098748251796,0.11260677454426685,0.095407263774002,0.2754140756726085,0.9482902146590934,50000,0.17996820349761528,0.0,0.2284578696343402,0.0,0.703411910422287,0.5255333948726293,0.31641401104225714,0.5151197721123911,0.873015873015873,0.873015873015873,0.9282333108784622,0.8,0.85
top_100__preCOVID__all_test,preCOVID,all_test,crashsketch_noR_1bit,20,3.0,0,0.7,50000,300,,0.004051500000059605,0.0003652498126029968,0.5510719576850533,0.9159508424869586,0.9173075727722264,0.9582240724832431,0.08404915751304153,50000,0.04753577106518283,0.0,0.06756756756756757,0.0,0.1936799931316201,0.13632535681094554,0.17183383641853803,0.16727972878703457,0.0,0.0,0.05422003724418671,0.0,0.85
top_100__preCOVID__all_test,preCOVID,all_test,crashsketch_noR_1bit,20,3.0,1,0.7,50000,300,,0.0035877912305295467,0.0008543329313397408,0.6801640000194311,0.9158970561144233,0.9171760184761373,0.9581876952410499,0.08410294388557667,50000,0.04133545310015898,0.0,0.062241653418124,0.0,0.1020295168847876,0.10744819778830766,0.14811790296531346,0.11919853921280292,0.0,0.0,0.05422003724418671,0.0,0.85
top_100__preCOVID__all_test,preCOVID,all_test,crashsketch_noR_1bit,20,3.0,2,0.7,50000,300,,0.00378379225730896,0.0004737921990454197,0.7387847090139985,0.915923766329946,0.9173440913415377,0.9579468759779897,0.08407623367005403,50000,0.03815580286168521,0.0,0.06391096979332274,0.0,0.11351617857547498,0.1285271159074429,0.17389724424795472,0.1386468462436242,0.0,0.0,0.05422003724418671,0.0,0.85
top_100__preCOVID__all_test,preCOVID,all_test,crashsketch_noR_1bit,20,3.0,3,0.7,50000,300,,0.003408874850720167,0.0004370422102510929,0.6123185832984746,0.9161109030563923,0.9172312630926319,0.9579113800337561,0.08388909694360785,50000,0.048807631160572344,0.0,0.06478537360890302,0.0,0.14119756106402784,0.1376399288056931,0.1487646279404989,0.14253403927007327,0.0,0.0,0.05422003724418671,0.0,0.85
top_100__preCOVID__all_test,preCOVID,all_test,crashsketch_noR_1bit,20,3.0,4,0.7,50000,300,,0.006590125150978565,0.00040725013241171837,0.8450863747857511,0.915996620871625,0.9173827407029145,0.9576914432047899,0.08400337912837498,50000,0.04022257551669317,0.0,0.05604133545310016,0.0,0.11980526150219137,0.09636190833081805,0.12535396809286983,0.11384037930862641,0.0,0.0,0.05422003724418671,0.0,0.85
top_100__preCOVID__all_test,preCOVID,all_test,crashsketch_noR_1bit,20,3.0,5,0.7,50000,300,,0.004393000155687332,0.0004996671341359615,0.6104282499291003,0.9159498431745101,0.917218833368256,0.958152682822732,0.0840501568254899,50000,0.03879173290937996,0.0,0.06017488076311605,0.0,0.14496331075377714,0.11867268698819354,0.16816202723177104,0.14393267499124723,0.0,0.0,0.05422003724418671,0.0,0.85
top_100__preCOVID__all_test,preCOVID,all_test,crashsketch_noR_1bit,20,3.0,6,0.7,50000,300,,0.006185582838952541,0.00046925013884902,0.8339306251145899,0.9157836893270089,0.9171719905800642,0.9575357896030599,0.08421631067299112,50000,0.03863275039745628,0.0,0.062400635930047695,0.0,0.08482956442788836,0.11212157651018101,0.16243576027056555,0.11979563373621165,0.0,0.0,0.05422003724418671,0.0,0.85
top_100__preCOVID__all_test,preCOVID,all_test,crashsketch_noR_1bit,20,3.0,7,0.7,50000,300,,0.004208207596093416,0.0028473339043557644,0.614760875236243,0.9163249205615873,0.9178365008025775,0.9582787086505398,0.08367507943841265,50000,0.04435612082670907,0.0,0.06597774244833068,0.0,0.11156072123005267,0.1715220249914859,0.13800110749145625,0.14036128457099828,0.0,0.0,0.05422003724418671,0.0,0.85
top_100__preCOVID__all_test,preCOVID,all_test,crashsketch_noR_1bit,20,3.0,8,0.7,50000,300,,0.005226499866694212,0.0005021668039262295,0.7368616247549653,0.9161564024408875,0.9174721658952718,0.9576879167338519,0.0838435975591125,50000,0.04467408585055644,0.0,0.060333863275039736,0.0,0.0892549264430303,0.1547118284276808,0.1946860154809022,0.14621759011720445,0.0,0.0,0.05422003724418671,0.0,0.85
top_100__preCOVID__all_test,preCOVID,all_test,crashsketch_noR_1bit,20,3.0,9,0.7,50000,300,,0.004561500158160925,0.0004911250434815884,0.7102926252409816,0.916199313228417,0.9175826995799916,0.9581737962254365,0.08380068677158299,50000,0.03577106518282989,0.0,0.05214626391096979,0.0,0.13845742038750986,0.1830541667448997,0.14296936949419956,0.15482698554220306,0.0,0.0,0.05422003724418671,0.0,0.85
top_100__preCOVID__all_test,preCOVID,all_test,crashsketch_noR_1bit,20,3.0,10,0.7,50000,300,,0.007553833071142435,0.0003877081908285618,0.7172247502021492,0.9160042138197773,0.9173953510088453,0.9578382151570018,0.08399578618022278,50000,0.04626391096979333,0.0,0.06661367249602544,0.0,0.1194218619490794,0.13409906851819378,0.13317725966318836,0.12889939671015385,0.0,0.0,0.05422003724418671,0.0,0.85
top_100__preCOVID__all_test,preCOVID,all_test,crashsketch_noR_1bit,20,3.0,11,0.7,50000,300,,0.004011750221252441,0.0004185829311609268,0.5872734165750444,0.9158709225723686,0.9172857828522434,0.9577893683557556,0.08412907742763144,50000,0.03608903020667727,0.0,0.05508744038155803,0.0,0.14190017384774373,0.13537291671149576,0.18283218622074005,0.1533684255933265,0.0,0.0,0.05422003724418671,0.0,0.85
top_100__preCOVID__all_test,preCOVID,all_test,crashsketch_noR_1bit,20,3.0,12,0.7,50000,300,,0.003247832879424095,0.0005269167013466358,0.9108442501164973,0.9157823070393445,0.9169994783340297,0.9579316270395332,0.08421769296065555,50000,0.04531001589825119,0.0,0.06645468998410174,0.0,0.11547704418967247,0.10071809181544818,0.13339712084058408,0.11653075228190157,0.0,0.0,0.05422003724418671,0.0,0.85
top_100__preCOVID__all_test,preCOVID,all_test,crashsketch_noR_1bit,20,3.0,13,0.7,50000,300,,0.0029583745636045933,0.0003894171677529812,0.9660094161517918,0.9159215563776302,0.9172340683186668,0.9579474198826611,0.08407844362236987,50000,0.034658187599364065,0.0,0.0555643879173291,0.0,0.11073302237687807,0.07024333061996349,0.11852117757477225,0.09983251019053795,0.0,0.0,0.05422003724418671,0.0,0.85
top_100__preCOVID__all_test,preCOVID,all_test,crashsketch_noR_1bit,20,3.0,14,0.7,50000,300,,0.003557625226676464,0.00043616583570837975,0.8873725831508636,0.915572131868905,0.9168473794486944,0.9577306575371008,0.08442786813109489,50000,0.04149443561208267,0.0,0.059538950715421306,0.0,0.17446446681288874,0.12051759984847595,0.14241685093426792,0.1457996391985442,0.0,0.0,0.05422003724418671,0.0,0.85
top_100__preCOVID__all_test,preCOVID,all_test,crashsketch_noR_1bit,20,3.0,15,0.7,50000,300,,0.007783584296703339,0.0009814160875976086,0.6963072498328984,0.9158889967202072,0.9173586487983129,0.9578149178023228,0.08411100327979265,50000,0.04260731319554849,0.0,0.059538950715421306,0.0,0.12632838456789539,0.14188719217965046,0.15247136413113258,0.1402289802928928,0.0,0.0,0.05422003724418671,0.0,0.85
top_100__preCOVID__all_test,preCOVID,all_test,crashsketch_noR_1bit,20,3.0,16,0.7,50000,300,,0.004835499916225672,0.00061841681599617,0.7110279160551727,0.9156591275375885,0.9170322040823249,0.9579696807315847,0.08434087246241141,50000,0.04546899841017488,0.0,0.06176470588235293,0.0,0.15824484685261764,0.09891272023379104,0.12452027186791804,0.1272259463181089,0.0,0.0,0.05422003724418671,0.0,0.85
top_100__preCOVID__all_test,preCOVID,all_test,crashsketch_noR_1bit,20,3.0,17,0.7,50000,300,,0.003961832728236914,0.00044166622683405876,0.7545098341070116,0.9165845096703875,0.9177084084273159,0.9591184737510233,0.08341549032961239,50000,0.045151033386327505,0.0,0.06414944356120827,0.0,0.12780502663437912,0.17035995316525834,0.19969636980047936,0.16595378320003895,0.0,0.0,0.05422003724418671,0.0,0.85
top_100__preCOVID__all_test,preCOVID,all_test,crashsketch_noR_1bit,20,3.0,18,0.7,50000,300,,0.004479958210140467,0.00047220801934599876,0.5884078326635063,0.9157430346516141,0.9170907221057241,0.9576789852919582,0.08425696534838582,50000,0.04054054054054054,0.0,0.05508744038155803,0.0,0.14885386331313843,0.18198951229263166,0.13288154804361582,0.1545749745497953,0.0,0.0,0.05422003724418671,0.0,0.85
top_100__preCOVID__all_test,preCOVID,all_test,crashsketch_noR_1bit,20,3.0,19,0.7,50000,300,,0.003812833223491907,0.0005272501148283482,0.6789532923139632,0.9157636911209319,0.9171853592423951,0.9574626914864511,0.08423630887906805,50000,0.030365659777424486,0.0,0.053974562798092214,0.0,0.13590531036717415,0.17244471076962253,0.12619407629959034,0.14484803247879566,0.0,0.0,0.05422003724418671,0.0,0.85
top_100__preCOVID__all_test,preCOVID,all_test,crashsketch_noR_int8,20,3.0,0,0.7,50000,300,,0.0041795833967626095,0.0012491671368479729,1.7672348339110613,0.18789546590342698,0.1621378506290566,0.4509658432111366,0.8431009134410611,50000,0.16613672496025436,0.0,0.21462639109697934,0.1,0.11150842503736076,0.26713300705792353,0.21408259905159463,0.19757467704895962,0.7777777777777778,0.7777777777777778,0.8798968179173505,0.7,0.85
top_100__preCOVID__all_test,preCOVID,all_test,crashsketch_noR_int8,20,3.0,1,0.7,50000,300,,0.005505624692887068,0.0051830830052495,1.5678470409475267,0.20192713066757362,0.1762034440475458,0.4771956917660978,0.8269041558345411,50000,0.15246422893481718,0.0,0.20063593004769478,0.0,0.10747787268576338,0.19268603336971504,0.17592723573931265,0.15869704726493036,0.6825396825396826,0.6825396825396826,0.8613194428272657,0.7,0.85
top_100__preCOVID__all_test,preCOVID,all_test,crashsketch_noR_int8,20,3.0,2,0.7,50000,300,,0.013422541320323944,0.004430708009749651,1.33935625012964,0.20199965284853463,0.18249887879509358,0.45640200767343503,0.8170599501569356,50000,0.14769475357710654,0.0,0.1990461049284579,0.0,0.16144638767700364,0.2699727128095732,0.2132728015075496,0.2148973006647088,0.7777777777777778,0.7777777777777778,0.8876614015492791,0.8,0.85
top_100__preCOVID__all_test,preCOVID,all_test,crashsketch_noR_int8,20,3.0,3,0.7,50000,300,,0.008000584319233894,0.002092708833515644,1.1443699588999152,0.1642770043844678,0.1364871499756684,0.4110874493533456,0.8763684619033197,50000,0.16915739268680444,0.0,0.22941176470588237,0.1,0.4176635918215409,0.29649910379121774,0.23792311701789692,0.31736193754355185,0.7777777777777778,0.7777777777777778,0.8876527098466854,0.7,0.85
top_100__preCOVID__all_test,preCOVID,all_test,crashsketch_noR_int8,20,3.0,4,0.7,50000,300,,0.0044669159688055515,0.002644709311425686,1.2060264581814408,0.2179134845290543,0.20009901912541317,0.47487190702331333,0.7949584766361184,50000,0.14976152623211447,0.0,0.19411764705882353,0.0,0.3990355472764628,0.26742226883384984,0.16582099874011696,0.2774262716168099,0.7936507936507936,0.7936507936507936,0.8850420587239093,0.7,0.85
top_100__preCOVID__all_test,preCOVID,all_test,crashsketch_noR_int8,20,3.0,5,0.7,50000,300,,0.009098042268306017,0.0012384159490466118,0.8985322080552578,0.1706946573115249,0.14222776932103537,0.42730090372494806,0.8667649572674532,50000,0.15930047694753577,0.0,0.2116057233704293,0.0,0.34403556842509353,0.259591579150373,0.2830070564141313,0.29554473466319925,0.746031746031746,0.746031746031746,0.8915426988222973,0.8,0.85
top_100__preCOVID__all_test,preCOVID,all_test,crashsketch_noR_int8,20,3.0,6,0.7,50000,300,,0.005388458259403706,0.006253834348171949,1.5869738752953708,0.17642060124856704,0.14969097146659016,0.43262640383375855,0.8619632336796649,50000,0.16057233704292528,0.0,0.2125596184419714,0.0,0.310368085582487,0.19797410541708638,0.17772096149243446,0.22868771749733594,0.7777777777777778,0.7777777777777778,0.8727078697149584,0.7,0.85
top_100__preCOVID__all_test,preCOVID,all_test,crashsketch_noR_int8,20,3.0,7,0.7,50000,300,,0.012511915992945433,0.0009458749555051327,1.2021800419315696,0.18245873380929933,0.15804210179307765,0.43516668567137906,0.8457264989772452,50000,0.16073131955484896,0.0,0.21009538950715426,0.0,0.3793687992545386,0.261624525225432,0.21089947823769803,0.2839642675725562,0.746031746031746,0.746031746031746,0.8913362919820649,0.6,0.85
top_100__preCOVID__all_test,preCOVID,all_test,crashsketch_noR_int8,20,3.0,8,0.7,50000,300,,0.004342749714851379,0.0005779173225164413,1.0267289583571255,0.1981781870814617,0.174637269479874,0.46214312865365786,0.8236723593274994,50000,0.15786963434022258,0.0,0.21565977742448336,0.0,0.09069546012706382,0.2673578822691056,0.22345019642456374,0.19383451294024437,0.746031746031746,0.746031746031746,0.8807273034698827,0.7,0.85
top_100__preCOVID__all_test,preCOVID,all_test,crashsketch_noR_int8,20,3.0,9,0.7,50000,300,,0.004685499705374241,0.0009546671062707901,1.874810041859746,0.16841774298505952,0.14022834398106687,0.41819580575880794,0.8684671284506986,50000,0.16820349761526235,0.0,0.21589825119236886,0.0,0.44382125632806746,0.2764653121215833,0.21382793487307117,0.311371501107574,0.7777777777777778,0.7777777777777778,0.8918092966071205,0.5,0.85
top_100__preCOVID__all_test,preCOVID,all_test,crashsketch_noR_int8,20,3.0,10,0.7,50000,300,,0.004135624971240759,0.0009533748961985111,1.8196016252040863,0.16565487780497842,0.13787873141613505,0.41171181787238276,0.8705236066125331,50000,0.18076311605723372,0.0,0.23553259141494437,0.1,0.40626295744416085,0.2630596236145524,0.23754477827684894,0.30228911977852074,0.7777777777777778,0.7777777777777778,0.8994121675560507,0.5,0.85
top_100__preCOVID__all_test,preCOVID,all_test,crashsketch_noR_int8,20,3.0,11,0.7,50000,300,,0.019580124877393246,0.0006199576891958714,1.4075624998658895,0.18981440392965054,0.16646478521976443,0.4494751584176913,0.8373961149340086,50000,0.15755166931637518,0.0,0.20794912559618445,0.0,0.1931488532782438,0.22515634520992245,0.21492017932332452,0.2110751259371636,0.746031746031746,0.746031746031746,0.8856491819858652,0.7,0.85
top_100__preCOVID__all_test,preCOVID,all_test,crashsketch_noR_int8,20,3.0,12,0.7,50000,300,,0.0036366251297295094,0.0015129582025110722,1.404765207786113,0.1679716794954185,0.13757221092790112,0.42574217611130266,0.8672669031192721,50000,0.1685214626391097,0.0,0.22662957074721782,0.1,0.3414595125769996,0.24016044669511769,0.22141953318774887,0.2676798308199554,0.7777777777777778,0.7777777777777778,0.8971762180225472,0.8,0.85
top_100__preCOVID__all_test,preCOVID,all_test,crashsketch_noR_int8,20,3.0,13,0.7,50000,300,,0.004264167044311762,0.0010872501879930496,1.0938403327018023,0.1864214388533596,0.16318903936004714,0.4438100728478079,0.8330007162951105,50000,0.1696343402225755,0.0,0.2259141494435612,0.1,0.40261448092050534,0.27427345354308,0.24281999948597302,0.3065693113165195,0.8095238095238095,0.8095238095238095,0.9010736449738876,0.9,0.85
top_100__preCOVID__all_test,preCOVID,all_test,crashsketch_noR_int8,20,3.0,14,0.7,50000,300,,0.005091332830488682,0.0012742080725729465,1.8622809159569442,0.2325891371598789,0.2170036032985156,0.4969752959144629,0.7787814300991468,50000,0.14689984101748807,0.0,0.19300476947535772,0.0,0.1626922040373199,0.19608826542861585,0.17139393021149482,0.17672479989247689,0.7301587301587301,0.7301587301587301,0.8705644126754208,0.6,0.85
top_100__preCOVID__all_test,preCOVID,all_test,crashsketch_noR_int8,20,3.0,15,0.7,50000,300,,0.004838875029236078,0.0016434579156339169,1.9720013332553208,0.1961460282994154,0.17172451363766433,0.46181440058019846,0.8327666970963642,50000,0.1564387917329094,0.0,0.20151033386327505,0.0,0.16024643294196414,0.20007300779263537,0.17156740100193182,0.1772956139121771,0.6984126984126984,0.6984126984126984,0.8674832041059891,0.7,0.85
top_100__preCOVID__all_test,preCOVID,all_test,crashsketch_noR_int8,20,3.0,16,0.7,50000,300,,0.005555292125791311,0.0006600841879844666,1.7456194171682,0.21106396950148792,0.19373306887045938,0.46807385277006586,0.8041459023461235,50000,0.15850556438791732,0.0,0.203577106518283,0.0,0.3430126159480885,0.24368218325638558,0.21189689217880814,0.26619723046109406,0.7936507936507936,0.7936507936507936,0.8871268377296405,0.7,0.85
top_100__preCOVID__all_test,preCOVID,all_test,crashsketch_noR_int8,20,3.0,17,0.7,50000,300,,0.004697458818554878,0.00229666568338871,1.6514142910018563,0.1681708636308269,0.13861194037365476,0.42935278048276704,0.8825696164976435,50000,0.17392686804451513,0.0,0.22273449920508748,0.1,0.3602811862499672,0.2708369392201092,0.27529073860347714,0.3021362880245178,0.7142857142857143,0.7142857142857143,0.8851436829303782,0.6,0.85
top_100__preCOVID__all_test,preCOVID,all_test,crashsketch_noR_int8,20,3.0,18,0.7,50000,300,,0.003031542059034109,0.0006232499144971371,0.6937567498534918,0.187369020729998,0.16283128486390946,0.44259132073708446,0.8325400385192447,50000,0.16295707472178061,0.0,0.20906200317965024,0.0,0.3989794975937983,0.26701997701508656,0.19574265021261503,0.28724737494049996,0.7301587301587301,0.7301587301587301,0.8902554166809606,0.7,0.85
top_100__preCOVID__all_test,preCOVID,all_test,crashsketch_noR_int8,20,3.0,19,0.7,50000,300,,0.004420042037963867,0.0008152080699801445,0.7045530001632869,0.19525547472331634,0.17375942584025417,0.45031004937704405,0.8198854554910169,50000,0.15325914149443562,0.0,0.20127186009538955,0.0,0.42306893656465905,0.32385867644216937,0.25254848001726626,0.33315869767469825,0.7777777777777778,0.7777777777777778,0.9043436720422424,0.6,0.85
top_100__preCOVID__all_test,preCOVID,all_test,crashsketch_noR_normsign,20,3.0,0,0.7,50000,300,,0.003640917129814625,0.0021797087974846363,0.7278992915526032,0.12800593847486647,0.10903331583119069,0.31317622466812095,0.9952789653693125,50000,0.10445151033386325,0.0,0.144912559618442,0.0,0.44039003587086556,0.2071640427175821,0.27201095364411937,0.3065216774108557,0.7936507936507936,0.7936507936507936,0.9092196569219229,1.0,0.85
top_100__preCOVID__all_test,preCOVID,all_test,crashsketch_noR_normsign,20,3.0,1,0.7,50000,300,,0.006975124590098858,0.0016280002892017365,0.7285667499527335,0.1425793785905762,0.12169049173569324,0.34425954859407576,0.9694230375368279,50000,0.08410174880763117,0.0,0.12607313195548492,0.0,0.31741406473755074,0.18987678870131527,0.20403499886849388,0.23710861743578662,0.6825396825396826,0.6825396825396826,0.8883261058340344,0.8,0.85
top_100__preCOVID__all_test,preCOVID,all_test,crashsketch_noR_normsign,20,3.0,2,0.7,50000,300,,0.0032457499764859676,0.0011242497712373734,0.9178568748757243,0.12882534084062802,0.11156775036929012,0.30717873038865184,0.9478577621946453,50000,0.09109697933227344,0.0,0.13767885532591415,0.0,0.37726243710837465,0.3598464242324231,0.230711399265512,0.32260675353543655,0.7936507936507936,0.7936507936507936,0.9078165376512907,0.9,0.85
top_100__preCOVID__all_test,preCOVID,all_test,crashsketch_noR_normsign,20,3.0,3,0.7,50000,300,,0.0034161251969635487,0.0005011251196265221,0.8316051247529685,0.12425244610622556,0.10213914833278853,0.3128040268627964,1.0192644037823335,50000,0.10794912559618443,0.0,0.14896661367249603,0.0,0.5235776386786996,0.292865580424542,0.21589365379532946,0.3441122909661904,0.8412698412698413,0.8412698412698413,0.9166150662123445,0.9,0.85
top_100__preCOVID__all_test,preCOVID,all_test,crashsketch_noR_normsign,20,3.0,4,0.7,50000,300,,0.005741042084991932,0.00279300007969141,0.7377780829556286,0.13267169633794398,0.11611793805741416,0.31229388187898377,0.9323403694912212,50000,0.08712241653418124,0.0,0.12305246422893483,0.0,0.4775831543096623,0.2467242291549977,0.1482999646779781,0.29086911604754606,0.8412698412698413,0.8412698412698413,0.9094296380892275,1.0,0.85
top_100__preCOVID__all_test,preCOVID,all_test,crashsketch_noR_normsign,20,3.0,5,0.7,50000,300,,0.013789082877337933,0.0005649998784065247,0.9819703749381006,0.12262353933086734,0.10114095955511626,0.3092129903845644,1.0148264103106115,50000,0.0918918918918919,0.0,0.13116057233704292,0.0,0.29219951450315323,0.48933978558236746,0.2366355884605031,0.33939162951534124,0.8571428571428571,0.8571428571428571,0.9228791618054738,0.9,0.85
top_100__preCOVID__all_test,preCOVID,all_test,crashsketch_noR_normsign,20,3.0,6,0.7,50000,300,,0.009316042065620422,0.0006866669282317162,0.9242145419120789,0.13143404473572595,0.11074723415140297,0.32314858460236423,1.0056274168397492,50000,0.09205087440381558,0.0,0.137758346581876,0.0,0.4412344882204061,0.19064640494513632,0.20957035233663956,0.2804837485007273,0.7936507936507936,0.7936507936507936,0.8959349380131065,0.9,0.85
top_100__preCOVID__all_test,preCOVID,all_test,crashsketch_noR_normsign,20,3.0,7,0.7,50000,300,,0.0047880420461297035,0.0006570830009877682,0.6769761657342315,0.12388943207452716,0.10520977515569174,0.3026352222222852,0.9776608154845526,50000,0.09348171701112878,0.0,0.1458664546899841,0.0,0.41926767906986634,0.4370153301888203,0.22886461081651802,0.36171587335840155,0.8095238095238095,0.8095238095238095,0.9128942037853275,0.9,0.85
top_100__preCOVID__all_test,preCOVID,all_test,crashsketch_noR_normsign,20,3.0,8,0.7,50000,300,,0.008744625374674797,0.0006202086806297302,1.3751782500185072,0.13255884330139298,0.11344760997251468,0.3196480232068177,0.9682011082631202,50000,0.0998410174880763,0.0,0.14340222575516695,0.0,0.3323945323354045,0.22834609615319434,0.2357081391216168,0.26548292253673855,0.7777777777777778,0.7777777777777778,0.9012567192338569,0.9,0.85
top_100__preCOVID__all_test,preCOVID,all_test,crashsketch_noR_normsign,20,3.0,9,0.7,50000,300,,0.008460541721433401,0.00455841701477766,1.6326985419727862,0.12521422191585746,0.10520947946213427,0.3083532445059756,1.0020853101379572,50000,0.09205087440381558,0.0,0.13306836248012716,0.0,0.6456471636949497,0.5967485753514614,0.2795478299610942,0.5073145230025018,0.873015873015873,0.873015873015873,0.9203707858627309,0.9,0.85
top_100__preCOVID__all_test,preCOVID,all_test,crashsketch_noR_normsign,20,3.0,10,0.7,50000,300,,0.0070021250285208225,0.0007855421863496304,0.7998132919892669,0.12580056260687764,0.10489950274574283,0.31273040743125424,1.011646655991342,50000,0.10572337042925278,0.0,0.14554848966613673,0.0,0.4726473821861485,0.41461888616431436,0.2436901549595682,0.376985474436677,0.8888888888888888,0.8888888888888888,0.9220907785709833,1.0,0.85
top_100__preCOVID__all_test,preCOVID,all_test,crashsketch_noR_normsign,20,3.0,11,0.7,50000,300,,0.00440945802256465,0.0007007499225437641,1.1559512079693377,0.12675163669945755,0.10819264971472148,0.30709088225750547,0.9742427941721307,50000,0.08712241653418125,0.0,0.12384737678855327,0.0,0.45117915220168936,0.2548481142366477,0.2595608966004109,0.32186272101291596,0.7936507936507936,0.7936507936507936,0.9064432426139688,0.9,0.85
top_100__preCOVID__all_test,preCOVID,all_test,crashsketch_noR_normsign,20,3.0,12,0.7,50000,300,,0.008337750099599361,0.001570291817188263,0.9888376658782363,0.12659906230283152,0.10392399702617516,0.31578126772182635,1.025411745636317,50000,0.09666136724960255,0.0,0.1368839427662957,0.0,0.43918146050271745,0.2851438762262015,0.20810475886140561,0.3108100318634415,0.8412698412698413,0.8412698412698413,0.9211740450486786,0.9,0.85
top_100__preCOVID__all_test,preCOVID,all_test,crashsketch_noR_normsign,20,3.0,13,0.7,50000,300,,0.009386874735355377,0.0010741245932877064,0.7032166668213904,0.12036337843032428,0.10155442002714693,0.29611771355061295,0.9727219640019525,50000,0.08998410174880764,0.0,0.13227344992050874,0.0,0.13641251436713112,0.2069566856737115,0.20020762926719018,0.1811922764360109,0.9047619047619048,0.9047619047619048,0.9192575427093885,0.9,0.85
top_100__preCOVID__all_test,preCOVID,all_test,crashsketch_noR_normsign,20,3.0,14,0.7,50000,300,,0.00600141566246748,0.0007110000587999821,0.7599306250922382,0.14309191739294783,0.12610713181459954,0.3305615815783519,0.9132940323531665,50000,0.09348171701112877,0.0,0.13394276629570748,0.0,0.40364790168383047,0.20689879431059668,0.22998079493632564,0.2801758303102509,0.7936507936507936,0.7936507936507936,0.893085988372967,0.9,0.85
top_100__preCOVID__all_test,preCOVID,all_test,crashsketch_noR_normsign,20,3.0,15,0.7,50000,300,,0.004389625042676926,0.0026844581589102745,0.7004233342595398,0.13083932095792497,0.11234478077928067,0.31530949169447964,0.9716010021019585,50000,0.08823529411764706,0.0,0.1325119236883943,0.0,0.37976879768861865,0.1984570902551608,0.20243393541708332,0.2602199411202876,0.7936507936507936,0.7936507936507936,0.8911299936374265,0.9,0.85
top_100__preCOVID__all_test,preCOVID,all_test,crashsketch_noR_normsign,20,3.0,16,0.7,50000,300,,0.0032294169068336487,0.0005992911756038666,0.8727133339270949,0.134360872035631,0.11832063631769052,0.3117132050942871,0.9289471186916525,50000,0.09252782193958665,0.0,0.13449920508744037,0.0,0.21763285893437764,0.23367068543099526,0.23576668550756366,0.2290234099576455,0.7936507936507936,0.7936507936507936,0.9054433110535922,0.8,0.85
top_100__preCOVID__all_test,preCOVID,all_test,crashsketch_noR_normsign,20,3.0,17,0.7,50000,300,,0.005751208867877722,0.002331082709133625,0.7086651669815183,0.13433561543532657,0.11224197026891525,0.3314431061642683,1.0400213332025414,50000,0.10238473767885534,0.0,0.14753577106518284,0.0,0.4725904798271242,0.2578522495583416,0.3162351448111236,0.34889262473219645,0.8253968253968254,0.8253968253968254,0.9198075370135205,1.0,0.85
top_100__preCOVID__all_test,preCOVID,all_test,crashsketch_noR_normsign,20,3.0,18,0.7,50000,300,,0.0030005830340087414,0.0011207498610019684,0.6434525828808546,0.11993397846270705,0.10001133403527895,0.2975311658314486,0.9682463252621314,50000,0.09189189189189188,0.0,0.1253577106518283,0.0,0.6358663288989451,0.2650764272059368,0.1971339657074812,0.36602557393745433,0.8888888888888888,0.8888888888888888,0.9185341302531618,0.8,0.85
top_100__preCOVID__all_test,preCOVID,all_test,crashsketch_noR_normsign,20,3.0,19,0.7,50000,300,,0.004581791814416647,0.0005375836044549942,0.6429186668246984,0.12294225402100112,0.1036869083218736,0.29927826463853463,0.9588530290182848,50000,0.0863275039745628,0.0,0.13386327503974566,0.0,0.6230177546123717,0.3245263426367128,0.185975668257243,0.37783992183544246,0.873015873015873,0.873015873015873,0.9282333108784622,0.8,0.85
top_100__preCOVID__all_test,preCOVID,all_test,dense_jl,20,,0,0.7,50000,2000,,0.00015012500807642937,0.00025299983099102974,0.5943676251918077,0.12176358936918728,0.10380169306936815,0.29861238489134684,1.0101515224282036,50000,0.19809220985691572,0.0,0.24626391096979333,0.1,0.6237857856157312,0.37365760299865247,0.38345560761628583,0.46029966541022316,0.8412698412698413,0.8412698412698413,0.9184174613243117,0.9,0.0
top_100__preCOVID__all_test,preCOVID,all_test,dense_jl,20,,1,0.7,50000,2000,,0.00016124965623021126,0.00034195883199572563,0.5399565831758082,0.11783819204847769,0.09878884017777084,0.29227621430397327,0.9952497643333603,50000,0.18028616852146262,0.0,0.23418124006359303,0.1,0.5644143110946441,0.607056361623322,0.2605947886793568,0.4773551537991076,0.8571428571428571,0.8571428571428571,0.9091627570103531,0.9,0.0
top_100__preCOVID__all_test,preCOVID,all_test,dense_jl,20,,2,0.7,50000,2000,,0.00011875014752149582,0.0002399170771241188,0.45518979243934155,0.1499417422592422,0.13182293821427682,0.3489341789673122,1.0880525289474687,50000,0.22766295707472176,0.0,0.27257551669316377,0.1,0.7392153376745296,0.6910122927937923,0.42780285115198086,0.6193434938734342,0.8888888888888888,0.8888888888888888,0.9309012416473874,0.9,0.0
top_100__preCOVID__all_test,preCOVID,all_test,dense_jl,20,,3,0.7,50000,2000,,0.00015066703781485558,0.0005555418320000172,0.5265903328545392,0.13205896022682556,0.11179963105856816,0.323822643212907,1.0130436384909638,50000,0.18982511923688394,0.0,0.23720190779014308,0.1,0.49137938599364306,0.3757135917436194,0.2581942172462287,0.3750957316611638,0.8412698412698413,0.8412698412698413,0.9019861230578907,0.8,0.0
top_100__preCOVID__all_test,preCOVID,all_test,dense_jl,20,,4,0.7,50000,2000,,0.00015458418056368828,0.00033620838075876236,0.709279874805361,0.14384019608962598,0.12877680168686118,0.32764121658483275,0.9199621469087742,50000,0.1634340222575517,0.0,0.2082670906200318,0.0,0.3926958754575364,0.22120094857700717,0.20651379311974585,0.2734702057180965,0.6984126984126984,0.6984126984126984,0.8924418319482268,0.8,0.0
top_100__preCOVID__all_test,preCOVID,all_test,dense_jl,20,,5,0.7,50000,2000,,0.00012783333659172058,0.0001682504080235958,0.6693067918531597,0.11773254170722354,0.1008774324886692,0.28479983724859853,0.9598309554180002,50000,0.18648648648648647,0.0,0.24340222575516696,0.1,0.6336703555547702,0.33395496500463245,0.22025259237965747,0.39595930431302007,0.8571428571428571,0.8571428571428571,0.9059838843236369,0.9,0.0
top_100__preCOVID__all_test,preCOVID,all_test,dense_jl,20,,6,0.7,50000,2000,,0.00017679063603281975,9.024981409311295e-05,0.6756152920424938,0.13885265734894328,0.11769773180607013,0.34304121520806896,1.0604976616422361,50000,0.1984101748807631,0.0,0.252066772655008,0.1,0.38291880138987633,0.4115983282040933,0.33611640355191985,0.3768778443819632,0.8412698412698413,0.8412698412698413,0.9181424852686113,0.9,0.0
top_100__preCOVID__all_test,preCOVID,all_test,dense_jl,20,,7,0.7,50000,2000,,0.00014337478205561638,0.0002864161506295204,0.6251444173976779,0.13276327257461365,0.11539101857359002,0.3141108691241115,1.0479939095052062,50000,0.20906200317965024,0.0,0.26661367249602547,0.1,0.6779644124647604,0.6499033722214531,0.3845051610336001,0.5707909819066045,0.8571428571428571,0.8571428571428571,0.9225988091903325,0.9,0.0
top_100__preCOVID__all_test,preCOVID,all_test,dense_jl,20,,8,0.7,50000,2000,,0.0002094586379826069,0.001741332933306694,0.651972709223628,0.11733534713886286,0.09854970174288724,0.2910283387238922,1.0005579105442213,50000,0.17329093799682035,0.0,0.22957074721780601,0.1,0.6241483180703438,0.5738380029447478,0.3002327407302015,0.4994063539150977,0.8571428571428571,0.8571428571428571,0.9091282011636338,0.9,0.0
top_100__preCOVID__all_test,preCOVID,all_test,dense_jl,20,,9,0.7,50000,2000,,0.000128250103443861,0.0003194590099155903,0.6080477498471737,0.12414063061005395,0.10646054591165277,0.30053720917170157,0.9661351231316898,50000,0.1861685214626391,0.0,0.23139904610492848,0.0,0.5786160596049134,0.40691450095343423,0.20642427266621524,0.39731827774152095,0.8888888888888888,0.8888888888888888,0.8918914940747135,0.9,0.0
top_100__preCOVID__all_test,preCOVID,all_test,dense_jl,20,,10,0.7,50000,2000,,0.000538041815161705,0.0002282499335706234,0.6690577501431108,0.1318699620762304,0.11727478417485848,0.3048607919410183,0.923550038944045,50000,0.18314785373608902,0.0,0.22996820349761526,0.0,0.5925421345105188,0.2462830435520358,0.24029022624283009,0.3597051347684616,0.8095238095238095,0.8095238095238095,0.8888460468586021,0.9,0.0
top_100__preCOVID__all_test,preCOVID,all_test,dense_jl,20,,11,0.7,50000,2000,,0.00014691706746816635,0.00014079175889492035,0.6014078753069043,0.12880551437395382,0.11074246751278782,0.3091730385145096,0.9695062429931761,50000,0.18346581875993642,0.0,0.22607313195548487,0.1,0.4262981246831445,0.37112276539383565,0.22143172144079343,0.3396175371725912,0.7619047619047619,0.7619047619047619,0.893743290847192,0.8,0.0
top_100__preCOVID__all_test,preCOVID,all_test,dense_jl,20,,12,0.7,50000,2000,,0.00014504091814160347,0.00015520816668868065,0.6254797093570232,0.11855122214618687,0.10034243900735135,0.2919943741513708,0.9837836730092134,50000,0.18330683624801275,0.0,0.23887122416534182,0.1,0.5324793540142035,0.5691196822473037,0.21215308565420424,0.43791737397190383,0.7777777777777778,0.7777777777777778,0.9041900724186692,1.0,0.0
top_100__preCOVID__all_test,preCOVID,all_test,dense_jl,20,,13,0.7,50000,2000,,0.0001793750561773777,0.00022912491112947464,0.5271008340641856,0.12073991380716541,0.10353018888578114,0.29040738287191026,1.0258699668112843,50000,0.2151033386327504,0.0,0.2684419713831479,0.1,0.7292623349683971,0.6345030547720489,0.33220694301345693,0.5653241109179676,0.8888888888888888,0.8888888888888888,0.9223652663965103,0.9,0.0
top_100__preCOVID__all_test,preCOVID,all_test,dense_jl,20,,14,0.7,50000,2000,,0.00016062520444393158,0.00014408398419618607,0.7495394172146916,0.11042926989585794,0.09224183635519512,0.2745669527757438,0.9729589739150015,50000,0.1875993640699523,0.0,0.23696343402225756,0.1,0.7104236713014555,0.6503699797874645,0.41334233403784365,0.5913786617089212,0.9206349206349206,0.9206349206349206,0.9151688319981256,0.9,0.0
top_100__preCOVID__all_test,preCOVID,all_test,dense_jl,20,,15,0.7,50000,2000,,0.0001482078805565834,0.00013537518680095673,0.6001246669329703,0.14844851215121357,0.13336001277338594,0.33609456431689,0.897590382230354,50000,0.1573926868044515,0.0,0.21271860095389508,0.0,0.4804349270915125,0.29190236427778615,0.19998568095745425,0.32410765744225095,0.8095238095238095,0.8095238095238095,0.882383295832685,0.8,0.0
top_100__preCOVID__all_test,preCOVID,all_test,dense_jl,20,,16,0.7,50000,2000,,0.00015695905312895775,0.0001410418190062046,0.6561108748428524,0.12323785106194154,0.10514661266957065,0.2996593120195515,0.9871388792264874,50000,0.18839427662957076,0.0,0.23441971383147855,0.1,0.5488799992630476,0.48827709741925684,0.20241704333206284,0.4131913800047891,0.8253968253968254,0.8253968253968254,0.9070478102019304,0.8,0.0
top_100__preCOVID__all_test,preCOVID,all_test,dense_jl,20,,17,0.7,50000,2000,,0.0001422083005309105,0.0001637078821659088,0.6467888751067221,0.12122813538514303,0.10280841158920295,0.29721770762965993,0.9739922952455982,50000,0.16359300476947536,0.0,0.22011128775834657,0.0,0.5372801135101553,0.30557477367258434,0.25502090395599225,0.36595859704624395,0.8412698412698413,0.8412698412698413,0.9018326319299115,0.8,0.0
top_100__preCOVID__all_test,preCOVID,all_test,dense_jl,20,,18,0.7,50000,2000,,0.00012758374214172363,0.0001371246762573719,0.5395253342576325,0.11806912324133438,0.10056541665760876,0.28760314374471785,1.02103532365972,50000,0.19920508744038157,0.0,0.25238473767885533,0.1,0.6386541594439267,0.6024956470237063,0.45448269608478065,0.5652108341841379,0.8571428571428571,0.8571428571428571,0.9212548139909492,0.9,0.0
top_100__preCOVID__all_test,preCOVID,all_test,dense_jl,20,,19,0.7,50000,2000,,0.00011349981650710106,0.00012416718527674675,0.6218489580787718,0.12137275411120872,0.10462921344831311,0.2919918095431973,0.9677988442761206,50000,0.20699523052464228,0.0,0.25429252782193956,0.1,0.569667734462205,0.18672298761353318,0.29929861808387515,0.35189644671987114,0.8253968253968254,0.8253968253968254,0.9067311175903003,0.8,0.0
top_100__preCOVID__all_test,preCOVID,all_test,pca,20,,0,0.7,50000,-1,0.6499607654761066,0.01625904208049178,0.0008519170805811882,0.5808531669899821,0.25073255022385554,0.24486723569670876,0.43662282337167885,0.7492674497761445,50000,0.3732909379968204,0.2,0.4450715421303657,0.2,0.9613154169745363,0.9329488556059576,0.6030008089547606,0.8324216938450849,0.9206349206349206,0.9206349206349206,0.9372953872926384,0.9,1.0
top_100__preCOVID__all_test,preCOVID,all_test,raw,20,,0,0.7,50000,-1,,0.0,2.919696271419525e-07,0.7824084591120481,0.0,0.0,0.0,1.0,50000,1.0,1.0,1.0,1.0,1.0,1.0,1.0,1.0,1.0,1.0,1.0,1.0,
top_100__preCOVID__all_test,preCOVID,all_test,sparse_jl,20,3.0,0,0.7,50000,300,,0.002657709177583456,0.00044683273881673813,0.5691549996845424,0.11338930933969281,0.09647552902934176,0.27582361611429784,0.9895720035046507,50000,0.18791732909379968,0.0,0.2426073131955485,0.1,0.5338219664251609,0.3029762677132043,0.33891434777264573,0.39190419397033693,0.8253968253968254,0.8253968253968254,0.9230376377032482,0.9,0.85
top_100__preCOVID__all_test,preCOVID,all_test,sparse_jl,20,3.0,1,0.7,50000,300,,0.0034512924030423164,0.0003653750754892826,0.6370835001580417,0.11512573773406298,0.09612957006777001,0.28705645430552074,1.0097186389066046,50000,0.19189189189189187,0.0,0.23600953895071541,0.1,0.6644663803937569,0.2942720614172729,0.39714196109023087,0.45196013430042026,0.8888888888888888,0.8888888888888888,0.9178261965016926,0.9,0.85
top_100__preCOVID__all_test,preCOVID,all_test,sparse_jl,20,3.0,2,0.7,50000,300,,0.003287583589553833,0.00011433381587266922,0.7192606250755489,0.11206744691359048,0.09409116961081931,0.27640472887480416,0.9930222686536256,50000,0.19300476947535772,0.0,0.24650238473767888,0.1,0.6063820991272465,0.5402936160271521,0.3486208959292972,0.4984322036945652,0.8253968253968254,0.8253968253968254,0.9200160836279698,1.0,0.85
top_100__preCOVID__all_test,preCOVID,all_test,sparse_jl,20,3.0,3,0.7,50000,300,,0.0025390423834323883,0.0001422502100467682,0.7432005419395864,0.11619998821319956,0.09800570786283025,0.28489890121071,0.9923861301171047,50000,0.1909379968203498,0.0,0.24125596184419715,0.1,0.533423607388663,0.49550027963557935,0.28820594369418123,0.4390432769061412,0.9365079365079365,0.9365079365079365,0.9182143033243692,0.9,0.85
top_100__preCOVID__all_test,preCOVID,all_test,sparse_jl,20,3.0,4,0.7,50000,300,,0.004246832802891731,7.924996316432953e-05,0.5656309998594224,0.13475688799191626,0.11855374050763923,0.3145727929570062,0.9656023771783759,50000,0.18330683624801272,0.0,0.2333863275039746,0.1,0.16712069921378905,0.13042995847599467,0.1971838113872026,0.16491148969232877,0.746031746031746,0.746031746031746,0.8804219727579677,0.8,0.85
top_100__preCOVID__all_test,preCOVID,all_test,sparse_jl,20,3.0,5,0.7,50000,300,,0.006005916744470596,0.00033025024458765984,0.6352287502959371,0.12093580110160723,0.10283164744386109,0.2957718528696238,1.027125334991669,50000,0.19220985691573925,0.0,0.243879173290938,0.1,0.6214210453118858,0.5385561071513137,0.34923180454021885,0.5030696523344728,0.8571428571428571,0.8571428571428571,0.9222352585371195,0.9,0.85
top_100__preCOVID__all_test,preCOVID,all_test,sparse_jl,20,3.0,6,0.7,50000,300,,0.0031594159081578255,0.0003319159150123596,0.612468708306551,0.12299256615499433,0.10384538964369927,0.3021165652774457,1.0245542997493449,50000,0.1985691573926868,0.0,0.24872813990461048,0.1,0.5138944794846553,0.39211005052190595,0.30194020204604943,0.4026482440175369,0.8571428571428571,0.8571428571428571,0.9127660403510363,0.9,0.85
top_100__preCOVID__all_test,preCOVID,all_test,sparse_jl,20,3.0,7,0.7,50000,300,,0.004580250009894371,0.0003992090933024883,0.5205454169772565,0.10792618111131362,0.09044501918074055,0.26861243462867673,0.9839662584343627,50000,0.21764705882352942,0.0,0.2641494435612083,0.1,0.5656323692339541,0.6039825825382115,0.30221217403450845,0.49060904193555804,0.8095238095238095,0.8095238095238095,0.9258451962742407,0.9,0.85
top_100__preCOVID__all_test,preCOVID,all_test,sparse_jl,20,3.0,8,0.7,50000,300,,0.004973667208105326,0.00018949992954730988,0.5052934158593416,0.12189311859878464,0.10254567498738382,0.30009637647987325,1.0006554408136383,50000,0.19093799682034976,0.0,0.2430842607313196,0.1,0.31348283356293627,0.24331935590354323,0.20221285926341304,0.2530050162432975,0.8095238095238095,0.8095238095238095,0.9093927797249003,0.9,0.85
top_100__preCOVID__all_test,preCOVID,all_test,sparse_jl,20,3.0,9,0.7,50000,300,,0.0034222500398755074,0.0002088337205350399,0.46993833407759666,0.12474169835742328,0.10632406855562221,0.3007672829463508,0.9719068844044939,50000,0.18537360890302065,0.0,0.2336248012718601,0.1,0.5202393591253373,0.2501332549451068,0.25238993015241384,0.340920848074286,0.8412698412698413,0.8412698412698413,0.8972965396363984,0.8,0.85
top_100__preCOVID__all_test,preCOVID,all_test,sparse_jl,20,3.0,10,0.7,50000,300,,0.0044116247445344925,0.0005870410241186619,0.5250285002402961,0.14873661147364667,0.1303234466671,0.3481557324258497,1.0785567053044849,50000,0.21271860095389508,0.0,0.2661367249602543,0.1,0.7560366375748387,0.7322117315296691,0.5261585136585815,0.6714689609210298,0.873015873015873,0.873015873015873,0.929331967401932,0.9,0.85
top_100__preCOVID__all_test,preCOVID,all_test,sparse_jl,20,3.0,11,0.7,50000,300,,0.0030959579162299633,0.00020916666835546494,0.665976082906127,0.1225250779267908,0.10347412156822,0.3005396740853115,1.0170885481108467,50000,0.190302066772655,0.0,0.24364069952305245,0.1,0.6562996280908863,0.30712332375497153,0.3367685121470355,0.4333971546642978,0.8412698412698413,0.8412698412698413,0.9077258895824244,0.8,0.85
top_100__preCOVID__all_test,preCOVID,all_test,sparse_jl,20,3.0,12,0.7,50000,300,,0.003771417308598757,0.00012262491509318352,0.5843744156882167,0.11968237136264588,0.10017875446280922,0.29753233100772497,1.0214346465955173,50000,0.1969793322734499,0.0,0.25405405405405407,0.1,0.46143973774366404,0.47765258188463816,0.26957224196522667,0.4028881871978429,0.8095238095238095,0.8095238095238095,0.9148059805387413,0.9,0.85
top_100__preCOVID__all_test,preCOVID,all_test,sparse_jl,20,3.0,13,0.7,50000,300,,0.004661791026592255,7.899990305304527e-05,0.6325905416160822,0.1468480541113911,0.12764499628501175,0.3481750116048653,0.927847688942504,50000,0.16645468998410173,0.0,0.20985691573926868,0.0,0.08813253625723687,0.13918538889740567,0.12926047548018726,0.1188594668782766,0.7301587301587301,0.7301587301587301,0.8637837755863388,0.8,0.85
top_100__preCOVID__all_test,preCOVID,all_test,sparse_jl,20,3.0,14,0.7,50000,300,,0.0034104157239198685,0.00019695796072483063,0.7448274996131659,0.12229229393237223,0.10420890400363081,0.2982089635641981,0.9555119736717976,50000,0.17567567567567569,0.0,0.22583465818759937,0.0,0.49471403272977216,0.46464716340210926,0.22024125531965338,0.39320081715051164,0.8095238095238095,0.8095238095238095,0.9133263537916732,0.9,0.85
top_100__preCOVID__all_test,preCOVID,all_test,sparse_jl,20,3.0,15,0.7,50000,300,,0.0031281248666346073,0.00012516602873802185,0.7587306667119265,0.11423022872333936,0.09529602026946932,0.28372223547148984,0.9937051384518684,50000,0.19284578696343402,0.0,0.24944356120826713,0.1,0.5972031164866335,0.23122494506366348,0.3407402713739596,0.3897227776414189,0.8412698412698413,0.8412698412698413,0.9122295477208361,0.9,0.85
top_100__preCOVID__all_test,preCOVID,all_test,sparse_jl,20,3.0,16,0.7,50000,300,,0.00417508278042078,0.00028174975886940956,0.7765163751319051,0.11919501679519688,0.10307489886106519,0.286101992101646,0.9714669081944676,50000,0.19666136724960254,0.0,0.24833068362480126,0.1,0.08022030951677823,0.23047787587459895,0.26099593060363074,0.19056470533166933,0.7777777777777778,0.7777777777777778,0.9041994693426244,0.9,0.85
top_100__preCOVID__all_test,preCOVID,all_test,sparse_jl,20,3.0,17,0.7,50000,300,,0.004015333019196987,9.554112330079079e-05,0.7639089575968683,0.15185229522029964,0.133901621545708,0.35153172968234697,0.8996977977785686,50000,0.14165341812400636,0.0,0.187758346581876,0.0,0.41609552380143994,0.23480441703162896,0.1644465028215177,0.2717821478848622,0.7777777777777778,0.7777777777777778,0.8745046652487637,0.8,0.85
top_100__preCOVID__all_test,preCOVID,all_test,sparse_jl,20,3.0,18,0.7,50000,300,,0.0042760418727993965,0.00014637503772974014,1.0368270417675376,0.11513105611600685,0.09612130728285362,0.28520569693280196,1.0310590080991626,50000,0.21446740858505564,0.0,0.2658982511923688,0.1,0.43441605123770544,0.6123540740536187,0.398608202012181,0.4817927757678351,0.8571428571428571,0.8571428571428571,0.92452148372342,0.9,0.85
top_100__preCOVID__all_test,preCOVID,all_test,sparse_jl,20,3.0,19,0.7,50000,300,,0.003644708078354597,0.00010166596621274948,1.1903487909585238,0.134149300661358,0.11934619376843802,0.30882136462551396,0.922859450382317,50000,0.17583465818759936,0.0,0.2264705882352941,0.1,0.48728646054760866,0.19655332159245786,0.22270453541197013,0.30218143918401225,0.8095238095238095,0.8095238095238095,0.9013272293149523,0.8,0.85
top_100__preCOVID__covid_only,preCOVID,covid_only,crashsketch_R,20,3.0,0,0.7,50000,300,,0.004214208107441664,4.3250154703855515e-05,0.08155824989080429,0.10703513438007331,0.09390789447226755,0.26741569626404116,0.998085910568667,1275,0.6352941176470589,0.4,0.7725490196078433,0.7,0.7672502313552984,0.4108456988504415,0.5311702495485953,0.5697553932514451,0.6666666666666666,0.6666666666666666,0.9634389140271493,1.0,0.85
top_100__preCOVID__covid_only,preCOVID,covid_only,crashsketch_R,20,3.0,1,0.7,50000,300,,0.0033527077175676823,3.437511622905731e-05,0.08156945835798979,0.15434593954610512,0.15581527864680655,0.29759586920712655,1.0838909626188429,1275,0.6352941176470588,0.4,0.7960784313725491,0.6,0.8101457505205376,0.5110230939080455,0.6007552035365629,0.6406413493217153,1.0,1.0,0.9714932126696832,0.9,0.85
top_100__preCOVID__covid_only,preCOVID,covid_only,crashsketch_R,20,3.0,2,0.7,50000,300,,0.004434958100318909,5.075009539723396e-05,0.07874170923605561,0.13789696551754266,0.13155415196903553,0.2879351461675533,0.9186819659450104,1275,0.6666666666666666,0.4,0.7431372549019606,0.6,0.810837044506416,0.3327241299039638,0.563582928095935,0.5690480341687716,0.6666666666666666,0.6666666666666666,0.9714932126696832,0.9,0.85
top_100__preCOVID__covid_only,preCOVID,covid_only,crashsketch_R,20,3.0,3,0.7,50000,300,,0.0044340412132442,4.791608080267906e-05,0.07860595919191837,0.11788235445446744,0.10489686234976214,0.2823558319189629,0.9300108052928815,1275,0.6745098039215686,0.4,0.7529411764705882,0.6,0.744587806485183,0.5956427581165938,0.5459208361560051,0.6287171335859273,0.6666666666666666,0.6666666666666666,0.9462443438914027,0.8,0.85
top_100__preCOVID__covid_only,preCOVID,covid_only,crashsketch_R,20,3.0,4,0.7,50000,300,,0.004541332833468914,5.270913243293762e-05,0.07728600036352873,0.11448598029573527,0.0996648080562943,0.2874387452406195,0.9574192955499157,1275,0.6823529411764707,0.4,0.7705882352941177,0.6,0.6265913098746893,0.7203509321635595,0.5553563652609613,0.6340995357664033,1.0,1.0,0.9536651583710406,1.0,0.85
top_100__preCOVID__covid_only,preCOVID,covid_only,crashsketch_R,20,3.0,5,0.7,50000,300,,0.003696292173117399,0.0001700841821730137,0.06355341663584113,0.10802496242400049,0.08979106700195394,0.26795313166615403,0.963583442829332,1275,0.63921568627451,0.4,0.784313725490196,0.7,0.810837044506416,0.6870255379887811,0.41757386895581655,0.6384788171503378,0.6666666666666666,0.6666666666666666,0.9555656108597285,0.9,0.85
top_100__preCOVID__covid_only,preCOVID,covid_only,crashsketch_R,20,3.0,6,0.7,50000,300,,0.003940332680940628,4.841713234782219e-05,0.06329974997788668,0.1298830697059222,0.10748980167249944,0.3354380725217754,1.0797964707041063,1275,0.6980392156862743,0.6,0.7921568627450981,0.7,0.87952255022886,0.7597228787898146,0.4243300629667594,0.6878584973284779,0.6666666666666666,0.6666666666666666,0.9685067873303167,0.9,0.85
top_100__preCOVID__covid_only,preCOVID,covid_only,crashsketch_R,20,3.0,7,0.7,50000,300,,0.0029479158110916615,3.570830449461937e-05,0.07032595807686448,0.12699211764042054,0.1246318558618904,0.2666681377753892,0.9232175602584104,1275,0.6862745098039216,0.6,0.7882352941176471,0.7,0.6288069871625945,0.49583333333333335,0.7496512168656022,0.6247638457871767,0.6666666666666666,0.6666666666666666,0.966606334841629,0.8,0.85
top_100__preCOVID__covid_only,preCOVID,covid_only,crashsketch_R,20,3.0,8,0.7,50000,300,,0.00587237486615777,0.00011087488383054733,0.08243204094469547,0.12384318977485316,0.10676454333275387,0.30311598647316784,0.9431543039005805,1275,0.6039215686274509,0.4,0.7352941176470589,0.6,0.6908702892102747,0.37872171496625645,0.5951782280727703,0.5549234107497671,1.0,1.0,0.9670588235294117,0.9,0.85
top_100__preCOVID__covid_only,preCOVID,covid_only,crashsketch_R,20,3.0,9,0.7,50000,300,,0.004942958243191242,0.000264208298176527,0.10072291688993573,0.13620099300985294,0.11521281666978411,0.34090442528326953,0.9805326208884804,1275,0.6549019607843137,0.4,0.7745098039215687,0.6,0.5518238868513589,0.31945556445156126,0.6406990269227496,0.5039928260752232,0.6666666666666666,0.6666666666666666,0.8925791855203619,0.8,0.85
top_100__preCOVID__covid_only,preCOVID,covid_only,crashsketch_R,20,3.0,10,0.7,50000,300,,0.0045095826499164104,8.204206824302673e-05,0.08400216698646545,0.11327533085575116,0.09771907011470216,0.2680589089583726,0.9245848789344764,1275,0.6392156862745099,0.4,0.7686274509803921,0.6,0.4313740228502706,0.5899143081333468,0.71972599187971,0.5803381076211092,0.6666666666666666,0.6666666666666666,0.9746606334841629,0.9,0.85
top_100__preCOVID__covid_only,preCOVID,covid_only,crashsketch_R,20,3.0,11,0.7,50000,300,,0.00446116691455245,0.00010979129001498222,0.07485887501388788,0.20952915749575315,0.21056998934234672,0.38228561129610134,1.17227315395188,1275,0.7137254901960784,0.4,0.8372549019607842,0.7,0.9264927056700256,0.7652459505859521,0.5521549540947912,0.7479645367835897,0.6666666666666666,0.6666666666666666,0.9631674208144797,0.9,0.85
top_100__preCOVID__covid_only,preCOVID,covid_only,crashsketch_R,20,3.0,12,0.7,50000,300,,0.0054700421169400215,4.837522283196449e-05,0.08246633410453796,0.12973159605799423,0.11215457453981703,0.31756483257725804,0.9176940008229646,1275,0.6,0.4,0.743137254901961,0.6,0.6683356208162597,0.590902901361231,0.39716548594612305,0.552134669374538,0.6666666666666666,0.6666666666666666,0.945158371040724,0.9,0.85
top_100__preCOVID__covid_only,preCOVID,covid_only,crashsketch_R,20,3.0,13,0.7,50000,300,,0.00448291702196002,5.354126915335655e-05,0.08048166707158089,0.11187846287537918,0.09247082417808905,0.27928075676114306,0.9414996094904559,1275,0.6196078431372548,0.4,0.7666666666666666,0.6,0.7238939390124141,0.6718341648847708,0.4985409484123101,0.6314230174364983,0.6666666666666666,0.6666666666666666,0.9602714932126696,0.7,0.85
top_100__preCOVID__covid_only,preCOVID,covid_only,crashsketch_R,20,3.0,14,0.7,50000,300,,0.0034000412560999393,0.00024512456730008125,0.08406716678291559,0.10028934577480124,0.08425860691636222,0.2499338906039717,0.9915557096363143,1275,0.7450980392156864,0.6,0.8039215686274508,0.7,0.4690516751845542,0.41467980709527125,0.41877744954905927,0.4341696439429616,0.6666666666666666,0.6666666666666666,0.9662443438914026,0.9,0.85
top_100__preCOVID__covid_only,preCOVID,covid_only,crashsketch_R,20,3.0,15,0.7,50000,300,,0.0066263750195503235,4.17088158428669e-05,0.07217812491580844,0.12429950515777087,0.11294785646395344,0.2834844482488334,0.9105766748161905,1275,0.6392156862745096,0.4,0.7647058823529411,0.6,0.8559199027663379,0.8885449196377974,0.6751743974609052,0.8065464066216802,0.6666666666666666,0.6666666666666666,0.9647058823529412,0.9,0.85
top_100__preCOVID__covid_only,preCOVID,covid_only,crashsketch_R,20,3.0,16,0.7,50000,300,,0.003482959233224392,4.654191434383392e-05,0.07959375018253922,0.08822228640778187,0.06752914567186752,0.24864728050169943,0.9803110526189507,1275,0.7254901960784312,0.6,0.8176470588235292,0.6,0.5350759763029861,0.3592550000154155,0.37905609731235773,0.42446235787691977,1.0,1.0,0.9520361990950226,0.9,0.85
top_100__preCOVID__covid_only,preCOVID,covid_only,crashsketch_R,20,3.0,17,0.7,50000,300,,0.004777125082910061,6.675021722912788e-05,0.07995116710662842,0.11145124387201497,0.09687025681347305,0.256709464760657,0.9269823512601051,1275,0.6941176470588235,0.4,0.7627450980392158,0.6,0.9264927056700256,0.5444541309971274,0.4256608596086338,0.6322025654252622,1.0,1.0,0.9740271493212669,0.9,0.85
top_100__preCOVID__covid_only,preCOVID,covid_only,crashsketch_R,20,3.0,18,0.7,50000,300,,0.006177625153213739,4.620896652340889e-05,0.07808099966496229,0.08971875737870218,0.07493931388015718,0.21961900880159976,0.9557967729072393,1275,0.7058823529411763,0.4,0.7862745098039216,0.6,0.807909604519774,0.8453146435470775,0.4375618598547614,0.6969287026405376,0.6666666666666666,0.6666666666666666,0.9783710407239818,1.0,0.85
top_100__preCOVID__covid_only,preCOVID,covid_only,crashsketch_R,20,3.0,19,0.7,50000,300,,0.0067587499506771564,5.024997517466545e-05,0.07358066691085696,0.11333927903287536,0.09941845715318776,0.2664760641480889,0.9246416257957147,1275,0.6745098039215685,0.4,0.7941176470588235,0.7,0.7438869552583871,0.6781597038603914,0.414376297177228,0.6121409854320022,0.6666666666666666,0.6666666666666666,0.9669683257918552,0.8,0.85
top_100__preCOVID__covid_only,preCOVID,covid_only,crashsketch_R_1bit,20,3.0,0,0.7,50000,300,,0.005041209049522877,0.00035129208117723465,0.07696474995464087,0.9652252636410612,0.9672773057677967,0.9863565038579862,0.034774736358938685,1275,0.2823529411764706,0.0,0.44901960784313727,0.2,0.5241474387618312,0.25660944743766445,0.1148079748411345,0.29852162034687674,0.0,0.0,0.3512217194570136,0.2,0.85
top_100__preCOVID__covid_only,preCOVID,covid_only,crashsketch_R_1bit,20,3.0,1,0.7,50000,300,,0.005938458256423473,8.066603913903236e-05,0.07056125020608306,0.9651956934713983,0.9671961815443908,0.9862049833672176,0.03480430652860162,1275,0.2549019607843137,0.0,0.4235294117647058,0.1,0.41983624047199763,0.2734292281073264,0.121657794523177,0.27164108770083367,0.0,0.0,0.3512217194570136,0.2,0.85
top_100__preCOVID__covid_only,preCOVID,covid_only,crashsketch_R_1bit,20,3.0,2,0.7,50000,300,,0.004623542074114084,5.345931276679039e-05,0.060541207902133465,0.964136470933783,0.9667057111506856,0.9851928584355066,0.035863529066216954,1275,0.3294117647058823,0.0,0.4647058823529411,0.2,0.30251821116435335,0.2409729913097269,0.14204985994789085,0.22851368747399037,0.0,0.0,0.3512217194570136,0.2,0.85
top_100__preCOVID__covid_only,preCOVID,covid_only,crashsketch_R_1bit,20,3.0,3,0.7,50000,300,,0.006234666798263788,0.00019999966025352478,0.07694925041869283,0.9647082853656594,0.9663297032894101,0.9855686823621568,0.035291714634340464,1275,0.2901960784313725,0.0,0.44313725490196076,0.2,0.39623611839525846,0.29512836956281374,0.2025379793459074,0.2979674891013266,0.0,0.0,0.3512217194570136,0.2,0.85
top_100__preCOVID__covid_only,preCOVID,covid_only,crashsketch_R_1bit,20,3.0,4,0.7,50000,300,,0.00549299968406558,6.04996457695961e-05,0.06942016631364822,0.9642228015166686,0.9667169138337899,0.9854202947251277,0.03577719848333144,1275,0.2627450980392157,0.0,0.4431372549019609,0.2,0.4110884896151851,0.3255432805061139,0.23221782156847934,0.3229498638965928,0.0,0.0,0.3512217194570136,0.2,0.85
top_100__preCOVID__covid_only,preCOVID,covid_only,crashsketch_R_1bit,20,3.0,5,0.7,50000,300,,0.00483983289450407,5.349982529878616e-05,0.0785946249961853,0.9644401095141253,0.9668828051768698,0.9854916570664158,0.035559890485874684,1275,0.28627450980392155,0.0,0.4470588235294118,0.1,0.5055750453061298,0.43773855885867186,0.20818082345099628,0.3838314758719326,0.0,0.0,0.3512217194570136,0.2,0.85
top_100__preCOVID__covid_only,preCOVID,covid_only,crashsketch_R_1bit,20,3.0,6,0.7,50000,300,,0.007937250193208456,0.0004954161122441292,0.06982591608539224,0.9643364652668732,0.9669167089804168,0.9852171004898755,0.03566353473312677,1275,0.3529411764705883,0.0,0.4568627450980392,0.2,0.4271125861628798,0.2798192487526281,0.3777307223398608,0.3615541857517896,0.0,0.0,0.3512217194570136,0.2,0.85
top_100__preCOVID__covid_only,preCOVID,covid_only,crashsketch_R_1bit,20,3.0,7,0.7,50000,300,,0.005794125143438578,0.0002687503583729267,0.07600595895200968,0.9643100256593471,0.9663392824086253,0.9858896305951268,0.03568997434065292,1275,0.25098039215686274,0.0,0.41372549019607846,0.2,0.22451597734753542,0.30427493713327747,0.1942713538298748,0.24102075610356258,0.0,0.0,0.3512217194570136,0.2,0.85
top_100__preCOVID__covid_only,preCOVID,covid_only,crashsketch_R_1bit,20,3.0,8,0.7,50000,300,,0.0042406669817864895,0.00011416710913181305,0.08049012487754226,0.9653408453222138,0.967734724558339,0.9868048340278861,0.03465915467778618,1275,0.29411764705882354,0.0,0.46274509803921565,0.2,0.5046530240123493,0.31231692007253453,0.14147063661786477,0.3194801935675829,0.0,0.0,0.3512217194570136,0.2,0.85
top_100__preCOVID__covid_only,preCOVID,covid_only,crashsketch_R_1bit,20,3.0,9,0.7,50000,300,,0.004436375107616186,0.00025466689839959145,0.07174775004386902,0.9641299152482943,0.9665180882833622,0.9848885889369067,0.035870084751705555,1275,0.3568627450980392,0.2,0.48823529411764705,0.3,0.3813666796738617,0.17207513651549866,0.20907278671732368,0.254171534302228,0.0,0.0,0.3512217194570136,0.2,0.85
top_100__preCOVID__covid_only,preCOVID,covid_only,crashsketch_R_1bit,20,3.0,10,0.7,50000,300,,0.005090000107884407,6.412481889128685e-05,0.07967741694301367,0.9639996864683841,0.9665030189726215,0.98509636582027,0.036000313531615806,1275,0.2980392156862745,0.0,0.4392156862745098,0.2,0.38098514823097657,0.24749163879598662,0.2453516196403054,0.2912761355557562,0.0,0.0,0.3512217194570136,0.2,0.85
top_100__preCOVID__covid_only,preCOVID,covid_only,crashsketch_R_1bit,20,3.0,11,0.7,50000,300,,0.005050332751125097,7.479172199964523e-05,0.05343116633594036,0.9652124839180596,0.967154245537595,0.9859069609434602,0.03478751608194041,1275,0.31372549019607837,0.0,0.46274509803921565,0.2,0.5062681357717449,0.2116066903193107,0.17898426242299537,0.29895302950468366,0.0,0.0,0.3512217194570136,0.2,0.85
top_100__preCOVID__covid_only,preCOVID,covid_only,crashsketch_R_1bit,20,3.0,12,0.7,50000,300,,0.007849582936614752,6.32917508482933e-05,0.09199870796874166,0.9645924493773269,0.9667663639032625,0.9857369521720601,0.03540755062267313,1275,0.3490196078431373,0.0,0.4666666666666666,0.2,0.433737754410466,0.36509724067238786,0.20413929755893845,0.3343247642139308,0.0,0.0,0.3512217194570136,0.2,0.85
top_100__preCOVID__covid_only,preCOVID,covid_only,crashsketch_R_1bit,20,3.0,13,0.7,50000,300,,0.00401720916852355,6.87912106513977e-05,0.06008595786988735,0.9652403982563517,0.9672022410002666,0.9864624009439242,0.03475960174364851,1275,0.2705882352941177,0.0,0.41960784313725497,0.2,0.5416744212133805,0.21680216802168023,0.1988431159526676,0.3191065683959094,0.0,0.0,0.3512217194570136,0.2,0.85
top_100__preCOVID__covid_only,preCOVID,covid_only,crashsketch_R_1bit,20,3.0,14,0.7,50000,300,,0.0032101250253617764,4.937499761581421e-05,0.052052208222448826,0.9657256420746448,0.9678446574424444,0.9868922159337224,0.03427435792535516,1275,0.3176470588235294,0.0,0.4588235294117647,0.2,0.5156701330552744,0.47908421942912965,0.21865820171624942,0.4044708514002178,0.0,0.0,0.3512217194570136,0.2,0.85
top_100__preCOVID__covid_only,preCOVID,covid_only,crashsketch_R_1bit,20,3.0,15,0.7,50000,300,,0.00486654182896018,4.3833162635564804e-05,0.04846629220992327,0.9644828493716465,0.9669218043422125,0.9857435488044809,0.0355171506283535,1275,0.23529411764705885,0.0,0.41960784313725497,0.2,0.4676490506280774,0.42186370506670173,0.17653390742734124,0.35534888770737344,0.0,0.0,0.3512217194570136,0.2,0.85
top_100__preCOVID__covid_only,preCOVID,covid_only,crashsketch_R_1bit,20,3.0,16,0.7,50000,300,,0.0050078751519322395,0.00011766701936721802,0.04900866700336337,0.9643218451305798,0.9665043259932127,0.9855976243743909,0.03567815486942008,1275,0.3372549019607843,0.0,0.4411764705882353,0.2,0.3420883736214085,0.2875500543032192,0.2086670407590675,0.2794351562278984,0.0,0.0,0.3512217194570136,0.2,0.85
top_100__preCOVID__covid_only,preCOVID,covid_only,crashsketch_R_1bit,20,3.0,17,0.7,50000,300,,0.0038939579389989376,4.116678610444069e-05,0.05484333401545882,0.9647974672886871,0.9667179877925237,0.9855240401885981,0.035202532711312885,1275,0.39215686274509803,0.0,0.4705882352941176,0.3,0.3877724883569636,0.5437261458279141,0.2518931562843338,0.39446393015640385,0.0,0.0,0.3512217194570136,0.2,0.85
top_100__preCOVID__covid_only,preCOVID,covid_only,crashsketch_R_1bit,20,3.0,18,0.7,50000,300,,0.004099499899893999,0.0004188329912722111,0.05676120799034834,0.9645159552407246,0.9667552726987755,0.9855193950739195,0.03548404475927538,1275,0.30980392156862746,0.0,0.4666666666666666,0.2,0.3997114362375335,0.1926299929958227,0.22222474036385886,0.271522056532405,0.0,0.0,0.3512217194570136,0.2,0.85
top_100__preCOVID__covid_only,preCOVID,covid_only,crashsketch_R_1bit,20,3.0,19,0.7,50000,300,,0.005007375031709671,9.816698729991913e-05,0.06687891716137528,0.9639039882111238,0.9662452719917194,0.9854369319220095,0.036096011788876094,1275,0.30588235294117644,0.0,0.4098039215686275,0.2,0.4367459479221676,0.3722940296499157,0.16158743979755652,0.3235424724565466,0.0,0.0,0.3512217194570136,0.2,0.85
top_100__preCOVID__covid_only,preCOVID,covid_only,crashsketch_R_int8,20,3.0,0,0.7,50000,300,,0.004072542302310467,0.00047562504187226295,0.07772579183802009,0.4997972751334948,0.5028850734822796,0.7916130898903805,0.5002244198107271,1275,0.4274509803921569,0.2,0.6,0.5,0.5456066689063265,0.3143359328690937,0.2910683948968853,0.3836703322241018,0.6666666666666666,0.6666666666666666,0.8968325791855204,0.8,0.85
top_100__preCOVID__covid_only,preCOVID,covid_only,crashsketch_R_int8,20,3.0,1,0.7,50000,300,,0.005174083635210991,0.00010454095900058746,0.07593933306634426,0.47597882603309327,0.48211673257189913,0.7906868075650576,0.5246439186860165,1275,0.41960784313725497,0.2,0.592156862745098,0.4,0.5149987235128926,0.39703483010569623,0.29078200270778015,0.40093851877545633,0.6666666666666666,0.6666666666666666,0.9129411764705881,0.5,0.85
top_100__preCOVID__covid_only,preCOVID,covid_only,crashsketch_R_int8,20,3.0,2,0.7,50000,300,,0.005536791868507862,9.145773947238922e-05,0.07601991668343544,0.5052454443755011,0.5052163439565309,0.7641592857957221,0.494779693695785,1275,0.5372549019607844,0.2,0.6117647058823529,0.4,0.4910375004797912,0.21098374397663164,0.3326163550230269,0.34487919982648324,0.6666666666666666,0.6666666666666666,0.9040723981900453,0.8,0.85
top_100__preCOVID__covid_only,preCOVID,covid_only,crashsketch_R_int8,20,3.0,3,0.7,50000,300,,0.008635582868009806,0.00012891599908471107,0.0847846670076251,0.4967284032223986,0.49443204324575596,0.770659751436584,0.50341760538926,1275,0.5058823529411766,0.2,0.6254901960784314,0.5,0.42145147934606775,0.2288007444457369,0.30244348424464507,0.3175652360121499,0.3333333333333333,0.3333333333333333,0.870497737556561,0.8,0.85
top_100__preCOVID__covid_only,preCOVID,covid_only,crashsketch_R_int8,20,3.0,4,0.7,50000,300,,0.006821624934673309,0.00010845903307199478,0.08290020795539021,0.48931672083391653,0.4895639425022278,0.7629293022962375,0.5116513878171495,1275,0.4627450980392157,0.0,0.6137254901960785,0.4,0.459420915496215,0.345664826955649,0.22732165308392957,0.34413579851193116,0.3333333333333333,0.3333333333333333,0.8940271493212669,0.7,0.85
top_100__preCOVID__covid_only,preCOVID,covid_only,crashsketch_R_int8,20,3.0,5,0.7,50000,300,,0.005440874956548214,0.00014504184946417809,0.08564887521788478,0.4839198660158399,0.4811611967874455,0.7689607923712926,0.5175102938623491,1275,0.4823529411764707,0.2,0.6294117647058823,0.4,0.43929888802132416,0.3360638500285402,0.27079257096414916,0.34871843633800453,1.0,1.0,0.8979185520361991,0.7,0.85
top_100__preCOVID__covid_only,preCOVID,covid_only,crashsketch_R_int8,20,3.0,6,0.7,50000,300,,0.006156166084110737,0.00010387459769845009,0.09276116685941815,0.45643112107050543,0.4552138466792699,0.7567700860091519,0.5458827316606065,1275,0.49019607843137264,0.2,0.5862745098039216,0.4,0.46988278106034886,0.3711962456068097,0.30831422921442697,0.38313108529386186,0.3333333333333333,0.3333333333333333,0.8624434389140271,0.7,0.85
top_100__preCOVID__covid_only,preCOVID,covid_only,crashsketch_R_int8,20,3.0,7,0.7,50000,300,,0.006307375151664019,0.0005717501044273376,0.08667012490332127,0.5124741517272483,0.509652645897495,0.7859039944703944,0.487795588779882,1275,0.4470588235294118,0.2,0.6215686274509804,0.5,0.4144473522167488,0.36830520909757886,0.2952204280675127,0.3593243297939468,0.3333333333333333,0.3333333333333333,0.8994570135746606,0.6,0.85
top_100__preCOVID__covid_only,preCOVID,covid_only,crashsketch_R_int8,20,3.0,8,0.7,50000,300,,0.006128125358372927,0.0009696250781416893,0.0928231249563396,0.48259789797243285,0.47850802552415117,0.7800720003848908,0.5180665954986076,1275,0.4823529411764706,0.2,0.6039215686274509,0.4,0.4137321885513139,0.3180847984062885,0.34169852085757024,0.3578385026050575,0.6666666666666666,0.6666666666666666,0.9113122171945701,0.7,0.85
top_100__preCOVID__covid_only,preCOVID,covid_only,crashsketch_R_int8,20,3.0,9,0.7,50000,300,,0.0066707078367471695,0.00044679222628474236,0.0886756251566112,0.4865600827492788,0.4942668407915938,0.7689131057403531,0.5161988420771716,1275,0.4745098039215686,0.2,0.6352941176470589,0.4,0.4246551245019032,0.28360905594864394,0.16817481064414505,0.2921463303648974,0.6666666666666666,0.6666666666666666,0.8269683257918551,1.0,0.85
top_100__preCOVID__covid_only,preCOVID,covid_only,crashsketch_R_int8,20,3.0,10,0.7,50000,300,,0.011664665769785643,0.00011554080992937088,0.09411279112100601,0.5020202639274314,0.49963013620285557,0.7718664212556049,0.4980604660196557,1275,0.49019607843137253,0.2,0.6039215686274509,0.5,0.4244741146487124,0.3136551229140499,0.22157089416804962,0.31990004391027066,0.6666666666666666,0.6666666666666666,0.9275113122171945,0.7,0.85
top_100__preCOVID__covid_only,preCOVID,covid_only,crashsketch_R_int8,20,3.0,11,0.7,50000,300,,0.0059357499703764915,0.0003470419906079769,0.08411391731351614,0.43865548369460594,0.45025618926341393,0.7877873134286331,0.5640801207873808,1275,0.43137254901960786,0.2,0.6137254901960784,0.4,0.6190289099363363,0.3393609504618847,0.2907504726068906,0.41638011100170386,0.0,0.0,0.8358371040723982,0.8,0.85
top_100__preCOVID__covid_only,preCOVID,covid_only,crashsketch_R_int8,20,3.0,12,0.7,50000,300,,0.0076582906767725945,0.0001260829158127308,0.07621654169633985,0.5071179895182908,0.510014765325419,0.7747183791612419,0.4942300944837993,1275,0.46274509803921565,0.2,0.5823529411764706,0.4,0.43635555164898804,0.44122428783487666,0.22243805479637702,0.3666726314267472,0.3333333333333333,0.3333333333333333,0.8594570135746605,0.8,0.85
top_100__preCOVID__covid_only,preCOVID,covid_only,crashsketch_R_int8,20,3.0,13,0.7,50000,300,,0.006577375344932079,0.00019579101353883743,0.07822904223576188,0.48435597879817865,0.48028228360506453,0.7938245372289754,0.516965229385602,1275,0.4313725490196079,0.2,0.5725490196078431,0.4,0.6050747450948532,0.32286050149126133,0.3258233231794931,0.4179195232552025,0.3333333333333333,0.3333333333333333,0.875656108597285,0.8,0.85
top_100__preCOVID__covid_only,preCOVID,covid_only,crashsketch_R_int8,20,3.0,14,0.7,50000,300,,0.005347291007637978,0.00020104087889194489,0.07281937543302774,0.46750230366049134,0.4568876367401531,0.7803699297497182,0.5329861049563153,1275,0.47843137254901974,0.2,0.6529411764705884,0.5,0.4655208551666317,0.42318298443757046,0.2114454105577182,0.3667164167206401,0.3333333333333333,0.3333333333333333,0.8877828054298643,0.8,0.85
top_100__preCOVID__covid_only,preCOVID,covid_only,crashsketch_R_int8,20,3.0,15,0.7,50000,300,,0.0052508339285850525,0.0001705423928797245,0.08252616738900542,0.5094919598899521,0.5077223956140214,0.786745428808705,0.49054022722074636,1275,0.4705882352941176,0.2,0.6,0.4,0.5183372843324924,0.41238243533737806,0.41551500509475814,0.44874490825487623,0.3333333333333333,0.3333333333333333,0.8931221719457013,0.7,0.85
top_100__preCOVID__covid_only,preCOVID,covid_only,crashsketch_R_int8,20,3.0,16,0.7,50000,300,,0.0051335422322154045,0.00014083273708820343,0.07411745795980096,0.4881465288052172,0.4765870169131927,0.775014362897896,0.5120166894160465,1275,0.5450980392156863,0.4,0.6274509803921569,0.5,0.41000295641220097,0.3213755710128587,0.24733411206149442,0.32623754649551806,0.6666666666666666,0.6666666666666666,0.9308597285067872,0.8,0.85
top_100__preCOVID__covid_only,preCOVID,covid_only,crashsketch_R_int8,20,3.0,17,0.7,50000,300,,0.006944458000361919,9.900005534291267e-05,0.07141329208388925,0.4880946541786484,0.48600156952111806,0.7701612453532768,0.5121844896265492,1275,0.5176470588235293,0.2,0.6215686274509804,0.5,0.5163687596281129,0.3525103097132138,0.22422444896978624,0.3643678394370376,0.6666666666666666,0.6666666666666666,0.9000904977375567,0.7,0.85
top_100__preCOVID__covid_only,preCOVID,covid_only,crashsketch_R_int8,20,3.0,18,0.7,50000,300,,0.0053176251240074635,9.395834058523178e-05,0.09142762515693903,0.4907043104440532,0.48473276726759873,0.7670664205873896,0.5094367442307998,1275,0.4901960784313725,0.2,0.6333333333333333,0.5,0.4513491621525844,0.363031524369867,0.30343459512419335,0.37260509388221497,0.3333333333333333,0.3333333333333333,0.9010859728506788,0.8,0.85
top_100__preCOVID__covid_only,preCOVID,covid_only,crashsketch_R_int8,20,3.0,19,0.7,50000,300,,0.004739458207041025,0.0002020830288529396,0.08108725026249886,0.49896384781268516,0.49924036643657277,0.7708569408322337,0.5018777383889199,1275,0.403921568627451,0.2,0.5705882352941177,0.4,0.48697527134585245,0.32917341717328885,0.23854819038640634,0.35156562630184923,0.3333333333333333,0.3333333333333333,0.9289592760180995,0.8,0.85
top_100__preCOVID__covid_only,preCOVID,covid_only,crashsketch_R_normsign,20,3.0,0,0.7,50000,300,,0.004548917058855295,0.0001287497580051422,0.06292770802974701,0.12997614432121668,0.1046524623227123,0.3339549860019822,1.0310342534104031,1275,0.5490196078431373,0.2,0.7000000000000001,0.6,0.5726161478468793,0.5938462588632815,0.3061923716430695,0.4908849261177434,0.6666666666666666,0.6666666666666666,0.9634389140271493,1.0,0.85
top_100__preCOVID__covid_only,preCOVID,covid_only,crashsketch_R_normsign,20,3.0,1,0.7,50000,300,,0.006229333113878965,8.508283644914627e-05,0.07158845802769065,0.18437700719874375,0.15653822985981103,0.44592703739331907,1.135657450450443,1275,0.5137254901960785,0.2,0.696078431372549,0.6,0.9264927056700256,0.720505063790609,0.41270669521564673,0.6865681548920938,1.0,1.0,0.9714932126696832,0.9,0.85
top_100__preCOVID__covid_only,preCOVID,covid_only,crashsketch_R_normsign,20,3.0,2,0.7,50000,300,,0.004451374989002943,0.00039741676300764084,0.07011108379811049,0.1563764901021919,0.1490181375683396,0.35172522524200495,0.9422408000918993,1275,0.5254901960784315,0.2,0.6607843137254903,0.5,0.7030063956167492,0.3400875178051253,0.47824825338720117,0.5071140556030252,0.6666666666666666,0.6666666666666666,0.9714932126696832,0.9,0.85
top_100__preCOVID__covid_only,preCOVID,covid_only,crashsketch_R_normsign,20,3.0,3,0.7,50000,300,,0.00450433325022459,7.779104635119438e-05,0.061532916966825724,0.1471139068733199,0.12835162462856786,0.3468212915990888,0.9548405321230273,1275,0.4941176470588236,0.4,0.6686274509803922,0.5,0.5154809070694073,0.6247845401420984,0.32952049200198413,0.48992864640449657,0.6666666666666666,0.6666666666666666,0.9462443438914027,0.8,0.85
top_100__preCOVID__covid_only,preCOVID,covid_only,crashsketch_R_normsign,20,3.0,4,0.7,50000,300,,0.004387458320707083,0.0001893332228064537,0.06825704174116254,0.1534822275792962,0.12382476060954395,0.4354884760061616,0.9937214494015661,1275,0.4980392156862746,0.2,0.6431372549019608,0.5,0.4760200905106543,0.32082651535663415,0.39672075081391855,0.39785578556040235,1.0,1.0,0.9536651583710406,1.0,0.85
top_100__preCOVID__covid_only,preCOVID,covid_only,crashsketch_R_normsign,20,3.0,5,0.7,50000,300,,0.0049124169163405895,7.750000804662704e-05,0.0644468329846859,0.13975519932160743,0.11728369737235678,0.35570017219407957,0.995732442587039,1275,0.49019607843137253,0.2,0.6745098039215686,0.5,0.8089353327272546,0.5809511972822935,0.5084185924495004,0.6327683741530161,0.6666666666666666,0.6666666666666666,0.9555656108597285,0.9,0.85
top_100__preCOVID__covid_only,preCOVID,covid_only,crashsketch_R_normsign,20,3.0,6,0.7,50000,300,,0.004896624945104122,0.0002070409245789051,0.07320799957960844,0.1794374456965969,0.12744839475457348,0.5290593097045238,1.133191399253353,1275,0.5333333333333333,0.2,0.6745098039215686,0.5,0.8353622410484153,0.44079263841178035,0.6790738739994656,0.6517429178198871,0.6666666666666666,0.6666666666666666,0.9685067873303167,0.9,0.85
top_100__preCOVID__covid_only,preCOVID,covid_only,crashsketch_R_normsign,20,3.0,7,0.7,50000,300,,0.005674541927874088,0.00011783326044678688,0.07267283415421844,0.1646734148810846,0.1446996184554692,0.3720447854406153,0.9522230773744265,1275,0.4549019607843138,0.2,0.615686274509804,0.4,0.40388567204937825,0.6836252077208232,0.26841327782593305,0.45197471919871157,0.6666666666666666,0.6666666666666666,0.966606334841629,0.8,0.85
top_100__preCOVID__covid_only,preCOVID,covid_only,crashsketch_R_normsign,20,3.0,8,0.7,50000,300,,0.004122458398342133,7.333280518651009e-05,0.07497250009328127,0.12701423545138155,0.10423181662264347,0.32952326082756705,0.9547355231843098,1275,0.5647058823529413,0.4,0.7235294117647059,0.6,0.6282115683848124,0.4569604546356134,0.3351605324980423,0.47344418517282266,1.0,1.0,0.9670588235294117,0.9,0.85
top_100__preCOVID__covid_only,preCOVID,covid_only,crashsketch_R_normsign,20,3.0,9,0.7,50000,300,,0.006942457985132933,8.795782923698425e-05,0.10688929073512554,0.17890900983102528,0.1374619571606509,0.46798898153585095,1.0314326093674508,1275,0.5254901960784314,0.2,0.6313725490196079,0.5,0.40930172315019153,0.2388541073800038,0.2619287978369678,0.30336154278905436,0.6666666666666666,0.6666666666666666,0.8925791855203619,0.8,0.85
top_100__preCOVID__covid_only,preCOVID,covid_only,crashsketch_R_normsign,20,3.0,10,0.7,50000,300,,0.008553457912057638,8.320808410644531e-05,0.08845308376476169,0.15136257705309283,0.13216425279055688,0.35665916759793764,0.9572312940153404,1275,0.5215686274509804,0.2,0.6450980392156864,0.4,0.6321208384710234,0.2930848606191283,0.4803939934728809,0.46853323085434423,0.6666666666666666,0.6666666666666666,0.9746606334841629,0.9,0.85
top_100__preCOVID__covid_only,preCOVID,covid_only,crashsketch_R_normsign,20,3.0,11,0.7,50000,300,,0.004928875248879194,8.624978363513947e-05,0.08243183419108391,0.25934744857468006,0.2403781436317507,0.5821003594866311,1.2336338056660814,1275,0.5686274509803922,0.4,0.7019607843137254,0.5,0.6656523595309188,0.5944840746967149,0.4321504819053687,0.5640956387110009,0.6666666666666666,0.6666666666666666,0.9631674208144797,0.9,0.85
top_100__preCOVID__covid_only,preCOVID,covid_only,crashsketch_R_normsign,20,3.0,12,0.7,50000,300,,0.008455416653305292,0.00013808393850922585,0.08367541711777449,0.15228974174481028,0.1290137494743837,0.3745287625814076,0.9452837980289451,1275,0.5019607843137255,0.2,0.6607843137254903,0.5,0.6265913098746893,0.5033112582781457,0.48402779685225367,0.5379767883350296,0.6666666666666666,0.6666666666666666,0.945158371040724,0.9,0.85
top_100__preCOVID__covid_only,preCOVID,covid_only,crashsketch_R_normsign,20,3.0,13,0.7,50000,300,,0.004260707646608353,0.00019458262249827385,0.07594866724684834,0.1259813787401337,0.10052620201143403,0.31664180384369145,0.9728152710778808,1275,0.5058823529411764,0.2,0.696078431372549,0.5,0.21878989022210876,0.3530852855611698,0.4446727573525538,0.33884931104527743,0.6666666666666666,0.6666666666666666,0.9602714932126696,0.7,0.85
top_100__preCOVID__covid_only,preCOVID,covid_only,crashsketch_R_normsign,20,3.0,14,0.7,50000,300,,0.00994174974039197,0.0005559171549975872,0.07877558330073953,0.11126706825692714,0.08529475520010843,0.2945813606138988,1.0125184895435944,1275,0.596078431372549,0.4,0.7686274509803922,0.6,0.2266903183074358,0.3994237760958544,0.5083533260632497,0.3781558068221799,0.6666666666666666,0.6666666666666666,0.9662443438914026,0.9,0.85
top_100__preCOVID__covid_only,preCOVID,covid_only,crashsketch_R_normsign,20,3.0,15,0.7,50000,300,,0.005261833779513836,0.0001232079230248928,0.07956137508153915,0.1478892760557211,0.12894415083839061,0.3491923387245087,0.9431152067442207,1275,0.4627450980392157,0.2,0.6411764705882352,0.5,0.6225039907170944,0.513377220288333,0.505894265748253,0.5472584922512268,0.6666666666666666,0.6666666666666666,0.9647058823529412,0.9,0.85
top_100__preCOVID__covid_only,preCOVID,covid_only,crashsketch_R_normsign,20,3.0,16,0.7,50000,300,,0.007077416870743036,0.00012691598385572433,0.0684108748100698,0.1368686156392464,0.09892188124326495,0.3975537323250587,1.016220658596763,1275,0.5725490196078432,0.2,0.6803921568627453,0.5,0.44115920926535374,0.4835982066915703,0.4154691774913115,0.44674219781607855,1.0,1.0,0.9520361990950226,0.9,0.85
top_100__preCOVID__covid_only,preCOVID,covid_only,crashsketch_R_normsign,20,3.0,17,0.7,50000,300,,0.005897292401641607,9.966595098376274e-05,0.07272395864129066,0.13076648071536306,0.11324629465191383,0.29588102627791374,0.9493657736172342,1275,0.6039215686274509,0.4,0.7058823529411766,0.6,0.8776490674908556,0.5426479063974883,0.625416043326491,0.6819043390716116,1.0,1.0,0.9740271493212669,0.9,0.85
top_100__preCOVID__covid_only,preCOVID,covid_only,crashsketch_R_normsign,20,3.0,18,0.7,50000,300,,0.0063984589651227,0.00015429174527525902,0.06479950016364455,0.12906817502065526,0.10393796856026138,0.3314157221020051,0.9918329553772288,1275,0.5333333333333333,0.4,0.6686274509803922,0.5,0.5625244408562815,0.41151649720198935,0.5779735442023176,0.5173381607535296,0.6666666666666666,0.6666666666666666,0.9783710407239818,1.0,0.85
top_100__preCOVID__covid_only,preCOVID,covid_only,crashsketch_R_normsign,20,3.0,19,0.7,50000,300,,0.0049682497046887875,0.00010320823639631271,0.06274924986064434,0.1616110409092554,0.13680787947612338,0.3777379781614312,0.9669270302230631,1275,0.47058823529411764,0.2,0.6156862745098038,0.4,0.16999433817789095,0.6460488618725598,0.37766561306586865,0.3979029377054398,0.6666666666666666,0.6666666666666666,0.9669683257918552,0.8,0.85
top_100__preCOVID__covid_only,preCOVID,covid_only,crashsketch_noR,20,3.0,0,0.7,50000,300,,0.006062750238925219,2.0834151655435562e-05,0.07744183298200369,0.12455915276010514,0.11233427122844386,0.288656814106028,0.9450785114238954,1275,0.6313725490196079,0.4,0.7823529411764706,0.6,0.6245587743292806,0.7105734051596602,0.4841463127214449,0.6064261640701286,0.6666666666666666,0.6666666666666666,0.9598190045248869,0.9,0.85
top_100__preCOVID__covid_only,preCOVID,covid_only,crashsketch_noR,20,3.0,1,0.7,50000,300,,0.004781832918524742,2.1624844521284103e-05,0.06880808295682073,0.18437550844573447,0.17781583448044447,0.36486825446665866,0.8529555119336886,1275,0.5529411764705883,0.2,0.6764705882352942,0.5,0.5224193709892561,0.5853619262318374,0.4801197135712205,0.5293003369307713,0.6666666666666666,0.6666666666666666,0.9234389140271494,0.9,0.85
top_100__preCOVID__covid_only,preCOVID,covid_only,crashsketch_noR,20,3.0,2,0.7,50000,300,,0.0025363746099174023,1.8707942217588425e-05,0.06282741716131568,0.12799358701804958,0.1190908135600719,0.28456569423378664,0.9356402890261334,1275,0.6352941176470588,0.4,0.7411764705882352,0.6,0.745747406679986,0.4864036263266045,0.4148176751228286,0.5489895693764729,0.6666666666666666,0.6666666666666666,0.9538461538461539,0.8,0.85
top_100__preCOVID__covid_only,preCOVID,covid_only,crashsketch_noR,20,3.0,3,0.7,50000,300,,0.004551084246486425,1.7624814063310623e-05,0.07251949980854988,0.0943830335815801,0.07672849965380624,0.24023049775959815,1.0195655701108457,1275,0.6784313725490196,0.4,0.7843137254901961,0.6,0.810837044506416,0.35301876553723416,0.3849768889304999,0.5162775663247167,0.6666666666666666,0.6666666666666666,0.9787330316742081,1.0,0.85
top_100__preCOVID__covid_only,preCOVID,covid_only,crashsketch_noR,20,3.0,4,0.7,50000,300,,0.003380667418241501,1.8500257283449173e-05,0.07158904196694493,0.11775994152629947,0.10620998003926752,0.270129135054533,0.9379781598796841,1275,0.611764705882353,0.4,0.776470588235294,0.7,0.7238939390124141,0.6756273732414508,0.3232226519857143,0.5742479880798598,1.0,1.0,0.9611764705882353,0.8,0.85
top_100__preCOVID__covid_only,preCOVID,covid_only,crashsketch_noR,20,3.0,5,0.7,50000,300,,0.0027461666613817215,1.8291175365447998e-05,0.06773841567337513,0.10917202315646823,0.09784729274470427,0.2622073710278346,0.9533098853644697,1275,0.6941176470588235,0.4,0.7862745098039216,0.7,0.6843151721292,0.36015356625147016,0.4864706528504998,0.51031313041039,1.0,1.0,0.9680542986425339,0.9,0.85
top_100__preCOVID__covid_only,preCOVID,covid_only,crashsketch_noR,20,3.0,6,0.7,50000,300,,0.0026004998944699764,1.895800232887268e-05,0.06313495896756649,0.1163061372063797,0.0988756037519658,0.29160717666619496,0.9996533836763593,1275,0.6431372549019608,0.4,0.7470588235294118,0.6,0.6683356208162597,0.6283448959365708,0.755287537143856,0.6839893512988956,0.6666666666666666,0.6666666666666666,0.9446153846153844,0.8,0.85
top_100__preCOVID__covid_only,preCOVID,covid_only,crashsketch_noR,20,3.0,7,0.7,50000,300,,0.0031852093525230885,2.0042061805725098e-05,0.06796374963596463,0.11923919365895769,0.10643019327503067,0.26878516924024354,0.9439292025137958,1275,0.6745098039215686,0.4,0.7843137254901961,0.6,0.7631926440244148,0.43219551069199097,0.3375422909618173,0.5109768152260744,0.6666666666666666,0.6666666666666666,0.9575565610859728,0.8,0.85
top_100__preCOVID__covid_only,preCOVID,covid_only,crashsketch_noR,20,3.0,8,0.7,50000,300,,0.002596749924123287,1.6958918422460556e-05,0.06195841729640961,0.13631046112249423,0.11980931185380195,0.3214764915338621,0.9207728070909452,1275,0.6588235294117646,0.4,0.7509803921568627,0.6,0.5230806333331692,0.5325446679539511,0.32594329567256447,0.46052286565322825,0.6666666666666666,0.6666666666666666,0.9489592760180994,0.8,0.85
top_100__preCOVID__covid_only,preCOVID,covid_only,crashsketch_noR,20,3.0,9,0.7,50000,300,,0.0036750417202711105,3.254087641835213e-05,0.0870444169268012,0.12363773732685944,0.11024213155471796,0.27922243715519396,1.0317222971463236,1275,0.6784313725490195,0.6,0.8117647058823527,0.6,0.8555917153061455,0.41002591905875957,0.48503800981337003,0.5835518813927584,1.0,1.0,0.9551131221719457,0.9,0.85
top_100__preCOVID__covid_only,preCOVID,covid_only,crashsketch_noR,20,3.0,10,0.7,50000,300,,0.0037157502956688404,2.420879900455475e-05,0.09629029082134366,0.10237834537055535,0.08970125153815611,0.24965404486192427,1.0244105846590823,1275,0.7058823529411766,0.4,0.8156862745098038,0.7,0.7448335871220361,0.5040081383519838,0.48518569245792814,0.5780091393106493,1.0,1.0,0.9723981900452489,0.9,0.85
top_100__preCOVID__covid_only,preCOVID,covid_only,crashsketch_noR,20,3.0,11,0.7,50000,300,,0.0032091247849166393,2.133287489414215e-05,0.10123720904812217,0.11242858826158364,0.10100088124218776,0.26754746680851954,0.9144513721077465,1275,0.6901960784313724,0.4,0.7607843137254902,0.6,0.9517319704713231,0.3834752444023967,0.46021861064010405,0.5984752751712746,0.6666666666666666,0.6666666666666666,0.9854298642533936,1.0,0.85
top_100__preCOVID__covid_only,preCOVID,covid_only,crashsketch_noR,20,3.0,12,0.7,50000,300,,0.002755125053226948,2.0875129848718643e-05,0.08737341593950987,0.10602993410660394,0.08490401669859005,0.2784038675680802,1.0544823850932363,1275,0.6901960784313724,0.6,0.8137254901960783,0.7,0.7238939390124141,0.7667086429662021,0.39175196014420227,0.6274515140409395,0.6666666666666666,0.6666666666666666,0.9740271493212669,0.9,0.85
top_100__preCOVID__covid_only,preCOVID,covid_only,crashsketch_noR,20,3.0,13,0.7,50000,300,,0.005148457828909159,2.354104071855545e-05,0.07688545901328325,0.09417135973733079,0.08151678699872822,0.22183677449558972,0.9773012643304299,1275,0.6784313725490198,0.4,0.7901960784313725,0.7,0.4760200905106543,0.36361468764902244,0.5430688662558815,0.46090121480518603,1.0,1.0,0.9727601809954751,0.9,0.85
top_100__preCOVID__covid_only,preCOVID,covid_only,crashsketch_noR,20,3.0,14,0.7,50000,300,,0.003405083902180195,4.475004971027374e-05,0.08070391695946455,0.17471571249134743,0.1709858853482017,0.3429955612977366,0.8457458985028123,1275,0.6509803921568627,0.4,0.7294117647058824,0.6,0.8565068964223637,0.6413765271306453,0.5031315901840171,0.6670050045790087,0.6666666666666666,0.6666666666666666,0.9539366515837103,0.9,0.85
top_100__preCOVID__covid_only,preCOVID,covid_only,crashsketch_noR,20,3.0,15,0.7,50000,300,,0.003244958817958832,2.674991264939308e-05,0.08599575003609061,0.12152981014963996,0.10835162327527015,0.2722642072339977,0.9246942248293746,1275,0.5843137254901961,0.4,0.7294117647058824,0.6,0.6683356208162597,0.3378163338637647,0.5925081002446605,0.532886684974895,1.0,1.0,0.9618099547511312,0.9,0.85
top_100__preCOVID__covid_only,preCOVID,covid_only,crashsketch_noR,20,3.0,16,0.7,50000,300,,0.0025210417807102203,1.912470906972885e-05,0.07423341693356633,0.15296152820705686,0.1452184344596371,0.324190127919912,0.8784805057331176,1275,0.6,0.4,0.7411764705882353,0.6,0.810837044506416,0.7458510140287824,0.4028567264247194,0.6531815949866392,0.6666666666666666,0.6666666666666666,0.9653393665158371,1.0,0.85
top_100__preCOVID__covid_only,preCOVID,covid_only,crashsketch_noR,20,3.0,17,0.7,50000,300,,0.0026116669178009033,1.8874648958444595e-05,0.07028041686862707,0.08428806882484588,0.06659948841392116,0.2199115097575881,0.9998816595214414,1275,0.7450980392156862,0.6,0.8274509803921569,0.7,1.0,0.8947995236204843,0.5281587066621205,0.807652743427535,0.6666666666666666,0.6666666666666666,0.9731221719457013,0.9,0.85
top_100__preCOVID__covid_only,preCOVID,covid_only,crashsketch_noR,20,3.0,18,0.7,50000,300,,0.003275624942034483,1.8707942217588425e-05,0.07485070824623108,0.0874131220425565,0.06576938469657512,0.23813706302833546,0.9733294199431985,1275,0.7294117647058824,0.4,0.8019607843137254,0.7,0.9489246638792218,0.3784002832016694,0.42533122512403904,0.5842187240683101,0.6666666666666666,0.6666666666666666,0.9774660633484162,0.9,0.85
top_100__preCOVID__covid_only,preCOVID,covid_only,crashsketch_noR,20,3.0,19,0.7,50000,300,,0.0036377077922225,4.4125132262706757e-05,0.06513450015336275,0.10360210917354054,0.08391055669971748,0.26058946803759536,0.9434228957455219,1275,0.6666666666666665,0.4,0.7960784313725489,0.7,0.7042263109985956,0.3752368779525499,0.6104375575538195,0.5633002488349883,1.0,1.0,0.9745701357466062,0.9,0.85
top_100__preCOVID__covid_only,preCOVID,covid_only,crashsketch_noR_1bit,20,3.0,0,0.7,50000,300,,0.0026414580643177032,3.8499943912029266e-05,0.06349970819428563,0.9649410216817755,0.9670219744398554,0.9862916290087247,0.03505897831822456,1275,0.30196078431372547,0.0,0.4588235294117647,0.2,0.3756905794073387,0.2655386538048466,0.1642239620051204,0.26848439840576854,0.0,0.0,0.3512217194570136,0.2,0.85
top_100__preCOVID__covid_only,preCOVID,covid_only,crashsketch_noR_1bit,20,3.0,1,0.7,50000,300,,0.00320674991235137,5.0875358283519745e-05,0.11719799973070621,0.9637396266308588,0.9661432256427139,0.9851521735575078,0.03626037336914115,1275,0.3176470588235294,0.0,0.4568627450980392,0.3,0.2900213715425923,0.25069083450787827,0.12747077966243578,0.22272766190430213,0.0,0.0,0.3512217194570136,0.2,0.85
top_100__preCOVID__covid_only,preCOVID,covid_only,crashsketch_noR_1bit,20,3.0,2,0.7,50000,300,,0.005122167058289051,4.0416140109300613e-05,0.19746362511068583,0.9642285172876373,0.966322470992659,0.985340343002994,0.035771482712362565,1275,0.32156862745098036,0.0,0.44901960784313727,0.2,0.43376906152218103,0.2257460293023375,0.21323860509331066,0.2909178986392764,0.0,0.0,0.3512217194570136,0.2,0.85
top_100__preCOVID__covid_only,preCOVID,covid_only,crashsketch_noR_1bit,20,3.0,3,0.7,50000,300,,0.007158500142395496,6.200000643730164e-05,0.2152563752606511,0.9647392440339184,0.9667275918315058,0.9854764765653594,0.0352607559660815,1275,0.30980392156862746,0.0,0.4686274509803922,0.2,0.5247638498851162,0.31233370161411583,0.1729756123247637,0.3366910546079986,0.0,0.0,0.3512217194570136,0.2,0.85
top_100__preCOVID__covid_only,preCOVID,covid_only,crashsketch_noR_1bit,20,3.0,4,0.7,50000,300,,0.0038181249983608723,5.55417500436306e-05,0.16632700012996793,0.9639340384717725,0.9666818822248591,0.9852619922880469,0.03606596152822762,1275,0.26666666666666666,0.0,0.4470588235294118,0.2,0.4719511602757972,0.22225795569942164,0.07039134645120076,0.2548668208088065,0.0,0.0,0.3512217194570136,0.2,0.85
top_100__preCOVID__covid_only,preCOVID,covid_only,crashsketch_noR_1bit,20,3.0,5,0.7,50000,300,,0.005755207967013121,7.587531581521034e-05,0.17877850029617548,0.9643103210848725,0.9668243588302324,0.9853458987600363,0.03568967891512759,1275,0.32156862745098036,0.0,0.4509803921568627,0.2,0.33535715928430154,0.32867766869904136,0.20130003525261414,0.28844495441198564,0.0,0.0,0.3512217194570136,0.2,0.85
top_100__preCOVID__covid_only,preCOVID,covid_only,crashsketch_noR_1bit,20,3.0,6,0.7,50000,300,,0.004930582828819752,4.845811054110527e-05,0.11443241685628891,0.9643962264118675,0.9668792143571878,0.9851913614038833,0.03560377358813258,1275,0.3333333333333333,0.0,0.47254901960784307,0.3,0.45413783644516,0.4523790614713114,0.2161700748937655,0.3742289909367456,0.0,0.0,0.3512217194570136,0.2,0.85
top_100__preCOVID__covid_only,preCOVID,covid_only,crashsketch_noR_1bit,20,3.0,7,0.7,50000,300,,0.004519499838352203,5.7208351790905e-05,0.08660916611552238,0.9644826756229684,0.9667989346888157,0.985253309579419,0.035517324377031596,1275,0.3372549019607843,0.0,0.4745098039215686,0.2,0.3537158108164025,0.34430882770366167,0.19230418592256499,0.2967762748142097,0.0,0.0,0.3512217194570136,0.2,0.85
top_100__preCOVID__covid_only,preCOVID,covid_only,crashsketch_noR_1bit,20,3.0,8,0.7,50000,300,,0.004847500007599592,4.937499761581421e-05,0.06002079090103507,0.9646165994268993,0.9669562258307101,0.9857296807915633,0.035383400573100764,1275,0.28627450980392155,0.0,0.4588235294117647,0.2,0.2866538402399205,0.3279940968893217,0.27661634861862716,0.29708809524928975,0.0,0.0,0.3512217194570136,0.2,0.85
top_100__preCOVID__covid_only,preCOVID,covid_only,crashsketch_noR_1bit,20,3.0,9,0.7,50000,300,,0.00629429193213582,4.1041988879442215e-05,0.05666474997997284,0.9655100811167344,0.9673823619402612,0.9865024465764272,0.03448991888326573,1275,0.32156862745098036,0.0,0.4607843137254901,0.1,0.5647925036851993,0.3331389754018706,0.21409081093814414,0.3706740966750713,0.0,0.0,0.3512217194570136,0.2,0.85
top_100__preCOVID__covid_only,preCOVID,covid_only,crashsketch_noR_1bit,20,3.0,10,0.7,50000,300,,0.004046875052154064,4.416704177856445e-05,0.0904106660746038,0.9646557408086526,0.9670219744398554,0.986204333054417,0.03534425919134748,1275,0.34117647058823536,0.0,0.45882352941176463,0.2,0.3752856054836253,0.26476823663099336,0.2130095461963185,0.2843544627703124,0.0,0.0,0.3512217194570136,0.2,0.85
top_100__preCOVID__covid_only,preCOVID,covid_only,crashsketch_noR_1bit,20,3.0,11,0.7,50000,300,,0.0029762093909084797,4.0708575397729874e-05,0.0661751669831574,0.9640123914865606,0.9661321555251766,0.98490931544575,0.03598760851343952,1275,0.3450980392156863,0.0,0.48235294117647054,0.3,0.5549314025666556,0.23555388012278528,0.22155539676366037,0.3373468931510337,0.0,0.0,0.3512217194570136,0.2,0.85
top_100__preCOVID__covid_only,preCOVID,covid_only,crashsketch_noR_1bit,20,3.0,12,0.7,50000,300,,0.0028455830179154873,4.3750274926424026e-05,0.07662825006991625,0.9642402956897219,0.9666911881520096,0.9854278753633815,0.03575970431027825,1275,0.2823529411764706,0.0,0.4215686274509804,0.2,0.4719511602757972,0.3303140280785223,0.17065998825756376,0.32430839220396107,0.0,0.0,0.3512217194570136,0.2,0.85
top_100__preCOVID__covid_only,preCOVID,covid_only,crashsketch_noR_1bit,20,3.0,13,0.7,50000,300,,0.003146708942949772,4.095910117030144e-05,0.08084499975666404,0.9639373210476241,0.9662245578042195,0.9852210945950916,0.03606267895237595,1275,0.32156862745098036,0.0,0.4549019607843137,0.2,0.31262964408206856,0.22826812347710024,0.14167738667342084,0.22752505141086324,0.0,0.0,0.3512217194570136,0.2,0.85
top_100__preCOVID__covid_only,preCOVID,covid_only,crashsketch_noR_1bit,20,3.0,14,0.7,50000,300,,0.003835707902908325,4.679197445511818e-05,0.062075375113636255,0.9643445003102769,0.9667291823993107,0.9852551650509462,0.03565549968972299,1275,0.3490196078431373,0.0,0.4686274509803921,0.2,0.26025856934546426,0.4349607536064573,0.21028521779525053,0.30183484691572404,0.0,0.0,0.3512217194570136,0.2,0.85
top_100__preCOVID__covid_only,preCOVID,covid_only,crashsketch_noR_1bit,20,3.0,15,0.7,50000,300,,0.004162707831710577,4.187505692243576e-05,0.06758108315989375,0.9642669515201323,0.9665732790039999,0.9854112603077044,0.03573304847986767,1275,0.3058823529411764,0.0,0.44901960784313727,0.2,0.46291804952769977,0.4029118272533944,0.2600293542074364,0.37528641032951016,0.0,0.0,0.3512217194570136,0.2,0.85
top_100__preCOVID__covid_only,preCOVID,covid_only,crashsketch_noR_1bit,20,3.0,16,0.7,50000,300,,0.0036552082747220993,5.724979564547539e-05,0.0659585827961564,0.9640437751464935,0.9666818822248591,0.9853209466048001,0.03595622485350642,1275,0.3098039215686274,0.0,0.4490196078431372,0.2,0.2408160095270148,0.3340540164100486,0.12736570933020455,0.23407857842242263,0.0,0.0,0.3512217194570136,0.2,0.85
top_100__preCOVID__covid_only,preCOVID,covid_only,crashsketch_noR_1bit,20,3.0,17,0.7,50000,300,,0.00378445815294981,9.32076945900917e-05,0.0746741658076644,0.9653484229293741,0.967507153343429,0.9864915403798206,0.034651577070625744,1275,0.30588235294117644,0.0,0.4529411764705882,0.1,0.5078844221041515,0.460044955533114,0.1789585289226453,0.3822959688533036,0.0,0.0,0.3512217194570136,0.2,0.85
top_100__preCOVID__covid_only,preCOVID,covid_only,crashsketch_noR_1bit,20,3.0,18,0.7,50000,300,,0.0032229581847786903,6.008334457874298e-05,0.0617587910965085,0.9646814905197826,0.9666418834616116,0.9852935844669742,0.03531850948021735,1275,0.2666666666666667,0.0,0.43137254901960775,0.2,0.39794364051789793,0.3241060023930813,0.18516166178940932,0.3024037682334629,0.0,0.0,0.3512217194570136,0.2,0.85
top_100__preCOVID__covid_only,preCOVID,covid_only,crashsketch_noR_1bit,20,3.0,19,0.7,50000,300,,0.003520750440657139,4.7416891902685165e-05,0.061673915944993496,0.9644275941910984,0.9666316728486406,0.9851976177071026,0.03557240580890177,1275,0.2980392156862745,0.0,0.4901960784313725,0.2,0.5241474387618312,0.2726754135767256,0.19638843099055897,0.3310704277763719,0.0,0.0,0.3512217194570136,0.2,0.85
top_100__preCOVID__covid_only,preCOVID,covid_only,crashsketch_noR_int8,20,3.0,0,0.7,50000,300,,0.0035971668548882008,7.175002247095108e-05,0.09085466712713242,0.4996344221092024,0.5041583736965289,0.794956055912514,0.5006932459388612,1275,0.4549019607843138,0.2,0.6117647058823529,0.4,0.34300422230824645,0.3767446094097658,0.23760040079512582,0.3191164108377127,0.6666666666666666,0.6666666666666666,0.8588235294117647,0.6,0.85
top_100__preCOVID__covid_only,preCOVID,covid_only,crashsketch_noR_int8,20,3.0,1,0.7,50000,300,,0.0031382092274725437,7.908418774604797e-05,0.07783387508243322,0.5069399431212094,0.5155966873677488,0.7677206657410426,0.4937551305593807,1275,0.45098039215686275,0.2,0.5941176470588235,0.4,0.20780800994123283,0.2648929134659409,0.21280821109756576,0.22850304483491315,0.6666666666666666,0.6666666666666666,0.8868778280542986,0.7,0.85
top_100__preCOVID__covid_only,preCOVID,covid_only,crashsketch_noR_int8,20,3.0,2,0.7,50000,300,,0.0031386669725179672,8.908286690711975e-05,0.06881212489679456,0.5011323780896574,0.5014756563182355,0.7650785919521264,0.49940869575144864,1275,0.4705882352941177,0.4,0.615686274509804,0.5,0.4931502660387744,0.3099080229968953,0.26406424695263286,0.35570751199610084,0.3333333333333333,0.3333333333333333,0.9126696832579186,0.9,0.85
top_100__preCOVID__covid_only,preCOVID,covid_only,crashsketch_noR_int8,20,3.0,3,0.7,50000,300,,0.005544332787394524,6.941612809896469e-05,0.06270483275875449,0.4675038271663192,0.4662370984186093,0.7640464920548886,0.5326924979796513,1275,0.49803921568627463,0.2,0.6352941176470588,0.5,0.5615006807575537,0.2582555735598145,0.29430455430660424,0.3713536028746575,0.3333333333333333,0.3333333333333333,0.9215384615384615,0.8,0.85
top_100__preCOVID__covid_only,preCOVID,covid_only,crashsketch_noR_int8,20,3.0,4,0.7,50000,300,,0.004057916346937418,7.395818829536438e-05,0.07433062512427568,0.514560904894234,0.5106421827712353,0.7855559839128796,0.48550130781615075,1275,0.43921568627450985,0.2,0.6098039215686275,0.5,0.433737754410466,0.2670364844844984,0.2487292662659314,0.3165011683869653,0.6666666666666666,0.6666666666666666,0.8775565610859728,0.6,0.85
top_100__preCOVID__covid_only,preCOVID,covid_only,crashsketch_noR_int8,20,3.0,5,0.7,50000,300,,0.003281292039901018,0.0007250839844346046,0.07832183316349983,0.4840087813500864,0.4808380849832816,0.7674057166707149,0.5166321829114301,1275,0.4823529411764706,0.2,0.6019607843137255,0.4,0.3297773654916512,0.25505966928846163,0.27827603090628994,0.28770435522880095,0.3333333333333333,0.3333333333333333,0.905339366515837,0.8,0.85
top_100__preCOVID__covid_only,preCOVID,covid_only,crashsketch_noR_int8,20,3.0,6,0.7,50000,300,,0.004133707843720913,0.00011137500405311584,0.07319379085674882,0.47952896656365607,0.4700116718118549,0.7692215633586088,0.520597093722751,1275,0.5215686274509805,0.2,0.6372549019607845,0.5,0.49757211706725224,0.3422034602255766,0.3348477072126016,0.39154109483514343,0.3333333333333333,0.3333333333333333,0.8854298642533937,0.8,0.85
top_100__preCOVID__covid_only,preCOVID,covid_only,crashsketch_noR_int8,20,3.0,7,0.7,50000,300,,0.004083250183612108,7.645832374691963e-05,0.06067308411002159,0.4801210091400515,0.48043774397549976,0.7718022192208687,0.5207971762469684,1275,0.4862745098039215,0.2,0.6137254901960785,0.4,0.46572901991835225,0.3303374097539414,0.3143738829498825,0.37014677087405873,1.0,1.0,0.8607239819004524,0.7,0.85
top_100__preCOVID__covid_only,preCOVID,covid_only,crashsketch_noR_int8,20,3.0,8,0.7,50000,300,,0.00300883362069726,6.812484934926033e-05,0.06163841672241688,0.5131326925861366,0.5162585841926142,0.7776221377815586,0.4872139525581636,1275,0.4901960784313727,0.2,0.6235294117647059,0.5,0.239446767083881,0.4218615881174799,0.15130282461134223,0.27087039327090107,0.6666666666666666,0.6666666666666666,0.8663348416289592,0.8,0.85
top_100__preCOVID__covid_only,preCOVID,covid_only,crashsketch_noR_int8,20,3.0,9,0.7,50000,300,,0.002846625167876482,6.787525489926338e-05,0.06754854135215282,0.4710814307717069,0.45831574890604687,0.8006372621157958,0.5295506129072141,1275,0.4823529411764707,0.2,0.6431372549019608,0.5,0.5558488608829608,0.2851190568046789,0.23333601521047795,0.3581013109660392,0.3333333333333333,0.3333333333333333,0.8342081447963801,0.7,0.85
top_100__preCOVID__covid_only,preCOVID,covid_only,crashsketch_noR_int8,20,3.0,10,0.7,50000,300,,0.0029828748665750027,7.929187268018723e-05,0.06216662470251322,0.46878003975483307,0.46722407632061225,0.7821282347744248,0.5314797603117097,1275,0.5372549019607844,0.2,0.6470588235294118,0.5,0.3525973486132339,0.46501511401878765,0.17070582383703486,0.32943942882301885,0.3333333333333333,0.3333333333333333,0.877737556561086,0.7,0.85
top_100__preCOVID__covid_only,preCOVID,covid_only,crashsketch_noR_int8,20,3.0,11,0.7,50000,300,,0.0033322079107165337,8.379202336072922e-05,0.06873608333989978,0.5021240496152188,0.5027963539727719,0.7634246354733952,0.49795078853281677,1275,0.5058823529411766,0.2,0.6176470588235294,0.5,0.5706132627222129,0.39274592416193443,0.3418088641099285,0.43505601699802526,0.3333333333333333,0.3333333333333333,0.9174660633484162,0.8,0.85
top_100__preCOVID__covid_only,preCOVID,covid_only,crashsketch_noR_int8,20,3.0,12,0.7,50000,300,,0.004198832903057337,7.487507537007332e-05,0.08506329171359539,0.48275663368935806,0.4772368241910997,0.763491125596211,0.5175441922474623,1275,0.4705882352941177,0.2,0.6196078431372549,0.5,0.48554794827619335,0.3793978925731265,0.21879472094132613,0.36124685393021533,0.3333333333333333,0.3333333333333333,0.8997285067873303,0.8,0.85
top_100__preCOVID__covid_only,preCOVID,covid_only,crashsketch_noR_int8,20,3.0,13,0.7,50000,300,,0.0033341669477522373,6.808293983340263e-05,0.08376529114320874,0.4887509470243492,0.49184592667915517,0.7621437353515347,0.5112490529756509,1275,0.5176470588235295,0.2,0.6156862745098038,0.5,0.5149987235128926,0.23825922345738682,0.24140256237356708,0.33155350311461546,0.3333333333333333,0.3333333333333333,0.9166515837104072,0.8,0.85
top_100__preCOVID__covid_only,preCOVID,covid_only,crashsketch_noR_int8,20,3.0,14,0.7,50000,300,,0.00359212514013052,7.341662421822548e-05,0.07931800000369549,0.5393302028953598,0.5435427510876734,0.7797997643697571,0.4607232802338771,1275,0.49019607843137264,0.2,0.5882352941176471,0.5,0.5595516831075116,0.44661743135791665,0.26367275229621695,0.4232806222538817,0.6666666666666666,0.6666666666666666,0.8904072398190044,0.8,0.85
top_100__preCOVID__covid_only,preCOVID,covid_only,crashsketch_noR_int8,20,3.0,15,0.7,50000,300,,0.0029847081750631332,6.44586980342865e-05,0.06961204204708338,0.5031863929614208,0.5064141159982831,0.7736389748802117,0.49709784508124766,1275,0.42352941176470593,0.2,0.5901960784313726,0.4,0.5227791863532536,0.39298515279090807,0.3450739750260865,0.4202794380567494,0.6666666666666666,0.6666666666666666,0.9161990950226245,0.8,0.85
top_100__preCOVID__covid_only,preCOVID,covid_only,crashsketch_noR_int8,20,3.0,16,0.7,50000,300,,0.0035478747449815273,7.833307608962059e-05,0.07972337491810322,0.5189386295444504,0.5172184457370045,0.7758751082264194,0.4811986898075793,1275,0.4431372549019608,0.2,0.592156862745098,0.4,0.48554794827619335,0.2875500543032192,0.16532562645735494,0.31280787634558915,0.0,0.0,0.9007239819004524,0.8,0.85
top_100__preCOVID__covid_only,preCOVID,covid_only,crashsketch_noR_int8,20,3.0,17,0.7,50000,300,,0.0031618750654160976,7.941713556647301e-05,0.06340599991381168,0.4715897558307878,0.47365521068130234,0.768942758612672,0.5303747724486809,1275,0.5098039215686275,0.2,0.6411764705882352,0.5,0.5556413221945704,0.30852224181497573,0.31089139052686615,0.3916849848454708,0.6666666666666666,0.6666666666666666,0.8389140271493213,0.6,0.85
top_100__preCOVID__covid_only,preCOVID,covid_only,crashsketch_noR_int8,20,3.0,18,0.7,50000,300,,0.003086583223193884,7.083313539624214e-05,0.07053279224783182,0.491684251971141,0.4905109735849492,0.7753178302276785,0.508619411823589,1275,0.43529411764705883,0.2,0.6,0.4,0.537979094076655,0.3713112974640407,0.317962982775222,0.4090844581053059,0.6666666666666666,0.6666666666666666,0.9256108597285068,0.9,0.85
top_100__preCOVID__covid_only,preCOVID,covid_only,crashsketch_noR_int8,20,3.0,19,0.7,50000,300,,0.0032265419140458107,7.033394649624825e-05,0.06724491622298956,0.5074232278767485,0.5072135308086791,0.7891332916421875,0.4927775722631646,1275,0.47843137254901974,0.2,0.6098039215686274,0.4,0.5456066689063265,0.3678011428757224,0.4079901007601202,0.4404659708473897,0.3333333333333333,0.3333333333333333,0.8899547511312216,0.7,0.85
top_100__preCOVID__covid_only,preCOVID,covid_only,crashsketch_noR_normsign,20,3.0,0,0.7,50000,300,,0.0031636250205338,6.683263927698135e-05,0.06750654196366668,0.1432095664813531,0.12517396413764503,0.3384474577257266,0.9653991836049711,1275,0.48627450980392156,0.2,0.6823529411764704,0.5,0.5593642001029437,0.49447329484464303,0.4731723997905513,0.5090032982460461,0.6666666666666666,0.6666666666666666,0.9598190045248869,0.9,0.85
top_100__preCOVID__covid_only,preCOVID,covid_only,crashsketch_noR_normsign,20,3.0,1,0.7,50000,300,,0.004036791156977415,7.449975237250328e-05,0.068467500153929,0.19304109506891626,0.18426426735404322,0.3977987646586369,0.8705706524124142,1275,0.4549019607843137,0.2,0.6137254901960785,0.4,0.5137822800653179,0.3952609609622519,0.2685284071351027,0.3925238827208908,0.6666666666666666,0.6666666666666666,0.9234389140271494,0.9,0.85
top_100__preCOVID__covid_only,preCOVID,covid_only,crashsketch_noR_normsign,20,3.0,2,0.7,50000,300,,0.0029265419580042362,6.737513467669487e-05,0.06720587471500039,0.14753154348217287,0.1327726342133304,0.3322834714547939,0.9658168909108431,1275,0.5333333333333334,0.4,0.6627450980392157,0.5,0.810837044506416,0.4678855457690412,0.4058055496099425,0.5615093799617998,0.6666666666666666,0.6666666666666666,0.9538461538461539,0.8,0.85
top_100__preCOVID__covid_only,preCOVID,covid_only,crashsketch_noR_normsign,20,3.0,3,0.7,50000,300,,0.0035807089880108833,6.516696885228157e-05,0.06523441709578037,0.12727943116775767,0.08066537117997852,0.40661504365252776,1.059794000628077,1275,0.5294117647058825,0.2,0.6784313725490196,0.5,0.9264927056700256,0.4728026495776321,0.4331715136843608,0.6108222896440062,0.6666666666666666,0.6666666666666666,0.9787330316742081,1.0,0.85
top_100__preCOVID__covid_only,preCOVID,covid_only,crashsketch_noR_normsign,20,3.0,4,0.7,50000,300,,0.003107209224253893,6.591714918613434e-05,0.06804391695186496,0.15530379192527724,0.12615838309719218,0.3689900375198378,0.9750601926783997,1275,0.43921568627450985,0.2,0.6176470588235294,0.5,0.6470090863515169,0.6563576544647947,0.42540897789368887,0.5762585729033335,1.0,1.0,0.9611764705882353,0.8,0.85
top_100__preCOVID__covid_only,preCOVID,covid_only,crashsketch_noR_normsign,20,3.0,5,0.7,50000,300,,0.003060332965105772,6.833299994468689e-05,0.07088362472131848,0.14645578655625774,0.12072795962263327,0.3435246594751396,0.990068773935592,1275,0.5137254901960784,0.2,0.6568627450980392,0.5,0.7409973766364866,0.4196028403071848,0.41170394938790955,0.5241013887771936,1.0,1.0,0.9680542986425339,0.9,0.85
top_100__preCOVID__covid_only,preCOVID,covid_only,crashsketch_noR_normsign,20,3.0,6,0.7,50000,300,,0.002896665595471859,7.570814341306686e-05,0.07348029175773263,0.1506642243815702,0.12094171223388439,0.4076972478913941,1.0429749822857137,1275,0.5647058823529412,0.4,0.6647058823529413,0.5,0.6155578610802409,0.5042580777906711,0.6039102466697057,0.574575395180206,0.6666666666666666,0.6666666666666666,0.9446153846153844,0.8,0.85
top_100__preCOVID__covid_only,preCOVID,covid_only,crashsketch_noR_normsign,20,3.0,7,0.7,50000,300,,0.0030650831758975983,6.737513467669487e-05,0.06915895873680711,0.14372634350816282,0.11983515717382898,0.33998711725237857,0.972320625458807,1275,0.5647058823529412,0.4,0.692156862745098,0.5,0.8084674895470819,0.3751568381430364,0.366851213997422,0.5168251805625135,0.6666666666666666,0.6666666666666666,0.9575565610859728,0.8,0.85
top_100__preCOVID__covid_only,preCOVID,covid_only,crashsketch_noR_normsign,20,3.0,8,0.7,50000,300,,0.002694416791200638,6.154226139187813e-05,0.0686969580128789,0.15686573973759854,0.13918822083898208,0.35644912573557425,0.9426025961727145,1275,0.5058823529411764,0.2,0.6431372549019608,0.5,0.6198738875721121,0.3011309242981536,0.2648820666417072,0.39529562617065767,0.6666666666666666,0.6666666666666666,0.9489592760180994,0.8,0.85
top_100__preCOVID__covid_only,preCOVID,covid_only,crashsketch_noR_normsign,20,3.0,9,0.7,50000,300,,0.002910082694143057,6.899982690811157e-05,0.07346812495961785,0.14331748152675808,0.12177662317047855,0.3392477151876042,1.0575854206915014,1275,0.592156862745098,0.4,0.7372549019607844,0.6,0.6265913098746893,0.3756044037789184,0.36312443658756455,0.45510671674705744,1.0,1.0,0.9551131221719457,0.9,0.85
top_100__preCOVID__covid_only,preCOVID,covid_only,crashsketch_noR_normsign,20,3.0,10,0.7,50000,300,,0.003064500167965889,6.729224696755409e-05,0.06777866557240486,0.13381542655603326,0.09708255060961313,0.3671244524263885,1.0601238478178112,1275,0.5803921568627451,0.4,0.7098039215686275,0.5,0.7918084093073887,0.5193213949104618,0.31944413339006966,0.5435246458693067,1.0,1.0,0.9723981900452489,0.9,0.85
top_100__preCOVID__covid_only,preCOVID,covid_only,crashsketch_noR_normsign,20,3.0,11,0.7,50000,300,,0.0037502082996070385,7.983436807990074e-05,0.06793795805424452,0.1410014494294295,0.12352337046477835,0.3268132464361431,0.9537997765711863,1275,0.5215686274509803,0.2,0.6470588235294118,0.5,0.9081916169448851,0.588056808125079,0.35666603986461076,0.6176381549781916,0.6666666666666666,0.6666666666666666,0.9854298642533936,1.0,0.85
top_100__preCOVID__covid_only,preCOVID,covid_only,crashsketch_noR_normsign,20,3.0,12,0.7,50000,300,,0.005422375164926052,8.024973794817924e-05,0.06611858261749148,0.16838320562211592,0.10988455661686869,0.5671537301073226,1.1134135305618438,1275,0.4705882352941177,0.2,0.6509803921568628,0.5,0.607785516887794,0.477732249613757,0.38141526455277674,0.4889776770181092,0.6666666666666666,0.6666666666666666,0.9740271493212669,0.9,0.85
top_100__preCOVID__covid_only,preCOVID,covid_only,crashsketch_noR_normsign,20,3.0,13,0.7,50000,300,,0.004481500014662743,0.00010320916771888733,0.06929854117333889,0.1504941386160323,0.11983942577336015,0.39470043673266714,1.01851806054442,1275,0.5137254901960784,0.2,0.6313725490196079,0.4,0.6806928089516205,0.32877734842588674,0.2629747966283396,0.42414831800194897,1.0,1.0,0.9727601809954751,0.9,0.85
top_100__preCOVID__covid_only,preCOVID,covid_only,crashsketch_noR_normsign,20,3.0,14,0.7,50000,300,,0.007145625073462725,6.991717964410782e-05,0.06566408276557922,0.18309354498799438,0.1769427159988568,0.36600800437221853,0.8658053842877466,1275,0.5058823529411766,0.2,0.6705882352941177,0.5,0.26518005849616116,0.27174015998897816,0.41222609520461395,0.3163821045632511,0.6666666666666666,0.6666666666666666,0.9539366515837103,0.9,0.85
top_100__preCOVID__covid_only,preCOVID,covid_only,crashsketch_noR_normsign,20,3.0,15,0.7,50000,300,,0.0030187079682946205,8.858414366841316e-05,0.08604766614735126,0.14515903788503884,0.12833547245182375,0.33803727467207245,0.9488770528869269,1275,0.48235294117647054,0.2,0.6411764705882352,0.5,0.6683356208162597,0.4441468822401036,0.48942087737872547,0.533967793478363,1.0,1.0,0.9618099547511312,0.9,0.85
top_100__preCOVID__covid_only,preCOVID,covid_only,crashsketch_noR_normsign,20,3.0,16,0.7,50000,300,,0.00463970797136426,7.541710510849953e-05,0.06704866606742144,0.1735936616148534,0.16219300746193466,0.3819788793994238,0.9054961445889077,1275,0.4509803921568627,0.2,0.6235294117647059,0.4,0.745747406679986,0.4962323763939645,0.41269694494531517,0.5515589093397552,0.6666666666666666,0.6666666666666666,0.9653393665158371,1.0,0.85
top_100__preCOVID__covid_only,preCOVID,covid_only,crashsketch_noR_normsign,20,3.0,17,0.7,50000,300,,0.005543333012610674,0.00011095823720097542,0.07626845827326179,0.11110748878915096,0.08176522334245828,0.32087003624616567,1.0175118212502898,1275,0.5882352941176472,0.4,0.73921568627451,0.6,0.8565068964223637,0.5461061245413595,0.5565433003724924,0.653052107112072,0.6666666666666666,0.6666666666666666,0.9731221719457013,0.9,0.85
top_100__preCOVID__covid_only,preCOVID,covid_only,crashsketch_noR_normsign,20,3.0,18,0.7,50000,300,,0.0037296670489013195,6.475020200014114e-05,0.07073329202830791,0.1334538849799567,0.097277231350823,0.3840317171466279,1.0170972334379964,1275,0.5176470588235295,0.2,0.6607843137254903,0.5,0.8773448773448773,0.39491459892196773,0.7230471528700125,0.6651022097122858,0.6666666666666666,0.6666666666666666,0.9774660633484162,0.9,0.85
top_100__preCOVID__covid_only,preCOVID,covid_only,crashsketch_noR_normsign,20,3.0,19,0.7,50000,300,,0.002890458330512047,6.516743451356888e-05,0.05813925014808774,0.1371330537170017,0.11351093243276367,0.33169228971859543,0.9856339529109901,1275,0.5333333333333333,0.2,0.6607843137254903,0.5,0.8565068964223637,0.5760856916452862,0.6035730104827993,0.6787218661834831,1.0,1.0,0.9745701357466062,0.9,0.85
top_100__preCOVID__covid_only,preCOVID,covid_only,dense_jl,20,,0,0.7,50000,2000,,0.00012858398258686066,2.6332680135965347e-05,0.07979616709053516,0.11941087653445595,0.10645264350109307,0.2638327124482898,1.0664607274670403,1275,0.7137254901960784,0.6,0.8490196078431372,0.8,0.745747406679986,0.7800765460545586,0.47029497299543,0.6653729752433248,0.6666666666666666,0.6666666666666666,0.9765610859728505,0.9,0.0
top_100__preCOVID__covid_only,preCOVID,covid_only,dense_jl,20,,1,0.7,50000,2000,,0.00011979229748249054,1.712469384074211e-05,0.08238637493923306,0.10221628755339589,0.08374820537046146,0.2629416593877436,1.0137551836512713,1275,0.7176470588235292,0.4,0.803921568627451,0.7,0.7640335630056647,0.5528647542565924,0.39692166847857185,0.5712733285802764,0.6666666666666666,0.6666666666666666,0.9650678733031673,1.0,0.0
top_100__preCOVID__covid_only,preCOVID,covid_only,dense_jl,20,,2,0.7,50000,2000,,0.00030350033193826675,3.3791642636060715e-05,0.07994266599416733,0.19523723123687484,0.19585369928094898,0.3744105362693803,1.1752879918607861,1275,0.7215686274509804,0.6,0.8666666666666666,0.8,0.6843151721292,0.7761062982907984,0.6199968442644507,0.693472771561483,1.0,1.0,0.9841628959276018,0.8,0.0
top_100__preCOVID__covid_only,preCOVID,covid_only,dense_jl,20,,3,0.7,50000,2000,,0.00013183290138840675,2.712523564696312e-05,0.08822466619312763,0.14451880019914362,0.13255647787825908,0.31587699361444094,1.0520005224349833,1275,0.6745098039215686,0.4,0.7882352941176471,0.7,0.8776490674908556,0.35719385486406424,0.3966683487238291,0.5438370903595829,0.6666666666666666,0.6666666666666666,0.9619004524886877,0.9,0.0
top_100__preCOVID__covid_only,preCOVID,covid_only,dense_jl,20,,4,0.7,50000,2000,,0.00012520793825387955,2.6458874344825745e-05,0.09662137506529689,0.18448201689189475,0.18224907503875365,0.3606362450672038,0.8400269050606658,1275,0.6705882352941176,0.4,0.7294117647058823,0.6,0.87952255022886,0.3373675887443479,0.5747049309404587,0.5971983566378888,0.6666666666666666,0.6666666666666666,0.9443438914027149,0.9,0.0
top_100__preCOVID__covid_only,preCOVID,covid_only,dense_jl,20,,5,0.7,50000,2000,,0.00017841625958681107,3.029080107808113e-05,0.06986741675063968,0.11579221867347063,0.1066764985151889,0.25661486014337603,0.9239580429948019,1275,0.6823529411764705,0.4,0.8019607843137254,0.7,1.0,0.4680834059285663,0.4300013832728235,0.6326949297337966,0.6666666666666666,0.6666666666666666,0.9683257918552035,0.8,0.0
top_100__preCOVID__covid_only,preCOVID,covid_only,dense_jl,20,,6,0.7,50000,2000,,0.00017191609367728233,3.024982288479805e-05,0.0655398340895772,0.13366010610403817,0.11256158272590011,0.326036928202028,1.0496928894830977,1275,0.7137254901960782,0.4,0.8137254901960784,0.7,0.4228926781551677,0.43477609704957315,0.5569569500767522,0.47154190842716437,0.6666666666666666,0.6666666666666666,0.9370135746606335,0.8,0.0
top_100__preCOVID__covid_only,preCOVID,covid_only,dense_jl,20,,7,0.7,50000,2000,,0.00011479109525680542,2.0291656255722046e-05,0.07124012522399426,0.16755318511927297,0.1664258103787608,0.33224485507207363,1.1227684062702947,1275,0.7529411764705882,0.4,0.8137254901960784,0.7,0.9483506384013003,0.5501036627505184,0.4950555648897103,0.6645032886805097,0.6666666666666666,0.6666666666666666,0.9624434389140272,0.9,0.0
top_100__preCOVID__covid_only,preCOVID,covid_only,dense_jl,20,,8,0.7,50000,2000,,0.00012095924466848373,2.0250212401151657e-05,0.08246083371341228,0.08678106680002814,0.06797732364776699,0.23234811133375524,1.0242847043657952,1275,0.7137254901960782,0.4,0.8019607843137254,0.7,0.9489246638792218,0.5393533527527509,0.5475929432871524,0.6786236533063751,0.6666666666666666,0.6666666666666666,0.9699547511312218,0.8,0.0
top_100__preCOVID__covid_only,preCOVID,covid_only,dense_jl,20,,9,0.7,50000,2000,,0.00014175008982419968,4.004174843430519e-05,0.0822228342294693,0.09984339259027965,0.08472487218583091,0.24438448285312267,0.9518787010063341,1275,0.6980392156862746,0.4,0.792156862745098,0.6,0.3549763283674502,0.3952149683721528,0.49249003823792203,0.414227111659175,0.6666666666666666,0.6666666666666666,0.9743891402714931,1.0,0.0
top_100__preCOVID__covid_only,preCOVID,covid_only,dense_jl,20,,10,0.7,50000,2000,,0.000124374870210886,2.133287489414215e-05,0.07811191584914923,0.13916347445870147,0.13690470828010537,0.2831570405740898,0.8887781952774085,1275,0.7019607843137255,0.4,0.7490196078431371,0.6,0.6197300576281468,0.39929101114233556,0.6216001455199947,0.5468737380968257,0.6666666666666666,0.6666666666666666,0.9573755656108597,1.0,0.0
top_100__preCOVID__covid_only,preCOVID,covid_only,dense_jl,20,,11,0.7,50000,2000,,0.00015670806169509888,2.7958769351243973e-05,0.08801362477242947,0.1522995989625533,0.135693488663571,0.3533610042759362,0.9180126650316806,1275,0.6313725490196079,0.4,0.7392156862745097,0.6,0.7605823112578199,0.42552586022907823,0.45366254211852647,0.5465902378684749,0.6666666666666666,0.6666666666666666,0.9400904977375565,0.8,0.0
top_100__preCOVID__covid_only,preCOVID,covid_only,dense_jl,20,,12,0.7,50000,2000,,0.00017791707068681717,2.5582965463399887e-05,0.080656916834414,0.11925106730740834,0.10506677670553854,0.29376855791289264,0.9631103413062448,1275,0.584313725490196,0.4,0.7431372549019609,0.6,0.9522338331818136,0.5831625769554867,0.4367609079787957,0.6573857727053654,0.6666666666666666,0.6666666666666666,0.9517647058823528,0.8,0.0
top_100__preCOVID__covid_only,preCOVID,covid_only,dense_jl,20,,13,0.7,50000,2000,,0.0001154160127043724,1.645786687731743e-05,0.080098666716367,0.13340969655423546,0.12380815454204508,0.28239985518264554,1.0764449780661138,1275,0.7333333333333333,0.4,0.8274509803921568,0.7,0.7238939390124141,0.6394932066349921,0.6355248844557766,0.6663040100343942,1.0,1.0,0.9660633484162896,0.9,0.0
top_100__preCOVID__covid_only,preCOVID,covid_only,dense_jl,20,,14,0.7,50000,2000,,0.0001994171179831028,3.095902502536774e-05,0.0670053749345243,0.09615104066185604,0.08064193315838697,0.24879135080445003,1.0215494535537282,1275,0.7176470588235294,0.6,0.8274509803921568,0.7,0.8565068964223637,0.5339090926894229,0.4693365118755679,0.6199175003291182,1.0,1.0,0.975656108597285,1.0,0.0
top_100__preCOVID__covid_only,preCOVID,covid_only,dense_jl,20,,15,0.7,50000,2000,,0.0005214163102209568,3.866571933031082e-05,0.08501404197886586,0.21025316628799026,0.21324641448708903,0.38310116113159925,0.8029379817898661,1275,0.6235294117647059,0.4,0.7254901960784313,0.6,0.64411715152902,0.7085784866516005,0.3950245215244492,0.5825733865683566,0.6666666666666666,0.6666666666666666,0.9475113122171944,0.9,0.0
top_100__preCOVID__covid_only,preCOVID,covid_only,dense_jl,20,,16,0.7,50000,2000,,0.00012204190716147423,1.8666964024305344e-05,0.0715215839445591,0.11454254594648276,0.09544763708726389,0.29033114733974347,1.0495055436842264,1275,0.6745098039215688,0.4,0.7999999999999999,0.7,0.9264927056700256,0.5351862775316956,0.5012885891319844,0.6543225241112353,0.6666666666666666,0.6666666666666666,0.9718552036199095,0.9,0.0
top_100__preCOVID__covid_only,preCOVID,covid_only,dense_jl,20,,17,0.7,50000,2000,,0.00013870792463421822,2.0333100110292435e-05,0.07516549993306398,0.09902931027170023,0.08425351595118435,0.24967202914569464,0.9774961823009191,1275,0.6588235294117646,0.4,0.8019607843137256,0.7,0.9264927056700256,0.91146858002546,0.4021162942423748,0.7466925266459535,0.6666666666666666,0.6666666666666666,0.9758371040723981,0.9,0.0
top_100__preCOVID__covid_only,preCOVID,covid_only,dense_jl,20,,18,0.7,50000,2000,,0.00014233309775590897,2.0124949514865875e-05,0.07547391671687365,0.09615842407382429,0.07810508542592431,0.24257914020015484,1.0015494141607664,1275,0.6823529411764705,0.4,0.792156862745098,0.7,0.8565068964223637,0.42525404737065803,0.41968660874544395,0.5671491841794886,0.6666666666666666,0.6666666666666666,0.9683257918552035,0.8,0.0
top_100__preCOVID__covid_only,preCOVID,covid_only,dense_jl,20,,19,0.7,50000,2000,,0.00015404121950268745,3.083283081650734e-05,0.07679149974137545,0.10900337677326737,0.09372737572680045,0.25803589085547296,0.953648301103995,1275,0.6627450980392157,0.4,0.8078431372549022,0.7,0.8565068964223637,0.3324090282403606,0.4927273365552266,0.560547753739317,0.6666666666666666,0.6666666666666666,0.9663348416289592,0.9,0.0
top_100__preCOVID__covid_only,preCOVID,covid_only,pca,20,,0,0.7,50000,-1,0.6499607654761066,0.014904167037457228,0.00022766739130020142,0.07719299988821149,0.1537561110292919,0.13181859807114182,0.33724925864210886,0.8462438889707081,1275,0.8470588235294115,0.8,0.9078431372549017,0.8,1.0,0.8831995371374847,0.35914507665127515,0.7474482045962532,0.6666666666666666,0.6666666666666666,0.9867873303167422,1.0,1.0
top_100__preCOVID__covid_only,preCOVID,covid_only,raw,20,,0,0.7,50000,-1,,0.0,2.0908191800117493e-07,0.10228670900687575,0.0,0.0,0.0,1.0,1275,1.0,1.0,1.0,1.0,1.0,1.0,1.0,1.0,1.0,1.0,0.9999999999999999,1.0,
top_100__preCOVID__covid_only,preCOVID,covid_only,sparse_jl,20,3.0,0,0.7,50000,300,,0.006063333246856928,2.0875129848718643e-05,0.07513995794579387,0.1084967618430125,0.10071374449742831,0.23403799233905492,0.9732823925196542,1275,0.6666666666666669,0.4,0.803921568627451,0.7,0.8097982053142723,0.40595889731543017,0.47654463808364705,0.5641005802377832,1.0,1.0,0.9709502262443439,0.8,0.85
top_100__preCOVID__covid_only,preCOVID,covid_only,sparse_jl,20,3.0,1,0.7,50000,300,,0.00311450008302927,1.841643825173378e-05,0.08025491703301668,0.09458749914077516,0.07515395097193611,0.2433992413249382,1.008582526128485,1275,0.7215686274509802,0.4,0.8117647058823527,0.7,0.8565068964223637,0.8490810499544124,0.37937475237250723,0.6949875662497611,0.6666666666666666,0.6666666666666666,0.9795475113122173,0.9,0.85
top_100__preCOVID__covid_only,preCOVID,covid_only,sparse_jl,20,3.0,2,0.7,50000,300,,0.003423874732106924,2.2709369659423828e-05,0.08137449994683266,0.08845197027216871,0.06982242289317275,0.23288891288464497,0.9995238419629414,1275,0.6745098039215688,0.4,0.8196078431372547,0.7,1.0,0.5895178999353069,0.529471226744326,0.706329708893211,0.6666666666666666,0.6666666666666666,0.981628959276018,0.9,0.85
top_100__preCOVID__covid_only,preCOVID,covid_only,sparse_jl,20,3.0,3,0.7,50000,300,,0.00310887536033988,1.7957761883735657e-05,0.09505074983462691,0.09881848040664543,0.0797466158068505,0.2520034913935696,1.0078352456118878,1275,0.7058823529411763,0.6,0.803921568627451,0.6,0.7042263109985956,0.3931271176356383,0.37457699734866595,0.49064347532763325,0.6666666666666666,0.6666666666666666,0.9734841628959275,0.9,0.85
top_100__preCOVID__covid_only,preCOVID,covid_only,sparse_jl,20,3.0,4,0.7,50000,300,,0.003138083964586258,2.0415987819433212e-05,0.10569708282127976,0.15210964028115168,0.13991433553776034,0.34266995995461236,0.9652968332278888,1275,0.5803921568627451,0.4,0.7352941176470589,0.6,0.5726161478468793,0.8075553854762061,0.291514827355842,0.5572287868929758,0.6666666666666666,0.6666666666666666,0.9409954751131221,0.7,0.85
top_100__preCOVID__covid_only,preCOVID,covid_only,sparse_jl,20,3.0,5,0.7,50000,300,,0.0028225420974195004,2.079131081700325e-05,0.07281637517735362,0.10545789633679233,0.09049124301138134,0.26041106720620893,1.053705445047835,1275,0.7176470588235294,0.4,0.8392156862745099,0.7,0.7941134960081477,0.515952924049084,0.43194723508342797,0.5806712183802198,0.6666666666666666,0.6666666666666666,0.9741176470588234,0.9,0.85
top_100__preCOVID__covid_only,preCOVID,covid_only,sparse_jl,20,3.0,6,0.7,50000,300,,0.0026592081412672997,2.037500962615013e-05,0.08127920795232058,0.12130083413893912,0.10367115103412039,0.29617263999565807,1.0667142795822442,1275,0.6509803921568628,0.6,0.7862745098039216,0.7,0.7890660249661603,0.6838264145020796,0.652198545843694,0.7083636617706447,0.6666666666666666,0.6666666666666666,0.9707692307692307,0.9,0.85
top_100__preCOVID__covid_only,preCOVID,covid_only,sparse_jl,20,3.0,7,0.7,50000,300,,0.003970374818891287,3.2084062695503235e-05,0.07045791577547789,0.0999632502307599,0.08270372716268093,0.250770878383001,0.987538893764027,1275,0.7372549019607842,0.4,0.8352941176470589,0.7,0.7631926440244148,0.5347593582887701,0.35895797116269557,0.5523033244919601,1.0,1.0,0.9511312217194571,0.9,0.85
top_100__preCOVID__covid_only,preCOVID,covid_only,sparse_jl,20,3.0,8,0.7,50000,300,,0.003260040655732155,2.1000392735004425e-05,0.07549537485465407,0.10551000331855202,0.08344237993246773,0.2900815774439032,1.014922752660883,1275,0.7215686274509805,0.6,0.7764705882352941,0.7,0.9275980470716801,0.7050603569961713,0.3335812174652077,0.6554132071776864,0.6666666666666666,0.6666666666666666,0.9561990950226243,1.0,0.85
top_100__preCOVID__covid_only,preCOVID,covid_only,sparse_jl,20,3.0,9,0.7,50000,300,,0.003187083639204502,2.3374799638986588e-05,0.07286650035530329,0.1231061949474949,0.11190234700894997,0.2806003793814009,0.93261862658014,1275,0.7254901960784311,0.6,0.7666666666666666,0.6,0.64411715152902,0.5127720404849585,0.31505496545649175,0.4906480524901568,0.6666666666666666,0.6666666666666666,0.973393665158371,0.9,0.85
top_100__preCOVID__covid_only,preCOVID,covid_only,sparse_jl,20,3.0,10,0.7,50000,300,,0.0038010841235518456,1.987488940358162e-05,0.06026904238387942,0.17855703042891224,0.17887821793321557,0.3514520739888643,1.1443934580761175,1275,0.7294117647058824,0.4,0.8215686274509804,0.7,0.9270558678672702,0.4743128272251309,0.4848062496705922,0.6287249815876644,0.6666666666666666,0.6666666666666666,0.9586425339366517,0.9,0.85
top_100__preCOVID__covid_only,preCOVID,covid_only,sparse_jl,20,3.0,11,0.7,50000,300,,0.0034945830702781677,2.4165958166122437e-05,0.08724170783534646,0.1107275590180142,0.09019786770900351,0.2830622417394617,1.0317488291314187,1275,0.6627450980392157,0.4,0.7705882352941177,0.7,0.9062535654069952,0.5082801598927428,0.5307806650177943,0.6484381301058441,0.6666666666666666,0.6666666666666666,0.9590045248868777,0.9,0.85
top_100__preCOVID__covid_only,preCOVID,covid_only,sparse_jl,20,3.0,12,0.7,50000,300,,0.0029433751478791237,3.2207928597927094e-05,0.09134066570550203,0.11404881007346238,0.08624591582944097,0.31719544707247965,1.042901808338993,1275,0.6823529411764705,0.4,0.8019607843137253,0.7,0.6068812834548956,0.40494069045825687,0.6379889562497587,0.5499369767209704,0.6666666666666666,0.6666666666666666,0.9741176470588234,0.9,0.85
top_100__preCOVID__covid_only,preCOVID,covid_only,sparse_jl,20,3.0,13,0.7,50000,300,,0.00330679165199399,2.187490463256836e-05,0.10087370779365301,0.1742660851301276,0.16783343678548046,0.3530952611880406,0.9068508975012043,1275,0.5843137254901961,0.4,0.6862745098039215,0.5,0.44901646304665266,0.28476676962065417,0.4821058858325939,0.4052963728333003,0.6666666666666666,0.6666666666666666,0.899366515837104,0.9,0.85
top_100__preCOVID__covid_only,preCOVID,covid_only,sparse_jl,20,3.0,14,0.7,50000,300,,0.0028897500596940517,1.766672357916832e-05,0.09104033373296261,0.10918487643324436,0.08387601310629056,0.28935650922297845,0.9325672795161287,1275,0.6392156862745099,0.4,0.7823529411764706,0.6,0.6683356208162597,0.5813439591061571,0.6912503115985897,0.6469766305070022,0.6666666666666666,0.6666666666666666,0.9616289592760181,0.9,0.85
top_100__preCOVID__covid_only,preCOVID,covid_only,sparse_jl,20,3.0,15,0.7,50000,300,,0.005416958127170801,2.10409052670002e-05,0.0811282079666853,0.09464405141842826,0.07208997979820309,0.2621227030916648,0.9867580214246159,1275,0.6509803921568628,0.4,0.7960784313725489,0.7,0.6843151721292,0.6375091333483068,0.5919375138671541,0.6379206064482202,0.6666666666666666,0.6666666666666666,0.9555656108597285,1.0,0.85
top_100__preCOVID__covid_only,preCOVID,covid_only,sparse_jl,20,3.0,16,0.7,50000,300,,0.00245850021019578,1.6999896615743637e-05,0.06671604188159108,0.11818577916255898,0.10323029279901152,0.2779510386797302,0.9701431830893856,1275,0.6666666666666666,0.4,0.792156862745098,0.7,0.9264927056700256,0.5779959581815,0.482675447207373,0.6623880370196328,0.6666666666666666,0.6666666666666666,0.9588235294117646,0.9,0.85
top_100__preCOVID__covid_only,preCOVID,covid_only,sparse_jl,20,3.0,17,0.7,50000,300,,0.0035217921249568462,2.0833220332860947e-05,0.07461474975571036,0.1859666172188444,0.1766865381407482,0.3725578498770189,0.8410449519928048,1275,0.6431372549019608,0.4,0.719607843137255,0.5,0.3694135350648095,0.47003425813799593,0.4081833342812429,0.41587704249468277,0.6666666666666666,0.6666666666666666,0.9456108597285069,0.9,0.85
top_100__preCOVID__covid_only,preCOVID,covid_only,sparse_jl,20,3.0,18,0.7,50000,300,,0.006757749710232019,1.8416903913021088e-05,0.06194966705515981,0.13231979332205976,0.11802170005311674,0.30405321686280157,1.0875771339947213,1275,0.7215686274509805,0.6,0.8078431372549019,0.7,0.8779638894931477,0.44066591736553407,0.5924908424908425,0.6370402164498414,1.0,1.0,0.9755656108597284,0.9,0.85
top_100__preCOVID__covid_only,preCOVID,covid_only,sparse_jl,20,3.0,19,0.7,50000,300,,0.002932082861661911,2.308376133441925e-05,0.070934749674052,0.16727952064079246,0.16392575041335744,0.3366144603442702,0.8712297997408761,1275,0.5647058823529412,0.4,0.7058823529411765,0.6,0.6656523595309188,0.3076960259085306,0.42029471612888797,0.46454770052277916,0.6666666666666666,0.6666666666666666,0.9489592760180994,0.9,0.85
top_100__preCOVID__post_covid,preCOVID,post_covid,crashsketch_R,20,3.0,0,0.7,50000,300,,0.005478249862790108,0.0006513330154120922,0.6226904173381627,0.12422791523378966,0.10611857842487665,0.30071113863497795,0.9701606705688204,50000,0.17957446808510638,0.0,0.22417021276595747,0.1,0.5081042140696481,0.27886720322846154,0.2683956682964642,0.35178902853152466,0.7966101694915254,0.7966101694915254,0.882476467625,0.6,0.85
top_100__preCOVID__post_covid,preCOVID,post_covid,crashsketch_R,20,3.0,1,0.7,50000,300,,0.0071460409089922905,0.0010936670005321503,0.579685416072607,0.1320016008350592,0.11346827028331241,0.31884187800632846,1.0353575213575505,50000,0.1926808510638298,0.0,0.2468936170212766,0.1,0.6199954940855793,0.3141313969989992,0.3151831235519902,0.41643667154552294,0.7966101694915254,0.7966101694915254,0.9091222840218042,0.8,0.85
top_100__preCOVID__post_covid,preCOVID,post_covid,crashsketch_R,20,3.0,2,0.7,50000,300,,0.005984833929687738,0.0007640831172466278,0.8280326253734529,0.12039009918683223,0.10327275031712019,0.2921782251495456,0.9897604623186315,50000,0.18093617021276598,0.0,0.23974468085106387,0.1,0.46018398573462854,0.2569786034124888,0.2587378440610312,0.3253001444027162,0.7288135593220338,0.7288135593220338,0.9015134396213813,0.7,0.85
top_100__preCOVID__post_covid,preCOVID,post_covid,crashsketch_R,20,3.0,3,0.7,50000,300,,0.005132374819368124,0.0010697920806705952,1.1902547497302294,0.11459801680624268,0.09724691782157935,0.27870090817241755,0.9712834949954859,50000,0.1930212765957447,0.0,0.24740425531914892,0.1,0.5720837740030272,0.2184279638799456,0.2619811359282675,0.3508309579370801,0.7796610169491526,0.7796610169491526,0.9102833871233803,0.8,0.85
top_100__preCOVID__post_covid,preCOVID,post_covid,crashsketch_R,20,3.0,4,0.7,50000,300,,0.004328624811023474,0.0006187912076711655,1.1341320830397308,0.12040271251703416,0.10275854406775609,0.29243036495356145,0.9804260340327611,50000,0.1766808510638298,0.0,0.2366808510638298,0.1,0.6146471289858124,0.3632957942403611,0.22520375320773117,0.4010488921446349,0.7966101694915254,0.7966101694915254,0.893218282057105,0.7,0.85
top_100__preCOVID__post_covid,preCOVID,post_covid,crashsketch_R,20,3.0,5,0.7,50000,300,,0.004950082860887051,0.0004663746803998947,0.788275791797787,0.12159912139521571,0.10406632770017638,0.29498961078546354,0.9600156091947947,50000,0.17600000000000002,0.0,0.23310638297872344,0.1,0.5986510997475281,0.24657025016070988,0.18410296980368795,0.343108106570642,0.7457627118644068,0.7457627118644068,0.8870798255146055,0.7,0.85
top_100__preCOVID__post_covid,preCOVID,post_covid,crashsketch_R,20,3.0,6,0.7,50000,300,,0.006227375008165836,0.0005241250619292259,1.034022165928036,0.13166895346978508,0.10870791284883352,0.33384709133091606,1.0409349741526053,50000,0.2170212765957447,0.0,0.26987234042553193,0.1,0.4619020674945435,0.2679404424440775,0.28571245829766734,0.3385183227454294,0.7288135593220338,0.7288135593220338,0.9016191679470005,0.8,0.85
top_100__preCOVID__post_covid,preCOVID,post_covid,crashsketch_R,20,3.0,7,0.7,50000,300,,0.002896625082939863,0.00044116610661149025,0.4655911666341126,0.11762236172340193,0.10096113778042937,0.28249701213646916,0.9545219632067481,50000,0.18723404255319148,0.0,0.24289361702127657,0.1,0.4432001779368518,0.21326889910313743,0.22577544967489013,0.2940815089049598,0.7627118644067796,0.7627118644067796,0.903905297955929,0.9,0.85
top_100__preCOVID__post_covid,preCOVID,post_covid,crashsketch_R,20,3.0,8,0.7,50000,300,,0.005635625217109919,0.0012599998153746128,1.2957339589484036,0.12795075182898544,0.10932059853705745,0.31056165165433913,0.9485233152198538,50000,0.16187234042553192,0.0,0.2096170212765958,0.0,0.4881821681655303,0.24237438877259243,0.21249159268602044,0.31434938320804773,0.711864406779661,0.711864406779661,0.8840835707221378,0.6,0.85
top_100__preCOVID__post_covid,preCOVID,post_covid,crashsketch_R,20,3.0,9,0.7,50000,300,,0.0058136251755058765,0.0008764578960835934,0.8002545419149101,0.12269686926348765,0.10368983675201804,0.3024376517021106,0.9987238675968629,50000,0.18706382978723404,0.0,0.2282553191489362,0.1,0.5508939072035527,0.29016203990333833,0.22898490623674067,0.3566802844478772,0.7966101694915254,0.7966101694915254,0.8949497544496069,0.7,0.85
top_100__preCOVID__post_covid,preCOVID,post_covid,crashsketch_R,20,3.0,10,0.7,50000,300,,0.004100665915757418,0.001542458776384592,0.8688997905701399,0.12334334209237928,0.10484362187976715,0.29894857326320196,0.9484663712764348,50000,0.17446808510638298,0.0,0.22068085106382979,0.0,0.5305470808812108,0.277004250117158,0.17588702434024522,0.3278127851128714,0.7627118644067796,0.7627118644067796,0.8850743234696469,0.7,0.85
top_100__preCOVID__post_covid,preCOVID,post_covid,crashsketch_R,20,3.0,11,0.7,50000,300,,0.006466874852776527,0.006034750025719404,0.9332173750735819,0.13938401932769082,0.12090891504183932,0.33188594349157824,1.0541745103294764,50000,0.19387234042553192,0.0,0.2530212765957447,0.1,0.6841051757476012,0.28909799223566157,0.28750209557879836,0.4202350878540204,0.7966101694915254,0.7966101694915254,0.9057748762631662,0.8,0.85
top_100__preCOVID__post_covid,preCOVID,post_covid,crashsketch_R,20,3.0,12,0.7,50000,300,,0.011506209149956703,0.0012693749740719795,0.6812807498499751,0.11756589300537637,0.10125900385192799,0.28296320581480583,0.9515108577797388,50000,0.17957446808510638,0.0,0.22893617021276597,0.1,0.517425563382633,0.2774854576871285,0.24806105482417512,0.34765735863131225,0.7627118644067796,0.7627118644067796,0.9037562959505454,0.8,0.85
top_100__preCOVID__post_covid,preCOVID,post_covid,crashsketch_R,20,3.0,13,0.7,50000,300,,0.019015791825950146,0.003979917149990797,0.868865208234638,0.12597891770736722,0.10771380160524185,0.30359823862338825,0.9554111180369437,50000,0.1708936170212766,0.0,0.21897872340425534,0.0,0.46142255674946253,0.267533327463086,0.19343915453420987,0.30746501291558614,0.7457627118644068,0.7457627118644068,0.8848992241066206,0.6,0.85
top_100__preCOVID__post_covid,preCOVID,post_covid,crashsketch_R,20,3.0,14,0.7,50000,300,,0.004309792071580887,0.0008589173667132854,1.4572510831058025,0.125659487436133,0.10858801406457325,0.3019709921386297,1.0099225290601426,50000,0.18961702127659574,0.0,0.2330212765957447,0.1,0.6646396739214125,0.37359239563831226,0.21609054148597248,0.41810753701523246,0.6949152542372882,0.6949152542372882,0.8963759439764887,0.8,0.85
top_100__preCOVID__post_covid,preCOVID,post_covid,crashsketch_R,20,3.0,15,0.7,50000,300,,0.008244332857429981,0.0010412922129034996,0.9958099997602403,0.13052443846091277,0.11384951378760128,0.3081299543806437,0.9467100588433505,50000,0.15897872340425534,0.0,0.21140425531914891,0.0,0.3534546588910224,0.2842509861982946,0.16790462106299692,0.26853675538410465,0.7796610169491526,0.7796610169491526,0.8792848599079344,0.8,0.85
top_100__preCOVID__post_covid,preCOVID,post_covid,crashsketch_R,20,3.0,16,0.7,50000,300,,0.0034057917073369026,0.0006425408646464348,0.7828347496688366,0.11375905284019638,0.09672230886731215,0.27788693043180757,1.006683778345392,50000,0.20663829787234042,0.0,0.26059574468085106,0.1,0.571448279777155,0.2652362383028524,0.2761604175484996,0.370948311876169,0.711864406779661,0.711864406779661,0.9118733582816576,0.8,0.85
top_100__preCOVID__post_covid,preCOVID,post_covid,crashsketch_R,20,3.0,17,0.7,50000,300,,0.0030214167200028896,0.0004148753359913826,0.8703149580396712,0.1148540649618758,0.09702701474730863,0.2820973594261737,0.9860527060230413,50000,0.18808510638297873,0.0,0.24417021276595743,0.1,0.5219868410569009,0.3467053512576558,0.31046732644047337,0.3930531729183433,0.6610169491525424,0.6610169491525424,0.9046505446935743,0.6,0.85
top_100__preCOVID__post_covid,preCOVID,post_covid,crashsketch_R,20,3.0,18,0.7,50000,300,,0.003646917175501585,0.0004915422759950161,0.5671546249650419,0.11254569682406305,0.09357726933270927,0.2815257209232742,0.9851808764124398,50000,0.19727659574468087,0.0,0.2457021276595745,0.1,0.5533161461573983,0.4545246409080561,0.2692181378770269,0.42568630831416043,0.7288135593220338,0.7288135593220338,0.9131823464098751,0.9,0.85
top_100__preCOVID__post_covid,preCOVID,post_covid,crashsketch_R,20,3.0,19,0.7,50000,300,,0.004349166061729193,0.0010915407910943031,0.4814466671086848,0.11913868627678006,0.10239398552680207,0.2860425663615182,0.9634271011316201,50000,0.19574468085106383,0.0,0.2445106382978723,0.1,0.51119526065723,0.2477982103360161,0.22725935794958457,0.3287509429809436,0.7288135593220338,0.7288135593220338,0.9062824950198282,0.8,0.85
top_100__preCOVID__post_covid,preCOVID,post_covid,crashsketch_R_1bit,20,3.0,0,0.7,50000,300,,0.005752290599048138,0.0040886253118515015,0.7721280418336391,0.9135444519060785,0.9157065832343266,0.949789030965178,0.08645554809392157,50000,0.04425531914893617,0.0,0.06314893617021275,0.0,0.14620313491447506,0.21135877612827386,0.16220484106703545,0.1732555840365948,0.01694915254237288,0.01694915254237288,0.09392405728103703,0.0,0.85
top_100__preCOVID__post_covid,preCOVID,post_covid,crashsketch_R_1bit,20,3.0,1,0.7,50000,300,,0.00727091683074832,0.0012763328850269318,1.0733717922121286,0.9136222738305955,0.9158089166313201,0.9495271100548135,0.08637772616940452,50000,0.03880851063829787,0.0,0.059574468085106386,0.0,0.17107056340014506,0.19755310428024822,0.14695274449797677,0.17185880405945667,0.01694915254237288,0.01694915254237288,0.09392405728103703,0.0,0.85
top_100__preCOVID__post_covid,preCOVID,post_covid,crashsketch_R_1bit,20,3.0,2,0.7,50000,300,,0.007203750312328339,0.0015569580718874931,1.2641877923160791,0.9134134022941941,0.9156575369899416,0.9493618149700679,0.08658659770580587,50000,0.04629787234042553,0.0,0.07140425531914894,0.0,0.12301416036862751,0.22461766681186957,0.17979971445702841,0.17581051387917515,0.01694915254237288,0.01694915254237288,0.09392405728103703,0.0,0.85
top_100__preCOVID__post_covid,preCOVID,post_covid,crashsketch_R_1bit,20,3.0,3,0.7,50000,300,,0.012221666984260082,0.0008569583296775818,1.0217359592206776,0.9135522614449099,0.915772233297822,0.9492492870959478,0.08644773855509022,50000,0.044085106382978724,0.0,0.06663829787234044,0.0,0.13133332346943494,0.2361577003104477,0.16001261079809218,0.17583454485932493,0.01694915254237288,0.01694915254237288,0.09392405728103703,0.0,0.85
top_100__preCOVID__post_covid,preCOVID,post_covid,crashsketch_R_1bit,20,3.0,4,0.7,50000,300,,0.004606917034834623,0.0008839997462928295,0.5409224578179419,0.9133138049931718,0.9154910222883432,0.9494883987469018,0.08668619500682814,50000,0.0403404255319149,0.0,0.06161702127659575,0.0,0.1616654201468171,0.155363726314131,0.11816867180930347,0.1450659394234172,0.01694915254237288,0.01694915254237288,0.09392405728103703,0.0,0.85
top_100__preCOVID__post_covid,preCOVID,post_covid,crashsketch_R_1bit,20,3.0,5,0.7,50000,300,,0.00562491687014699,0.0012568328529596329,0.7557846247218549,0.9135206258680476,0.9157578123807609,0.9492196087087461,0.08647937413195234,50000,0.044936170212765955,0.0,0.06774468085106383,0.0,0.14226724482113542,0.1950366484227715,0.1327911847014116,0.15669835931510617,0.01694915254237288,0.01694915254237288,0.09392405728103703,0.0,0.85
top_100__preCOVID__post_covid,preCOVID,post_covid,crashsketch_R_1bit,20,3.0,6,0.7,50000,300,,0.006882707588374615,0.001085540745407343,0.5667892498895526,0.9132468115370512,0.9154811862878924,0.949007057956936,0.08675318846294872,50000,0.05463829787234043,0.0,0.0745531914893617,0.0,0.12367535168212879,0.24395472911757735,0.1400491820504796,0.1692264209500619,0.01694915254237288,0.01694915254237288,0.09392405728103703,0.0,0.85
top_100__preCOVID__post_covid,preCOVID,post_covid,crashsketch_R_1bit,20,3.0,7,0.7,50000,300,,0.004202915821224451,0.0007663331925868988,0.5256114578805864,0.9132033733259441,0.915458440290032,0.9490443387757982,0.0867966266740559,50000,0.04306382978723405,0.0,0.06646808510638297,0.0,0.14429310550881164,0.19145752108811276,0.13026521095502117,0.15533861251731518,0.01694915254237288,0.01694915254237288,0.09392405728103703,0.0,0.85
top_100__preCOVID__post_covid,preCOVID,post_covid,crashsketch_R_1bit,20,3.0,8,0.7,50000,300,,0.006855915766209364,0.0014987080357968807,0.5958508751355112,0.9133972000319547,0.9154885851674213,0.9495718784300603,0.08660279996804529,50000,0.03863829787234043,0.0,0.05940425531914893,0.0,0.14671852981042055,0.19816386049803514,0.13827623648099763,0.16105287559648443,0.01694915254237288,0.01694915254237288,0.09392405728103703,0.0,0.85
top_100__preCOVID__post_covid,preCOVID,post_covid,crashsketch_R_1bit,20,3.0,9,0.7,50000,300,,0.0076127080246806145,0.0011382498778402805,0.6393306250683963,0.9134806607061907,0.9158201011314725,0.9493456568751887,0.08651933929380941,50000,0.04459574468085107,0.0,0.062127659574468086,0.0,0.13414141591126885,0.22656241127200785,0.15588887645076202,0.1721975678780129,0.01694915254237288,0.01694915254237288,0.09392405728103703,0.0,0.85
top_100__preCOVID__post_covid,preCOVID,post_covid,crashsketch_R_1bit,20,3.0,10,0.7,50000,300,,0.008716792333871126,0.0008930410258471966,0.5657860422506928,0.913333412931212,0.9155914400741891,0.9495666303705615,0.0866665870687881,50000,0.04119148936170213,0.0,0.05974468085106383,0.0,0.14587450805969954,0.14082911157794248,0.10661749292148402,0.13110703751970867,0.01694915254237288,0.01694915254237288,0.09392405728103703,0.0,0.85
top_100__preCOVID__post_covid,preCOVID,post_covid,crashsketch_R_1bit,20,3.0,11,0.7,50000,300,,0.011329999659210443,0.0008580000139772892,0.524465249851346,0.9136572819756108,0.915666445589791,0.9491825883733346,0.08634271802438921,50000,0.04476595744680851,0.0,0.06638297872340425,0.0,0.16808075167918546,0.18366027696148768,0.1888461610946442,0.18019572991177246,0.01694915254237288,0.01694915254237288,0.09392405728103703,0.0,0.85
top_100__preCOVID__post_covid,preCOVID,post_covid,crashsketch_R_1bit,20,3.0,12,0.7,50000,300,,0.0050722090527415276,0.0007962081581354141,0.8869973341934383,0.9131754947909787,0.915374342890034,0.9491918323122277,0.08682450520902127,50000,0.046468085106382985,0.0,0.0651063829787234,0.0,0.18128871880739153,0.21630174280250575,0.15345976679042542,0.18368340946677422,0.01694915254237288,0.01694915254237288,0.09392405728103703,0.0,0.85
top_100__preCOVID__post_covid,preCOVID,post_covid,crashsketch_R_1bit,20,3.0,13,0.7,50000,300,,0.005618459079414606,0.0008360827341675758,0.7214998751878738,0.9134786493687616,0.9155345281715473,0.9501040098454705,0.0865213506312384,50000,0.038978723404255324,0.0,0.05906382978723405,0.0,0.1382797534346658,0.19743420932593184,0.11957358024780859,0.1517625143361354,0.01694915254237288,0.01694915254237288,0.09392405728103703,0.0,0.85
top_100__preCOVID__post_covid,preCOVID,post_covid,crashsketch_R_1bit,20,3.0,14,0.7,50000,300,,0.005411291029304266,0.000832041259855032,0.8205389580689371,0.9137042052657125,0.9158469980451467,0.9499226850143742,0.08629579473428733,50000,0.039829787234042555,0.0,0.06272340425531917,0.0,0.19618546793849923,0.22597100241684068,0.13395349999345935,0.18536999011626643,0.01694915254237288,0.01694915254237288,0.09392405728103703,0.0,0.85
top_100__preCOVID__post_covid,preCOVID,post_covid,crashsketch_R_1bit,20,3.0,15,0.7,50000,300,,0.004306375049054623,0.0008079172112047672,0.9558229162357748,0.9131462394709867,0.915419298698771,0.9496989348524828,0.08685376052901313,50000,0.03880851063829787,0.0,0.057957446808510636,0.0,0.12936584484088104,0.13529425428217462,0.09835312444316757,0.12100440785540774,0.01694915254237288,0.01694915254237288,0.09392405728103703,0.0,0.85
top_100__preCOVID__post_covid,preCOVID,post_covid,crashsketch_R_1bit,20,3.0,16,0.7,50000,300,,0.004640375263988972,0.0008086669258773327,0.8763489159755409,0.913631992650397,0.9156266932428297,0.9495413506128447,0.08636800734960283,50000,0.04204255319148937,0.0,0.06604255319148936,0.0,0.15243772238576894,0.23732868915120736,0.1393506984569598,0.1763723699979787,0.01694915254237288,0.01694915254237288,0.09392405728103703,0.0,0.85
top_100__preCOVID__post_covid,preCOVID,post_covid,crashsketch_R_1bit,20,3.0,17,0.7,50000,300,,0.005064625293016434,0.000508416909724474,0.37099608313292265,0.9134418421740192,0.9159057113941604,0.949305409767813,0.08655815782598074,50000,0.03914893617021276,0.0,0.06527659574468084,0.0,0.13204346075168602,0.21214247128503247,0.1590828760296672,0.16775626935546187,0.01694915254237288,0.01694915254237288,0.09392405728103703,0.0,0.85
top_100__preCOVID__post_covid,preCOVID,post_covid,crashsketch_R_1bit,20,3.0,18,0.7,50000,300,,0.013145250268280506,0.001304249744862318,0.626732415985316,0.9134234789268543,0.9155703648335394,0.9494456147631299,0.08657652107314574,50000,0.04340425531914894,0.0,0.06527659574468085,0.0,0.1468588916784995,0.2117278640129704,0.14098481342420413,0.16652385637189135,0.01694915254237288,0.01694915254237288,0.09392405728103703,0.0,0.85
top_100__preCOVID__post_covid,preCOVID,post_covid,crashsketch_R_1bit,20,3.0,19,0.7,50000,300,,0.005132125224918127,0.0009602499194443226,0.8300215001218021,0.9133206374891841,0.9154851685630081,0.9497711355950198,0.08667936251081595,50000,0.0483404255319149,0.0,0.06842553191489362,0.0,0.11792838582022798,0.139681940690434,0.1273750529981733,0.1283284598362784,0.01694915254237288,0.01694915254237288,0.09392405728103703,0.0,0.85
top_100__preCOVID__post_covid,preCOVID,post_covid,crashsketch_R_int8,20,3.0,0,0.7,50000,300,,0.004819166846573353,0.0008911658078432083,0.5794222909025848,0.1682521087420984,0.1515810283410054,0.38119480712048315,0.8650654286382508,50000,0.16561702127659575,0.0,0.21480851063829787,0.1,0.4302390120305721,0.2566254920642362,0.27132268536872356,0.3193957298211773,0.6779661016949152,0.6779661016949152,0.8635706555629611,0.3,0.85
top_100__preCOVID__post_covid,preCOVID,post_covid,crashsketch_R_int8,20,3.0,1,0.7,50000,300,,0.006205666810274124,0.001001209020614624,0.8984649581834674,0.14257780255629646,0.12168372667089311,0.34665196407105103,0.9157540687963323,50000,0.17191489361702128,0.0,0.22936170212765958,0.1,0.5242805834974962,0.30477959223095175,0.24265701618075539,0.3572390639697344,0.6440677966101694,0.6440677966101694,0.8861681711359379,0.6,0.85
top_100__preCOVID__post_covid,preCOVID,post_covid,crashsketch_R_int8,20,3.0,2,0.7,50000,300,,0.004372083116322756,0.0008832081221044064,0.661617917008698,0.15920752364448362,0.1404997497627134,0.36696841901055904,0.8737887967452229,50000,0.1676595744680851,0.0,0.22595744680851063,0.1,0.29411026259111783,0.24485741763272575,0.2052445429731091,0.24807074106565088,0.6101694915254238,0.6101694915254238,0.8914085619749368,0.5,0.85
top_100__preCOVID__post_covid,preCOVID,post_covid,crashsketch_R_int8,20,3.0,3,0.7,50000,300,,0.016557292081415653,0.0022561252117156982,0.6845497079193592,0.16342277450758652,0.14592976185860485,0.3721424260089571,0.8625588557666345,50000,0.17038297872340424,0.0,0.2296170212765957,0.1,0.4710684169127904,0.2672692914099124,0.2680041955803507,0.3354473013010178,0.6440677966101694,0.6440677966101694,0.8942501189101543,0.6,0.85
top_100__preCOVID__post_covid,preCOVID,post_covid,crashsketch_R_int8,20,3.0,4,0.7,50000,300,,0.0065077501349151134,0.003595708403736353,0.7073630420491099,0.16137561534394512,0.14243306653889531,0.3724688255035176,0.8741369922666764,50000,0.16034042553191488,0.0,0.21608510638297876,0.0,0.5073708895726173,0.2755690668481114,0.19209308606606018,0.3250110141622629,0.6440677966101694,0.6440677966101694,0.8670162612872181,0.7,0.85
top_100__preCOVID__post_covid,preCOVID,post_covid,crashsketch_R_int8,20,3.0,5,0.7,50000,300,,0.00601520761847496,0.008023667149245739,0.7975597912445664,0.16671336478220858,0.15091158604098265,0.3743887049335624,0.8615756451372792,50000,0.16170212765957448,0.0,0.21846808510638302,0.1,0.5695712043461175,0.2751249371834012,0.20080682875527894,0.3485009900949325,0.6610169491525424,0.6610169491525424,0.873470615691998,0.5,0.85
top_100__preCOVID__post_covid,preCOVID,post_covid,crashsketch_R_int8,20,3.0,6,0.7,50000,300,,0.0057814172469079494,0.001605417113751173,0.8360315831378102,0.14280571905606826,0.12256211576883519,0.34377493972754236,0.9185296300743695,50000,0.19608510638297874,0.0,0.2484255319148936,0.1,0.4024435132706983,0.2781476389565712,0.2581813891857311,0.3129241804710002,0.6610169491525424,0.6610169491525424,0.8798613318972882,0.2,0.85
top_100__preCOVID__post_covid,preCOVID,post_covid,crashsketch_R_int8,20,3.0,7,0.7,50000,300,,0.007965582888573408,0.0018847081810235977,0.8354304167442024,0.17015130226202688,0.154921446816016,0.3794215323352469,0.8519766797786308,50000,0.17702127659574468,0.0,0.22808510638297871,0.1,0.2777403624892791,0.2982865810889195,0.19630177301099014,0.2574429055297296,0.6101694915254238,0.6101694915254238,0.8904203168816913,0.6,0.85
top_100__preCOVID__post_covid,preCOVID,post_covid,crashsketch_R_int8,20,3.0,8,0.7,50000,300,,0.006073334254324436,0.0034913327544927597,0.6761501668952405,0.1659476754085067,0.14878131307335873,0.3758691406536653,0.864077854425553,50000,0.14995744680851064,0.0,0.19710638297872343,0.0,0.44158630234362867,0.21536998117134315,0.1878133870347522,0.2815898901832414,0.6949152542372882,0.6949152542372882,0.8677091875570047,0.5,0.85
top_100__preCOVID__post_covid,preCOVID,post_covid,crashsketch_R_int8,20,3.0,9,0.7,50000,300,,0.007061040960252285,0.0039035826921463013,0.7493121661245823,0.15735508717240232,0.1375156949714048,0.36779781112823645,0.8816362325353625,50000,0.1657872340425532,0.0,0.20782978723404255,0.1,0.4351693536328045,0.3182639603251489,0.21713356314532584,0.32352229236775976,0.6271186440677966,0.6271186440677966,0.8744328152080725,0.4,0.85
top_100__preCOVID__post_covid,preCOVID,post_covid,crashsketch_R_int8,20,3.0,10,0.7,50000,300,,0.006819458212703466,0.0028646248392760754,0.6813288750126958,0.17435255875526723,0.15794922653725912,0.3878125192765461,0.8515635217556701,50000,0.15846808510638297,0.0,0.20774468085106385,0.0,0.44312529754573565,0.2227341567743091,0.15089701742329892,0.27225215724778123,0.6779661016949152,0.6779661016949152,0.8689599966268723,0.4,0.85
top_100__preCOVID__post_covid,preCOVID,post_covid,crashsketch_R_int8,20,3.0,11,0.7,50000,300,,0.006705249659717083,0.002126332838088274,0.5651849578134716,0.13782844986156803,0.11607368542733909,0.33632075498516634,0.944532502785497,50000,0.17361702127659576,0.0,0.23540425531914896,0.1,0.6298409382008223,0.287412244715294,0.2539070112939923,0.39038673140336955,0.6779661016949152,0.6779661016949152,0.8747183401252053,0.5,0.85
top_100__preCOVID__post_covid,preCOVID,post_covid,crashsketch_R_int8,20,3.0,12,0.7,50000,300,,0.008105624932795763,0.0033972500823438168,0.7493662498891354,0.17364026431017882,0.15832906013899234,0.3839874537881388,0.847824504213967,50000,0.16663829787234044,0.0,0.21472340425531916,0.0,0.45882179034720627,0.24813834570689827,0.23256011897264656,0.3131734183422504,0.6440677966101694,0.6440677966101694,0.8877297887874568,0.4,0.85
top_100__preCOVID__post_covid,preCOVID,post_covid,crashsketch_R_int8,20,3.0,13,0.7,50000,300,,0.00853712484240532,0.0019156252965331078,0.7531832498498261,0.16762338814216632,0.14964367524421873,0.38355465225559277,0.8619208817758661,50000,0.16034042553191488,0.0,0.2076595744680851,0.0,0.4307899810171877,0.3327039391648542,0.19438655076132272,0.31929349031445486,0.6949152542372882,0.6949152542372882,0.8679074179963769,0.7,0.85
top_100__preCOVID__post_covid,preCOVID,post_covid,crashsketch_R_int8,20,3.0,14,0.7,50000,300,,0.0058999997563660145,0.0007483749650418758,0.6595128341577947,0.14309192097609633,0.1216970375561881,0.3450088558197374,0.9126951222884236,50000,0.17446808510638298,0.0,0.21804255319148935,0.0,0.5981478484860798,0.2658629585469753,0.206056369790124,0.3566890589410597,0.6271186440677966,0.6271186440677966,0.8756017445580574,0.3,0.85
top_100__preCOVID__post_covid,preCOVID,post_covid,crashsketch_R_int8,20,3.0,15,0.7,50000,300,,0.008545833174139261,0.010221750009804964,0.7036665002815425,0.17953013707113097,0.16508747863200052,0.39332286527729043,0.8455783162567524,50000,0.1458723404255319,0.0,0.1992340425531915,0.0,0.3054234800138485,0.25631836947417075,0.18297211351622397,0.2482379876680811,0.6779661016949152,0.6779661016949152,0.8624674430285362,0.7,0.85
top_100__preCOVID__post_covid,preCOVID,post_covid,crashsketch_R_int8,20,3.0,16,0.7,50000,300,,0.005980874877423048,0.0011422918178141117,0.7200527498498559,0.14672316296282636,0.12456327568400788,0.35415288184381855,0.8899384948753889,50000,0.18621276595744682,0.0,0.23855319148936177,0.1,0.4989682201821214,0.2600551121492641,0.2667665816335009,0.34192997132162883,0.6779661016949152,0.6779661016949152,0.8940363395349079,0.2,0.85
top_100__preCOVID__post_covid,preCOVID,post_covid,crashsketch_R_int8,20,3.0,17,0.7,50000,300,,0.006380999926477671,0.0008020419627428055,0.7143770423717797,0.15435625413606088,0.1351790101726863,0.3623170534807977,0.8798937906917124,50000,0.17055319148936168,0.0,0.22817021276595742,0.1,0.45807290642881915,0.29232762266797996,0.2240641981861805,0.3248215757609932,0.5932203389830508,0.5932203389830508,0.8880749943966134,0.5,0.85
top_100__preCOVID__post_covid,preCOVID,post_covid,crashsketch_R_int8,20,3.0,18,0.7,50000,300,,0.00445758318528533,0.0006855842657387257,1.3493128339760005,0.15931356316726494,0.1411604869826401,0.3650696812453966,0.8679700667170128,50000,0.1734468085106383,0.0,0.22561702127659577,0.1,0.3922404842134442,0.28190869786020767,0.22183303047067462,0.29866073751477545,0.711864406779661,0.711864406779661,0.8973473900053334,0.6,0.85
top_100__preCOVID__post_covid,preCOVID,post_covid,crashsketch_R_int8,20,3.0,19,0.7,50000,300,,0.007094291970133781,0.0012769168242812157,2.5224013747647405,0.1724325547704277,0.1566735391062134,0.3835229104705598,0.8505497997353396,50000,0.17974468085106382,0.0,0.22476595744680852,0.1,0.21726926441149208,0.29675684121385004,0.2612777965009321,0.2584346340420914,0.6779661016949152,0.6779661016949152,0.8939538532437877,0.5,0.85
top_100__preCOVID__post_covid,preCOVID,post_covid,crashsketch_R_normsign,20,3.0,0,0.7,50000,300,,0.004850666970014572,0.0008922922424972057,0.4725848329253495,0.13096269850058168,0.11173828532567043,0.3180370645586838,0.9801143424103332,50000,0.09600000000000002,0.0,0.13387234042553192,0.0,0.3376826034586797,0.21923934147587945,0.16108502976390524,0.23933565823282146,0.7966101694915254,0.7966101694915254,0.882476467625,0.6,0.85
top_100__preCOVID__post_covid,preCOVID,post_covid,crashsketch_R_normsign,20,3.0,1,0.7,50000,300,,0.007554959040135145,0.0007928330451250076,0.44900479074567556,0.13990425856163652,0.11673733567899003,0.3460026076890031,1.0499951755932642,50000,0.09429787234042553,0.0,0.1377872340425532,0.0,0.5696241158894184,0.2312669649312176,0.27358584607453695,0.3581589756317243,0.7966101694915254,0.7966101694915254,0.9091222840218042,0.8,0.85
top_100__preCOVID__post_covid,preCOVID,post_covid,crashsketch_R_normsign,20,3.0,2,0.7,50000,300,,0.005350208375602961,0.0009097503498196602,0.5413724579848349,0.126186824571618,0.10665898410432118,0.3072600119689914,0.9962857816970911,50000,0.09463829787234043,0.0,0.14178723404255322,0.0,0.20633033511162813,0.2312960982685417,0.26408778822735124,0.23390474053584034,0.7288135593220338,0.7288135593220338,0.9015134396213813,0.7,0.85
top_100__preCOVID__post_covid,preCOVID,post_covid,crashsketch_R_normsign,20,3.0,3,0.7,50000,300,,0.009843708015978336,0.001240250188857317,0.5014957077801228,0.1220153655032538,0.10384372546084525,0.29917831893493635,0.9798843945225586,50000,0.09770212765957448,0.0,0.1444255319148936,0.0,0.4721997439624919,0.19640320093548147,0.19837949230355956,0.2889941457338443,0.7796610169491526,0.7796610169491526,0.9102833871233803,0.8,0.85
top_100__preCOVID__post_covid,preCOVID,post_covid,crashsketch_R_normsign,20,3.0,4,0.7,50000,300,,0.008409583009779453,0.0014745420776307583,0.6913891672156751,0.12749267695999467,0.10729045934668596,0.3136006381395232,0.9899624454878619,50000,0.0876595744680851,0.0,0.13446808510638297,0.0,0.5391380276041243,0.23126301057575877,0.18689029813278393,0.31909711210422237,0.7966101694915254,0.7966101694915254,0.893218282057105,0.7,0.85
top_100__preCOVID__post_covid,preCOVID,post_covid,crashsketch_R_normsign,20,3.0,5,0.7,50000,300,,0.005885874852538109,0.0018919999711215496,0.7881395420990884,0.12748457128812937,0.10956639022176407,0.30751084168582493,0.9664942095934778,50000,0.09582978723404256,0.0,0.1407659574468085,0.0,0.5402796502802815,0.19591898395166069,0.17172747227132157,0.3026420355010879,0.7457627118644068,0.7457627118644068,0.8870798255146055,0.7,0.85
top_100__preCOVID__post_covid,preCOVID,post_covid,crashsketch_R_normsign,20,3.0,6,0.7,50000,300,,0.009439915884286165,0.0007773330435156822,0.6312136249616742,0.14303970377257247,0.11613692072356663,0.3662100784025008,1.0560798020924893,50000,0.10995744680851063,0.0,0.15259574468085108,0.0,0.4073327676225308,0.2902378101544702,0.1887860374482999,0.2954522050751003,0.7288135593220338,0.7288135593220338,0.9016191679470005,0.8,0.85
top_100__preCOVID__post_covid,preCOVID,post_covid,crashsketch_R_normsign,20,3.0,7,0.7,50000,300,,0.004554917104542255,0.0011140410788357258,0.7171624582260847,0.1256803691923618,0.10752293418831443,0.30331135521704217,0.9616642935756575,50000,0.09327659574468085,0.0,0.13548936170212764,0.0,0.38659414321102586,0.21649109462383942,0.16162761626969274,0.2549042847015193,0.7627118644067796,0.7627118644067796,0.903905297955929,0.9,0.85
top_100__preCOVID__post_covid,preCOVID,post_covid,crashsketch_R_normsign,20,3.0,8,0.7,50000,300,,0.00811954215168953,0.0018406249582767487,0.6244681249372661,0.13428062099775742,0.1154681951687519,0.3231538216545385,0.955454357320524,50000,0.08119148936170213,0.0,0.12817021276595747,0.0,0.42829765798473607,0.18073506993369376,0.19741022898764884,0.26881431896869284,0.711864406779661,0.711864406779661,0.8840835707221378,0.6,0.85
top_100__preCOVID__post_covid,preCOVID,post_covid,crashsketch_R_normsign,20,3.0,9,0.7,50000,300,,0.006473124958574772,0.0011523333378136158,0.6023755832575262,0.13039484167831059,0.10766181205832959,0.32684129503061965,1.0104675102856866,50000,0.08902127659574467,0.0,0.12689361702127658,0.0,0.45754653362956593,0.24177362149052825,0.20660085258363342,0.30197366923457586,0.7966101694915254,0.7966101694915254,0.8949497544496069,0.7,0.85
top_100__preCOVID__post_covid,preCOVID,post_covid,crashsketch_R_normsign,20,3.0,10,0.7,50000,300,,0.006699707824736834,0.0015287077985703945,0.6145341247320175,0.1306817141010645,0.11152397222406596,0.3174816098087089,0.9568449474849422,50000,0.08663829787234044,0.0,0.12195744680851064,0.0,0.44888945360369836,0.1735557396970725,0.1404056573505871,0.254283616883786,0.7627118644067796,0.7627118644067796,0.8850743234696469,0.7,0.85
top_100__preCOVID__post_covid,preCOVID,post_covid,crashsketch_R_normsign,20,3.0,11,0.7,50000,300,,0.009800207801163197,0.0006672502495348454,0.5155117502436042,0.1475998982381878,0.1232057944867172,0.366394690684518,1.0706554350562907,50000,0.10127659574468086,0.0,0.1505531914893617,0.0,0.6603808223658406,0.31245253932863337,0.23900807843042401,0.40394714670829934,0.7966101694915254,0.7966101694915254,0.9057748762631662,0.8,0.85
top_100__preCOVID__post_covid,preCOVID,post_covid,crashsketch_R_normsign,20,3.0,12,0.7,50000,300,,0.007891457993537188,0.0014374591410160065,0.8956923340447247,0.12395292855670033,0.10632370557206877,0.29725333533882475,0.9577175896331934,50000,0.09702127659574468,0.0,0.14340425531914894,0.0,0.4939840950516139,0.29544868346668046,0.21479863780560166,0.3347438054412987,0.7627118644067796,0.7627118644067796,0.9037562959505454,0.8,0.85
top_100__preCOVID__post_covid,preCOVID,post_covid,crashsketch_R_normsign,20,3.0,13,0.7,50000,300,,0.00952437473461032,0.0015560840256512165,0.7212095004506409,0.1313534082879075,0.1123115592200441,0.31764585416648566,0.962754182358344,50000,0.09208510638297873,0.0,0.13251063829787232,0.0,0.43247894004453835,0.20087222667532806,0.15536643369593334,0.26290586680526656,0.7457627118644068,0.7457627118644068,0.8848992241066206,0.6,0.85
top_100__preCOVID__post_covid,preCOVID,post_covid,crashsketch_R_normsign,20,3.0,14,0.7,50000,300,,0.005131042096763849,0.0010880827903747559,0.6445228750817478,0.1311896550996605,0.11092741307411674,0.32259199651787046,1.019639734974497,50000,0.08561702127659573,0.0,0.13770212765957449,0.0,0.6077833369433722,0.31788865865934035,0.18734168607808876,0.37100456056026704,0.6949152542372882,0.6949152542372882,0.8963759439764887,0.8,0.85
top_100__preCOVID__post_covid,preCOVID,post_covid,crashsketch_R_normsign,20,3.0,15,0.7,50000,300,,0.004037417005747557,0.001177291851490736,0.5036852918565273,0.13663071897255652,0.11762838420400312,0.32505790451299166,0.9546998977258351,50000,0.08306382978723403,0.0,0.12348936170212768,0.0,0.3354165856248665,0.1516895890935216,0.1471961827916838,0.21143411917002397,0.7796610169491526,0.7796610169491526,0.8792848599079344,0.8,0.85
top_100__preCOVID__post_covid,preCOVID,post_covid,crashsketch_R_normsign,20,3.0,16,0.7,50000,300,,0.005315915681421757,0.00198825029656291,0.5326504171825945,0.12297906968034196,0.10175874349542186,0.30758487951876057,1.0168450006181868,50000,0.10093617021276596,0.0,0.14434042553191492,0.0,0.5167412079553864,0.2864200682428839,0.2174336497745383,0.34019830865760287,0.711864406779661,0.711864406779661,0.9118733582816576,0.8,0.85
top_100__preCOVID__post_covid,preCOVID,post_covid,crashsketch_R_normsign,20,3.0,17,0.7,50000,300,,0.006854749750345945,0.0008796248584985733,1.0763462078757584,0.12307901621870668,0.10369872171859029,0.3041731270604808,0.9949172215512208,50000,0.09940425531914894,0.0,0.1407659574468085,0.0,0.4411832825168419,0.1837384146540934,0.18084640501429253,0.26858936739507594,0.6610169491525424,0.6610169491525424,0.9046505446935743,0.6,0.85
top_100__preCOVID__post_covid,preCOVID,post_covid,crashsketch_R_normsign,20,3.0,18,0.7,50000,300,,0.004484457895159721,0.0007005827501416206,0.62331970827654,0.12214474414438518,0.10159907600319718,0.3038536738026819,0.9930448340607773,50000,0.0883404255319149,0.0,0.13514893617021279,0.0,0.4881141314152302,0.35933119593841,0.18765004974633143,0.3450317923666572,0.7288135593220338,0.7288135593220338,0.9131823464098751,0.9,0.85
top_100__preCOVID__post_covid,preCOVID,post_covid,crashsketch_R_normsign,20,3.0,19,0.7,50000,300,,0.005254541989415884,0.0010411660186946392,0.943167082965374,0.12783101625208138,0.10891576938388081,0.30925338761988475,0.9718167178273172,50000,0.10127659574468086,0.0,0.13838297872340424,0.0,0.4124879011951384,0.2198513304756435,0.1857104699360436,0.27268323386894183,0.7288135593220338,0.7288135593220338,0.9062824950198282,0.8,0.85
top_100__preCOVID__post_covid,preCOVID,post_covid,crashsketch_noR,20,3.0,0,0.7,50000,300,,0.002993249800056219,0.00019145803526043892,0.5769788753241301,0.1216130674602016,0.10416620795049375,0.29525115030316923,0.9887455939311133,50000,0.19472340425531917,0.0,0.24408510638297867,0.1,0.25100718889237045,0.21897656311270372,0.20234242524575005,0.22410872575027474,0.7288135593220338,0.7288135593220338,0.8994027492471489,0.8,0.85
top_100__preCOVID__post_covid,preCOVID,post_covid,crashsketch_noR,20,3.0,1,0.7,50000,300,,0.003294666763395071,0.00012254156172275543,0.5842995420098305,0.13738024055992826,0.11899909745904991,0.32845512722232434,0.9674339215159974,50000,0.17463829787234042,0.0,0.21897872340425534,0.1,0.21798556422411586,0.21094914846624235,0.160132813144899,0.19635584194508574,0.559322033898305,0.559322033898305,0.8762462412925589,0.5,0.85
top_100__preCOVID__post_covid,preCOVID,post_covid,crashsketch_noR,20,3.0,2,0.7,50000,300,,0.006295541767030954,0.0005712499842047691,0.6724700843915343,0.12443148144181798,0.1077457136244358,0.2963857641679357,0.9422434979694668,50000,0.17106382978723406,0.0,0.2183829787234043,0.0,0.442713813895124,0.25960176926213985,0.2455225174212782,0.31594603352618067,0.7796610169491526,0.7796610169491526,0.8980222300961416,0.9,0.85
top_100__preCOVID__post_covid,preCOVID,post_covid,crashsketch_noR,20,3.0,3,0.7,50000,300,,0.003421792294830084,0.0002470002509653568,0.7278171670623124,0.1185193764906288,0.0995434680359043,0.29196831278786634,1.0112420496303658,50000,0.19693617021276597,0.0,0.25438297872340426,0.1,0.587196708804423,0.3667175899601343,0.18610460468129192,0.3800063011486164,0.7796610169491526,0.7796610169491526,0.9080099877132338,0.7,0.85
top_100__preCOVID__post_covid,preCOVID,post_covid,crashsketch_noR,20,3.0,4,0.7,50000,300,,0.0032627498731017113,0.00021395785734057426,0.8145461669191718,0.1272870479503826,0.11114451980287393,0.2993082912052027,0.9263153099360106,50000,0.17259574468085107,0.0,0.2195744680851064,0.0,0.5450851239179774,0.18962734449345608,0.19373397680469018,0.3094821484053745,0.711864406779661,0.711864406779661,0.8980566419180671,1.0,0.85
top_100__preCOVID__post_covid,preCOVID,post_covid,crashsketch_noR,20,3.0,5,0.7,50000,300,,0.0025840839371085167,0.00012458395212888718,0.7518349587917328,0.11313738536795334,0.09553969450533939,0.2773787799228325,1.0075090063819,50000,0.1833191489361702,0.0,0.23659574468085107,0.1,0.5930256314452876,0.28388201791462697,0.33493189157598774,0.4039465136453008,0.7627118644067796,0.7627118644067796,0.9156243652268984,0.9,0.85
top_100__preCOVID__post_covid,preCOVID,post_covid,crashsketch_noR,20,3.0,6,0.7,50000,300,,0.003181209322065115,0.0037770001217722893,0.7102136248722672,0.12446967418932,0.1057197782326732,0.30513154647335694,0.9953249369490603,50000,0.18365957446808512,0.0,0.23336170212765955,0.1,0.40662885513320696,0.3178480721866784,0.17442532848800538,0.2996340852692969,0.7796610169491526,0.7796610169491526,0.8846057397912952,0.7,0.85
top_100__preCOVID__post_covid,preCOVID,post_covid,crashsketch_noR,20,3.0,7,0.7,50000,300,,0.0032830419950187206,0.00010016700252890587,0.5691384170204401,0.1163849100399093,0.09799506287599302,0.28662932618326287,0.9738273490277176,50000,0.18468085106382978,0.0,0.2345531914893617,0.1,0.5208727277956594,0.2618143352334013,0.23805911222967335,0.3402487250862447,0.7796610169491526,0.7796610169491526,0.9032143467412701,0.7,0.85
top_100__preCOVID__post_covid,preCOVID,post_covid,crashsketch_noR,20,3.0,8,0.7,50000,300,,0.002479208167642355,9.670807048678398e-05,0.46216699993237853,0.12708148257891716,0.10906333107769178,0.3063831785197249,0.9654559980261855,50000,0.18434042553191488,0.0,0.23940425531914894,0.1,0.195485145166031,0.297202231395761,0.2701557897183984,0.25428105542673013,0.6610169491525424,0.6610169491525424,0.8921958988387121,0.7,0.85
top_100__preCOVID__post_covid,preCOVID,post_covid,crashsketch_noR,20,3.0,9,0.7,50000,300,,0.003015541937202215,0.00010224990546703339,0.460445957724005,0.11734124577710872,0.09997818931848651,0.2847048815502782,0.9875454153472996,50000,0.19319148936170213,0.0,0.23761702127659573,0.1,0.6624938832131109,0.2982664064651882,0.22200974982208768,0.3942566798334623,0.8135593220338984,0.8135593220338984,0.9114785469807918,0.7,0.85
top_100__preCOVID__post_covid,preCOVID,post_covid,crashsketch_noR,20,3.0,10,0.7,50000,300,,0.0027376669459044933,0.00012141698971390724,0.6768786669708788,0.11556110995678665,0.09779883425685676,0.2823377965513205,1.0003922118687194,50000,0.20136170212765958,0.0,0.2560851063829787,0.1,0.5769933666367788,0.3287039761128439,0.28785460337417057,0.39785064870793113,0.6779661016949152,0.6779661016949152,0.9126388807725054,0.8,0.85
top_100__preCOVID__post_covid,preCOVID,post_covid,crashsketch_noR,20,3.0,11,0.7,50000,300,,0.0026715421117842197,0.00021591689437627792,0.7910577920265496,0.11928260753144808,0.1020695282385608,0.2876579759786282,0.9705330877537626,50000,0.1804255319148936,0.0,0.23361702127659575,0.1,0.22914544570671946,0.26146743736462424,0.2035023491078346,0.23137174405972613,0.7288135593220338,0.7288135593220338,0.8956315109319671,0.7,0.85
top_100__preCOVID__post_covid,preCOVID,post_covid,crashsketch_noR,20,3.0,12,0.7,50000,300,,0.0029879999347031116,0.0002382500097155571,0.8662043330259621,0.11315145020072641,0.09548155993203034,0.2784849316772848,1.0122502395022406,50000,0.19676595744680853,0.0,0.2548085106382979,0.1,0.5362060079091444,0.22755068934253161,0.2726888958068193,0.34548186435283174,0.7627118644067796,0.7627118644067796,0.9117735477242113,0.8,0.85
top_100__preCOVID__post_covid,preCOVID,post_covid,crashsketch_noR,20,3.0,13,0.7,50000,300,,0.002981540746986866,0.00021358300000429153,0.8604516671039164,0.10887595550847301,0.09134140203491486,0.2688293123638465,0.9630761319910784,50000,0.19370212765957445,0.0,0.25029787234042555,0.1,0.6194950734303138,0.21706251698576476,0.19412783999308367,0.34356181013638737,0.8135593220338984,0.8135593220338984,0.9088389116928443,0.9,0.85
top_100__preCOVID__post_covid,preCOVID,post_covid,crashsketch_noR,20,3.0,14,0.7,50000,300,,0.002624958287924528,0.00014912476763129234,0.7447725827805698,0.13640965796740848,0.11988309060227559,0.3175807157327808,0.9116472123007735,50000,0.16714893617021276,0.0,0.2152340425531915,0.1,0.24770661010318362,0.21606209459885853,0.1380157136529784,0.20059480611834016,0.6779661016949152,0.6779661016949152,0.8844158608022571,0.8,0.85
top_100__preCOVID__post_covid,preCOVID,post_covid,crashsketch_noR,20,3.0,15,0.7,50000,300,,0.0031674173660576344,0.003616834059357643,0.6295202909968793,0.12735218870389473,0.11020221036969352,0.30459671425900947,0.9685519635293149,50000,0.17548936170212764,0.0,0.22127659574468084,0.0,0.283560628362595,0.22148879929102477,0.13038402550403355,0.2118111510525511,0.7288135593220338,0.7288135593220338,0.8768516955515397,0.8,0.85
top_100__preCOVID__post_covid,preCOVID,post_covid,crashsketch_noR,20,3.0,16,0.7,50000,300,,0.00306954188272357,9.920774027705193e-05,0.625836584251374,0.12731096129206879,0.11153016456207093,0.29738287859705165,0.9260313723697029,50000,0.17702127659574468,0.0,0.2225531914893617,0.04000000000000057,0.43343531763653775,0.2593627616571592,0.1981815853974419,0.29699322156371294,0.711864406779661,0.711864406779661,0.8956988995170362,0.8,0.85
top_100__preCOVID__post_covid,preCOVID,post_covid,crashsketch_noR,20,3.0,17,0.7,50000,300,,0.003263792023062706,0.00022254185751080513,0.56832066597417,0.12966970853133694,0.11127777078065648,0.3148406371698638,1.0354359161062336,50000,0.20391489361702125,0.0,0.25182978723404253,0.1,0.5069597212421004,0.27338991093788134,0.27281787996695445,0.35105583738231205,0.6949152542372882,0.6949152542372882,0.9110810800814582,0.7,0.85
top_100__preCOVID__post_covid,preCOVID,post_covid,crashsketch_noR,20,3.0,18,0.7,50000,300,,0.007043540943413973,9.195879101753235e-05,0.5456504998728633,0.11187700355621258,0.09346305101077168,0.2781449307879449,0.9577172877689333,50000,0.18451063829787234,0.0,0.23029787234042556,0.0,0.6208140801251433,0.31275942254134237,0.20539668106931042,0.379656727911932,0.8135593220338984,0.8135593220338984,0.9080332593365739,0.8,0.85
top_100__preCOVID__post_covid,preCOVID,post_covid,crashsketch_noR,20,3.0,19,0.7,50000,300,,0.0026824171654880047,0.00014341669157147408,0.7665318329818547,0.11271530480458239,0.095408062268722,0.27687798821620035,0.9493764335022575,50000,0.17838297872340422,0.0,0.2278297872340426,0.1,0.6156427175625435,0.2931274864564962,0.2591315156299487,0.3893005732163295,0.7627118644067796,0.7627118644067796,0.9199541816799213,0.9,0.85
top_100__preCOVID__post_covid,preCOVID,post_covid,crashsketch_noR_1bit,20,3.0,0,0.7,50000,300,,0.007534625008702278,0.0004459577612578869,0.8677347502671182,0.9136444760796361,0.9158521275385534,0.9497030620713105,0.08635552392036384,50000,0.04919148936170213,0.0,0.07148936170212766,0.0,0.11543184636183718,0.19795353987021289,0.17504382665861049,0.1628097376302202,0.01694915254237288,0.01694915254237288,0.09392405728103703,0.0,0.85
top_100__preCOVID__post_covid,preCOVID,post_covid,crashsketch_noR_1bit,20,3.0,1,0.7,50000,300,,0.0028447089716792107,0.00039304094389081,0.7552061667665839,0.9132412080346433,0.9153848324305921,0.9495784398506228,0.08675879196535687,50000,0.04017021276595745,0.0,0.06595744680851064,0.0,0.10687523740485576,0.17790528413906137,0.10136346828538367,0.1287146632764336,0.01694915254237288,0.01694915254237288,0.09392405728103703,0.0,0.85
top_100__preCOVID__post_covid,preCOVID,post_covid,crashsketch_noR_1bit,20,3.0,2,0.7,50000,300,,0.004107540939003229,0.00043958378955721855,0.5792002496309578,0.9133996333462756,0.9156886843001062,0.9493380168607817,0.08660036665372427,50000,0.044085106382978724,0.0,0.06791489361702129,0.0,0.11777891616620606,0.21838819047518157,0.18815259531124742,0.17477323398421166,0.01694915254237288,0.01694915254237288,0.09392405728103703,0.0,0.85
top_100__preCOVID__post_covid,preCOVID,post_covid,crashsketch_noR_1bit,20,3.0,3,0.7,50000,300,,0.004728832747787237,0.0006641247309744358,0.767950207926333,0.9137053220126788,0.9158918450495875,0.9496706039969014,0.08629467798732104,50000,0.05021276595744681,0.0,0.06817021276595744,0.0,0.16145047219603006,0.2038159485732301,0.14106464984559827,0.16877702353828616,0.01694915254237288,0.01694915254237288,0.09392405728103703,0.0,0.85
top_100__preCOVID__post_covid,preCOVID,post_covid,crashsketch_noR_1bit,20,3.0,4,0.7,50000,300,,0.006661290768533945,0.0005127498880028725,0.6628816248849034,0.9131923052979419,0.915317018527712,0.9496712690337792,0.08680769470205803,50000,0.04374468085106383,0.0,0.05846808510638298,0.0,0.11482923314035194,0.1400817293613388,0.1108504441566237,0.12192046888610482,0.01694915254237288,0.01694915254237288,0.09392405728103703,0.0,0.85
top_100__preCOVID__post_covid,preCOVID,post_covid,crashsketch_noR_1bit,20,3.0,5,0.7,50000,300,,0.007304625120013952,0.0005448749288916588,0.7953616669401526,0.9134870727295926,0.915649037815575,0.9495001576187521,0.08651292727040749,50000,0.04221276595744681,0.0,0.06170212765957447,0.0,0.13764485646140373,0.21098579406005286,0.15336242042626275,0.1673310236492398,0.01694915254237288,0.01694915254237288,0.09392405728103703,0.0,0.85
top_100__preCOVID__post_covid,preCOVID,post_covid,crashsketch_noR_1bit,20,3.0,6,0.7,50000,300,,0.00817466713488102,0.0004918752238154411,0.5886116251349449,0.9131153037049258,0.9151369645951886,0.949253947930035,0.08688469629507417,50000,0.04017021276595745,0.0,0.06570212765957448,0.0,0.1018062706990578,0.18021712237409762,0.10749988205659138,0.12984109170991562,0.01694915254237288,0.01694915254237288,0.09392405728103703,0.0,0.85
top_100__preCOVID__post_covid,preCOVID,post_covid,crashsketch_noR_1bit,20,3.0,7,0.7,50000,300,,0.008075375109910965,0.0005220831371843815,0.781950166914612,0.9135298446297815,0.9158259731819409,0.9492960843345395,0.08647015537021861,50000,0.04646808510638298,0.0,0.07148936170212766,0.0,0.10929794197190423,0.15356328120463514,0.12951076557322205,0.13079066291658714,0.01694915254237288,0.01694915254237288,0.09392405728103703,0.0,0.85
top_100__preCOVID__post_covid,preCOVID,post_covid,crashsketch_noR_1bit,20,3.0,8,0.7,50000,300,,0.006296291947364807,0.0005950420163571835,0.7513795420527458,0.9135113593465626,0.9156237551749775,0.9497675774239829,0.08648864065343732,50000,0.04425531914893617,0.0,0.06331914893617022,0.0,0.12682560600978163,0.20906290813071937,0.16849151207652333,0.1681266754056748,0.01694915254237288,0.01694915254237288,0.09392405728103703,0.0,0.85
top_100__preCOVID__post_covid,preCOVID,post_covid,crashsketch_noR_1bit,20,3.0,9,0.7,50000,300,,0.003554417286068201,0.0012045828625559807,0.5723463748581707,0.913659964447073,0.9158745816483344,0.9495984061782201,0.08634003555292717,50000,0.03693617021276596,0.0,0.0545531914893617,0.0,0.18305132290131995,0.1874893424747343,0.13074715420275268,0.16709593985960228,0.01694915254237288,0.01694915254237288,0.09392405728103703,0.0,0.85
top_100__preCOVID__post_covid,preCOVID,post_covid,crashsketch_noR_1bit,20,3.0,10,0.7,50000,300,,0.0033654160797595978,0.0004436247982084751,0.7370828329585493,0.9133883068109488,0.9156824203144589,0.9496813839832298,0.08661169318905121,50000,0.04817021276595745,0.0,0.06808510638297872,0.0,0.12809567605851827,0.17085119827498738,0.1576684526940117,0.15220510900917245,0.01694915254237288,0.01694915254237288,0.09392405728103703,0.0,0.85
top_100__preCOVID__post_covid,preCOVID,post_covid,crashsketch_noR_1bit,20,3.0,11,0.7,50000,300,,0.0031618745997548103,0.0005036252550780773,0.7049467922188342,0.9131813145497947,0.9154343371556215,0.9492535435531982,0.08681868545020527,50000,0.039829787234042555,0.0,0.059234042553191486,0.0,0.13594731562815635,0.24679008340307004,0.14652219147334272,0.17641986350152306,0.01694915254237288,0.01694915254237288,0.09392405728103703,0.0,0.85
top_100__preCOVID__post_covid,preCOVID,post_covid,crashsketch_noR_1bit,20,3.0,12,0.7,50000,300,,0.0030178753659129143,0.0004463749937713146,0.5689522088505328,0.9130790765052791,0.915197980723853,0.9492879688868031,0.0869209234947208,50000,0.045276595744680855,0.0,0.07021276595744681,0.0,0.13370381159711237,0.1747338907690611,0.1071623310952364,0.1385333444871366,0.01694915254237288,0.01694915254237288,0.09392405728103703,0.0,0.85
top_100__preCOVID__post_covid,preCOVID,post_covid,crashsketch_noR_1bit,20,3.0,13,0.7,50000,300,,0.00606891606003046,0.0006639999337494373,0.6564685408957303,0.9132758976788448,0.9154398744343476,0.9492955003436834,0.08672410232115517,50000,0.04000000000000001,0.0,0.05685106382978723,0.0,0.11524623231969022,0.1491075979769792,0.14340677067004337,0.1359202003222376,0.01694915254237288,0.01694915254237288,0.09392405728103703,0.0,0.85
top_100__preCOVID__post_covid,preCOVID,post_covid,crashsketch_noR_1bit,20,3.0,14,0.7,50000,300,,0.003554791212081909,0.0006509162485599518,0.8911980828270316,0.9130326485870662,0.9152544361834833,0.9493833203784652,0.08696735141293375,50000,0.042382978723404255,0.0,0.059234042553191486,0.0,0.14458797767198808,0.17563945504686784,0.09764504945679825,0.13929082739188473,0.01694915254237288,0.01694915254237288,0.09392405728103703,0.0,0.85
top_100__preCOVID__post_covid,preCOVID,post_covid,crashsketch_noR_1bit,20,3.0,15,0.7,50000,300,,0.008157041855156422,0.00046620890498161316,0.8216719590127468,0.913430603389636,0.9155904767171927,0.9496044113438469,0.08656939661036407,50000,0.0428936170212766,0.0,0.06229787234042553,0.0,0.13635375657401966,0.18563724736568038,0.12788034753101396,0.14995711715690466,0.01694915254237288,0.01694915254237288,0.09392405728103703,0.0,0.85
top_100__preCOVID__post_covid,preCOVID,post_covid,crashsketch_noR_1bit,20,3.0,16,0.7,50000,300,,0.004080040846019983,0.0004125419072806835,0.8300312501378357,0.9133640881225348,0.9154610583506322,0.949485009113326,0.08663591187746521,50000,0.04680851063829787,0.0,0.0633191489361702,0.0,0.1299424814356313,0.17960528474669557,0.11366190231069721,0.1410698894976747,0.01694915254237288,0.01694915254237288,0.09392405728103703,0.0,0.85
top_100__preCOVID__post_covid,preCOVID,post_covid,crashsketch_noR_1bit,20,3.0,17,0.7,50000,300,,0.004409083165228367,0.0005084997974336147,0.7361716250889003,0.9140582940230702,0.9160433698108912,0.9510280890294764,0.08594170597692977,50000,0.04459574468085107,0.0,0.06757446808510639,0.0,0.17499235913883973,0.2313093908850999,0.17941688548300083,0.19523954516898015,0.01694915254237288,0.01694915254237288,0.09392405728103703,0.0,0.85
top_100__preCOVID__post_covid,preCOVID,post_covid,crashsketch_noR_1bit,20,3.0,18,0.7,50000,300,,0.0041609578765928745,0.0003481660969555378,0.6199850416742265,0.913263395080061,0.9155905592902911,0.9492947384620838,0.08673660491993893,50000,0.04068085106382979,0.0,0.05804255319148936,0.0,0.17552810066987906,0.18110437064753954,0.14044972357507618,0.16569406496416492,0.01694915254237288,0.01694915254237288,0.09392405728103703,0.0,0.85
top_100__preCOVID__post_covid,preCOVID,post_covid,crashsketch_noR_1bit,20,3.0,19,0.7,50000,300,,0.004624583758413792,0.0004024999216198921,0.5539128752425313,0.9132398960735877,0.9153935146552389,0.9495177819012999,0.0867601039264124,50000,0.03387234042553191,0.0,0.057617021276595744,0.0,0.1364758586548526,0.17240568380121424,0.13043411251021142,0.14643855165542607,0.01694915254237288,0.01694915254237288,0.09392405728103703,0.0,0.85
top_100__preCOVID__post_covid,preCOVID,post_covid,crashsketch_noR_int8,20,3.0,0,0.7,50000,300,,0.004791582934558392,0.0012777913361787796,2.2893755827099085,0.17170127832545815,0.15432116861252876,0.3895852574818288,0.8594041914715427,50000,0.1705531914893617,0.0,0.21897872340425534,0.1,0.18499197428745248,0.22876325675087986,0.22185339842269833,0.2118695431536769,0.6440677966101694,0.6440677966101694,0.8659556566836384,0.7,0.85
top_100__preCOVID__post_covid,preCOVID,post_covid,crashsketch_noR_int8,20,3.0,1,0.7,50000,300,,0.003365958109498024,0.0010510841384530067,2.4339697919785976,0.18465120887843173,0.16663371946128225,0.4120345559077894,0.8455173408400752,50000,0.1567659574468085,0.0,0.20663829787234045,0.0,0.12138070885266415,0.2057470410519726,0.16381686974195653,0.16364820654886444,0.5423728813559322,0.5423728813559322,0.8465941172946035,0.5,0.85
top_100__preCOVID__post_covid,preCOVID,post_covid,crashsketch_noR_int8,20,3.0,2,0.7,50000,300,,0.0047194999642670155,0.0004487079568207264,2.4846243327483535,0.18515479465925389,0.1728715168764049,0.3977806496932366,0.8346656073289991,50000,0.15353191489361703,0.0,0.20289361702127662,0.0,0.20314291680373553,0.21899566772303652,0.22633633275843312,0.21615830576173503,0.6610169491525424,0.6610169491525424,0.8760277942776662,0.7,0.85
top_100__preCOVID__post_covid,preCOVID,post_covid,crashsketch_noR_int8,20,3.0,3,0.7,50000,300,,0.007094083819538355,0.000800583977252245,1.7733013341203332,0.14867202483035313,0.12851763007377998,0.35324775698760014,0.8944551136682114,50000,0.1739574468085106,0.0,0.2362553191489362,0.1,0.5349193105902419,0.2995724244276685,0.20975152955689347,0.3480810881916013,0.6779661016949152,0.6779661016949152,0.8759435992309861,0.5,0.85
top_100__preCOVID__post_covid,preCOVID,post_covid,crashsketch_noR_int8,20,3.0,4,0.7,50000,300,,0.00606645829975605,0.0006917910650372505,0.8362294998951256,0.20060930457593143,0.1907521580494536,0.4185629373370951,0.8134034676069817,50000,0.15523404255319148,0.0,0.20076595744680853,0.0,0.45064056401487257,0.1874449899998787,0.1622362599549383,0.2667739379898965,0.6949152542372882,0.6949152542372882,0.8707013147061717,0.7,0.85
top_100__preCOVID__post_covid,preCOVID,post_covid,crashsketch_noR_int8,20,3.0,5,0.7,50000,300,,0.0027781249955296516,0.0005451668985188007,1.5997247910127044,0.15268582323398944,0.13274688946316876,0.36003283939012287,0.8864575037731152,50000,0.1625531914893617,0.0,0.216,0.1,0.5115479487383402,0.3481147250249929,0.2930559444640792,0.3842395394091374,0.6610169491525424,0.6610169491525424,0.8807339364032251,0.7,0.85
top_100__preCOVID__post_covid,preCOVID,post_covid,crashsketch_noR_int8,20,3.0,6,0.7,50000,300,,0.01314095826819539,0.02321170875802636,1.7973808338865638,0.16062308833417144,0.1417671183862202,0.3736858902870134,0.8806608005526891,50000,0.1651063829787234,0.0,0.21540425531914892,0.0,0.17892675959452134,0.2189769754579201,0.20047324353366833,0.1994589928620366,0.6271186440677966,0.6271186440677966,0.8594375605184261,0.4,0.85
top_100__preCOVID__post_covid,preCOVID,post_covid,crashsketch_noR_int8,20,3.0,7,0.7,50000,300,,0.07031399989500642,0.0007153749465942383,1.7086878749541938,0.16324317535105162,0.14693734388922475,0.3689707003609709,0.8666002611568874,50000,0.16459574468085106,0.0,0.21591489361702126,0.1,0.45897970975668384,0.2512391448422065,0.2252504378296697,0.3118230974761867,0.6949152542372882,0.6949152542372882,0.8796037758319829,0.6,0.85
top_100__preCOVID__post_covid,preCOVID,post_covid,crashsketch_noR_int8,20,3.0,8,0.7,50000,300,,0.013351041823625565,0.0032348749227821827,1.069290957879275,0.17974785264920284,0.16331209790595108,0.401390484844342,0.843558761098688,50000,0.16374468085106386,0.0,0.22127659574468084,0.0,0.1469676618612604,0.2766191143911999,0.21789577471688273,0.213827516989781,0.6440677966101694,0.6440677966101694,0.869947531587937,0.7,0.85
top_100__preCOVID__post_covid,preCOVID,post_covid,crashsketch_noR_int8,20,3.0,9,0.7,50000,300,,0.018362833186984062,0.0011971252970397472,0.9209373332560062,0.15206185631916888,0.13173859514281666,0.3590139690413224,0.8861168755680225,50000,0.1708936170212766,0.0,0.21914893617021278,0.0,0.5958817383821565,0.26362861366305756,0.2252834654822753,0.3615979391758298,0.7457627118644068,0.7457627118644068,0.8796376550547728,0.5,0.85
top_100__preCOVID__post_covid,preCOVID,post_covid,crashsketch_noR_int8,20,3.0,10,0.7,50000,300,,0.004146542400121689,0.00039420928806066513,1.201783790718764,0.14997035296153058,0.13016274860392174,0.3521079196532358,0.8893428253490935,50000,0.18263829787234043,0.0,0.23906382978723403,0.1,0.5031275540302602,0.23529562136633325,0.24739320389577904,0.3286054597641242,0.5932203389830508,0.5932203389830508,0.8884912502098958,0.6,0.85
top_100__preCOVID__post_covid,preCOVID,post_covid,crashsketch_noR_int8,20,3.0,11,0.7,50000,300,,0.004712708760052919,0.004111624788492918,1.6661701672710478,0.1707867985973685,0.15512252011355748,0.3840526009552982,0.85755758131789,50000,0.1628936170212766,0.0,0.21395744680851064,0.0,0.2193259406885273,0.25351612025820325,0.22399947497575592,0.23228051197416213,0.576271186440678,0.576271186440678,0.8724808393762378,0.6,0.85
top_100__preCOVID__post_covid,preCOVID,post_covid,crashsketch_noR_int8,20,3.0,12,0.7,50000,300,,0.003237334080040455,0.0008203750476241112,2.23218912538141,0.14991441543509432,0.1284179082743102,0.3598815777081255,0.8876575793814436,50000,0.17395744680851064,0.0,0.23310638297872338,0.1,0.45927964157912116,0.3108489765774788,0.20330940806727726,0.32447934207462575,0.6610169491525424,0.6610169491525424,0.885128752142417,0.8,0.85
top_100__preCOVID__post_covid,preCOVID,post_covid,crashsketch_noR_int8,20,3.0,13,0.7,50000,300,,0.004029749892652035,0.0004343329928815365,2.2052025832235813,0.16880031519629204,0.1534242077219889,0.3764909743367615,0.8515758369531538,50000,0.1763404255319149,0.0,0.23029787234042556,0.1,0.4918229214986938,0.3290558627628658,0.1829399212330264,0.334606235164862,0.6779661016949152,0.6779661016949152,0.8892740008033372,0.6,0.85
top_100__preCOVID__post_covid,preCOVID,post_covid,crashsketch_noR_int8,20,3.0,14,0.7,50000,300,,0.017185665667057037,0.0021678325720131397,2.137926499824971,0.21580069134758217,0.20773241024957545,0.43874321361067947,0.7960283588549462,50000,0.15063829787234043,0.0,0.1967659574468085,0.0,0.18347076647212146,0.22086663120228078,0.14777273414839304,0.1840367106075984,0.559322033898305,0.559322033898305,0.8588530033783061,0.6,0.85
top_100__preCOVID__post_covid,preCOVID,post_covid,crashsketch_noR_int8,20,3.0,15,0.7,50000,300,,0.006595459301024675,0.0012052091769874096,1.4813382499851286,0.17835680804683088,0.16186559469646206,0.3983332350444791,0.8524248868094911,50000,0.16119148936170213,0.0,0.20782978723404258,0.0,0.14935026748596072,0.20570135140270684,0.16174131385249588,0.17226431091372116,0.6271186440677966,0.6271186440677966,0.8511334671242088,0.5,0.85
top_100__preCOVID__post_covid,preCOVID,post_covid,crashsketch_noR_int8,20,3.0,16,0.7,50000,300,,0.004694415722042322,0.002831625286489725,1.720289207994938,0.19444299414431884,0.183383035321401,0.40947872465122553,0.8205476155037377,50000,0.1628936170212766,0.0,0.20885106382978724,0.0,0.24667295667978725,0.21381600000396214,0.1830354040071198,0.21450812023028973,0.6779661016949152,0.6779661016949152,0.8766016476546036,0.6,0.85
top_100__preCOVID__post_covid,preCOVID,post_covid,crashsketch_noR_int8,20,3.0,17,0.7,50000,300,,0.008058374747633934,0.0014872923493385315,1.7957380842417479,0.15161142783918177,0.13056348747937818,0.3642142085040816,0.9018425755502987,50000,0.1788936170212766,0.0,0.2258723404255319,0.1,0.4236725081749781,0.2259560803448644,0.26206524490457445,0.3038979444748056,0.6101694915254238,0.6101694915254238,0.8715176338395738,0.5,0.85
top_100__preCOVID__post_covid,preCOVID,post_covid,crashsketch_noR_int8,20,3.0,18,0.7,50000,300,,0.003079208079725504,0.0009037498384714127,0.9172598337754607,0.16997909810469547,0.15236963374544377,0.3851314978902492,0.8510565783701837,50000,0.16646808510638297,0.0,0.21395744680851064,0.0,0.48080465233427966,0.2639770712078937,0.18856898086727586,0.31111690146981646,0.6949152542372882,0.6949152542372882,0.8764496793679231,0.5,0.85
top_100__preCOVID__post_covid,preCOVID,post_covid,crashsketch_noR_int8,20,3.0,19,0.7,50000,300,,0.00475033326074481,0.0004864167422056198,1.102624417282641,0.17783214887853516,0.16410834836532395,0.38791389509874946,0.8382963535745581,50000,0.15574468085106383,0.0,0.20800000000000002,0.0,0.5447547693177524,0.28758249595495583,0.23363952580799988,0.3553255970269027,0.6779661016949152,0.6779661016949152,0.8928937442532924,0.4,0.85
top_100__preCOVID__post_covid,preCOVID,post_covid,crashsketch_noR_normsign,20,3.0,0,0.7,50000,300,,0.006772832944989204,0.0007869587279856205,1.1088415840640664,0.12829303147601345,0.10840025188932523,0.3137977396700128,0.997405222873084,50000,0.1046808510638298,0.0,0.1462127659574468,0.0,0.2786217513496204,0.2207988820025804,0.23133264225046668,0.2435844252008892,0.7288135593220338,0.7288135593220338,0.8994027492471489,0.8,0.85
top_100__preCOVID__post_covid,preCOVID,post_covid,crashsketch_noR_normsign,20,3.0,1,0.7,50000,300,,0.003594957757741213,0.00045220786705613136,1.0581333748996258,0.13939923418924136,0.11931099324244776,0.3378698305164714,0.9757807050952815,50000,0.08408510638297874,0.0,0.1276595744680851,0.0,0.3068937118918251,0.19764518550716095,0.18639149063409974,0.23031012934436193,0.559322033898305,0.559322033898305,0.8762462412925589,0.5,0.85
top_100__preCOVID__post_covid,preCOVID,post_covid,crashsketch_noR_normsign,20,3.0,2,0.7,50000,300,,0.004308582749217749,0.002534708008170128,0.7708658338524401,0.12848311155089268,0.11103330906418046,0.3075205964014073,0.947790706841252,50000,0.0908936170212766,0.0,0.1392340425531915,0.0,0.43197290889221546,0.2161078470494349,0.2416650457026562,0.29658193388143556,0.7796610169491526,0.7796610169491526,0.8980222300961416,0.9,0.85
top_100__preCOVID__post_covid,preCOVID,post_covid,crashsketch_noR_normsign,20,3.0,3,0.7,50000,300,,0.004092792049050331,0.0005556247197091579,0.8309066672809422,0.12641904574741017,0.10401684308412285,0.31845585959370476,1.0197024763820393,50000,0.10757446808510639,0.0,0.14919148936170215,0.0,0.4497260527813733,0.24262862017536427,0.1794858601618495,0.29061351103952904,0.7796610169491526,0.7796610169491526,0.9080099877132338,0.7,0.85
top_100__preCOVID__post_covid,preCOVID,post_covid,crashsketch_noR_normsign,20,3.0,4,0.7,50000,300,,0.007582082878798246,0.0005696248263120651,0.8824458327144384,0.13335142474650086,0.11593473196300308,0.3152992618931029,0.9319607430249504,50000,0.08731914893617021,0.0,0.12519148936170213,0.0,0.23416018083472498,0.17792233611237906,0.13854299833387956,0.18354183842699454,0.711864406779661,0.711864406779661,0.8980566419180671,1.0,0.85
top_100__preCOVID__post_covid,preCOVID,post_covid,crashsketch_noR_normsign,20,3.0,5,0.7,50000,300,,0.0042339167557656765,0.0005797077901661396,0.9997210828587413,0.1228552834965478,0.10091386442127798,0.3082469681662759,1.019512863573169,50000,0.0912340425531915,0.0,0.1331063829787234,0.0,0.4729769514084759,0.25922880159553724,0.2215626424563183,0.3179227984867771,0.7627118644067796,0.7627118644067796,0.9156243652268984,0.9,0.85
top_100__preCOVID__post_covid,preCOVID,post_covid,crashsketch_noR_normsign,20,3.0,6,0.7,50000,300,,0.005871417000889778,0.0005434169434010983,1.0357823329977691,0.1318661617632674,0.11151638956348398,0.3213323091144747,1.003022087236871,50000,0.09446808510638298,0.0,0.14102127659574468,0.0,0.29949896339686133,0.16796666229504198,0.14298463609398218,0.20348342059529514,0.7796610169491526,0.7796610169491526,0.8846057397912952,0.7,0.85
top_100__preCOVID__post_covid,preCOVID,post_covid,crashsketch_noR_normsign,20,3.0,7,0.7,50000,300,,0.004480000119656324,0.0013172086328268051,1.10374216735363,0.12292580166093066,0.10373860716877376,0.3010463645277631,0.9802926337011364,50000,0.09310638297872341,0.0,0.14485106382978724,0.0,0.47712490543321656,0.22383471437092853,0.17248973900361847,0.29114978626925453,0.7796610169491526,0.7796610169491526,0.9032143467412701,0.7,0.85
top_100__preCOVID__post_covid,preCOVID,post_covid,crashsketch_noR_normsign,20,3.0,8,0.7,50000,300,,0.0031506665982306004,0.00046233274042606354,3.952443417161703,0.13254294634898062,0.11330257160813606,0.32199400487041524,0.9719023674932508,50000,0.1011063829787234,0.0,0.1451063829787234,0.0,0.19159185609182178,0.2512463578568695,0.2003637614889889,0.21440065847922674,0.6610169491525424,0.6610169491525424,0.8921958988387121,0.7,0.85
top_100__preCOVID__post_covid,preCOVID,post_covid,crashsketch_noR_normsign,20,3.0,9,0.7,50000,300,,0.003800000064074993,0.0005675419233739376,3.8128949999809265,0.12400683305011755,0.10363081000768398,0.3073126409277021,0.9990677839233475,50000,0.09191489361702128,0.0,0.13302127659574467,0.0,0.603645624491903,0.2975456903652964,0.17393664936597128,0.3583759880743902,0.8135593220338984,0.8135593220338984,0.9114785469807918,0.7,0.85
top_100__preCOVID__post_covid,preCOVID,post_covid,crashsketch_noR_normsign,20,3.0,10,0.7,50000,300,,0.003345916047692299,0.0004308749921619892,3.272982125170529,0.12635542952138648,0.1057275653439842,0.31531648024870895,1.0107861322121516,50000,0.10110638297872342,0.0,0.14391489361702128,0.0,0.4045070080429589,0.16109304201848434,0.18612457455829765,0.250574874873247,0.6779661016949152,0.6779661016949152,0.9126388807725054,0.8,0.85
top_100__preCOVID__post_covid,preCOVID,post_covid,crashsketch_noR_normsign,20,3.0,11,0.7,50000,300,,0.0037651248276233673,0.0011520418338477612,3.800654166843742,0.12780698660665316,0.10910885444268831,0.30910114624885776,0.9780219655072692,50000,0.08987234042553191,0.0,0.12859574468085105,0.0,0.19027589878829435,0.22545481897328679,0.1699090079661778,0.19521324190925296,0.7288135593220338,0.7288135593220338,0.8956315109319671,0.7,0.85
top_100__preCOVID__post_covid,preCOVID,post_covid,crashsketch_noR_normsign,20,3.0,12,0.7,50000,300,,0.004293499980121851,0.002408416010439396,4.107990082819015,0.1269687249549648,0.10488783208311248,0.3190618155876323,1.0230222369631954,50000,0.09514893617021278,0.0,0.13838297872340427,0.0,0.4439143012755947,0.20858229671640535,0.16156018890316912,0.27135226229838977,0.7627118644067796,0.7627118644067796,0.9117735477242113,0.8,0.85
top_100__preCOVID__post_covid,preCOVID,post_covid,crashsketch_noR_normsign,20,3.0,13,0.7,50000,300,,0.011354499962180853,0.0006164577789604664,3.9218614171259105,0.12153644747450774,0.10312219268740525,0.29839914705264836,0.9727478410978225,50000,0.09395744680851065,0.0,0.13370212765957448,0.0,0.195430589767395,0.23555219812646314,0.15521556637390624,0.1953994514225881,0.8135593220338984,0.8135593220338984,0.9088389116928443,0.9,0.85
top_100__preCOVID__post_covid,preCOVID,post_covid,crashsketch_noR_normsign,20,3.0,14,0.7,50000,300,,0.013027334120124578,0.0007924158126115799,3.6392527082934976,0.14070166659824537,0.12335282409453996,0.3286620267750922,0.9167710964850951,50000,0.09446808510638298,0.0,0.13489361702127659,0.0,0.16548452310904097,0.21677015199378102,0.14528617703739635,0.17584695071340609,0.6779661016949152,0.6779661016949152,0.8844158608022571,0.8,0.85
top_100__preCOVID__post_covid,preCOVID,post_covid,crashsketch_noR_normsign,20,3.0,15,0.7,50000,300,,0.0044592502526938915,0.0005080001428723335,3.3893794170580804,0.13193118880462318,0.11297296378170851,0.3182705508050735,0.9747121790719436,50000,0.08919148936170214,0.0,0.13446808510638297,0.0,0.38310522310219935,0.19009140754430384,0.12612919489162996,0.23310860851271106,0.7288135593220338,0.7288135593220338,0.8768516955515397,0.8,0.85
top_100__preCOVID__post_covid,preCOVID,post_covid,crashsketch_noR_normsign,20,3.0,16,0.7,50000,300,,0.004888792056590319,0.0005899998359382153,1.8448539581149817,0.13318179832335372,0.1164966834445787,0.3126071914161431,0.9318481854686513,50000,0.09140425531914895,0.0,0.13659574468085106,0.0,0.34105021560168763,0.2107167655776102,0.15117981263202507,0.23431559793710763,0.711864406779661,0.711864406779661,0.8956988995170362,0.8,0.85
top_100__preCOVID__post_covid,preCOVID,post_covid,crashsketch_noR_normsign,20,3.0,17,0.7,50000,300,,0.0054024579003453255,0.0022927923128008842,1.5744095421396196,0.13686841767409746,0.11545067747974969,0.3356119606828561,1.0429776027626179,50000,0.09838297872340426,0.0,0.14765957446808511,0.0,0.44522356574997834,0.2198700067977257,0.21315137911242285,0.2927483172200423,0.6949152542372882,0.6949152542372882,0.9110810800814582,0.7,0.85
top_100__preCOVID__post_covid,preCOVID,post_covid,crashsketch_noR_normsign,20,3.0,18,0.7,50000,300,,0.0034832078963518143,0.0012174593284726143,0.7644661669619381,0.12101031922343693,0.10115969054358659,0.2985651241169267,0.9662772977259946,50000,0.09055319148936171,0.0,0.1276595744680851,0.0,0.5674836123785223,0.2594635250359582,0.16502311549496046,0.3306567509698137,0.8135593220338984,0.8135593220338984,0.9080332593365739,0.8,0.85
top_100__preCOVID__post_covid,preCOVID,post_covid,crashsketch_noR_normsign,20,3.0,19,0.7,50000,300,,0.0038551250472664833,0.0007104999385774136,0.7399334167130291,0.122902986277359,0.10454233113347589,0.29958227511282715,0.9591751580872943,50000,0.08748936170212766,0.0,0.1356595744680851,0.0,0.5295520194871846,0.16214890689224662,0.1650206174698264,0.28557384794975255,0.7627118644067796,0.7627118644067796,0.9199541816799213,0.9,0.85
top_100__preCOVID__post_covid,preCOVID,post_covid,dense_jl,20,,0,0.7,50000,2000,,0.00011129211634397507,0.0003172089345753193,0.8353922911919653,0.12143198741101754,0.10249414993728223,0.2999935684641441,1.005197754086799,50000,0.19472340425531917,0.0,0.24221276595744684,0.1,0.6485611007450807,0.48356016660574974,0.3310294922213616,0.48771691985739735,0.7796610169491526,0.7796610169491526,0.9082413058739028,0.7,0.0
top_100__preCOVID__post_covid,preCOVID,post_covid,dense_jl,20,,1,0.7,50000,2000,,0.0002466249279677868,0.0002782503142952919,0.6707522082142532,0.11863934493798943,0.09963260429781745,0.2948381492646307,0.992595950403513,50000,0.1788936170212766,0.0,0.2315744680851064,0.1,0.6276599370525775,0.19550847039937996,0.20981705432483783,0.3443284872589318,0.7966101694915254,0.7966101694915254,0.8976056857916607,0.7,0.0
top_100__preCOVID__post_covid,preCOVID,post_covid,dense_jl,20,,2,0.7,50000,2000,,0.00013954192399978638,0.00042387470602989197,0.8964310409501195,0.14615811751275273,0.12654070697376824,0.3441685467652981,1.0821883792933484,50000,0.22331914893617025,0.0,0.26748936170212767,0.1,0.6485566480420423,0.3066259875211271,0.3256560027787215,0.4269462127806303,0.7966101694915254,0.7966101694915254,0.9228024626792252,0.7,0.0
top_100__preCOVID__post_covid,preCOVID,post_covid,dense_jl,20,,3,0.7,50000,2000,,0.00012112455442547798,0.00023779179900884628,0.7603542082943022,0.1311785970795542,0.11080925963663502,0.3231971289912039,1.0100217772769233,50000,0.1853617021276596,0.0,0.23480851063829786,0.1,0.4207727307660859,0.2369818733939032,0.17401002637620863,0.27725487684539923,0.6440677966101694,0.6440677966101694,0.8902502994020836,0.6,0.0
top_100__preCOVID__post_covid,preCOVID,post_covid,dense_jl,20,,4,0.7,50000,2000,,0.00024954183027148247,0.000471457839012146,0.51345633296296,0.14102584306221785,0.1249206075578091,0.3243787027925447,0.9262932474913854,50000,0.1640851063829787,0.0,0.21004255319148937,0.0,0.325530878875731,0.17119291839293294,0.17759085099251642,0.22477154942039346,0.6101694915254238,0.6101694915254238,0.8801377730402756,0.7,0.0
top_100__preCOVID__post_covid,preCOVID,post_covid,dense_jl,20,,5,0.7,50000,2000,,0.00013641733676195145,0.00020670797675848007,0.7851243331097066,0.11830357766207264,0.10134457801019897,0.2854245042255958,0.9604866470322749,50000,0.1829787234042553,0.0,0.24263829787234045,0.1,0.44634060556098937,0.27731271716039047,0.21120743115447946,0.3116202512919531,0.7457627118644068,0.7457627118644068,0.8946609969516097,0.8,0.0
top_100__preCOVID__post_covid,preCOVID,post_covid,dense_jl,20,,6,0.7,50000,2000,,0.0002372092567384243,0.0007879161275923252,0.5079249171540141,0.13902731098972615,0.11858788020500466,0.34033927285135174,1.0614287247260559,50000,0.1974468085106383,0.0,0.25268085106382976,0.1,0.5210636457600667,0.2687330163441597,0.2457053580678346,0.34516734005735367,0.7627118644067796,0.7627118644067796,0.909349289608917,0.9,0.0
top_100__preCOVID__post_covid,preCOVID,post_covid,dense_jl,20,,7,0.7,50000,2000,,0.0001460830681025982,0.0001366250216960907,0.657229458913207,0.13063650193726745,0.11295639464267515,0.3102978024937442,1.0432103767755376,50000,0.20612765957446808,0.0,0.2628085106382979,0.1,0.6396789643266264,0.28841667787013925,0.25429871157297257,0.39413145125657945,0.8135593220338984,0.8135593220338984,0.9130847550154936,0.8,0.0
top_100__preCOVID__post_covid,preCOVID,post_covid,dense_jl,20,,8,0.7,50000,2000,,0.00010833423584699631,0.00010679196566343307,0.9239521659910679,0.11929178738957368,0.09990887338604865,0.2936296980990789,0.9993187264391937,50000,0.1683404255319149,0.0,0.22629787234042556,0.1,0.5846836378436693,0.18618863838003724,0.21971970419684803,0.33019732680685154,0.7627118644067796,0.7627118644067796,0.8979129806984595,0.9,0.0
top_100__preCOVID__post_covid,preCOVID,post_covid,dense_jl,20,,9,0.7,50000,2000,,0.00012529222294688225,6.133411079645157e-05,0.9617746672593057,0.1256618480549815,0.10771013508136373,0.30332039960097235,0.967372812615468,50000,0.18365957446808512,0.0,0.22953191489361707,0.04000000000000057,0.46223567995210235,0.23979253380000892,0.18391188164786926,0.29531336513332684,0.7288135593220338,0.7288135593220338,0.8795971183427883,0.7,0.0
top_100__preCOVID__post_covid,preCOVID,post_covid,dense_jl,20,,10,0.7,50000,2000,,0.00015174970030784607,0.00023979227989912033,0.8681441247463226,0.13102490021621632,0.11545811625165026,0.306783673009198,0.926309964956968,50000,0.18059574468085107,0.0,0.22893617021276597,0.0,0.4896696989198432,0.3127433214645104,0.1805109689396846,0.3276413297746794,0.7796610169491526,0.7796610169491526,0.8752141233455215,0.8,0.0
top_100__preCOVID__post_covid,preCOVID,post_covid,dense_jl,20,,11,0.7,50000,2000,,0.0001655840314924717,0.00026170769706368446,0.7219039998017251,0.12799928544503725,0.11055788862398758,0.3060238002301302,0.9735086312063381,50000,0.18621276595744682,0.0,0.2285957446808511,0.1,0.39583725305478107,0.16207288972189834,0.17843784599936013,0.24544932959201318,0.6271186440677966,0.6271186440677966,0.8839222893477955,0.7,0.0
top_100__preCOVID__post_covid,preCOVID,post_covid,dense_jl,20,,12,0.7,50000,2000,,0.00015791598707437515,0.00015691667795181274,0.9856186667457223,0.11815342300524904,0.09962621905991637,0.28943443924109197,0.9861781409700705,50000,0.18468085106382978,0.0,0.24008510638297875,0.1,0.580987368399654,0.19504255307227358,0.18680664194995056,0.3209455211406261,0.7627118644067796,0.7627118644067796,0.8952448291651287,0.9,0.0
top_100__preCOVID__post_covid,preCOVID,post_covid,dense_jl,20,,13,0.7,50000,2000,,0.0001387912780046463,0.00022795796394348145,0.7349564582109451,0.11938803703409974,0.102100564540202,0.28860917072975956,1.0211179900859526,50000,0.21327659574468086,0.0,0.2660425531914894,0.1,0.6641298166370618,0.49591745955321853,0.29399955938280203,0.4846822785243608,0.847457627118644,0.847457627118644,0.912745947993174,0.7,0.0
top_100__preCOVID__post_covid,preCOVID,post_covid,dense_jl,20,,14,0.7,50000,2000,,0.00033508380874991417,0.00021808315068483353,0.6583534581586719,0.11085463899341955,0.09207013575731682,0.2767178043533658,0.9682639462916933,50000,0.18723404255319148,0.0,0.23421276595744683,0.1,0.6398941342960556,0.2509267675777606,0.2421251129545751,0.3776486716094638,0.7796610169491526,0.7796610169491526,0.9061029499334622,0.9,0.0
top_100__preCOVID__post_covid,preCOVID,post_covid,dense_jl,20,,15,0.7,50000,2000,,0.0001360829919576645,0.0002059577964246273,0.7512427908368409,0.1450071310436853,0.1289934667038804,0.3333041200700818,0.9014966688413598,50000,0.15948936170212763,0.0,0.2105531914893617,0.0,0.45563558141866334,0.17827833231376128,0.1654483510332254,0.26645408825521666,0.6271186440677966,0.6271186440677966,0.8696919283861285,0.7,0.0
top_100__preCOVID__post_covid,preCOVID,post_covid,dense_jl,20,,16,0.7,50000,2000,,0.00014541717246174812,0.00014129187911748886,0.5613746671006083,0.12481589225675206,0.10686989438290084,0.30123648940553266,0.9807204678148781,50000,0.1858723404255319,0.0,0.2314042553191489,0.1,0.47376221195712787,0.2517341428661883,0.2044775172097926,0.3099912906777029,0.7627118644067796,0.7627118644067796,0.8976765806543721,0.7,0.0
top_100__preCOVID__post_covid,preCOVID,post_covid,dense_jl,20,,17,0.7,50000,2000,,0.0001842905767261982,0.00038183387368917465,0.6771915419958532,0.12342238216032043,0.10483311663119532,0.3015141180488418,0.9721393335022183,50000,0.16306382978723405,0.0,0.22102127659574466,0.0,0.5335342023818073,0.2054757280553366,0.17977893686449367,0.30626295576721246,0.7457627118644068,0.7457627118644068,0.8895609755736722,0.9,0.0
top_100__preCOVID__post_covid,preCOVID,post_covid,dense_jl,20,,18,0.7,50000,2000,,0.00014416687190532684,0.0001255841925740242,0.764157542027533,0.1191212309254838,0.1014815490047476,0.2887194706623205,1.0228918147386699,50000,0.19795744680851066,0.0,0.24885106382978722,0.1,0.6660003900494417,0.3173132212214988,0.2573876130570848,0.41356707477600835,0.7966101694915254,0.7966101694915254,0.913192132918991,0.9,0.0
top_100__preCOVID__post_covid,preCOVID,post_covid,dense_jl,20,,19,0.7,50000,2000,,0.00014854082837700844,9.3790702521801e-05,0.4729717909358442,0.12234931117184458,0.10461671738302913,0.2963758627201446,0.9707421316563307,50000,0.20561702127659573,0.0,0.2541276595744681,0.1,0.13199888807878785,0.2952463619633655,0.1880679655643523,0.20510440520216855,0.7966101694915254,0.7966101694915254,0.8975105724627015,0.8,0.0
top_100__preCOVID__post_covid,preCOVID,post_covid,pca,20,,0,0.7,50000,-1,0.6499607654761066,0.018463540822267532,0.0007440419867634773,0.804179834201932,0.25707858921759585,0.2508164969022636,0.4411756916129502,0.7429214107824041,50000,0.3722553191489362,0.2,0.4405957446808511,0.2,0.929852449501527,0.7509903199636658,0.5719848030917799,0.7509425241856577,0.847457627118644,0.847457627118644,0.9291309017717059,0.9,1.0
top_100__preCOVID__post_covid,preCOVID,post_covid,raw,20,,0,0.7,50000,-1,,0.0,1.2479722499847412e-07,0.9512391672469676,0.0,0.0,0.0,1.0,50000,1.0,1.0,1.0,1.0,1.0,1.0,1.0,1.0,1.0,1.0,1.0,1.0,
top_100__preCOVID__post_covid,preCOVID,post_covid,sparse_jl,20,3.0,0,0.7,50000,300,,0.0025457078590989113,0.00010845903307199478,0.43939295783638954,0.11404013791220732,0.09640215577630273,0.28070451533133794,0.9900290229121678,50000,0.1892765957446809,0.0,0.24289361702127657,0.1,0.4851037014765986,0.30992252457210917,0.2299681892896992,0.34166480511280234,0.7457627118644068,0.7457627118644068,0.9137806919498381,0.8,0.85
top_100__preCOVID__post_covid,preCOVID,post_covid,sparse_jl,20,3.0,1,0.7,50000,300,,0.003485250286757946,0.00020695896819233894,0.6102105411700904,0.11706379479789877,0.09777056582029775,0.29147982840604697,1.0104045487252773,50000,0.1894468085106383,0.0,0.23268085106382977,0.1,0.5960471566081,0.30347999232043316,0.2737924055197873,0.3911065181494402,0.6779661016949152,0.6779661016949152,0.9080887901936665,0.8,0.85
top_100__preCOVID__post_covid,preCOVID,post_covid,sparse_jl,20,3.0,2,0.7,50000,300,,0.003496333956718445,0.0006142919883131981,0.6461179167963564,0.11358755873782997,0.09563660064202856,0.28145477644490036,0.99271694045229,50000,0.19080851063829787,0.0,0.24765957446808512,0.1,0.5001512913913223,0.2331250598152466,0.237562609737241,0.32361298698126995,0.7457627118644068,0.7457627118644068,0.9109598176143849,0.7,0.85
top_100__preCOVID__post_covid,preCOVID,post_covid,sparse_jl,20,3.0,3,0.7,50000,300,,0.003324457909911871,0.00014208396896719933,0.5517190839163959,0.11719417272076493,0.09930469500751177,0.28753837237631913,0.9912576305390868,50000,0.18706382978723404,0.0,0.23821276595744678,0.1,0.5889027433402025,0.3087340787381615,0.19379604750841775,0.3638109565289273,0.847457627118644,0.847457627118644,0.9083510434874593,0.8,0.85
top_100__preCOVID__post_covid,preCOVID,post_covid,sparse_jl,20,3.0,4,0.7,50000,300,,0.00538874976336956,0.000300790648907423,0.7216467503458261,0.13351728990608205,0.11607487617515733,0.31623576472551246,0.9675796565027055,50000,0.1807659574468085,0.0,0.23208510638297877,0.1,0.17403349867565612,0.13788320528133546,0.14053035994440857,0.15081568796713338,0.6271186440677966,0.6271186440677966,0.8661076915452106,0.8,0.85
top_100__preCOVID__post_covid,preCOVID,post_covid,sparse_jl,20,3.0,5,0.7,50000,300,,0.003268040716648102,0.0002510841004550457,0.5410051252692938,0.12173310147424492,0.10312577668213752,0.29813618253565477,1.024169387832996,50000,0.1875744680851064,0.0,0.23889361702127662,0.1,0.6178802493281458,0.2740314948664881,0.23526230812680188,0.37572468410714527,0.7627118644067796,0.7627118644067796,0.9137138803471658,0.8,0.85
top_100__preCOVID__post_covid,preCOVID,post_covid,sparse_jl,20,3.0,6,0.7,50000,300,,0.0032393340952694416,0.0001294170506298542,0.534570625051856,0.12305335388755631,0.10385361704269497,0.3035913248687983,1.0222436210016546,50000,0.19727659574468087,0.0,0.24748936170212768,0.1,0.41742875005687036,0.2523595045470798,0.21015264590060437,0.2933136335015182,0.7288135593220338,0.7288135593220338,0.9023753551585555,0.9,0.85
top_100__preCOVID__post_covid,preCOVID,post_covid,sparse_jl,20,3.0,7,0.7,50000,300,,0.0033767088316380978,0.00018966710194945335,0.5858752499334514,0.10920520062255662,0.09130355576602411,0.27035857687479536,0.9819559884094297,50000,0.21463829787234046,0.0,0.2614468085106383,0.1,0.6351782806239601,0.27026721660075087,0.26735722518151805,0.39093424080207634,0.8135593220338984,0.8135593220338984,0.9174225234694987,0.7,0.85
top_100__preCOVID__post_covid,preCOVID,post_covid,sparse_jl,20,3.0,8,0.7,50000,300,,0.002534042112529278,0.000333624891936779,0.6122118751518428,0.12282583549483382,0.10356043008148841,0.30145965736835467,1.0003533621586675,50000,0.1891063829787234,0.0,0.2413617021276596,0.1,0.4515441932092298,0.1825287010701259,0.1719534400832586,0.2686754447875381,0.7966101694915254,0.7966101694915254,0.8979574231374379,0.8,0.85
top_100__preCOVID__post_covid,preCOVID,post_covid,sparse_jl,20,3.0,9,0.7,50000,300,,0.0029250411316752434,8.249981328845024e-05,0.6512579582631588,0.12407810461085106,0.10597678076631423,0.29996086076926504,0.9765031085894298,50000,0.18706382978723404,0.0,0.23285106382978726,0.1,0.12779962503904885,0.2474151953814533,0.22984200683386677,0.20168560908478964,0.7796610169491526,0.7796610169491526,0.8854253358888229,0.8,0.85
top_100__preCOVID__post_covid,preCOVID,post_covid,sparse_jl,20,3.0,10,0.7,50000,300,,0.004528916906565428,0.00028354162350296974,0.8005578750744462,0.14617128728530301,0.12683996105455853,0.3455557373780973,1.0733163536664585,50000,0.2097021276595745,0.0,0.26382978723404255,0.1,0.730945094731414,0.35614071341724374,0.30441799272017056,0.46383460028960943,0.8305084745762712,0.8305084745762712,0.9214134145448386,0.8,0.85
top_100__preCOVID__post_covid,preCOVID,post_covid,sparse_jl,20,3.0,11,0.7,50000,300,,0.007880082819610834,0.00011704210191965103,0.7480389168485999,0.12336874848378647,0.10393436802555295,0.30299614263425895,1.0164499862366645,50000,0.1853617021276596,0.0,0.24246808510638296,0.1,0.6154874292487552,0.2797916058485642,0.22643693971781512,0.3739053249383782,0.7966101694915254,0.7966101694915254,0.8969357352568053,0.9,0.85
top_100__preCOVID__post_covid,preCOVID,post_covid,sparse_jl,20,3.0,12,0.7,50000,300,,0.0032489169389009476,0.00013129226863384247,0.6400308748707175,0.12116751785786188,0.10160939208317865,0.30110089550908486,1.0204054678426986,50000,0.19761702127659572,0.0,0.25361702127659574,0.1,0.48718031584611615,0.30597631638871264,0.2653247669907929,0.35282713307520724,0.7627118644067796,0.7627118644067796,0.9068978171572373,0.9,0.85
top_100__preCOVID__post_covid,preCOVID,post_covid,sparse_jl,20,3.0,13,0.7,50000,300,,0.0028323750011622906,0.005277291871607304,0.8523315419442952,0.14447425354000468,0.12408072497020162,0.34668829652482486,0.929963914026606,50000,0.16340425531914893,0.0,0.21038297872340425,0.0,0.06508081317124995,0.10355082204126478,0.14789260796548725,0.105508081059334,0.576271186440678,0.576271186440678,0.8467768283869422,0.6,0.85
top_100__preCOVID__post_covid,preCOVID,post_covid,sparse_jl,20,3.0,14,0.7,50000,300,,0.0033632502891123295,0.00024233292788267136,0.7369980830699205,0.12331024845847872,0.10611247833740328,0.29711494853451687,0.9564427921989025,50000,0.17446808510638298,0.0,0.2246808510638298,0.0,0.4537093809088455,0.2798828282469953,0.22625746390875073,0.31994989102153054,0.7457627118644068,0.7457627118644068,0.9054698892859547,0.8,0.85
top_100__preCOVID__post_covid,preCOVID,post_covid,sparse_jl,20,3.0,15,0.7,50000,300,,0.0026131668128073215,0.0006912080571055412,0.8530181674286723,0.11529950476140942,0.09660721418082863,0.2856029864372042,0.9953956737812364,50000,0.19268085106382976,0.0,0.24672340425531913,0.1,0.5734662926754232,0.274925753495822,0.2598892241982021,0.36942709012314906,0.847457627118644,0.847457627118644,0.903346416532469,0.8,0.85
top_100__preCOVID__post_covid,preCOVID,post_covid,sparse_jl,20,3.0,16,0.7,50000,300,,0.003381292335689068,0.00028062472119927406,0.6077265827916563,0.11931271818310363,0.10289769539601018,0.2871634589271931,0.9717475228617715,50000,0.19710638297872343,0.0,0.2496170212765957,0.1,0.1526636593059806,0.26632339087983353,0.19353987133603223,0.20417564050728212,0.711864406779661,0.711864406779661,0.8918063321598891,0.8,0.85
top_100__preCOVID__post_covid,preCOVID,post_covid,sparse_jl,20,3.0,17,0.7,50000,300,,0.00710216723382473,0.00011795805767178535,0.7813687077723444,0.1492921367088124,0.13146769313919682,0.35025041296975334,0.9043917688811458,50000,0.1392340425531915,0.0,0.18953191489361704,0.0,0.4371119650041886,0.1465354815459489,0.14948536701041892,0.24437760452018545,0.6440677966101694,0.6440677966101694,0.8626475872889299,0.5,0.85
top_100__preCOVID__post_covid,preCOVID,post_covid,sparse_jl,20,3.0,18,0.7,50000,300,,0.0030471249483525753,0.0001782919280230999,0.5736690000630915,0.11439341751760658,0.09605032501373895,0.2841322123108985,1.0280492123406915,50000,0.21225531914893614,0.0,0.2657021276595745,0.1,0.5839040263102587,0.2635154087850129,0.24313878456787094,0.3635194065543808,0.864406779661017,0.864406779661017,0.9147689888235552,0.8,0.85
top_100__preCOVID__post_covid,preCOVID,post_covid,sparse_jl,20,3.0,19,0.7,50000,300,,0.0031033330596983433,0.0002193748950958252,0.5560876247473061,0.1317667214914128,0.11664270752263267,0.3052948158744148,0.9284138173342629,50000,0.1763404255319149,0.0,0.22680851063829788,0.1,0.14324476297155458,0.22533924953334253,0.16866565384922613,0.1790832221180411,0.7457627118644068,0.7457627118644068,0.890182481778822,0.8,0.85
